Copyright 1986-2022 Xilinx, Inc. All Rights Reserved. Copyright 2022-2025 Advanced Micro Devices, Inc. All Rights Reserved.
---------------------------------------------------------------------------------------------------------------------------------------------
| Tool Version : Vivado v.2025.1 (win64) Build 6140274 Thu May 22 00:12:29 MDT 2025
| Date         : Wed Sep 30 11:15:22 2026
| Host         : TMP215-54 running 64-bit major release  (build 9200)
| Command      : report_timing_summary -file adas_timing_final.rpt
| Design       : npu_system_wrapper
| Device       : 7z020-clg400
| Speed File   : -1  PRODUCTION 1.12 2019-11-22
| Design State : Physopt postRoute
---------------------------------------------------------------------------------------------------------------------------------------------

Timing Summary Report

------------------------------------------------------------------------------------------------
| Timer Settings
| --------------
------------------------------------------------------------------------------------------------

  Enable Multi Corner Analysis               :  Yes
  Enable Pessimism Removal                   :  Yes
  Pessimism Removal Resolution               :  Nearest Common Node
  Enable Input Delay Default Clock           :  No
  Enable Preset / Clear Arcs                 :  No
  Disable Flight Delays                      :  No
  Ignore I/O Paths                           :  No
  Timing Early Launch at Borrowing Latches   :  No
  Borrow Time for Max Delay Exceptions       :  Yes
  Merge Timing Exceptions                    :  Yes
  Inter-SLR Compensation                     :  Conservative

  Corner  Analyze    Analyze    
  Name    Max Paths  Min Paths  
  ------  ---------  ---------  
  Slow    Yes        Yes        
  Fast    Yes        Yes        


------------------------------------------------------------------------------------------------
| Report Methodology
| ------------------
------------------------------------------------------------------------------------------------

Rule       Severity          Description                                                       Violations  
---------  ----------------  ----------------------------------------------------------------  ----------  
TIMING-6   Critical Warning  No common primary clock between related clocks                    4           
TIMING-17  Critical Warning  Non-clocked sequential cell                                       1000        
CKBF-1     Warning           connects_I_driver_BUFR                                            1           
DPIR-1     Warning           Asynchronous driver check                                         5838        
TIMING-18  Warning           Missing input or output delay                                     7           
TIMING-56  Warning           Missing logically or physically excluded clock groups constraint  3           
XDCB-5     Warning           Runtime inefficient way to find pin objects                       2           

Note: This report is based on the most recent report_methodology run and may not be up-to-date. Run report_methodology on the current design for the latest report.



check_timing report

Table of Contents
-----------------
1. checking no_clock (1149)
2. checking constant_clock (0)
3. checking pulse_width_clock (0)
4. checking unconstrained_internal_endpoints (2232)
5. checking no_input_delay (7)
6. checking no_output_delay (10)
7. checking multiple_clock (19300)
8. checking generated_clocks (0)
9. checking loops (0)
10. checking partial_input_delay (0)
11. checking partial_output_delay (0)
12. checking latch_loops (0)

1. checking no_clock (1149)
---------------------------
 There are 1149 register/latch pins with no clock driven by root clock pin: TMDS_RX_clk_p (HIGH)


2. checking constant_clock (0)
------------------------------
 There are 0 register/latch pins with constant_clock.


3. checking pulse_width_clock (0)
---------------------------------
 There are 0 register/latch pins which need pulse_width check


4. checking unconstrained_internal_endpoints (2232)
---------------------------------------------------
 There are 2226 pins that are not constrained for maximum delay. (HIGH)

 There are 6 pins that are not constrained for maximum delay due to constant clock. (MEDIUM)


5. checking no_input_delay (7)
------------------------------
 There are 7 input ports with no input delay specified. (HIGH)

 There are 0 input ports with no input delay but user has a false path constraint.


6. checking no_output_delay (10)
--------------------------------
 There are 10 ports with no output delay specified. (HIGH)

 There are 0 ports with no output delay but user has a false path constraint

 There are 0 ports with no output delay but with a timing clock defined on it or propagating through it


7. checking multiple_clock (19300)
----------------------------------
 There are 19300 register/latch pins with multiple clocks. (HIGH)


8. checking generated_clocks (0)
--------------------------------
 There are 0 generated clocks that are not connected to a clock source.


9. checking loops (0)
---------------------
 There are 0 combinational loops in the design.


10. checking partial_input_delay (0)
------------------------------------
 There are 0 input ports with partial input delay specified.


11. checking partial_output_delay (0)
-------------------------------------
 There are 0 ports with partial output delay specified.


12. checking latch_loops (0)
----------------------------
 There are 0 combinational latch loops in the design through latch input



------------------------------------------------------------------------------------------------
| Design Timing Summary
| ---------------------
------------------------------------------------------------------------------------------------

    WNS(ns)      TNS(ns)  TNS Failing Endpoints  TNS Total Endpoints      WHS(ns)      THS(ns)  THS Failing Endpoints  THS Total Endpoints     WPWS(ns)     TPWS(ns)  TPWS Failing Endpoints  TPWS Total Endpoints  
    -------      -------  ---------------------  -------------------      -------      -------  ---------------------  -------------------     --------     --------  ----------------------  --------------------  
      0.184        0.000                      0                61993        0.030        0.000                      0                61909        0.264        0.000                       0                 19269  


All user specified timing constraints are met.


------------------------------------------------------------------------------------------------
| Clock Summary
| -------------
------------------------------------------------------------------------------------------------

Clock                                Waveform(ns)         Period(ns)      Frequency(MHz)
-----                                ------------         ----------      --------------
sys_clk_pin                          {0.000 4.000}        8.000           125.000         
  clk_out1_npu_system_clk_wiz_0_0_1  {0.000 4.000}        8.000           125.000         
  clk_out2_npu_system_clk_wiz_0_0_1  {0.000 2.500}        5.000           200.000         
  clkfbout_npu_system_clk_wiz_0_0_1  {0.000 4.000}        8.000           125.000         
sysclk                               {0.000 4.000}        8.000           125.000         
  clk_out1_npu_system_clk_wiz_0_0    {0.000 4.000}        8.000           125.000         
  clk_out2_npu_system_clk_wiz_0_0    {0.000 2.500}        5.000           200.000         
  clkfbout_npu_system_clk_wiz_0_0    {0.000 4.000}        8.000           125.000         


------------------------------------------------------------------------------------------------
| Intra Clock Table
| -----------------
------------------------------------------------------------------------------------------------

Clock                                    WNS(ns)      TNS(ns)  TNS Failing Endpoints  TNS Total Endpoints      WHS(ns)      THS(ns)  THS Failing Endpoints  THS Total Endpoints     WPWS(ns)     TPWS(ns)  TPWS Failing Endpoints  TPWS Total Endpoints  
-----                                    -------      -------  ---------------------  -------------------      -------      -------  ---------------------  -------------------     --------     --------  ----------------------  --------------------  
sys_clk_pin                                                                                                                                                                            2.000        0.000                       0                     1  
  clk_out1_npu_system_clk_wiz_0_0_1        0.184        0.000                      0                51321        0.099        0.000                      0                51321        2.750        0.000                       0                 19105  
  clk_out2_npu_system_clk_wiz_0_0_1        1.127        0.000                      0                  338        0.101        0.000                      0                  338        0.264        0.000                       0                   160  
  clkfbout_npu_system_clk_wiz_0_0_1                                                                                                                                                    5.845        0.000                       0                     3  
sysclk                                                                                                                                                                                 2.000        0.000                       0                     1  
  clk_out1_npu_system_clk_wiz_0_0          0.184        0.000                      0                51321        0.099        0.000                      0                51321        2.750        0.000                       0                 19105  
  clk_out2_npu_system_clk_wiz_0_0          1.126        0.000                      0                  338        0.101        0.000                      0                  338        0.264        0.000                       0                   160  
  clkfbout_npu_system_clk_wiz_0_0                                                                                                                                                      5.845        0.000                       0                     3  


------------------------------------------------------------------------------------------------
| Inter Clock Table
| -----------------
------------------------------------------------------------------------------------------------

From Clock                         To Clock                               WNS(ns)      TNS(ns)  TNS Failing Endpoints  TNS Total Endpoints      WHS(ns)      THS(ns)  THS Failing Endpoints  THS Total Endpoints  
----------                         --------                               -------      -------  ---------------------  -------------------      -------      -------  ---------------------  -------------------  
                                   clk_out1_npu_system_clk_wiz_0_0_1      998.711        0.000                      0                   42                                                                        
clk_out1_npu_system_clk_wiz_0_0    clk_out1_npu_system_clk_wiz_0_0_1        0.184        0.000                      0                51321        0.030        0.000                      0                51321  
clk_out2_npu_system_clk_wiz_0_0    clk_out2_npu_system_clk_wiz_0_0_1        1.126        0.000                      0                  338        0.036        0.000                      0                  338  
                                   clk_out1_npu_system_clk_wiz_0_0        998.711        0.000                      0                   42                                                                        
clk_out1_npu_system_clk_wiz_0_0_1  clk_out1_npu_system_clk_wiz_0_0          0.184        0.000                      0                51321        0.030        0.000                      0                51321  
clk_out2_npu_system_clk_wiz_0_0_1  clk_out2_npu_system_clk_wiz_0_0          1.126        0.000                      0                  338        0.036        0.000                      0                  338  


------------------------------------------------------------------------------------------------
| Other Path Groups Table
| -----------------------
------------------------------------------------------------------------------------------------

Path Group                         From Clock                         To Clock                               WNS(ns)      TNS(ns)  TNS Failing Endpoints  TNS Total Endpoints      WHS(ns)      THS(ns)  THS Failing Endpoints  THS Total Endpoints  
----------                         ----------                         --------                               -------      -------  ---------------------  -------------------      -------      -------  ---------------------  -------------------  
**async_default**                  clk_out1_npu_system_clk_wiz_0_0    clk_out1_npu_system_clk_wiz_0_0          0.468        0.000                      0                10247        1.082        0.000                      0                10247  
**async_default**                  clk_out1_npu_system_clk_wiz_0_0_1  clk_out1_npu_system_clk_wiz_0_0          0.468        0.000                      0                10247        1.013        0.000                      0                10247  
**async_default**                  clk_out1_npu_system_clk_wiz_0_0    clk_out1_npu_system_clk_wiz_0_0_1        0.468        0.000                      0                10247        1.013        0.000                      0                10247  
**async_default**                  clk_out1_npu_system_clk_wiz_0_0_1  clk_out1_npu_system_clk_wiz_0_0_1        0.468        0.000                      0                10247        1.082        0.000                      0                10247  
**async_default**                  clk_out2_npu_system_clk_wiz_0_0    clk_out2_npu_system_clk_wiz_0_0          3.252        0.000                      0                    3        0.451        0.000                      0                    3  
**async_default**                  clk_out2_npu_system_clk_wiz_0_0_1  clk_out2_npu_system_clk_wiz_0_0          3.252        0.000                      0                    3        0.386        0.000                      0                    3  
**async_default**                  clk_out2_npu_system_clk_wiz_0_0    clk_out2_npu_system_clk_wiz_0_0_1        3.252        0.000                      0                    3        0.386        0.000                      0                    3  
**async_default**                  clk_out2_npu_system_clk_wiz_0_0_1  clk_out2_npu_system_clk_wiz_0_0_1        3.252        0.000                      0                    3        0.451        0.000                      0                    3  
**default**                        clk_out1_npu_system_clk_wiz_0_0                                             6.634        0.000                      0                   42                                                                        
**default**                        clk_out1_npu_system_clk_wiz_0_0_1                                           6.634        0.000                      0                   42                                                                        


------------------------------------------------------------------------------------------------
| Timing Details
| --------------
------------------------------------------------------------------------------------------------


---------------------------------------------------------------------------------------------------
From Clock:  sys_clk_pin
  To Clock:  sys_clk_pin

Setup :           NA  Failing Endpoints,  Worst Slack           NA  ,  Total Violation           NA
Hold  :           NA  Failing Endpoints,  Worst Slack           NA  ,  Total Violation           NA
PW    :            0  Failing Endpoints,  Worst Slack        2.000ns,  Total Violation        0.000ns
---------------------------------------------------------------------------------------------------


Pulse Width Checks
--------------------------------------------------------------------------------------
Clock Name:         sys_clk_pin
Waveform(ns):       { 0.000 4.000 }
Period(ns):         8.000
Sources:            { sysclk }

Check Type        Corner  Lib Pin            Reference Pin  Required(ns)  Actual(ns)  Slack(ns)  Location         Pin
Min Period        n/a     MMCME2_ADV/CLKIN1  n/a            1.249         8.000       6.751      MMCME2_ADV_X1Y2  npu_system_i/clk_wiz_0/inst/mmcm_adv_inst/CLKIN1
Max Period        n/a     MMCME2_ADV/CLKIN1  n/a            100.000       8.000       92.000     MMCME2_ADV_X1Y2  npu_system_i/clk_wiz_0/inst/mmcm_adv_inst/CLKIN1
Low Pulse Width   Slow    MMCME2_ADV/CLKIN1  n/a            2.000         4.000       2.000      MMCME2_ADV_X1Y2  npu_system_i/clk_wiz_0/inst/mmcm_adv_inst/CLKIN1
High Pulse Width  Slow    MMCME2_ADV/CLKIN1  n/a            2.000         4.000       2.000      MMCME2_ADV_X1Y2  npu_system_i/clk_wiz_0/inst/mmcm_adv_inst/CLKIN1



---------------------------------------------------------------------------------------------------
From Clock:  clk_out1_npu_system_clk_wiz_0_0_1
  To Clock:  clk_out1_npu_system_clk_wiz_0_0_1

Setup :            0  Failing Endpoints,  Worst Slack        0.184ns,  Total Violation        0.000ns
Hold  :            0  Failing Endpoints,  Worst Slack        0.099ns,  Total Violation        0.000ns
PW    :            0  Failing Endpoints,  Worst Slack        2.750ns,  Total Violation        0.000ns
---------------------------------------------------------------------------------------------------


Max Delay Paths
--------------------------------------------------------------------------------------
Slack (MET) :             0.184ns  (required time - arrival time)
  Source:                 <hidden>
                            (rising edge-triggered cell FDRE clocked by clk_out1_npu_system_clk_wiz_0_0_1  {rise@0.000ns fall@4.000ns period=8.000ns})
  Destination:            <hidden>
                            (rising edge-triggered cell FDRE clocked by clk_out1_npu_system_clk_wiz_0_0_1  {rise@0.000ns fall@4.000ns period=8.000ns})
  Path Group:             clk_out1_npu_system_clk_wiz_0_0_1
  Path Type:              Setup (Max at Slow Process Corner)
  Requirement:            8.000ns  (clk_out1_npu_system_clk_wiz_0_0_1 rise@8.000ns - clk_out1_npu_system_clk_wiz_0_0_1 rise@0.000ns)
  Data Path Delay:        7.601ns  (logic 0.456ns (5.999%)  route 7.145ns (94.001%))
  Logic Levels:           0  
  Clock Path Skew:        -0.054ns (DCD - SCD + CPR)
    Destination Clock Delay (DCD):    -1.569ns = ( 6.431 - 8.000 ) 
    Source Clock Delay      (SCD):    -1.062ns
    Clock Pessimism Removal (CPR):    0.452ns
  Clock Uncertainty:      0.069ns  ((TSJ^2 + DJ^2)^1/2) / 2 + PE
    Total System Jitter     (TSJ):    0.071ns
    Discrete Jitter          (DJ):    0.118ns
    Phase Error              (PE):    0.000ns

    Location             Delay type                Incr(ns)  Path(ns)    Netlist Resource(s)
  -------------------------------------------------------------------    -------------------
                         (clock clk_out1_npu_system_clk_wiz_0_0_1 rise edge)
                                                      0.000     0.000 r  
    H16                                               0.000     0.000 r  sysclk (IN)
                         net (fo=0)                   0.000     0.000    npu_system_i/clk_wiz_0/inst/clk_in1
    H16                  IBUF (Prop_ibuf_I_O)         1.451     1.451 r  npu_system_i/clk_wiz_0/inst/clkin1_ibufg/O
                         net (fo=1, routed)           1.285     2.736    npu_system_i/clk_wiz_0/inst/clk_in1_npu_system_clk_wiz_0_0
    MMCME2_ADV_X1Y2      MMCME2_ADV (Prop_mmcme2_adv_CLKIN1_CLKOUT0)
                                                     -7.759    -5.023 r  npu_system_i/clk_wiz_0/inst/mmcm_adv_inst/CLKOUT0
                         net (fo=1, routed)           2.206    -2.817    npu_system_i/clk_wiz_0/inst/clk_out1_npu_system_clk_wiz_0_0
    BUFGCTRL_X0Y17       BUFG (Prop_bufg_I_O)         0.101    -2.716 r  npu_system_i/clk_wiz_0/inst/clkout1_buf/O
                         net (fo=19143, routed)       1.654    -1.062    <hidden>
    SLICE_X51Y39         FDRE                                         r  <hidden>
  -------------------------------------------------------------------    -------------------
    SLICE_X51Y39         FDRE (Prop_fdre_C_Q)         0.456    -0.606 r  <hidden>
                         net (fo=157, routed)         7.145     6.538    <hidden>
    SLICE_X99Y67         FDRE                                         r  <hidden>
  -------------------------------------------------------------------    -------------------

                         (clock clk_out1_npu_system_clk_wiz_0_0_1 rise edge)
                                                      8.000     8.000 r  
    H16                                               0.000     8.000 r  sysclk (IN)
                         net (fo=0)                   0.000     8.000    npu_system_i/clk_wiz_0/inst/clk_in1
    H16                  IBUF (Prop_ibuf_I_O)         1.380     9.380 r  npu_system_i/clk_wiz_0/inst/clkin1_ibufg/O
                         net (fo=1, routed)           1.162    10.542    npu_system_i/clk_wiz_0/inst/clk_in1_npu_system_clk_wiz_0_0
    MMCME2_ADV_X1Y2      MMCME2_ADV (Prop_mmcme2_adv_CLKIN1_CLKOUT0)
                                                     -7.814     2.728 r  npu_system_i/clk_wiz_0/inst/mmcm_adv_inst/CLKOUT0
                         net (fo=1, routed)           2.012     4.740    npu_system_i/clk_wiz_0/inst/clk_out1_npu_system_clk_wiz_0_0
    BUFGCTRL_X0Y17       BUFG (Prop_bufg_I_O)         0.091     4.831 r  npu_system_i/clk_wiz_0/inst/clkout1_buf/O
                         net (fo=19143, routed)       1.600     6.431    <hidden>
    SLICE_X99Y67         FDRE                                         r  <hidden>
                         clock pessimism              0.452     6.883    
                         clock uncertainty           -0.069     6.814    
    SLICE_X99Y67         FDRE (Setup_fdre_C_D)       -0.092     6.722    <hidden>
  -------------------------------------------------------------------
                         required time                          6.722    
                         arrival time                          -6.538    
  -------------------------------------------------------------------
                         slack                                  0.184    





Min Delay Paths
--------------------------------------------------------------------------------------
Slack (MET) :             0.099ns  (arrival time - required time)
  Source:                 npu_system_i/tinynpu_0/inst/u_systolic/row[0].col[6].pe_inst/act_valid_out_reg/C
                            (rising edge-triggered cell FDCE clocked by clk_out1_npu_system_clk_wiz_0_0_1  {rise@0.000ns fall@4.000ns period=8.000ns})
  Destination:            npu_system_i/tinynpu_0/inst/u_systolic/gen_col_inputs[7].valid_sr_reg[31]_srl32___inst_u_systolic_gen_col_inputs_r_30/D
                            (rising edge-triggered cell SRLC32E clocked by clk_out1_npu_system_clk_wiz_0_0_1  {rise@0.000ns fall@4.000ns period=8.000ns})
  Path Group:             clk_out1_npu_system_clk_wiz_0_0_1
  Path Type:              Hold (Min at Fast Process Corner)
  Requirement:            0.000ns  (clk_out1_npu_system_clk_wiz_0_0_1 rise@0.000ns - clk_out1_npu_system_clk_wiz_0_0_1 rise@0.000ns)
  Data Path Delay:        0.298ns  (logic 0.141ns (47.334%)  route 0.157ns (52.666%))
  Logic Levels:           0  
  Clock Path Skew:        0.016ns (DCD - SCD - CPR)
    Destination Clock Delay (DCD):    -0.891ns
    Source Clock Delay      (SCD):    -0.651ns
    Clock Pessimism Removal (CPR):    -0.255ns

    Location             Delay type                Incr(ns)  Path(ns)    Netlist Resource(s)
  -------------------------------------------------------------------    -------------------
                         (clock clk_out1_npu_system_clk_wiz_0_0_1 rise edge)
                                                      0.000     0.000 r  
    H16                                               0.000     0.000 r  sysclk (IN)
                         net (fo=0)                   0.000     0.000    npu_system_i/clk_wiz_0/inst/clk_in1
    H16                  IBUF (Prop_ibuf_I_O)         0.219     0.219 r  npu_system_i/clk_wiz_0/inst/clkin1_ibufg/O
                         net (fo=1, routed)           0.440     0.659    npu_system_i/clk_wiz_0/inst/clk_in1_npu_system_clk_wiz_0_0
    MMCME2_ADV_X1Y2      MMCME2_ADV (Prop_mmcme2_adv_CLKIN1_CLKOUT0)
                                                     -2.613    -1.954 r  npu_system_i/clk_wiz_0/inst/mmcm_adv_inst/CLKOUT0
                         net (fo=1, routed)           0.696    -1.257    npu_system_i/clk_wiz_0/inst/clk_out1_npu_system_clk_wiz_0_0
    BUFGCTRL_X0Y17       BUFG (Prop_bufg_I_O)         0.026    -1.231 r  npu_system_i/clk_wiz_0/inst/clkout1_buf/O
                         net (fo=19143, routed)       0.580    -0.651    npu_system_i/tinynpu_0/inst/u_systolic/row[0].col[6].pe_inst/aclk
    SLICE_X61Y52         FDCE                                         r  npu_system_i/tinynpu_0/inst/u_systolic/row[0].col[6].pe_inst/act_valid_out_reg/C
  -------------------------------------------------------------------    -------------------
    SLICE_X61Y52         FDCE (Prop_fdce_C_Q)         0.141    -0.510 r  npu_system_i/tinynpu_0/inst/u_systolic/row[0].col[6].pe_inst/act_valid_out_reg/Q
                         net (fo=1, routed)           0.157    -0.354    npu_system_i/tinynpu_0/inst/u_systolic/act_valid_w[0][7]_2
    SLICE_X62Y52         SRLC32E                                      r  npu_system_i/tinynpu_0/inst/u_systolic/gen_col_inputs[7].valid_sr_reg[31]_srl32___inst_u_systolic_gen_col_inputs_r_30/D
  -------------------------------------------------------------------    -------------------

                         (clock clk_out1_npu_system_clk_wiz_0_0_1 rise edge)
                                                      0.000     0.000 r  
    H16                                               0.000     0.000 r  sysclk (IN)
                         net (fo=0)                   0.000     0.000    npu_system_i/clk_wiz_0/inst/clk_in1
    H16                  IBUF (Prop_ibuf_I_O)         0.406     0.406 r  npu_system_i/clk_wiz_0/inst/clkin1_ibufg/O
                         net (fo=1, routed)           0.480     0.886    npu_system_i/clk_wiz_0/inst/clk_in1_npu_system_clk_wiz_0_0
    MMCME2_ADV_X1Y2      MMCME2_ADV (Prop_mmcme2_adv_CLKIN1_CLKOUT0)
                                                     -3.407    -2.521 r  npu_system_i/clk_wiz_0/inst/mmcm_adv_inst/CLKOUT0
                         net (fo=1, routed)           0.752    -1.769    npu_system_i/clk_wiz_0/inst/clk_out1_npu_system_clk_wiz_0_0
    BUFGCTRL_X0Y17       BUFG (Prop_bufg_I_O)         0.029    -1.740 r  npu_system_i/clk_wiz_0/inst/clkout1_buf/O
                         net (fo=19143, routed)       0.849    -0.891    npu_system_i/tinynpu_0/inst/u_systolic/aclk
    SLICE_X62Y52         SRLC32E                                      r  npu_system_i/tinynpu_0/inst/u_systolic/gen_col_inputs[7].valid_sr_reg[31]_srl32___inst_u_systolic_gen_col_inputs_r_30/CLK
                         clock pessimism              0.255    -0.635    
    SLICE_X62Y52         SRLC32E (Hold_srlc32e_CLK_D)
                                                      0.183    -0.452    npu_system_i/tinynpu_0/inst/u_systolic/gen_col_inputs[7].valid_sr_reg[31]_srl32___inst_u_systolic_gen_col_inputs_r_30
  -------------------------------------------------------------------
                         required time                          0.452    
                         arrival time                          -0.354    
  -------------------------------------------------------------------
                         slack                                  0.099    





Pulse Width Checks
--------------------------------------------------------------------------------------
Clock Name:         clk_out1_npu_system_clk_wiz_0_0_1
Waveform(ns):       { 0.000 4.000 }
Period(ns):         8.000
Sources:            { npu_system_i/clk_wiz_0/inst/mmcm_adv_inst/CLKOUT0 }

Check Type        Corner  Lib Pin             Reference Pin  Required(ns)  Actual(ns)  Slack(ns)  Location         Pin
Min Period        n/a     RAMB36E1/CLKARDCLK  n/a            2.944         8.000       5.056      RAMB36_X3Y16     npu_system_i/riscv_adas_0/inst/firmware_bram_reg/CLKARDCLK
Max Period        n/a     MMCME2_ADV/CLKOUT0  n/a            213.360       8.000       205.360    MMCME2_ADV_X1Y2  npu_system_i/clk_wiz_0/inst/mmcm_adv_inst/CLKOUT0
Low Pulse Width   Slow    RAMD32/CLK          n/a            1.250         4.000       2.750      SLICE_X50Y85     npu_system_i/riscv_adas_0/inst/picorv32_core/cpuregs_reg_r1_0_15_0_5/RAMA/CLK
High Pulse Width  Slow    RAMD32/CLK          n/a            1.250         4.000       2.750      SLICE_X50Y85     npu_system_i/riscv_adas_0/inst/picorv32_core/cpuregs_reg_r1_0_15_0_5/RAMA/CLK



---------------------------------------------------------------------------------------------------
From Clock:  clk_out2_npu_system_clk_wiz_0_0_1
  To Clock:  clk_out2_npu_system_clk_wiz_0_0_1

Setup :            0  Failing Endpoints,  Worst Slack        1.127ns,  Total Violation        0.000ns
Hold  :            0  Failing Endpoints,  Worst Slack        0.101ns,  Total Violation        0.000ns
PW    :            0  Failing Endpoints,  Worst Slack        0.264ns,  Total Violation        0.000ns
---------------------------------------------------------------------------------------------------


Max Delay Paths
--------------------------------------------------------------------------------------
Slack (MET) :             1.127ns  (required time - arrival time)
  Source:                 <hidden>
                            (rising edge-triggered cell FDRE clocked by clk_out2_npu_system_clk_wiz_0_0_1  {rise@0.000ns fall@2.500ns period=5.000ns})
  Destination:            <hidden>
                            (rising edge-triggered cell FDRE clocked by clk_out2_npu_system_clk_wiz_0_0_1  {rise@0.000ns fall@2.500ns period=5.000ns})
  Path Group:             clk_out2_npu_system_clk_wiz_0_0_1
  Path Type:              Setup (Max at Slow Process Corner)
  Requirement:            5.000ns  (clk_out2_npu_system_clk_wiz_0_0_1 rise@5.000ns - clk_out2_npu_system_clk_wiz_0_0_1 rise@0.000ns)
  Data Path Delay:        3.815ns  (logic 1.199ns (31.432%)  route 2.616ns (68.568%))
  Logic Levels:           3  (LUT5=1 LUT6=2)
  Clock Path Skew:        -0.023ns (DCD - SCD + CPR)
    Destination Clock Delay (DCD):    -1.486ns = ( 3.514 - 5.000 ) 
    Source Clock Delay      (SCD):    -0.856ns
    Clock Pessimism Removal (CPR):    0.607ns
  Clock Uncertainty:      0.065ns  ((TSJ^2 + DJ^2)^1/2) / 2 + PE
    Total System Jitter     (TSJ):    0.071ns
    Discrete Jitter          (DJ):    0.108ns
    Phase Error              (PE):    0.000ns

    Location             Delay type                Incr(ns)  Path(ns)    Netlist Resource(s)
  -------------------------------------------------------------------    -------------------
                         (clock clk_out2_npu_system_clk_wiz_0_0_1 rise edge)
                                                      0.000     0.000 r  
    H16                                               0.000     0.000 r  sysclk (IN)
                         net (fo=0)                   0.000     0.000    npu_system_i/clk_wiz_0/inst/clk_in1
    H16                  IBUF (Prop_ibuf_I_O)         1.451     1.451 r  npu_system_i/clk_wiz_0/inst/clkin1_ibufg/O
                         net (fo=1, routed)           1.285     2.736    npu_system_i/clk_wiz_0/inst/clk_in1_npu_system_clk_wiz_0_0
    MMCME2_ADV_X1Y2      MMCME2_ADV (Prop_mmcme2_adv_CLKIN1_CLKOUT1)
                                                     -7.759    -5.023 r  npu_system_i/clk_wiz_0/inst/mmcm_adv_inst/CLKOUT1
                         net (fo=1, routed)           2.206    -2.817    npu_system_i/clk_wiz_0/inst/clk_out2_npu_system_clk_wiz_0_0
    BUFGCTRL_X0Y16       BUFG (Prop_bufg_I_O)         0.101    -2.716 r  npu_system_i/clk_wiz_0/inst/clkout2_buf/O
                         net (fo=158, routed)         1.860    -0.856    <hidden>
    SLICE_X111Y86        FDRE                                         r  <hidden>
  -------------------------------------------------------------------    -------------------
    SLICE_X111Y86        FDRE (Prop_fdre_C_Q)         0.419    -0.437 r  <hidden>
                         net (fo=18, routed)          1.076     0.639    <hidden>
    SLICE_X110Y87        LUT5 (Prop_lut5_I1_O)        0.329     0.968 r  <hidden>
                         net (fo=4, routed)           0.672     1.640    <hidden>
    SLICE_X110Y86        LUT6 (Prop_lut6_I1_O)        0.327     1.967 r  <hidden>
                         net (fo=3, routed)           0.867     2.834    <hidden>
    SLICE_X111Y88        LUT6 (Prop_lut6_I2_O)        0.124     2.958 r  <hidden>
                         net (fo=1, routed)           0.000     2.958    <hidden>
    SLICE_X111Y88        FDRE                                         r  <hidden>
  -------------------------------------------------------------------    -------------------

                         (clock clk_out2_npu_system_clk_wiz_0_0_1 rise edge)
                                                      5.000     5.000 r  
    H16                                               0.000     5.000 r  sysclk (IN)
                         net (fo=0)                   0.000     5.000    npu_system_i/clk_wiz_0/inst/clk_in1
    H16                  IBUF (Prop_ibuf_I_O)         1.380     6.380 r  npu_system_i/clk_wiz_0/inst/clkin1_ibufg/O
                         net (fo=1, routed)           1.162     7.542    npu_system_i/clk_wiz_0/inst/clk_in1_npu_system_clk_wiz_0_0
    MMCME2_ADV_X1Y2      MMCME2_ADV (Prop_mmcme2_adv_CLKIN1_CLKOUT1)
                                                     -7.814    -0.272 r  npu_system_i/clk_wiz_0/inst/mmcm_adv_inst/CLKOUT1
                         net (fo=1, routed)           2.012     1.740    npu_system_i/clk_wiz_0/inst/clk_out2_npu_system_clk_wiz_0_0
    BUFGCTRL_X0Y16       BUFG (Prop_bufg_I_O)         0.091     1.831 r  npu_system_i/clk_wiz_0/inst/clkout2_buf/O
                         net (fo=158, routed)         1.683     3.514    <hidden>
    SLICE_X111Y88        FDRE                                         r  <hidden>
                         clock pessimism              0.607     4.121    
                         clock uncertainty           -0.065     4.056    
    SLICE_X111Y88        FDRE (Setup_fdre_C_D)        0.029     4.085    <hidden>
  -------------------------------------------------------------------
                         required time                          4.085    
                         arrival time                          -2.958    
  -------------------------------------------------------------------
                         slack                                  1.127    





Min Delay Paths
--------------------------------------------------------------------------------------
Slack (MET) :             0.101ns  (arrival time - required time)
  Source:                 <hidden>
                            (rising edge-triggered cell FDRE clocked by clk_out2_npu_system_clk_wiz_0_0_1  {rise@0.000ns fall@2.500ns period=5.000ns})
  Destination:            <hidden>
                            (rising edge-triggered cell FDRE clocked by clk_out2_npu_system_clk_wiz_0_0_1  {rise@0.000ns fall@2.500ns period=5.000ns})
  Path Group:             clk_out2_npu_system_clk_wiz_0_0_1
  Path Type:              Hold (Min at Fast Process Corner)
  Requirement:            0.000ns  (clk_out2_npu_system_clk_wiz_0_0_1 rise@0.000ns - clk_out2_npu_system_clk_wiz_0_0_1 rise@0.000ns)
  Data Path Delay:        0.499ns  (logic 0.373ns (74.723%)  route 0.126ns (25.277%))
  Logic Levels:           2  (CARRY4=2)
  Clock Path Skew:        0.264ns (DCD - SCD - CPR)
    Destination Clock Delay (DCD):    -0.834ns
    Source Clock Delay      (SCD):    -0.590ns
    Clock Pessimism Removal (CPR):    -0.509ns

    Location             Delay type                Incr(ns)  Path(ns)    Netlist Resource(s)
  -------------------------------------------------------------------    -------------------
                         (clock clk_out2_npu_system_clk_wiz_0_0_1 rise edge)
                                                      0.000     0.000 r  
    H16                                               0.000     0.000 r  sysclk (IN)
                         net (fo=0)                   0.000     0.000    npu_system_i/clk_wiz_0/inst/clk_in1
    H16                  IBUF (Prop_ibuf_I_O)         0.219     0.219 r  npu_system_i/clk_wiz_0/inst/clkin1_ibufg/O
                         net (fo=1, routed)           0.440     0.659    npu_system_i/clk_wiz_0/inst/clk_in1_npu_system_clk_wiz_0_0
    MMCME2_ADV_X1Y2      MMCME2_ADV (Prop_mmcme2_adv_CLKIN1_CLKOUT1)
                                                     -2.613    -1.954 r  npu_system_i/clk_wiz_0/inst/mmcm_adv_inst/CLKOUT1
                         net (fo=1, routed)           0.696    -1.257    npu_system_i/clk_wiz_0/inst/clk_out2_npu_system_clk_wiz_0_0
    BUFGCTRL_X0Y16       BUFG (Prop_bufg_I_O)         0.026    -1.231 r  npu_system_i/clk_wiz_0/inst/clkout2_buf/O
                         net (fo=158, routed)         0.642    -0.590    <hidden>
    SLICE_X108Y49        FDRE                                         r  <hidden>
  -------------------------------------------------------------------    -------------------
    SLICE_X108Y49        FDRE (Prop_fdre_C_Q)         0.164    -0.426 r  <hidden>
                         net (fo=2, routed)           0.125    -0.300    <hidden>
    SLICE_X108Y49        CARRY4 (Prop_carry4_S[2]_CO[3])
                                                      0.156    -0.144 r  <hidden>
                         net (fo=1, routed)           0.001    -0.143    <hidden>
    SLICE_X108Y50        CARRY4 (Prop_carry4_CI_O[0])
                                                      0.053    -0.090 r  <hidden>
                         net (fo=1, routed)           0.000    -0.090    <hidden>
    SLICE_X108Y50        FDRE                                         r  <hidden>
  -------------------------------------------------------------------    -------------------

                         (clock clk_out2_npu_system_clk_wiz_0_0_1 rise edge)
                                                      0.000     0.000 r  
    H16                                               0.000     0.000 r  sysclk (IN)
                         net (fo=0)                   0.000     0.000    npu_system_i/clk_wiz_0/inst/clk_in1
    H16                  IBUF (Prop_ibuf_I_O)         0.406     0.406 r  npu_system_i/clk_wiz_0/inst/clkin1_ibufg/O
                         net (fo=1, routed)           0.480     0.886    npu_system_i/clk_wiz_0/inst/clk_in1_npu_system_clk_wiz_0_0
    MMCME2_ADV_X1Y2      MMCME2_ADV (Prop_mmcme2_adv_CLKIN1_CLKOUT1)
                                                     -3.407    -2.521 r  npu_system_i/clk_wiz_0/inst/mmcm_adv_inst/CLKOUT1
                         net (fo=1, routed)           0.752    -1.769    npu_system_i/clk_wiz_0/inst/clk_out2_npu_system_clk_wiz_0_0
    BUFGCTRL_X0Y16       BUFG (Prop_bufg_I_O)         0.029    -1.740 r  npu_system_i/clk_wiz_0/inst/clkout2_buf/O
                         net (fo=158, routed)         0.906    -0.834    <hidden>
    SLICE_X108Y50        FDRE                                         r  <hidden>
                         clock pessimism              0.509    -0.325    
    SLICE_X108Y50        FDRE (Hold_fdre_C_D)         0.134    -0.191    <hidden>
  -------------------------------------------------------------------
                         required time                          0.191    
                         arrival time                          -0.090    
  -------------------------------------------------------------------
                         slack                                  0.101    





Pulse Width Checks
--------------------------------------------------------------------------------------
Clock Name:         clk_out2_npu_system_clk_wiz_0_0_1
Waveform(ns):       { 0.000 2.500 }
Period(ns):         5.000
Sources:            { npu_system_i/clk_wiz_0/inst/mmcm_adv_inst/CLKOUT1 }

Check Type        Corner  Lib Pin            Reference Pin  Required(ns)  Actual(ns)  Slack(ns)  Location         Pin
Min Period        n/a     IDELAYCTRL/REFCLK  n/a            3.225         5.000       1.775      IDELAYCTRL_X1Y1  <hidden>
Max Period        n/a     IDELAYCTRL/REFCLK  n/a            5.264         5.000       0.264      IDELAYCTRL_X1Y1  <hidden>
Low Pulse Width   Slow    FDRE/C             n/a            0.500         2.500       2.000      SLICE_X108Y45    <hidden>
High Pulse Width  Slow    FDRE/C             n/a            0.500         2.500       2.000      SLICE_X108Y45    <hidden>



---------------------------------------------------------------------------------------------------
From Clock:  clkfbout_npu_system_clk_wiz_0_0_1
  To Clock:  clkfbout_npu_system_clk_wiz_0_0_1

Setup :           NA  Failing Endpoints,  Worst Slack           NA  ,  Total Violation           NA
Hold  :           NA  Failing Endpoints,  Worst Slack           NA  ,  Total Violation           NA
PW    :            0  Failing Endpoints,  Worst Slack        5.845ns,  Total Violation        0.000ns
---------------------------------------------------------------------------------------------------


Pulse Width Checks
--------------------------------------------------------------------------------------
Clock Name:         clkfbout_npu_system_clk_wiz_0_0_1
Waveform(ns):       { 0.000 4.000 }
Period(ns):         8.000
Sources:            { npu_system_i/clk_wiz_0/inst/mmcm_adv_inst/CLKFBOUT }

Check Type  Corner  Lib Pin             Reference Pin  Required(ns)  Actual(ns)  Slack(ns)  Location         Pin
Min Period  n/a     BUFG/I              n/a            2.155         8.000       5.845      BUFGCTRL_X0Y19   npu_system_i/clk_wiz_0/inst/clkf_buf/I
Max Period  n/a     MMCME2_ADV/CLKFBIN  n/a            100.000       8.000       92.000     MMCME2_ADV_X1Y2  npu_system_i/clk_wiz_0/inst/mmcm_adv_inst/CLKFBIN



---------------------------------------------------------------------------------------------------
From Clock:  sysclk
  To Clock:  sysclk

Setup :           NA  Failing Endpoints,  Worst Slack           NA  ,  Total Violation           NA
Hold  :           NA  Failing Endpoints,  Worst Slack           NA  ,  Total Violation           NA
PW    :            0  Failing Endpoints,  Worst Slack        2.000ns,  Total Violation        0.000ns
---------------------------------------------------------------------------------------------------


Pulse Width Checks
--------------------------------------------------------------------------------------
Clock Name:         sysclk
Waveform(ns):       { 0.000 4.000 }
Period(ns):         8.000
Sources:            { sysclk }

Check Type        Corner  Lib Pin            Reference Pin  Required(ns)  Actual(ns)  Slack(ns)  Location         Pin
Min Period        n/a     MMCME2_ADV/CLKIN1  n/a            1.249         8.000       6.751      MMCME2_ADV_X1Y2  npu_system_i/clk_wiz_0/inst/mmcm_adv_inst/CLKIN1
Max Period        n/a     MMCME2_ADV/CLKIN1  n/a            100.000       8.000       92.000     MMCME2_ADV_X1Y2  npu_system_i/clk_wiz_0/inst/mmcm_adv_inst/CLKIN1
Low Pulse Width   Slow    MMCME2_ADV/CLKIN1  n/a            2.000         4.000       2.000      MMCME2_ADV_X1Y2  npu_system_i/clk_wiz_0/inst/mmcm_adv_inst/CLKIN1
High Pulse Width  Slow    MMCME2_ADV/CLKIN1  n/a            2.000         4.000       2.000      MMCME2_ADV_X1Y2  npu_system_i/clk_wiz_0/inst/mmcm_adv_inst/CLKIN1



---------------------------------------------------------------------------------------------------
From Clock:  clk_out1_npu_system_clk_wiz_0_0
  To Clock:  clk_out1_npu_system_clk_wiz_0_0

Setup :            0  Failing Endpoints,  Worst Slack        0.184ns,  Total Violation        0.000ns
Hold  :            0  Failing Endpoints,  Worst Slack        0.099ns,  Total Violation        0.000ns
PW    :            0  Failing Endpoints,  Worst Slack        2.750ns,  Total Violation        0.000ns
---------------------------------------------------------------------------------------------------


Max Delay Paths
--------------------------------------------------------------------------------------
Slack (MET) :             0.184ns  (required time - arrival time)
  Source:                 <hidden>
                            (rising edge-triggered cell FDRE clocked by clk_out1_npu_system_clk_wiz_0_0  {rise@0.000ns fall@4.000ns period=8.000ns})
  Destination:            <hidden>
                            (rising edge-triggered cell FDRE clocked by clk_out1_npu_system_clk_wiz_0_0  {rise@0.000ns fall@4.000ns period=8.000ns})
  Path Group:             clk_out1_npu_system_clk_wiz_0_0
  Path Type:              Setup (Max at Slow Process Corner)
  Requirement:            8.000ns  (clk_out1_npu_system_clk_wiz_0_0 rise@8.000ns - clk_out1_npu_system_clk_wiz_0_0 rise@0.000ns)
  Data Path Delay:        7.601ns  (logic 0.456ns (5.999%)  route 7.145ns (94.001%))
  Logic Levels:           0  
  Clock Path Skew:        -0.054ns (DCD - SCD + CPR)
    Destination Clock Delay (DCD):    -1.569ns = ( 6.431 - 8.000 ) 
    Source Clock Delay      (SCD):    -1.062ns
    Clock Pessimism Removal (CPR):    0.452ns
  Clock Uncertainty:      0.069ns  ((TSJ^2 + DJ^2)^1/2) / 2 + PE
    Total System Jitter     (TSJ):    0.071ns
    Discrete Jitter          (DJ):    0.119ns
    Phase Error              (PE):    0.000ns

    Location             Delay type                Incr(ns)  Path(ns)    Netlist Resource(s)
  -------------------------------------------------------------------    -------------------
                         (clock clk_out1_npu_system_clk_wiz_0_0 rise edge)
                                                      0.000     0.000 r  
    H16                                               0.000     0.000 r  sysclk (IN)
                         net (fo=0)                   0.000     0.000    npu_system_i/clk_wiz_0/inst/clk_in1
    H16                  IBUF (Prop_ibuf_I_O)         1.451     1.451 r  npu_system_i/clk_wiz_0/inst/clkin1_ibufg/O
                         net (fo=1, routed)           1.285     2.736    npu_system_i/clk_wiz_0/inst/clk_in1_npu_system_clk_wiz_0_0
    MMCME2_ADV_X1Y2      MMCME2_ADV (Prop_mmcme2_adv_CLKIN1_CLKOUT0)
                                                     -7.759    -5.023 r  npu_system_i/clk_wiz_0/inst/mmcm_adv_inst/CLKOUT0
                         net (fo=1, routed)           2.206    -2.817    npu_system_i/clk_wiz_0/inst/clk_out1_npu_system_clk_wiz_0_0
    BUFGCTRL_X0Y17       BUFG (Prop_bufg_I_O)         0.101    -2.716 r  npu_system_i/clk_wiz_0/inst/clkout1_buf/O
                         net (fo=19143, routed)       1.654    -1.062    <hidden>
    SLICE_X51Y39         FDRE                                         r  <hidden>
  -------------------------------------------------------------------    -------------------
    SLICE_X51Y39         FDRE (Prop_fdre_C_Q)         0.456    -0.606 r  <hidden>
                         net (fo=157, routed)         7.145     6.538    <hidden>
    SLICE_X99Y67         FDRE                                         r  <hidden>
  -------------------------------------------------------------------    -------------------

                         (clock clk_out1_npu_system_clk_wiz_0_0 rise edge)
                                                      8.000     8.000 r  
    H16                                               0.000     8.000 r  sysclk (IN)
                         net (fo=0)                   0.000     8.000    npu_system_i/clk_wiz_0/inst/clk_in1
    H16                  IBUF (Prop_ibuf_I_O)         1.380     9.380 r  npu_system_i/clk_wiz_0/inst/clkin1_ibufg/O
                         net (fo=1, routed)           1.162    10.542    npu_system_i/clk_wiz_0/inst/clk_in1_npu_system_clk_wiz_0_0
    MMCME2_ADV_X1Y2      MMCME2_ADV (Prop_mmcme2_adv_CLKIN1_CLKOUT0)
                                                     -7.814     2.728 r  npu_system_i/clk_wiz_0/inst/mmcm_adv_inst/CLKOUT0
                         net (fo=1, routed)           2.012     4.740    npu_system_i/clk_wiz_0/inst/clk_out1_npu_system_clk_wiz_0_0
    BUFGCTRL_X0Y17       BUFG (Prop_bufg_I_O)         0.091     4.831 r  npu_system_i/clk_wiz_0/inst/clkout1_buf/O
                         net (fo=19143, routed)       1.600     6.431    <hidden>
    SLICE_X99Y67         FDRE                                         r  <hidden>
                         clock pessimism              0.452     6.883    
                         clock uncertainty           -0.069     6.814    
    SLICE_X99Y67         FDRE (Setup_fdre_C_D)       -0.092     6.722    <hidden>
  -------------------------------------------------------------------
                         required time                          6.722    
                         arrival time                          -6.538    
  -------------------------------------------------------------------
                         slack                                  0.184    





Min Delay Paths
--------------------------------------------------------------------------------------
Slack (MET) :             0.099ns  (arrival time - required time)
  Source:                 npu_system_i/tinynpu_0/inst/u_systolic/row[0].col[6].pe_inst/act_valid_out_reg/C
                            (rising edge-triggered cell FDCE clocked by clk_out1_npu_system_clk_wiz_0_0  {rise@0.000ns fall@4.000ns period=8.000ns})
  Destination:            npu_system_i/tinynpu_0/inst/u_systolic/gen_col_inputs[7].valid_sr_reg[31]_srl32___inst_u_systolic_gen_col_inputs_r_30/D
                            (rising edge-triggered cell SRLC32E clocked by clk_out1_npu_system_clk_wiz_0_0  {rise@0.000ns fall@4.000ns period=8.000ns})
  Path Group:             clk_out1_npu_system_clk_wiz_0_0
  Path Type:              Hold (Min at Fast Process Corner)
  Requirement:            0.000ns  (clk_out1_npu_system_clk_wiz_0_0 rise@0.000ns - clk_out1_npu_system_clk_wiz_0_0 rise@0.000ns)
  Data Path Delay:        0.298ns  (logic 0.141ns (47.334%)  route 0.157ns (52.666%))
  Logic Levels:           0  
  Clock Path Skew:        0.016ns (DCD - SCD - CPR)
    Destination Clock Delay (DCD):    -0.891ns
    Source Clock Delay      (SCD):    -0.651ns
    Clock Pessimism Removal (CPR):    -0.255ns

    Location             Delay type                Incr(ns)  Path(ns)    Netlist Resource(s)
  -------------------------------------------------------------------    -------------------
                         (clock clk_out1_npu_system_clk_wiz_0_0 rise edge)
                                                      0.000     0.000 r  
    H16                                               0.000     0.000 r  sysclk (IN)
                         net (fo=0)                   0.000     0.000    npu_system_i/clk_wiz_0/inst/clk_in1
    H16                  IBUF (Prop_ibuf_I_O)         0.219     0.219 r  npu_system_i/clk_wiz_0/inst/clkin1_ibufg/O
                         net (fo=1, routed)           0.440     0.659    npu_system_i/clk_wiz_0/inst/clk_in1_npu_system_clk_wiz_0_0
    MMCME2_ADV_X1Y2      MMCME2_ADV (Prop_mmcme2_adv_CLKIN1_CLKOUT0)
                                                     -2.613    -1.954 r  npu_system_i/clk_wiz_0/inst/mmcm_adv_inst/CLKOUT0
                         net (fo=1, routed)           0.696    -1.257    npu_system_i/clk_wiz_0/inst/clk_out1_npu_system_clk_wiz_0_0
    BUFGCTRL_X0Y17       BUFG (Prop_bufg_I_O)         0.026    -1.231 r  npu_system_i/clk_wiz_0/inst/clkout1_buf/O
                         net (fo=19143, routed)       0.580    -0.651    npu_system_i/tinynpu_0/inst/u_systolic/row[0].col[6].pe_inst/aclk
    SLICE_X61Y52         FDCE                                         r  npu_system_i/tinynpu_0/inst/u_systolic/row[0].col[6].pe_inst/act_valid_out_reg/C
  -------------------------------------------------------------------    -------------------
    SLICE_X61Y52         FDCE (Prop_fdce_C_Q)         0.141    -0.510 r  npu_system_i/tinynpu_0/inst/u_systolic/row[0].col[6].pe_inst/act_valid_out_reg/Q
                         net (fo=1, routed)           0.157    -0.354    npu_system_i/tinynpu_0/inst/u_systolic/act_valid_w[0][7]_2
    SLICE_X62Y52         SRLC32E                                      r  npu_system_i/tinynpu_0/inst/u_systolic/gen_col_inputs[7].valid_sr_reg[31]_srl32___inst_u_systolic_gen_col_inputs_r_30/D
  -------------------------------------------------------------------    -------------------

                         (clock clk_out1_npu_system_clk_wiz_0_0 rise edge)
                                                      0.000     0.000 r  
    H16                                               0.000     0.000 r  sysclk (IN)
                         net (fo=0)                   0.000     0.000    npu_system_i/clk_wiz_0/inst/clk_in1
    H16                  IBUF (Prop_ibuf_I_O)         0.406     0.406 r  npu_system_i/clk_wiz_0/inst/clkin1_ibufg/O
                         net (fo=1, routed)           0.480     0.886    npu_system_i/clk_wiz_0/inst/clk_in1_npu_system_clk_wiz_0_0
    MMCME2_ADV_X1Y2      MMCME2_ADV (Prop_mmcme2_adv_CLKIN1_CLKOUT0)
                                                     -3.407    -2.521 r  npu_system_i/clk_wiz_0/inst/mmcm_adv_inst/CLKOUT0
                         net (fo=1, routed)           0.752    -1.769    npu_system_i/clk_wiz_0/inst/clk_out1_npu_system_clk_wiz_0_0
    BUFGCTRL_X0Y17       BUFG (Prop_bufg_I_O)         0.029    -1.740 r  npu_system_i/clk_wiz_0/inst/clkout1_buf/O
                         net (fo=19143, routed)       0.849    -0.891    npu_system_i/tinynpu_0/inst/u_systolic/aclk
    SLICE_X62Y52         SRLC32E                                      r  npu_system_i/tinynpu_0/inst/u_systolic/gen_col_inputs[7].valid_sr_reg[31]_srl32___inst_u_systolic_gen_col_inputs_r_30/CLK
                         clock pessimism              0.255    -0.635    
    SLICE_X62Y52         SRLC32E (Hold_srlc32e_CLK_D)
                                                      0.183    -0.452    npu_system_i/tinynpu_0/inst/u_systolic/gen_col_inputs[7].valid_sr_reg[31]_srl32___inst_u_systolic_gen_col_inputs_r_30
  -------------------------------------------------------------------
                         required time                          0.452    
                         arrival time                          -0.354    
  -------------------------------------------------------------------
                         slack                                  0.099    





Pulse Width Checks
--------------------------------------------------------------------------------------
Clock Name:         clk_out1_npu_system_clk_wiz_0_0
Waveform(ns):       { 0.000 4.000 }
Period(ns):         8.000
Sources:            { npu_system_i/clk_wiz_0/inst/mmcm_adv_inst/CLKOUT0 }

Check Type        Corner  Lib Pin             Reference Pin  Required(ns)  Actual(ns)  Slack(ns)  Location         Pin
Min Period        n/a     RAMB36E1/CLKARDCLK  n/a            2.944         8.000       5.056      RAMB36_X3Y16     npu_system_i/riscv_adas_0/inst/firmware_bram_reg/CLKARDCLK
Max Period        n/a     MMCME2_ADV/CLKOUT0  n/a            213.360       8.000       205.360    MMCME2_ADV_X1Y2  npu_system_i/clk_wiz_0/inst/mmcm_adv_inst/CLKOUT0
Low Pulse Width   Slow    RAMD32/CLK          n/a            1.250         4.000       2.750      SLICE_X50Y85     npu_system_i/riscv_adas_0/inst/picorv32_core/cpuregs_reg_r1_0_15_0_5/RAMA/CLK
High Pulse Width  Slow    RAMD32/CLK          n/a            1.250         4.000       2.750      SLICE_X50Y85     npu_system_i/riscv_adas_0/inst/picorv32_core/cpuregs_reg_r1_0_15_0_5/RAMA/CLK



---------------------------------------------------------------------------------------------------
From Clock:  clk_out2_npu_system_clk_wiz_0_0
  To Clock:  clk_out2_npu_system_clk_wiz_0_0

Setup :            0  Failing Endpoints,  Worst Slack        1.126ns,  Total Violation        0.000ns
Hold  :            0  Failing Endpoints,  Worst Slack        0.101ns,  Total Violation        0.000ns
PW    :            0  Failing Endpoints,  Worst Slack        0.264ns,  Total Violation        0.000ns
---------------------------------------------------------------------------------------------------


Max Delay Paths
--------------------------------------------------------------------------------------
Slack (MET) :             1.126ns  (required time - arrival time)
  Source:                 <hidden>
                            (rising edge-triggered cell FDRE clocked by clk_out2_npu_system_clk_wiz_0_0  {rise@0.000ns fall@2.500ns period=5.000ns})
  Destination:            <hidden>
                            (rising edge-triggered cell FDRE clocked by clk_out2_npu_system_clk_wiz_0_0  {rise@0.000ns fall@2.500ns period=5.000ns})
  Path Group:             clk_out2_npu_system_clk_wiz_0_0
  Path Type:              Setup (Max at Slow Process Corner)
  Requirement:            5.000ns  (clk_out2_npu_system_clk_wiz_0_0 rise@5.000ns - clk_out2_npu_system_clk_wiz_0_0 rise@0.000ns)
  Data Path Delay:        3.815ns  (logic 1.199ns (31.432%)  route 2.616ns (68.568%))
  Logic Levels:           3  (LUT5=1 LUT6=2)
  Clock Path Skew:        -0.023ns (DCD - SCD + CPR)
    Destination Clock Delay (DCD):    -1.486ns = ( 3.514 - 5.000 ) 
    Source Clock Delay      (SCD):    -0.856ns
    Clock Pessimism Removal (CPR):    0.607ns
  Clock Uncertainty:      0.065ns  ((TSJ^2 + DJ^2)^1/2) / 2 + PE
    Total System Jitter     (TSJ):    0.071ns
    Discrete Jitter          (DJ):    0.109ns
    Phase Error              (PE):    0.000ns

    Location             Delay type                Incr(ns)  Path(ns)    Netlist Resource(s)
  -------------------------------------------------------------------    -------------------
                         (clock clk_out2_npu_system_clk_wiz_0_0 rise edge)
                                                      0.000     0.000 r  
    H16                                               0.000     0.000 r  sysclk (IN)
                         net (fo=0)                   0.000     0.000    npu_system_i/clk_wiz_0/inst/clk_in1
    H16                  IBUF (Prop_ibuf_I_O)         1.451     1.451 r  npu_system_i/clk_wiz_0/inst/clkin1_ibufg/O
                         net (fo=1, routed)           1.285     2.736    npu_system_i/clk_wiz_0/inst/clk_in1_npu_system_clk_wiz_0_0
    MMCME2_ADV_X1Y2      MMCME2_ADV (Prop_mmcme2_adv_CLKIN1_CLKOUT1)
                                                     -7.759    -5.023 r  npu_system_i/clk_wiz_0/inst/mmcm_adv_inst/CLKOUT1
                         net (fo=1, routed)           2.206    -2.817    npu_system_i/clk_wiz_0/inst/clk_out2_npu_system_clk_wiz_0_0
    BUFGCTRL_X0Y16       BUFG (Prop_bufg_I_O)         0.101    -2.716 r  npu_system_i/clk_wiz_0/inst/clkout2_buf/O
                         net (fo=158, routed)         1.860    -0.856    <hidden>
    SLICE_X111Y86        FDRE                                         r  <hidden>
  -------------------------------------------------------------------    -------------------
    SLICE_X111Y86        FDRE (Prop_fdre_C_Q)         0.419    -0.437 r  <hidden>
                         net (fo=18, routed)          1.076     0.639    <hidden>
    SLICE_X110Y87        LUT5 (Prop_lut5_I1_O)        0.329     0.968 r  <hidden>
                         net (fo=4, routed)           0.672     1.640    <hidden>
    SLICE_X110Y86        LUT6 (Prop_lut6_I1_O)        0.327     1.967 r  <hidden>
                         net (fo=3, routed)           0.867     2.834    <hidden>
    SLICE_X111Y88        LUT6 (Prop_lut6_I2_O)        0.124     2.958 r  <hidden>
                         net (fo=1, routed)           0.000     2.958    <hidden>
    SLICE_X111Y88        FDRE                                         r  <hidden>
  -------------------------------------------------------------------    -------------------

                         (clock clk_out2_npu_system_clk_wiz_0_0 rise edge)
                                                      5.000     5.000 r  
    H16                                               0.000     5.000 r  sysclk (IN)
                         net (fo=0)                   0.000     5.000    npu_system_i/clk_wiz_0/inst/clk_in1
    H16                  IBUF (Prop_ibuf_I_O)         1.380     6.380 r  npu_system_i/clk_wiz_0/inst/clkin1_ibufg/O
                         net (fo=1, routed)           1.162     7.542    npu_system_i/clk_wiz_0/inst/clk_in1_npu_system_clk_wiz_0_0
    MMCME2_ADV_X1Y2      MMCME2_ADV (Prop_mmcme2_adv_CLKIN1_CLKOUT1)
                                                     -7.814    -0.272 r  npu_system_i/clk_wiz_0/inst/mmcm_adv_inst/CLKOUT1
                         net (fo=1, routed)           2.012     1.740    npu_system_i/clk_wiz_0/inst/clk_out2_npu_system_clk_wiz_0_0
    BUFGCTRL_X0Y16       BUFG (Prop_bufg_I_O)         0.091     1.831 r  npu_system_i/clk_wiz_0/inst/clkout2_buf/O
                         net (fo=158, routed)         1.683     3.514    <hidden>
    SLICE_X111Y88        FDRE                                         r  <hidden>
                         clock pessimism              0.607     4.121    
                         clock uncertainty           -0.065     4.056    
    SLICE_X111Y88        FDRE (Setup_fdre_C_D)        0.029     4.085    <hidden>
  -------------------------------------------------------------------
                         required time                          4.085    
                         arrival time                          -2.958    
  -------------------------------------------------------------------
                         slack                                  1.126    





Min Delay Paths
--------------------------------------------------------------------------------------
Slack (MET) :             0.101ns  (arrival time - required time)
  Source:                 <hidden>
                            (rising edge-triggered cell FDRE clocked by clk_out2_npu_system_clk_wiz_0_0  {rise@0.000ns fall@2.500ns period=5.000ns})
  Destination:            <hidden>
                            (rising edge-triggered cell FDRE clocked by clk_out2_npu_system_clk_wiz_0_0  {rise@0.000ns fall@2.500ns period=5.000ns})
  Path Group:             clk_out2_npu_system_clk_wiz_0_0
  Path Type:              Hold (Min at Fast Process Corner)
  Requirement:            0.000ns  (clk_out2_npu_system_clk_wiz_0_0 rise@0.000ns - clk_out2_npu_system_clk_wiz_0_0 rise@0.000ns)
  Data Path Delay:        0.499ns  (logic 0.373ns (74.723%)  route 0.126ns (25.277%))
  Logic Levels:           2  (CARRY4=2)
  Clock Path Skew:        0.264ns (DCD - SCD - CPR)
    Destination Clock Delay (DCD):    -0.834ns
    Source Clock Delay      (SCD):    -0.590ns
    Clock Pessimism Removal (CPR):    -0.509ns

    Location             Delay type                Incr(ns)  Path(ns)    Netlist Resource(s)
  -------------------------------------------------------------------    -------------------
                         (clock clk_out2_npu_system_clk_wiz_0_0 rise edge)
                                                      0.000     0.000 r  
    H16                                               0.000     0.000 r  sysclk (IN)
                         net (fo=0)                   0.000     0.000    npu_system_i/clk_wiz_0/inst/clk_in1
    H16                  IBUF (Prop_ibuf_I_O)         0.219     0.219 r  npu_system_i/clk_wiz_0/inst/clkin1_ibufg/O
                         net (fo=1, routed)           0.440     0.659    npu_system_i/clk_wiz_0/inst/clk_in1_npu_system_clk_wiz_0_0
    MMCME2_ADV_X1Y2      MMCME2_ADV (Prop_mmcme2_adv_CLKIN1_CLKOUT1)
                                                     -2.613    -1.954 r  npu_system_i/clk_wiz_0/inst/mmcm_adv_inst/CLKOUT1
                         net (fo=1, routed)           0.696    -1.257    npu_system_i/clk_wiz_0/inst/clk_out2_npu_system_clk_wiz_0_0
    BUFGCTRL_X0Y16       BUFG (Prop_bufg_I_O)         0.026    -1.231 r  npu_system_i/clk_wiz_0/inst/clkout2_buf/O
                         net (fo=158, routed)         0.642    -0.590    <hidden>
    SLICE_X108Y49        FDRE                                         r  <hidden>
  -------------------------------------------------------------------    -------------------
    SLICE_X108Y49        FDRE (Prop_fdre_C_Q)         0.164    -0.426 r  <hidden>
                         net (fo=2, routed)           0.125    -0.300    <hidden>
    SLICE_X108Y49        CARRY4 (Prop_carry4_S[2]_CO[3])
                                                      0.156    -0.144 r  <hidden>
                         net (fo=1, routed)           0.001    -0.143    <hidden>
    SLICE_X108Y50        CARRY4 (Prop_carry4_CI_O[0])
                                                      0.053    -0.090 r  <hidden>
                         net (fo=1, routed)           0.000    -0.090    <hidden>
    SLICE_X108Y50        FDRE                                         r  <hidden>
  -------------------------------------------------------------------    -------------------

                         (clock clk_out2_npu_system_clk_wiz_0_0 rise edge)
                                                      0.000     0.000 r  
    H16                                               0.000     0.000 r  sysclk (IN)
                         net (fo=0)                   0.000     0.000    npu_system_i/clk_wiz_0/inst/clk_in1
    H16                  IBUF (Prop_ibuf_I_O)         0.406     0.406 r  npu_system_i/clk_wiz_0/inst/clkin1_ibufg/O
                         net (fo=1, routed)           0.480     0.886    npu_system_i/clk_wiz_0/inst/clk_in1_npu_system_clk_wiz_0_0
    MMCME2_ADV_X1Y2      MMCME2_ADV (Prop_mmcme2_adv_CLKIN1_CLKOUT1)
                                                     -3.407    -2.521 r  npu_system_i/clk_wiz_0/inst/mmcm_adv_inst/CLKOUT1
                         net (fo=1, routed)           0.752    -1.769    npu_system_i/clk_wiz_0/inst/clk_out2_npu_system_clk_wiz_0_0
    BUFGCTRL_X0Y16       BUFG (Prop_bufg_I_O)         0.029    -1.740 r  npu_system_i/clk_wiz_0/inst/clkout2_buf/O
                         net (fo=158, routed)         0.906    -0.834    <hidden>
    SLICE_X108Y50        FDRE                                         r  <hidden>
                         clock pessimism              0.509    -0.325    
    SLICE_X108Y50        FDRE (Hold_fdre_C_D)         0.134    -0.191    <hidden>
  -------------------------------------------------------------------
                         required time                          0.191    
                         arrival time                          -0.090    
  -------------------------------------------------------------------
                         slack                                  0.101    





Pulse Width Checks
--------------------------------------------------------------------------------------
Clock Name:         clk_out2_npu_system_clk_wiz_0_0
Waveform(ns):       { 0.000 2.500 }
Period(ns):         5.000
Sources:            { npu_system_i/clk_wiz_0/inst/mmcm_adv_inst/CLKOUT1 }

Check Type        Corner  Lib Pin            Reference Pin  Required(ns)  Actual(ns)  Slack(ns)  Location         Pin
Min Period        n/a     IDELAYCTRL/REFCLK  n/a            3.225         5.000       1.775      IDELAYCTRL_X1Y1  <hidden>
Max Period        n/a     IDELAYCTRL/REFCLK  n/a            5.264         5.000       0.264      IDELAYCTRL_X1Y1  <hidden>
Low Pulse Width   Slow    FDRE/C             n/a            0.500         2.500       2.000      SLICE_X108Y45    <hidden>
High Pulse Width  Slow    FDRE/C             n/a            0.500         2.500       2.000      SLICE_X108Y45    <hidden>



---------------------------------------------------------------------------------------------------
From Clock:  clkfbout_npu_system_clk_wiz_0_0
  To Clock:  clkfbout_npu_system_clk_wiz_0_0

Setup :           NA  Failing Endpoints,  Worst Slack           NA  ,  Total Violation           NA
Hold  :           NA  Failing Endpoints,  Worst Slack           NA  ,  Total Violation           NA
PW    :            0  Failing Endpoints,  Worst Slack        5.845ns,  Total Violation        0.000ns
---------------------------------------------------------------------------------------------------


Pulse Width Checks
--------------------------------------------------------------------------------------
Clock Name:         clkfbout_npu_system_clk_wiz_0_0
Waveform(ns):       { 0.000 4.000 }
Period(ns):         8.000
Sources:            { npu_system_i/clk_wiz_0/inst/mmcm_adv_inst/CLKFBOUT }

Check Type  Corner  Lib Pin             Reference Pin  Required(ns)  Actual(ns)  Slack(ns)  Location         Pin
Min Period  n/a     BUFG/I              n/a            2.155         8.000       5.845      BUFGCTRL_X0Y19   npu_system_i/clk_wiz_0/inst/clkf_buf/I
Max Period  n/a     MMCME2_ADV/CLKFBIN  n/a            100.000       8.000       92.000     MMCME2_ADV_X1Y2  npu_system_i/clk_wiz_0/inst/mmcm_adv_inst/CLKFBIN



---------------------------------------------------------------------------------------------------
From Clock:  
  To Clock:  clk_out1_npu_system_clk_wiz_0_0_1

Setup :            0  Failing Endpoints,  Worst Slack      998.711ns,  Total Violation        0.000ns
Hold  :           NA  Failing Endpoints,  Worst Slack           NA  ,  Total Violation           NA
---------------------------------------------------------------------------------------------------


Max Delay Paths
--------------------------------------------------------------------------------------
Slack (MET) :             998.711ns  (required time - arrival time)
  Source:                 npu_system_i/vid_in/inst/COUPLER_INST/generate_async_fifo.FIFO_INST/XPM_FIFO_ASYNC_INST/gnuram_async_fifo.xpm_fifo_base_inst/gen_cdc_pntr.wr_pntr_cdc_inst/src_gray_ff_reg[5]/C
                            (rising edge-triggered cell FDRE)
  Destination:            npu_system_i/vid_in/inst/COUPLER_INST/generate_async_fifo.FIFO_INST/XPM_FIFO_ASYNC_INST/gnuram_async_fifo.xpm_fifo_base_inst/gen_cdc_pntr.wr_pntr_cdc_inst/dest_graysync_ff_reg[0][5]/D
                            (rising edge-triggered cell FDRE clocked by clk_out1_npu_system_clk_wiz_0_0_1  {rise@0.000ns fall@4.000ns period=8.000ns})
  Path Group:             clk_out1_npu_system_clk_wiz_0_0_1
  Path Type:              Setup (Max at Slow Process Corner)
  Requirement:            1000.000ns  (MaxDelay Path 1000.000ns)
  Data Path Delay:        1.023ns  (logic 0.419ns (40.977%)  route 0.604ns (59.023%))
  Logic Levels:           1  (FDRE=1)
  Timing Exception:       MaxDelay Path 1000.000ns -datapath_only

    Location             Delay type                Incr(ns)  Path(ns)    Netlist Resource(s)
  -------------------------------------------------------------------    -------------------
    SLICE_X9Y25          FDRE                         0.000     0.000 r  npu_system_i/vid_in/inst/COUPLER_INST/generate_async_fifo.FIFO_INST/XPM_FIFO_ASYNC_INST/gnuram_async_fifo.xpm_fifo_base_inst/gen_cdc_pntr.wr_pntr_cdc_inst/src_gray_ff_reg[5]/C
    SLICE_X9Y25          FDRE (Prop_fdre_C_Q)         0.419     0.419 r  npu_system_i/vid_in/inst/COUPLER_INST/generate_async_fifo.FIFO_INST/XPM_FIFO_ASYNC_INST/gnuram_async_fifo.xpm_fifo_base_inst/gen_cdc_pntr.wr_pntr_cdc_inst/src_gray_ff_reg[5]/Q
                         net (fo=1, routed)           0.604     1.023    npu_system_i/vid_in/inst/COUPLER_INST/generate_async_fifo.FIFO_INST/XPM_FIFO_ASYNC_INST/gnuram_async_fifo.xpm_fifo_base_inst/gen_cdc_pntr.wr_pntr_cdc_inst/async_path[5]
    SLICE_X9Y28          FDRE                                         r  npu_system_i/vid_in/inst/COUPLER_INST/generate_async_fifo.FIFO_INST/XPM_FIFO_ASYNC_INST/gnuram_async_fifo.xpm_fifo_base_inst/gen_cdc_pntr.wr_pntr_cdc_inst/dest_graysync_ff_reg[0][5]/D
  -------------------------------------------------------------------    -------------------

                         max delay                 1000.000  1000.000    
    SLICE_X9Y28          FDRE (Setup_fdre_C_D)       -0.266   999.734    npu_system_i/vid_in/inst/COUPLER_INST/generate_async_fifo.FIFO_INST/XPM_FIFO_ASYNC_INST/gnuram_async_fifo.xpm_fifo_base_inst/gen_cdc_pntr.wr_pntr_cdc_inst/dest_graysync_ff_reg[0][5]
  -------------------------------------------------------------------
                         required time                        999.734    
                         arrival time                          -1.023    
  -------------------------------------------------------------------
                         slack                                998.711    





---------------------------------------------------------------------------------------------------
From Clock:  clk_out1_npu_system_clk_wiz_0_0
  To Clock:  clk_out1_npu_system_clk_wiz_0_0_1

Setup :            0  Failing Endpoints,  Worst Slack        0.184ns,  Total Violation        0.000ns
Hold  :            0  Failing Endpoints,  Worst Slack        0.030ns,  Total Violation        0.000ns
---------------------------------------------------------------------------------------------------


Max Delay Paths
--------------------------------------------------------------------------------------
Slack (MET) :             0.184ns  (required time - arrival time)
  Source:                 <hidden>
                            (rising edge-triggered cell FDRE clocked by clk_out1_npu_system_clk_wiz_0_0  {rise@0.000ns fall@4.000ns period=8.000ns})
  Destination:            <hidden>
                            (rising edge-triggered cell FDRE clocked by clk_out1_npu_system_clk_wiz_0_0_1  {rise@0.000ns fall@4.000ns period=8.000ns})
  Path Group:             clk_out1_npu_system_clk_wiz_0_0_1
  Path Type:              Setup (Max at Slow Process Corner)
  Requirement:            8.000ns  (clk_out1_npu_system_clk_wiz_0_0_1 rise@8.000ns - clk_out1_npu_system_clk_wiz_0_0 rise@0.000ns)
  Data Path Delay:        7.601ns  (logic 0.456ns (5.999%)  route 7.145ns (94.001%))
  Logic Levels:           0  
  Clock Path Skew:        -0.054ns (DCD - SCD + CPR)
    Destination Clock Delay (DCD):    -1.569ns = ( 6.431 - 8.000 ) 
    Source Clock Delay      (SCD):    -1.062ns
    Clock Pessimism Removal (CPR):    0.452ns
  Clock Uncertainty:      0.069ns  ((TSJ^2 + DJ^2)^1/2) / 2 + PE
    Total System Jitter     (TSJ):    0.071ns
    Discrete Jitter          (DJ):    0.119ns
    Phase Error              (PE):    0.000ns
  Clock Domain Crossing:  Inter clock paths are considered valid unless explicitly excluded by timing constraints such as set_clock_groups or set_false_path.

    Location             Delay type                Incr(ns)  Path(ns)    Netlist Resource(s)
  -------------------------------------------------------------------    -------------------
                         (clock clk_out1_npu_system_clk_wiz_0_0 rise edge)
                                                      0.000     0.000 r  
    H16                                               0.000     0.000 r  sysclk (IN)
                         net (fo=0)                   0.000     0.000    npu_system_i/clk_wiz_0/inst/clk_in1
    H16                  IBUF (Prop_ibuf_I_O)         1.451     1.451 r  npu_system_i/clk_wiz_0/inst/clkin1_ibufg/O
                         net (fo=1, routed)           1.285     2.736    npu_system_i/clk_wiz_0/inst/clk_in1_npu_system_clk_wiz_0_0
    MMCME2_ADV_X1Y2      MMCME2_ADV (Prop_mmcme2_adv_CLKIN1_CLKOUT0)
                                                     -7.759    -5.023 r  npu_system_i/clk_wiz_0/inst/mmcm_adv_inst/CLKOUT0
                         net (fo=1, routed)           2.206    -2.817    npu_system_i/clk_wiz_0/inst/clk_out1_npu_system_clk_wiz_0_0
    BUFGCTRL_X0Y17       BUFG (Prop_bufg_I_O)         0.101    -2.716 r  npu_system_i/clk_wiz_0/inst/clkout1_buf/O
                         net (fo=19143, routed)       1.654    -1.062    <hidden>
    SLICE_X51Y39         FDRE                                         r  <hidden>
  -------------------------------------------------------------------    -------------------
    SLICE_X51Y39         FDRE (Prop_fdre_C_Q)         0.456    -0.606 r  <hidden>
                         net (fo=157, routed)         7.145     6.538    <hidden>
    SLICE_X99Y67         FDRE                                         r  <hidden>
  -------------------------------------------------------------------    -------------------

                         (clock clk_out1_npu_system_clk_wiz_0_0_1 rise edge)
                                                      8.000     8.000 r  
    H16                                               0.000     8.000 r  sysclk (IN)
                         net (fo=0)                   0.000     8.000    npu_system_i/clk_wiz_0/inst/clk_in1
    H16                  IBUF (Prop_ibuf_I_O)         1.380     9.380 r  npu_system_i/clk_wiz_0/inst/clkin1_ibufg/O
                         net (fo=1, routed)           1.162    10.542    npu_system_i/clk_wiz_0/inst/clk_in1_npu_system_clk_wiz_0_0
    MMCME2_ADV_X1Y2      MMCME2_ADV (Prop_mmcme2_adv_CLKIN1_CLKOUT0)
                                                     -7.814     2.728 r  npu_system_i/clk_wiz_0/inst/mmcm_adv_inst/CLKOUT0
                         net (fo=1, routed)           2.012     4.740    npu_system_i/clk_wiz_0/inst/clk_out1_npu_system_clk_wiz_0_0
    BUFGCTRL_X0Y17       BUFG (Prop_bufg_I_O)         0.091     4.831 r  npu_system_i/clk_wiz_0/inst/clkout1_buf/O
                         net (fo=19143, routed)       1.600     6.431    <hidden>
    SLICE_X99Y67         FDRE                                         r  <hidden>
                         clock pessimism              0.452     6.883    
                         clock uncertainty           -0.069     6.814    
    SLICE_X99Y67         FDRE (Setup_fdre_C_D)       -0.092     6.722    <hidden>
  -------------------------------------------------------------------
                         required time                          6.722    
                         arrival time                          -6.538    
  -------------------------------------------------------------------
                         slack                                  0.184    





Min Delay Paths
--------------------------------------------------------------------------------------
Slack (MET) :             0.030ns  (arrival time - required time)
  Source:                 npu_system_i/tinynpu_0/inst/u_systolic/row[0].col[6].pe_inst/act_valid_out_reg/C
                            (rising edge-triggered cell FDCE clocked by clk_out1_npu_system_clk_wiz_0_0  {rise@0.000ns fall@4.000ns period=8.000ns})
  Destination:            npu_system_i/tinynpu_0/inst/u_systolic/gen_col_inputs[7].valid_sr_reg[31]_srl32___inst_u_systolic_gen_col_inputs_r_30/D
                            (rising edge-triggered cell SRLC32E clocked by clk_out1_npu_system_clk_wiz_0_0_1  {rise@0.000ns fall@4.000ns period=8.000ns})
  Path Group:             clk_out1_npu_system_clk_wiz_0_0_1
  Path Type:              Hold (Min at Fast Process Corner)
  Requirement:            0.000ns  (clk_out1_npu_system_clk_wiz_0_0_1 rise@0.000ns - clk_out1_npu_system_clk_wiz_0_0 rise@0.000ns)
  Data Path Delay:        0.298ns  (logic 0.141ns (47.334%)  route 0.157ns (52.666%))
  Logic Levels:           0  
  Clock Path Skew:        0.016ns (DCD - SCD - CPR)
    Destination Clock Delay (DCD):    -0.891ns
    Source Clock Delay      (SCD):    -0.651ns
    Clock Pessimism Removal (CPR):    -0.255ns
  Clock Uncertainty:      0.069ns  ((TSJ^2 + DJ^2)^1/2) / 2 + PE
    Total System Jitter     (TSJ):    0.071ns
    Discrete Jitter          (DJ):    0.119ns
    Phase Error              (PE):    0.000ns
  Clock Domain Crossing:  Inter clock paths are considered valid unless explicitly excluded by timing constraints such as set_clock_groups or set_false_path.

    Location             Delay type                Incr(ns)  Path(ns)    Netlist Resource(s)
  -------------------------------------------------------------------    -------------------
                         (clock clk_out1_npu_system_clk_wiz_0_0 rise edge)
                                                      0.000     0.000 r  
    H16                                               0.000     0.000 r  sysclk (IN)
                         net (fo=0)                   0.000     0.000    npu_system_i/clk_wiz_0/inst/clk_in1
    H16                  IBUF (Prop_ibuf_I_O)         0.219     0.219 r  npu_system_i/clk_wiz_0/inst/clkin1_ibufg/O
                         net (fo=1, routed)           0.440     0.659    npu_system_i/clk_wiz_0/inst/clk_in1_npu_system_clk_wiz_0_0
    MMCME2_ADV_X1Y2      MMCME2_ADV (Prop_mmcme2_adv_CLKIN1_CLKOUT0)
                                                     -2.613    -1.954 r  npu_system_i/clk_wiz_0/inst/mmcm_adv_inst/CLKOUT0
                         net (fo=1, routed)           0.696    -1.257    npu_system_i/clk_wiz_0/inst/clk_out1_npu_system_clk_wiz_0_0
    BUFGCTRL_X0Y17       BUFG (Prop_bufg_I_O)         0.026    -1.231 r  npu_system_i/clk_wiz_0/inst/clkout1_buf/O
                         net (fo=19143, routed)       0.580    -0.651    npu_system_i/tinynpu_0/inst/u_systolic/row[0].col[6].pe_inst/aclk
    SLICE_X61Y52         FDCE                                         r  npu_system_i/tinynpu_0/inst/u_systolic/row[0].col[6].pe_inst/act_valid_out_reg/C
  -------------------------------------------------------------------    -------------------
    SLICE_X61Y52         FDCE (Prop_fdce_C_Q)         0.141    -0.510 r  npu_system_i/tinynpu_0/inst/u_systolic/row[0].col[6].pe_inst/act_valid_out_reg/Q
                         net (fo=1, routed)           0.157    -0.354    npu_system_i/tinynpu_0/inst/u_systolic/act_valid_w[0][7]_2
    SLICE_X62Y52         SRLC32E                                      r  npu_system_i/tinynpu_0/inst/u_systolic/gen_col_inputs[7].valid_sr_reg[31]_srl32___inst_u_systolic_gen_col_inputs_r_30/D
  -------------------------------------------------------------------    -------------------

                         (clock clk_out1_npu_system_clk_wiz_0_0_1 rise edge)
                                                      0.000     0.000 r  
    H16                                               0.000     0.000 r  sysclk (IN)
                         net (fo=0)                   0.000     0.000    npu_system_i/clk_wiz_0/inst/clk_in1
    H16                  IBUF (Prop_ibuf_I_O)         0.406     0.406 r  npu_system_i/clk_wiz_0/inst/clkin1_ibufg/O
                         net (fo=1, routed)           0.480     0.886    npu_system_i/clk_wiz_0/inst/clk_in1_npu_system_clk_wiz_0_0
    MMCME2_ADV_X1Y2      MMCME2_ADV (Prop_mmcme2_adv_CLKIN1_CLKOUT0)
                                                     -3.407    -2.521 r  npu_system_i/clk_wiz_0/inst/mmcm_adv_inst/CLKOUT0
                         net (fo=1, routed)           0.752    -1.769    npu_system_i/clk_wiz_0/inst/clk_out1_npu_system_clk_wiz_0_0
    BUFGCTRL_X0Y17       BUFG (Prop_bufg_I_O)         0.029    -1.740 r  npu_system_i/clk_wiz_0/inst/clkout1_buf/O
                         net (fo=19143, routed)       0.849    -0.891    npu_system_i/tinynpu_0/inst/u_systolic/aclk
    SLICE_X62Y52         SRLC32E                                      r  npu_system_i/tinynpu_0/inst/u_systolic/gen_col_inputs[7].valid_sr_reg[31]_srl32___inst_u_systolic_gen_col_inputs_r_30/CLK
                         clock pessimism              0.255    -0.635    
                         clock uncertainty            0.069    -0.566    
    SLICE_X62Y52         SRLC32E (Hold_srlc32e_CLK_D)
                                                      0.183    -0.383    npu_system_i/tinynpu_0/inst/u_systolic/gen_col_inputs[7].valid_sr_reg[31]_srl32___inst_u_systolic_gen_col_inputs_r_30
  -------------------------------------------------------------------
                         required time                          0.383    
                         arrival time                          -0.354    
  -------------------------------------------------------------------
                         slack                                  0.030    





---------------------------------------------------------------------------------------------------
From Clock:  clk_out2_npu_system_clk_wiz_0_0
  To Clock:  clk_out2_npu_system_clk_wiz_0_0_1

Setup :            0  Failing Endpoints,  Worst Slack        1.126ns,  Total Violation        0.000ns
Hold  :            0  Failing Endpoints,  Worst Slack        0.036ns,  Total Violation        0.000ns
---------------------------------------------------------------------------------------------------


Max Delay Paths
--------------------------------------------------------------------------------------
Slack (MET) :             1.126ns  (required time - arrival time)
  Source:                 <hidden>
                            (rising edge-triggered cell FDRE clocked by clk_out2_npu_system_clk_wiz_0_0  {rise@0.000ns fall@2.500ns period=5.000ns})
  Destination:            <hidden>
                            (rising edge-triggered cell FDRE clocked by clk_out2_npu_system_clk_wiz_0_0_1  {rise@0.000ns fall@2.500ns period=5.000ns})
  Path Group:             clk_out2_npu_system_clk_wiz_0_0_1
  Path Type:              Setup (Max at Slow Process Corner)
  Requirement:            5.000ns  (clk_out2_npu_system_clk_wiz_0_0_1 rise@5.000ns - clk_out2_npu_system_clk_wiz_0_0 rise@0.000ns)
  Data Path Delay:        3.815ns  (logic 1.199ns (31.432%)  route 2.616ns (68.568%))
  Logic Levels:           3  (LUT5=1 LUT6=2)
  Clock Path Skew:        -0.023ns (DCD - SCD + CPR)
    Destination Clock Delay (DCD):    -1.486ns = ( 3.514 - 5.000 ) 
    Source Clock Delay      (SCD):    -0.856ns
    Clock Pessimism Removal (CPR):    0.607ns
  Clock Uncertainty:      0.065ns  ((TSJ^2 + DJ^2)^1/2) / 2 + PE
    Total System Jitter     (TSJ):    0.071ns
    Discrete Jitter          (DJ):    0.109ns
    Phase Error              (PE):    0.000ns
  Clock Domain Crossing:  Inter clock paths are considered valid unless explicitly excluded by timing constraints such as set_clock_groups or set_false_path.

    Location             Delay type                Incr(ns)  Path(ns)    Netlist Resource(s)
  -------------------------------------------------------------------    -------------------
                         (clock clk_out2_npu_system_clk_wiz_0_0 rise edge)
                                                      0.000     0.000 r  
    H16                                               0.000     0.000 r  sysclk (IN)
                         net (fo=0)                   0.000     0.000    npu_system_i/clk_wiz_0/inst/clk_in1
    H16                  IBUF (Prop_ibuf_I_O)         1.451     1.451 r  npu_system_i/clk_wiz_0/inst/clkin1_ibufg/O
                         net (fo=1, routed)           1.285     2.736    npu_system_i/clk_wiz_0/inst/clk_in1_npu_system_clk_wiz_0_0
    MMCME2_ADV_X1Y2      MMCME2_ADV (Prop_mmcme2_adv_CLKIN1_CLKOUT1)
                                                     -7.759    -5.023 r  npu_system_i/clk_wiz_0/inst/mmcm_adv_inst/CLKOUT1
                         net (fo=1, routed)           2.206    -2.817    npu_system_i/clk_wiz_0/inst/clk_out2_npu_system_clk_wiz_0_0
    BUFGCTRL_X0Y16       BUFG (Prop_bufg_I_O)         0.101    -2.716 r  npu_system_i/clk_wiz_0/inst/clkout2_buf/O
                         net (fo=158, routed)         1.860    -0.856    <hidden>
    SLICE_X111Y86        FDRE                                         r  <hidden>
  -------------------------------------------------------------------    -------------------
    SLICE_X111Y86        FDRE (Prop_fdre_C_Q)         0.419    -0.437 r  <hidden>
                         net (fo=18, routed)          1.076     0.639    <hidden>
    SLICE_X110Y87        LUT5 (Prop_lut5_I1_O)        0.329     0.968 r  <hidden>
                         net (fo=4, routed)           0.672     1.640    <hidden>
    SLICE_X110Y86        LUT6 (Prop_lut6_I1_O)        0.327     1.967 r  <hidden>
                         net (fo=3, routed)           0.867     2.834    <hidden>
    SLICE_X111Y88        LUT6 (Prop_lut6_I2_O)        0.124     2.958 r  <hidden>
                         net (fo=1, routed)           0.000     2.958    <hidden>
    SLICE_X111Y88        FDRE                                         r  <hidden>
  -------------------------------------------------------------------    -------------------

                         (clock clk_out2_npu_system_clk_wiz_0_0_1 rise edge)
                                                      5.000     5.000 r  
    H16                                               0.000     5.000 r  sysclk (IN)
                         net (fo=0)                   0.000     5.000    npu_system_i/clk_wiz_0/inst/clk_in1
    H16                  IBUF (Prop_ibuf_I_O)         1.380     6.380 r  npu_system_i/clk_wiz_0/inst/clkin1_ibufg/O
                         net (fo=1, routed)           1.162     7.542    npu_system_i/clk_wiz_0/inst/clk_in1_npu_system_clk_wiz_0_0
    MMCME2_ADV_X1Y2      MMCME2_ADV (Prop_mmcme2_adv_CLKIN1_CLKOUT1)
                                                     -7.814    -0.272 r  npu_system_i/clk_wiz_0/inst/mmcm_adv_inst/CLKOUT1
                         net (fo=1, routed)           2.012     1.740    npu_system_i/clk_wiz_0/inst/clk_out2_npu_system_clk_wiz_0_0
    BUFGCTRL_X0Y16       BUFG (Prop_bufg_I_O)         0.091     1.831 r  npu_system_i/clk_wiz_0/inst/clkout2_buf/O
                         net (fo=158, routed)         1.683     3.514    <hidden>
    SLICE_X111Y88        FDRE                                         r  <hidden>
                         clock pessimism              0.607     4.121    
                         clock uncertainty           -0.065     4.056    
    SLICE_X111Y88        FDRE (Setup_fdre_C_D)        0.029     4.085    <hidden>
  -------------------------------------------------------------------
                         required time                          4.085    
                         arrival time                          -2.958    
  -------------------------------------------------------------------
                         slack                                  1.126    





Min Delay Paths
--------------------------------------------------------------------------------------
Slack (MET) :             0.036ns  (arrival time - required time)
  Source:                 <hidden>
                            (rising edge-triggered cell FDRE clocked by clk_out2_npu_system_clk_wiz_0_0  {rise@0.000ns fall@2.500ns period=5.000ns})
  Destination:            <hidden>
                            (rising edge-triggered cell FDRE clocked by clk_out2_npu_system_clk_wiz_0_0_1  {rise@0.000ns fall@2.500ns period=5.000ns})
  Path Group:             clk_out2_npu_system_clk_wiz_0_0_1
  Path Type:              Hold (Min at Fast Process Corner)
  Requirement:            0.000ns  (clk_out2_npu_system_clk_wiz_0_0_1 rise@0.000ns - clk_out2_npu_system_clk_wiz_0_0 rise@0.000ns)
  Data Path Delay:        0.499ns  (logic 0.373ns (74.723%)  route 0.126ns (25.277%))
  Logic Levels:           2  (CARRY4=2)
  Clock Path Skew:        0.264ns (DCD - SCD - CPR)
    Destination Clock Delay (DCD):    -0.834ns
    Source Clock Delay      (SCD):    -0.590ns
    Clock Pessimism Removal (CPR):    -0.509ns
  Clock Uncertainty:      0.065ns  ((TSJ^2 + DJ^2)^1/2) / 2 + PE
    Total System Jitter     (TSJ):    0.071ns
    Discrete Jitter          (DJ):    0.109ns
    Phase Error              (PE):    0.000ns
  Clock Domain Crossing:  Inter clock paths are considered valid unless explicitly excluded by timing constraints such as set_clock_groups or set_false_path.

    Location             Delay type                Incr(ns)  Path(ns)    Netlist Resource(s)
  -------------------------------------------------------------------    -------------------
                         (clock clk_out2_npu_system_clk_wiz_0_0 rise edge)
                                                      0.000     0.000 r  
    H16                                               0.000     0.000 r  sysclk (IN)
                         net (fo=0)                   0.000     0.000    npu_system_i/clk_wiz_0/inst/clk_in1
    H16                  IBUF (Prop_ibuf_I_O)         0.219     0.219 r  npu_system_i/clk_wiz_0/inst/clkin1_ibufg/O
                         net (fo=1, routed)           0.440     0.659    npu_system_i/clk_wiz_0/inst/clk_in1_npu_system_clk_wiz_0_0
    MMCME2_ADV_X1Y2      MMCME2_ADV (Prop_mmcme2_adv_CLKIN1_CLKOUT1)
                                                     -2.613    -1.954 r  npu_system_i/clk_wiz_0/inst/mmcm_adv_inst/CLKOUT1
                         net (fo=1, routed)           0.696    -1.257    npu_system_i/clk_wiz_0/inst/clk_out2_npu_system_clk_wiz_0_0
    BUFGCTRL_X0Y16       BUFG (Prop_bufg_I_O)         0.026    -1.231 r  npu_system_i/clk_wiz_0/inst/clkout2_buf/O
                         net (fo=158, routed)         0.642    -0.590    <hidden>
    SLICE_X108Y49        FDRE                                         r  <hidden>
  -------------------------------------------------------------------    -------------------
    SLICE_X108Y49        FDRE (Prop_fdre_C_Q)         0.164    -0.426 r  <hidden>
                         net (fo=2, routed)           0.125    -0.300    <hidden>
    SLICE_X108Y49        CARRY4 (Prop_carry4_S[2]_CO[3])
                                                      0.156    -0.144 r  <hidden>
                         net (fo=1, routed)           0.001    -0.143    <hidden>
    SLICE_X108Y50        CARRY4 (Prop_carry4_CI_O[0])
                                                      0.053    -0.090 r  <hidden>
                         net (fo=1, routed)           0.000    -0.090    <hidden>
    SLICE_X108Y50        FDRE                                         r  <hidden>
  -------------------------------------------------------------------    -------------------

                         (clock clk_out2_npu_system_clk_wiz_0_0_1 rise edge)
                                                      0.000     0.000 r  
    H16                                               0.000     0.000 r  sysclk (IN)
                         net (fo=0)                   0.000     0.000    npu_system_i/clk_wiz_0/inst/clk_in1
    H16                  IBUF (Prop_ibuf_I_O)         0.406     0.406 r  npu_system_i/clk_wiz_0/inst/clkin1_ibufg/O
                         net (fo=1, routed)           0.480     0.886    npu_system_i/clk_wiz_0/inst/clk_in1_npu_system_clk_wiz_0_0
    MMCME2_ADV_X1Y2      MMCME2_ADV (Prop_mmcme2_adv_CLKIN1_CLKOUT1)
                                                     -3.407    -2.521 r  npu_system_i/clk_wiz_0/inst/mmcm_adv_inst/CLKOUT1
                         net (fo=1, routed)           0.752    -1.769    npu_system_i/clk_wiz_0/inst/clk_out2_npu_system_clk_wiz_0_0
    BUFGCTRL_X0Y16       BUFG (Prop_bufg_I_O)         0.029    -1.740 r  npu_system_i/clk_wiz_0/inst/clkout2_buf/O
                         net (fo=158, routed)         0.906    -0.834    <hidden>
    SLICE_X108Y50        FDRE                                         r  <hidden>
                         clock pessimism              0.509    -0.325    
                         clock uncertainty            0.065    -0.260    
    SLICE_X108Y50        FDRE (Hold_fdre_C_D)         0.134    -0.126    <hidden>
  -------------------------------------------------------------------
                         required time                          0.126    
                         arrival time                          -0.090    
  -------------------------------------------------------------------
                         slack                                  0.036    





---------------------------------------------------------------------------------------------------
From Clock:  
  To Clock:  clk_out1_npu_system_clk_wiz_0_0

Setup :            0  Failing Endpoints,  Worst Slack      998.711ns,  Total Violation        0.000ns
Hold  :           NA  Failing Endpoints,  Worst Slack           NA  ,  Total Violation           NA
---------------------------------------------------------------------------------------------------


Max Delay Paths
--------------------------------------------------------------------------------------
Slack (MET) :             998.711ns  (required time - arrival time)
  Source:                 npu_system_i/vid_in/inst/COUPLER_INST/generate_async_fifo.FIFO_INST/XPM_FIFO_ASYNC_INST/gnuram_async_fifo.xpm_fifo_base_inst/gen_cdc_pntr.wr_pntr_cdc_inst/src_gray_ff_reg[5]/C
                            (rising edge-triggered cell FDRE)
  Destination:            npu_system_i/vid_in/inst/COUPLER_INST/generate_async_fifo.FIFO_INST/XPM_FIFO_ASYNC_INST/gnuram_async_fifo.xpm_fifo_base_inst/gen_cdc_pntr.wr_pntr_cdc_inst/dest_graysync_ff_reg[0][5]/D
                            (rising edge-triggered cell FDRE clocked by clk_out1_npu_system_clk_wiz_0_0  {rise@0.000ns fall@4.000ns period=8.000ns})
  Path Group:             clk_out1_npu_system_clk_wiz_0_0
  Path Type:              Setup (Max at Slow Process Corner)
  Requirement:            1000.000ns  (MaxDelay Path 1000.000ns)
  Data Path Delay:        1.023ns  (logic 0.419ns (40.977%)  route 0.604ns (59.023%))
  Logic Levels:           1  (FDRE=1)
  Timing Exception:       MaxDelay Path 1000.000ns -datapath_only

    Location             Delay type                Incr(ns)  Path(ns)    Netlist Resource(s)
  -------------------------------------------------------------------    -------------------
    SLICE_X9Y25          FDRE                         0.000     0.000 r  npu_system_i/vid_in/inst/COUPLER_INST/generate_async_fifo.FIFO_INST/XPM_FIFO_ASYNC_INST/gnuram_async_fifo.xpm_fifo_base_inst/gen_cdc_pntr.wr_pntr_cdc_inst/src_gray_ff_reg[5]/C
    SLICE_X9Y25          FDRE (Prop_fdre_C_Q)         0.419     0.419 r  npu_system_i/vid_in/inst/COUPLER_INST/generate_async_fifo.FIFO_INST/XPM_FIFO_ASYNC_INST/gnuram_async_fifo.xpm_fifo_base_inst/gen_cdc_pntr.wr_pntr_cdc_inst/src_gray_ff_reg[5]/Q
                         net (fo=1, routed)           0.604     1.023    npu_system_i/vid_in/inst/COUPLER_INST/generate_async_fifo.FIFO_INST/XPM_FIFO_ASYNC_INST/gnuram_async_fifo.xpm_fifo_base_inst/gen_cdc_pntr.wr_pntr_cdc_inst/async_path[5]
    SLICE_X9Y28          FDRE                                         r  npu_system_i/vid_in/inst/COUPLER_INST/generate_async_fifo.FIFO_INST/XPM_FIFO_ASYNC_INST/gnuram_async_fifo.xpm_fifo_base_inst/gen_cdc_pntr.wr_pntr_cdc_inst/dest_graysync_ff_reg[0][5]/D
  -------------------------------------------------------------------    -------------------

                         max delay                 1000.000  1000.000    
    SLICE_X9Y28          FDRE (Setup_fdre_C_D)       -0.266   999.734    npu_system_i/vid_in/inst/COUPLER_INST/generate_async_fifo.FIFO_INST/XPM_FIFO_ASYNC_INST/gnuram_async_fifo.xpm_fifo_base_inst/gen_cdc_pntr.wr_pntr_cdc_inst/dest_graysync_ff_reg[0][5]
  -------------------------------------------------------------------
                         required time                        999.734    
                         arrival time                          -1.023    
  -------------------------------------------------------------------
                         slack                                998.711    





---------------------------------------------------------------------------------------------------
From Clock:  clk_out1_npu_system_clk_wiz_0_0_1
  To Clock:  clk_out1_npu_system_clk_wiz_0_0

Setup :            0  Failing Endpoints,  Worst Slack        0.184ns,  Total Violation        0.000ns
Hold  :            0  Failing Endpoints,  Worst Slack        0.030ns,  Total Violation        0.000ns
---------------------------------------------------------------------------------------------------


Max Delay Paths
--------------------------------------------------------------------------------------
Slack (MET) :             0.184ns  (required time - arrival time)
  Source:                 <hidden>
                            (rising edge-triggered cell FDRE clocked by clk_out1_npu_system_clk_wiz_0_0_1  {rise@0.000ns fall@4.000ns period=8.000ns})
  Destination:            <hidden>
                            (rising edge-triggered cell FDRE clocked by clk_out1_npu_system_clk_wiz_0_0  {rise@0.000ns fall@4.000ns period=8.000ns})
  Path Group:             clk_out1_npu_system_clk_wiz_0_0
  Path Type:              Setup (Max at Slow Process Corner)
  Requirement:            8.000ns  (clk_out1_npu_system_clk_wiz_0_0 rise@8.000ns - clk_out1_npu_system_clk_wiz_0_0_1 rise@0.000ns)
  Data Path Delay:        7.601ns  (logic 0.456ns (5.999%)  route 7.145ns (94.001%))
  Logic Levels:           0  
  Clock Path Skew:        -0.054ns (DCD - SCD + CPR)
    Destination Clock Delay (DCD):    -1.569ns = ( 6.431 - 8.000 ) 
    Source Clock Delay      (SCD):    -1.062ns
    Clock Pessimism Removal (CPR):    0.452ns
  Clock Uncertainty:      0.069ns  ((TSJ^2 + DJ^2)^1/2) / 2 + PE
    Total System Jitter     (TSJ):    0.071ns
    Discrete Jitter          (DJ):    0.119ns
    Phase Error              (PE):    0.000ns
  Clock Domain Crossing:  Inter clock paths are considered valid unless explicitly excluded by timing constraints such as set_clock_groups or set_false_path.

    Location             Delay type                Incr(ns)  Path(ns)    Netlist Resource(s)
  -------------------------------------------------------------------    -------------------
                         (clock clk_out1_npu_system_clk_wiz_0_0_1 rise edge)
                                                      0.000     0.000 r  
    H16                                               0.000     0.000 r  sysclk (IN)
                         net (fo=0)                   0.000     0.000    npu_system_i/clk_wiz_0/inst/clk_in1
    H16                  IBUF (Prop_ibuf_I_O)         1.451     1.451 r  npu_system_i/clk_wiz_0/inst/clkin1_ibufg/O
                         net (fo=1, routed)           1.285     2.736    npu_system_i/clk_wiz_0/inst/clk_in1_npu_system_clk_wiz_0_0
    MMCME2_ADV_X1Y2      MMCME2_ADV (Prop_mmcme2_adv_CLKIN1_CLKOUT0)
                                                     -7.759    -5.023 r  npu_system_i/clk_wiz_0/inst/mmcm_adv_inst/CLKOUT0
                         net (fo=1, routed)           2.206    -2.817    npu_system_i/clk_wiz_0/inst/clk_out1_npu_system_clk_wiz_0_0
    BUFGCTRL_X0Y17       BUFG (Prop_bufg_I_O)         0.101    -2.716 r  npu_system_i/clk_wiz_0/inst/clkout1_buf/O
                         net (fo=19143, routed)       1.654    -1.062    <hidden>
    SLICE_X51Y39         FDRE                                         r  <hidden>
  -------------------------------------------------------------------    -------------------
    SLICE_X51Y39         FDRE (Prop_fdre_C_Q)         0.456    -0.606 r  <hidden>
                         net (fo=157, routed)         7.145     6.538    <hidden>
    SLICE_X99Y67         FDRE                                         r  <hidden>
  -------------------------------------------------------------------    -------------------

                         (clock clk_out1_npu_system_clk_wiz_0_0 rise edge)
                                                      8.000     8.000 r  
    H16                                               0.000     8.000 r  sysclk (IN)
                         net (fo=0)                   0.000     8.000    npu_system_i/clk_wiz_0/inst/clk_in1
    H16                  IBUF (Prop_ibuf_I_O)         1.380     9.380 r  npu_system_i/clk_wiz_0/inst/clkin1_ibufg/O
                         net (fo=1, routed)           1.162    10.542    npu_system_i/clk_wiz_0/inst/clk_in1_npu_system_clk_wiz_0_0
    MMCME2_ADV_X1Y2      MMCME2_ADV (Prop_mmcme2_adv_CLKIN1_CLKOUT0)
                                                     -7.814     2.728 r  npu_system_i/clk_wiz_0/inst/mmcm_adv_inst/CLKOUT0
                         net (fo=1, routed)           2.012     4.740    npu_system_i/clk_wiz_0/inst/clk_out1_npu_system_clk_wiz_0_0
    BUFGCTRL_X0Y17       BUFG (Prop_bufg_I_O)         0.091     4.831 r  npu_system_i/clk_wiz_0/inst/clkout1_buf/O
                         net (fo=19143, routed)       1.600     6.431    <hidden>
    SLICE_X99Y67         FDRE                                         r  <hidden>
                         clock pessimism              0.452     6.883    
                         clock uncertainty           -0.069     6.814    
    SLICE_X99Y67         FDRE (Setup_fdre_C_D)       -0.092     6.722    <hidden>
  -------------------------------------------------------------------
                         required time                          6.722    
                         arrival time                          -6.538    
  -------------------------------------------------------------------
                         slack                                  0.184    





Min Delay Paths
--------------------------------------------------------------------------------------
Slack (MET) :             0.030ns  (arrival time - required time)
  Source:                 npu_system_i/tinynpu_0/inst/u_systolic/row[0].col[6].pe_inst/act_valid_out_reg/C
                            (rising edge-triggered cell FDCE clocked by clk_out1_npu_system_clk_wiz_0_0_1  {rise@0.000ns fall@4.000ns period=8.000ns})
  Destination:            npu_system_i/tinynpu_0/inst/u_systolic/gen_col_inputs[7].valid_sr_reg[31]_srl32___inst_u_systolic_gen_col_inputs_r_30/D
                            (rising edge-triggered cell SRLC32E clocked by clk_out1_npu_system_clk_wiz_0_0  {rise@0.000ns fall@4.000ns period=8.000ns})
  Path Group:             clk_out1_npu_system_clk_wiz_0_0
  Path Type:              Hold (Min at Fast Process Corner)
  Requirement:            0.000ns  (clk_out1_npu_system_clk_wiz_0_0 rise@0.000ns - clk_out1_npu_system_clk_wiz_0_0_1 rise@0.000ns)
  Data Path Delay:        0.298ns  (logic 0.141ns (47.334%)  route 0.157ns (52.666%))
  Logic Levels:           0  
  Clock Path Skew:        0.016ns (DCD - SCD - CPR)
    Destination Clock Delay (DCD):    -0.891ns
    Source Clock Delay      (SCD):    -0.651ns
    Clock Pessimism Removal (CPR):    -0.255ns
  Clock Uncertainty:      0.069ns  ((TSJ^2 + DJ^2)^1/2) / 2 + PE
    Total System Jitter     (TSJ):    0.071ns
    Discrete Jitter          (DJ):    0.119ns
    Phase Error              (PE):    0.000ns
  Clock Domain Crossing:  Inter clock paths are considered valid unless explicitly excluded by timing constraints such as set_clock_groups or set_false_path.

    Location             Delay type                Incr(ns)  Path(ns)    Netlist Resource(s)
  -------------------------------------------------------------------    -------------------
                         (clock clk_out1_npu_system_clk_wiz_0_0_1 rise edge)
                                                      0.000     0.000 r  
    H16                                               0.000     0.000 r  sysclk (IN)
                         net (fo=0)                   0.000     0.000    npu_system_i/clk_wiz_0/inst/clk_in1
    H16                  IBUF (Prop_ibuf_I_O)         0.219     0.219 r  npu_system_i/clk_wiz_0/inst/clkin1_ibufg/O
                         net (fo=1, routed)           0.440     0.659    npu_system_i/clk_wiz_0/inst/clk_in1_npu_system_clk_wiz_0_0
    MMCME2_ADV_X1Y2      MMCME2_ADV (Prop_mmcme2_adv_CLKIN1_CLKOUT0)
                                                     -2.613    -1.954 r  npu_system_i/clk_wiz_0/inst/mmcm_adv_inst/CLKOUT0
                         net (fo=1, routed)           0.696    -1.257    npu_system_i/clk_wiz_0/inst/clk_out1_npu_system_clk_wiz_0_0
    BUFGCTRL_X0Y17       BUFG (Prop_bufg_I_O)         0.026    -1.231 r  npu_system_i/clk_wiz_0/inst/clkout1_buf/O
                         net (fo=19143, routed)       0.580    -0.651    npu_system_i/tinynpu_0/inst/u_systolic/row[0].col[6].pe_inst/aclk
    SLICE_X61Y52         FDCE                                         r  npu_system_i/tinynpu_0/inst/u_systolic/row[0].col[6].pe_inst/act_valid_out_reg/C
  -------------------------------------------------------------------    -------------------
    SLICE_X61Y52         FDCE (Prop_fdce_C_Q)         0.141    -0.510 r  npu_system_i/tinynpu_0/inst/u_systolic/row[0].col[6].pe_inst/act_valid_out_reg/Q
                         net (fo=1, routed)           0.157    -0.354    npu_system_i/tinynpu_0/inst/u_systolic/act_valid_w[0][7]_2
    SLICE_X62Y52         SRLC32E                                      r  npu_system_i/tinynpu_0/inst/u_systolic/gen_col_inputs[7].valid_sr_reg[31]_srl32___inst_u_systolic_gen_col_inputs_r_30/D
  -------------------------------------------------------------------    -------------------

                         (clock clk_out1_npu_system_clk_wiz_0_0 rise edge)
                                                      0.000     0.000 r  
    H16                                               0.000     0.000 r  sysclk (IN)
                         net (fo=0)                   0.000     0.000    npu_system_i/clk_wiz_0/inst/clk_in1
    H16                  IBUF (Prop_ibuf_I_O)         0.406     0.406 r  npu_system_i/clk_wiz_0/inst/clkin1_ibufg/O
                         net (fo=1, routed)           0.480     0.886    npu_system_i/clk_wiz_0/inst/clk_in1_npu_system_clk_wiz_0_0
    MMCME2_ADV_X1Y2      MMCME2_ADV (Prop_mmcme2_adv_CLKIN1_CLKOUT0)
                                                     -3.407    -2.521 r  npu_system_i/clk_wiz_0/inst/mmcm_adv_inst/CLKOUT0
                         net (fo=1, routed)           0.752    -1.769    npu_system_i/clk_wiz_0/inst/clk_out1_npu_system_clk_wiz_0_0
    BUFGCTRL_X0Y17       BUFG (Prop_bufg_I_O)         0.029    -1.740 r  npu_system_i/clk_wiz_0/inst/clkout1_buf/O
                         net (fo=19143, routed)       0.849    -0.891    npu_system_i/tinynpu_0/inst/u_systolic/aclk
    SLICE_X62Y52         SRLC32E                                      r  npu_system_i/tinynpu_0/inst/u_systolic/gen_col_inputs[7].valid_sr_reg[31]_srl32___inst_u_systolic_gen_col_inputs_r_30/CLK
                         clock pessimism              0.255    -0.635    
                         clock uncertainty            0.069    -0.566    
    SLICE_X62Y52         SRLC32E (Hold_srlc32e_CLK_D)
                                                      0.183    -0.383    npu_system_i/tinynpu_0/inst/u_systolic/gen_col_inputs[7].valid_sr_reg[31]_srl32___inst_u_systolic_gen_col_inputs_r_30
  -------------------------------------------------------------------
                         required time                          0.383    
                         arrival time                          -0.354    
  -------------------------------------------------------------------
                         slack                                  0.030    





---------------------------------------------------------------------------------------------------
From Clock:  clk_out2_npu_system_clk_wiz_0_0_1
  To Clock:  clk_out2_npu_system_clk_wiz_0_0

Setup :            0  Failing Endpoints,  Worst Slack        1.126ns,  Total Violation        0.000ns
Hold  :            0  Failing Endpoints,  Worst Slack        0.036ns,  Total Violation        0.000ns
---------------------------------------------------------------------------------------------------


Max Delay Paths
--------------------------------------------------------------------------------------
Slack (MET) :             1.126ns  (required time - arrival time)
  Source:                 <hidden>
                            (rising edge-triggered cell FDRE clocked by clk_out2_npu_system_clk_wiz_0_0_1  {rise@0.000ns fall@2.500ns period=5.000ns})
  Destination:            <hidden>
                            (rising edge-triggered cell FDRE clocked by clk_out2_npu_system_clk_wiz_0_0  {rise@0.000ns fall@2.500ns period=5.000ns})
  Path Group:             clk_out2_npu_system_clk_wiz_0_0
  Path Type:              Setup (Max at Slow Process Corner)
  Requirement:            5.000ns  (clk_out2_npu_system_clk_wiz_0_0 rise@5.000ns - clk_out2_npu_system_clk_wiz_0_0_1 rise@0.000ns)
  Data Path Delay:        3.815ns  (logic 1.199ns (31.432%)  route 2.616ns (68.568%))
  Logic Levels:           3  (LUT5=1 LUT6=2)
  Clock Path Skew:        -0.023ns (DCD - SCD + CPR)
    Destination Clock Delay (DCD):    -1.486ns = ( 3.514 - 5.000 ) 
    Source Clock Delay      (SCD):    -0.856ns
    Clock Pessimism Removal (CPR):    0.607ns
  Clock Uncertainty:      0.065ns  ((TSJ^2 + DJ^2)^1/2) / 2 + PE
    Total System Jitter     (TSJ):    0.071ns
    Discrete Jitter          (DJ):    0.109ns
    Phase Error              (PE):    0.000ns
  Clock Domain Crossing:  Inter clock paths are considered valid unless explicitly excluded by timing constraints such as set_clock_groups or set_false_path.

    Location             Delay type                Incr(ns)  Path(ns)    Netlist Resource(s)
  -------------------------------------------------------------------    -------------------
                         (clock clk_out2_npu_system_clk_wiz_0_0_1 rise edge)
                                                      0.000     0.000 r  
    H16                                               0.000     0.000 r  sysclk (IN)
                         net (fo=0)                   0.000     0.000    npu_system_i/clk_wiz_0/inst/clk_in1
    H16                  IBUF (Prop_ibuf_I_O)         1.451     1.451 r  npu_system_i/clk_wiz_0/inst/clkin1_ibufg/O
                         net (fo=1, routed)           1.285     2.736    npu_system_i/clk_wiz_0/inst/clk_in1_npu_system_clk_wiz_0_0
    MMCME2_ADV_X1Y2      MMCME2_ADV (Prop_mmcme2_adv_CLKIN1_CLKOUT1)
                                                     -7.759    -5.023 r  npu_system_i/clk_wiz_0/inst/mmcm_adv_inst/CLKOUT1
                         net (fo=1, routed)           2.206    -2.817    npu_system_i/clk_wiz_0/inst/clk_out2_npu_system_clk_wiz_0_0
    BUFGCTRL_X0Y16       BUFG (Prop_bufg_I_O)         0.101    -2.716 r  npu_system_i/clk_wiz_0/inst/clkout2_buf/O
                         net (fo=158, routed)         1.860    -0.856    <hidden>
    SLICE_X111Y86        FDRE                                         r  <hidden>
  -------------------------------------------------------------------    -------------------
    SLICE_X111Y86        FDRE (Prop_fdre_C_Q)         0.419    -0.437 r  <hidden>
                         net (fo=18, routed)          1.076     0.639    <hidden>
    SLICE_X110Y87        LUT5 (Prop_lut5_I1_O)        0.329     0.968 r  <hidden>
                         net (fo=4, routed)           0.672     1.640    <hidden>
    SLICE_X110Y86        LUT6 (Prop_lut6_I1_O)        0.327     1.967 r  <hidden>
                         net (fo=3, routed)           0.867     2.834    <hidden>
    SLICE_X111Y88        LUT6 (Prop_lut6_I2_O)        0.124     2.958 r  <hidden>
                         net (fo=1, routed)           0.000     2.958    <hidden>
    SLICE_X111Y88        FDRE                                         r  <hidden>
  -------------------------------------------------------------------    -------------------

                         (clock clk_out2_npu_system_clk_wiz_0_0 rise edge)
                                                      5.000     5.000 r  
    H16                                               0.000     5.000 r  sysclk (IN)
                         net (fo=0)                   0.000     5.000    npu_system_i/clk_wiz_0/inst/clk_in1
    H16                  IBUF (Prop_ibuf_I_O)         1.380     6.380 r  npu_system_i/clk_wiz_0/inst/clkin1_ibufg/O
                         net (fo=1, routed)           1.162     7.542    npu_system_i/clk_wiz_0/inst/clk_in1_npu_system_clk_wiz_0_0
    MMCME2_ADV_X1Y2      MMCME2_ADV (Prop_mmcme2_adv_CLKIN1_CLKOUT1)
                                                     -7.814    -0.272 r  npu_system_i/clk_wiz_0/inst/mmcm_adv_inst/CLKOUT1
                         net (fo=1, routed)           2.012     1.740    npu_system_i/clk_wiz_0/inst/clk_out2_npu_system_clk_wiz_0_0
    BUFGCTRL_X0Y16       BUFG (Prop_bufg_I_O)         0.091     1.831 r  npu_system_i/clk_wiz_0/inst/clkout2_buf/O
                         net (fo=158, routed)         1.683     3.514    <hidden>
    SLICE_X111Y88        FDRE                                         r  <hidden>
                         clock pessimism              0.607     4.121    
                         clock uncertainty           -0.065     4.056    
    SLICE_X111Y88        FDRE (Setup_fdre_C_D)        0.029     4.085    <hidden>
  -------------------------------------------------------------------
                         required time                          4.085    
                         arrival time                          -2.958    
  -------------------------------------------------------------------
                         slack                                  1.126    





Min Delay Paths
--------------------------------------------------------------------------------------
Slack (MET) :             0.036ns  (arrival time - required time)
  Source:                 <hidden>
                            (rising edge-triggered cell FDRE clocked by clk_out2_npu_system_clk_wiz_0_0_1  {rise@0.000ns fall@2.500ns period=5.000ns})
  Destination:            <hidden>
                            (rising edge-triggered cell FDRE clocked by clk_out2_npu_system_clk_wiz_0_0  {rise@0.000ns fall@2.500ns period=5.000ns})
  Path Group:             clk_out2_npu_system_clk_wiz_0_0
  Path Type:              Hold (Min at Fast Process Corner)
  Requirement:            0.000ns  (clk_out2_npu_system_clk_wiz_0_0 rise@0.000ns - clk_out2_npu_system_clk_wiz_0_0_1 rise@0.000ns)
  Data Path Delay:        0.499ns  (logic 0.373ns (74.723%)  route 0.126ns (25.277%))
  Logic Levels:           2  (CARRY4=2)
  Clock Path Skew:        0.264ns (DCD - SCD - CPR)
    Destination Clock Delay (DCD):    -0.834ns
    Source Clock Delay      (SCD):    -0.590ns
    Clock Pessimism Removal (CPR):    -0.509ns
  Clock Uncertainty:      0.065ns  ((TSJ^2 + DJ^2)^1/2) / 2 + PE
    Total System Jitter     (TSJ):    0.071ns
    Discrete Jitter          (DJ):    0.109ns
    Phase Error              (PE):    0.000ns
  Clock Domain Crossing:  Inter clock paths are considered valid unless explicitly excluded by timing constraints such as set_clock_groups or set_false_path.

    Location             Delay type                Incr(ns)  Path(ns)    Netlist Resource(s)
  -------------------------------------------------------------------    -------------------
                         (clock clk_out2_npu_system_clk_wiz_0_0_1 rise edge)
                                                      0.000     0.000 r  
    H16                                               0.000     0.000 r  sysclk (IN)
                         net (fo=0)                   0.000     0.000    npu_system_i/clk_wiz_0/inst/clk_in1
    H16                  IBUF (Prop_ibuf_I_O)         0.219     0.219 r  npu_system_i/clk_wiz_0/inst/clkin1_ibufg/O
                         net (fo=1, routed)           0.440     0.659    npu_system_i/clk_wiz_0/inst/clk_in1_npu_system_clk_wiz_0_0
    MMCME2_ADV_X1Y2      MMCME2_ADV (Prop_mmcme2_adv_CLKIN1_CLKOUT1)
                                                     -2.613    -1.954 r  npu_system_i/clk_wiz_0/inst/mmcm_adv_inst/CLKOUT1
                         net (fo=1, routed)           0.696    -1.257    npu_system_i/clk_wiz_0/inst/clk_out2_npu_system_clk_wiz_0_0
    BUFGCTRL_X0Y16       BUFG (Prop_bufg_I_O)         0.026    -1.231 r  npu_system_i/clk_wiz_0/inst/clkout2_buf/O
                         net (fo=158, routed)         0.642    -0.590    <hidden>
    SLICE_X108Y49        FDRE                                         r  <hidden>
  -------------------------------------------------------------------    -------------------
    SLICE_X108Y49        FDRE (Prop_fdre_C_Q)         0.164    -0.426 r  <hidden>
                         net (fo=2, routed)           0.125    -0.300    <hidden>
    SLICE_X108Y49        CARRY4 (Prop_carry4_S[2]_CO[3])
                                                      0.156    -0.144 r  <hidden>
                         net (fo=1, routed)           0.001    -0.143    <hidden>
    SLICE_X108Y50        CARRY4 (Prop_carry4_CI_O[0])
                                                      0.053    -0.090 r  <hidden>
                         net (fo=1, routed)           0.000    -0.090    <hidden>
    SLICE_X108Y50        FDRE                                         r  <hidden>
  -------------------------------------------------------------------    -------------------

                         (clock clk_out2_npu_system_clk_wiz_0_0 rise edge)
                                                      0.000     0.000 r  
    H16                                               0.000     0.000 r  sysclk (IN)
                         net (fo=0)                   0.000     0.000    npu_system_i/clk_wiz_0/inst/clk_in1
    H16                  IBUF (Prop_ibuf_I_O)         0.406     0.406 r  npu_system_i/clk_wiz_0/inst/clkin1_ibufg/O
                         net (fo=1, routed)           0.480     0.886    npu_system_i/clk_wiz_0/inst/clk_in1_npu_system_clk_wiz_0_0
    MMCME2_ADV_X1Y2      MMCME2_ADV (Prop_mmcme2_adv_CLKIN1_CLKOUT1)
                                                     -3.407    -2.521 r  npu_system_i/clk_wiz_0/inst/mmcm_adv_inst/CLKOUT1
                         net (fo=1, routed)           0.752    -1.769    npu_system_i/clk_wiz_0/inst/clk_out2_npu_system_clk_wiz_0_0
    BUFGCTRL_X0Y16       BUFG (Prop_bufg_I_O)         0.029    -1.740 r  npu_system_i/clk_wiz_0/inst/clkout2_buf/O
                         net (fo=158, routed)         0.906    -0.834    <hidden>
    SLICE_X108Y50        FDRE                                         r  <hidden>
                         clock pessimism              0.509    -0.325    
                         clock uncertainty            0.065    -0.260    
    SLICE_X108Y50        FDRE (Hold_fdre_C_D)         0.134    -0.126    <hidden>
  -------------------------------------------------------------------
                         required time                          0.126    
                         arrival time                          -0.090    
  -------------------------------------------------------------------
                         slack                                  0.036    





---------------------------------------------------------------------------------------------------
Path Group:  **async_default**
From Clock:  clk_out1_npu_system_clk_wiz_0_0
  To Clock:  clk_out1_npu_system_clk_wiz_0_0

Setup :            0  Failing Endpoints,  Worst Slack        0.468ns,  Total Violation        0.000ns
Hold  :            0  Failing Endpoints,  Worst Slack        1.082ns,  Total Violation        0.000ns
---------------------------------------------------------------------------------------------------


Max Delay Paths
--------------------------------------------------------------------------------------
Slack (MET) :             0.468ns  (required time - arrival time)
  Source:                 npu_system_i/proc_sys_reset_0/U0/ACTIVE_LOW_PR_OUT_DFF[0].FDRE_PER_N/C
                            (rising edge-triggered cell FDRE clocked by clk_out1_npu_system_clk_wiz_0_0  {rise@0.000ns fall@4.000ns period=8.000ns})
  Destination:            npu_system_i/tinynpu_0/inst/u_systolic/row[10].col[7].pe_inst/weight_reg_reg[1]/CLR
                            (recovery check against rising-edge clock clk_out1_npu_system_clk_wiz_0_0  {rise@0.000ns fall@4.000ns period=8.000ns})
  Path Group:             **async_default**
  Path Type:              Recovery (Max at Slow Process Corner)
  Requirement:            8.000ns  (clk_out1_npu_system_clk_wiz_0_0 rise@8.000ns - clk_out1_npu_system_clk_wiz_0_0 rise@0.000ns)
  Data Path Delay:        7.034ns  (logic 0.642ns (9.127%)  route 6.392ns (90.873%))
  Logic Levels:           1  (LUT1=1)
  Clock Path Skew:        -0.110ns (DCD - SCD + CPR)
    Destination Clock Delay (DCD):    -1.587ns = ( 6.413 - 8.000 ) 
    Source Clock Delay      (SCD):    -1.025ns
    Clock Pessimism Removal (CPR):    0.452ns
  Clock Uncertainty:      0.069ns  ((TSJ^2 + DJ^2)^1/2) / 2 + PE
    Total System Jitter     (TSJ):    0.071ns
    Discrete Jitter          (DJ):    0.119ns
    Phase Error              (PE):    0.000ns

    Location             Delay type                Incr(ns)  Path(ns)    Netlist Resource(s)
  -------------------------------------------------------------------    -------------------
                         (clock clk_out1_npu_system_clk_wiz_0_0 rise edge)
                                                      0.000     0.000 r  
    H16                                               0.000     0.000 r  sysclk (IN)
                         net (fo=0)                   0.000     0.000    npu_system_i/clk_wiz_0/inst/clk_in1
    H16                  IBUF (Prop_ibuf_I_O)         1.451     1.451 r  npu_system_i/clk_wiz_0/inst/clkin1_ibufg/O
                         net (fo=1, routed)           1.285     2.736    npu_system_i/clk_wiz_0/inst/clk_in1_npu_system_clk_wiz_0_0
    MMCME2_ADV_X1Y2      MMCME2_ADV (Prop_mmcme2_adv_CLKIN1_CLKOUT0)
                                                     -7.759    -5.023 r  npu_system_i/clk_wiz_0/inst/mmcm_adv_inst/CLKOUT0
                         net (fo=1, routed)           2.206    -2.817    npu_system_i/clk_wiz_0/inst/clk_out1_npu_system_clk_wiz_0_0
    BUFGCTRL_X0Y17       BUFG (Prop_bufg_I_O)         0.101    -2.716 r  npu_system_i/clk_wiz_0/inst/clkout1_buf/O
                         net (fo=19143, routed)       1.691    -1.025    npu_system_i/proc_sys_reset_0/U0/slowest_sync_clk
    SLICE_X54Y75         FDRE                                         r  npu_system_i/proc_sys_reset_0/U0/ACTIVE_LOW_PR_OUT_DFF[0].FDRE_PER_N/C
  -------------------------------------------------------------------    -------------------
    SLICE_X54Y75         FDRE (Prop_fdre_C_Q)         0.518    -0.507 r  npu_system_i/proc_sys_reset_0/U0/ACTIVE_LOW_PR_OUT_DFF[0].FDRE_PER_N/Q
                         net (fo=74, routed)          1.078     0.571    npu_system_i/tinynpu_0/inst/u_systolic/row[2].col[0].pe_inst/aresetn
    SLICE_X80Y78         LUT1 (Prop_lut1_I0_O)        0.124     0.695 f  npu_system_i/tinynpu_0/inst/u_systolic/row[2].col[0].pe_inst/bram_rst_INST_0/O
                         net (fo=13666, routed)       5.314     6.009    npu_system_i/tinynpu_0/inst/u_systolic/row[10].col[7].pe_inst/mul_s2_reg[0]_1
    SLICE_X16Y1          FDCE                                         f  npu_system_i/tinynpu_0/inst/u_systolic/row[10].col[7].pe_inst/weight_reg_reg[1]/CLR
  -------------------------------------------------------------------    -------------------

                         (clock clk_out1_npu_system_clk_wiz_0_0 rise edge)
                                                      8.000     8.000 r  
    H16                                               0.000     8.000 r  sysclk (IN)
                         net (fo=0)                   0.000     8.000    npu_system_i/clk_wiz_0/inst/clk_in1
    H16                  IBUF (Prop_ibuf_I_O)         1.380     9.380 r  npu_system_i/clk_wiz_0/inst/clkin1_ibufg/O
                         net (fo=1, routed)           1.162    10.542    npu_system_i/clk_wiz_0/inst/clk_in1_npu_system_clk_wiz_0_0
    MMCME2_ADV_X1Y2      MMCME2_ADV (Prop_mmcme2_adv_CLKIN1_CLKOUT0)
                                                     -7.814     2.728 r  npu_system_i/clk_wiz_0/inst/mmcm_adv_inst/CLKOUT0
                         net (fo=1, routed)           2.012     4.740    npu_system_i/clk_wiz_0/inst/clk_out1_npu_system_clk_wiz_0_0
    BUFGCTRL_X0Y17       BUFG (Prop_bufg_I_O)         0.091     4.831 r  npu_system_i/clk_wiz_0/inst/clkout1_buf/O
                         net (fo=19143, routed)       1.581     6.413    npu_system_i/tinynpu_0/inst/u_systolic/row[10].col[7].pe_inst/aclk
    SLICE_X16Y1          FDCE                                         r  npu_system_i/tinynpu_0/inst/u_systolic/row[10].col[7].pe_inst/weight_reg_reg[1]/C
                         clock pessimism              0.452     6.865    
                         clock uncertainty           -0.069     6.796    
    SLICE_X16Y1          FDCE (Recov_fdce_C_CLR)     -0.319     6.477    npu_system_i/tinynpu_0/inst/u_systolic/row[10].col[7].pe_inst/weight_reg_reg[1]
  -------------------------------------------------------------------
                         required time                          6.477    
                         arrival time                          -6.009    
  -------------------------------------------------------------------
                         slack                                  0.468    





Min Delay Paths
--------------------------------------------------------------------------------------
Slack (MET) :             1.082ns  (arrival time - required time)
  Source:                 npu_system_i/proc_sys_reset_0/U0/ACTIVE_LOW_PR_OUT_DFF[0].FDRE_PER_N/C
                            (rising edge-triggered cell FDRE clocked by clk_out1_npu_system_clk_wiz_0_0  {rise@0.000ns fall@4.000ns period=8.000ns})
  Destination:            npu_system_i/tinynpu_0/inst/u_systolic/row[17].col[4].pe_inst/mul_s2_reg[9]/CLR
                            (removal check against rising-edge clock clk_out1_npu_system_clk_wiz_0_0  {rise@0.000ns fall@4.000ns period=8.000ns})
  Path Group:             **async_default**
  Path Type:              Removal (Min at Fast Process Corner)
  Requirement:            0.000ns  (clk_out1_npu_system_clk_wiz_0_0 rise@0.000ns - clk_out1_npu_system_clk_wiz_0_0 rise@0.000ns)
  Data Path Delay:        1.032ns  (logic 0.209ns (20.242%)  route 0.823ns (79.758%))
  Logic Levels:           1  (LUT1=1)
  Clock Path Skew:        0.042ns (DCD - SCD - CPR)
    Destination Clock Delay (DCD):    -0.901ns
    Source Clock Delay      (SCD):    -0.668ns
    Clock Pessimism Removal (CPR):    -0.274ns

    Location             Delay type                Incr(ns)  Path(ns)    Netlist Resource(s)
  -------------------------------------------------------------------    -------------------
                         (clock clk_out1_npu_system_clk_wiz_0_0 rise edge)
                                                      0.000     0.000 r  
    H16                                               0.000     0.000 r  sysclk (IN)
                         net (fo=0)                   0.000     0.000    npu_system_i/clk_wiz_0/inst/clk_in1
    H16                  IBUF (Prop_ibuf_I_O)         0.219     0.219 r  npu_system_i/clk_wiz_0/inst/clkin1_ibufg/O
                         net (fo=1, routed)           0.440     0.659    npu_system_i/clk_wiz_0/inst/clk_in1_npu_system_clk_wiz_0_0
    MMCME2_ADV_X1Y2      MMCME2_ADV (Prop_mmcme2_adv_CLKIN1_CLKOUT0)
                                                     -2.613    -1.954 r  npu_system_i/clk_wiz_0/inst/mmcm_adv_inst/CLKOUT0
                         net (fo=1, routed)           0.696    -1.257    npu_system_i/clk_wiz_0/inst/clk_out1_npu_system_clk_wiz_0_0
    BUFGCTRL_X0Y17       BUFG (Prop_bufg_I_O)         0.026    -1.231 r  npu_system_i/clk_wiz_0/inst/clkout1_buf/O
                         net (fo=19143, routed)       0.563    -0.668    npu_system_i/proc_sys_reset_0/U0/slowest_sync_clk
    SLICE_X54Y75         FDRE                                         r  npu_system_i/proc_sys_reset_0/U0/ACTIVE_LOW_PR_OUT_DFF[0].FDRE_PER_N/C
  -------------------------------------------------------------------    -------------------
    SLICE_X54Y75         FDRE (Prop_fdre_C_Q)         0.164    -0.504 r  npu_system_i/proc_sys_reset_0/U0/ACTIVE_LOW_PR_OUT_DFF[0].FDRE_PER_N/Q
                         net (fo=74, routed)          0.512     0.008    npu_system_i/tinynpu_0/inst/u_systolic/row[2].col[0].pe_inst/aresetn
    SLICE_X80Y78         LUT1 (Prop_lut1_I0_O)        0.045     0.053 f  npu_system_i/tinynpu_0/inst/u_systolic/row[2].col[0].pe_inst/bram_rst_INST_0/O
                         net (fo=13666, routed)       0.311     0.364    npu_system_i/tinynpu_0/inst/u_systolic/row[17].col[4].pe_inst/weight_reg_reg[7]_0
    SLICE_X81Y77         FDCE                                         f  npu_system_i/tinynpu_0/inst/u_systolic/row[17].col[4].pe_inst/mul_s2_reg[9]/CLR
  -------------------------------------------------------------------    -------------------

                         (clock clk_out1_npu_system_clk_wiz_0_0 rise edge)
                                                      0.000     0.000 r  
    H16                                               0.000     0.000 r  sysclk (IN)
                         net (fo=0)                   0.000     0.000    npu_system_i/clk_wiz_0/inst/clk_in1
    H16                  IBUF (Prop_ibuf_I_O)         0.406     0.406 r  npu_system_i/clk_wiz_0/inst/clkin1_ibufg/O
                         net (fo=1, routed)           0.480     0.886    npu_system_i/clk_wiz_0/inst/clk_in1_npu_system_clk_wiz_0_0
    MMCME2_ADV_X1Y2      MMCME2_ADV (Prop_mmcme2_adv_CLKIN1_CLKOUT0)
                                                     -3.407    -2.521 r  npu_system_i/clk_wiz_0/inst/mmcm_adv_inst/CLKOUT0
                         net (fo=1, routed)           0.752    -1.769    npu_system_i/clk_wiz_0/inst/clk_out1_npu_system_clk_wiz_0_0
    BUFGCTRL_X0Y17       BUFG (Prop_bufg_I_O)         0.029    -1.740 r  npu_system_i/clk_wiz_0/inst/clkout1_buf/O
                         net (fo=19143, routed)       0.839    -0.901    npu_system_i/tinynpu_0/inst/u_systolic/row[17].col[4].pe_inst/aclk
    SLICE_X81Y77         FDCE                                         r  npu_system_i/tinynpu_0/inst/u_systolic/row[17].col[4].pe_inst/mul_s2_reg[9]/C
                         clock pessimism              0.274    -0.626    
    SLICE_X81Y77         FDCE (Remov_fdce_C_CLR)     -0.092    -0.718    npu_system_i/tinynpu_0/inst/u_systolic/row[17].col[4].pe_inst/mul_s2_reg[9]
  -------------------------------------------------------------------
                         required time                          0.718    
                         arrival time                           0.364    
  -------------------------------------------------------------------
                         slack                                  1.082    





---------------------------------------------------------------------------------------------------
Path Group:  **async_default**
From Clock:  clk_out1_npu_system_clk_wiz_0_0_1
  To Clock:  clk_out1_npu_system_clk_wiz_0_0

Setup :            0  Failing Endpoints,  Worst Slack        0.468ns,  Total Violation        0.000ns
Hold  :            0  Failing Endpoints,  Worst Slack        1.013ns,  Total Violation        0.000ns
---------------------------------------------------------------------------------------------------


Max Delay Paths
--------------------------------------------------------------------------------------
Slack (MET) :             0.468ns  (required time - arrival time)
  Source:                 npu_system_i/proc_sys_reset_0/U0/ACTIVE_LOW_PR_OUT_DFF[0].FDRE_PER_N/C
                            (rising edge-triggered cell FDRE clocked by clk_out1_npu_system_clk_wiz_0_0_1  {rise@0.000ns fall@4.000ns period=8.000ns})
  Destination:            npu_system_i/tinynpu_0/inst/u_systolic/row[10].col[7].pe_inst/weight_reg_reg[1]/CLR
                            (recovery check against rising-edge clock clk_out1_npu_system_clk_wiz_0_0  {rise@0.000ns fall@4.000ns period=8.000ns})
  Path Group:             **async_default**
  Path Type:              Recovery (Max at Slow Process Corner)
  Requirement:            8.000ns  (clk_out1_npu_system_clk_wiz_0_0 rise@8.000ns - clk_out1_npu_system_clk_wiz_0_0_1 rise@0.000ns)
  Data Path Delay:        7.034ns  (logic 0.642ns (9.127%)  route 6.392ns (90.873%))
  Logic Levels:           1  (LUT1=1)
  Clock Path Skew:        -0.110ns (DCD - SCD + CPR)
    Destination Clock Delay (DCD):    -1.587ns = ( 6.413 - 8.000 ) 
    Source Clock Delay      (SCD):    -1.025ns
    Clock Pessimism Removal (CPR):    0.452ns
  Clock Uncertainty:      0.069ns  ((TSJ^2 + DJ^2)^1/2) / 2 + PE
    Total System Jitter     (TSJ):    0.071ns
    Discrete Jitter          (DJ):    0.119ns
    Phase Error              (PE):    0.000ns
  Clock Domain Crossing:  Inter clock paths are considered valid unless explicitly excluded by timing constraints such as set_clock_groups or set_false_path.

    Location             Delay type                Incr(ns)  Path(ns)    Netlist Resource(s)
  -------------------------------------------------------------------    -------------------
                         (clock clk_out1_npu_system_clk_wiz_0_0_1 rise edge)
                                                      0.000     0.000 r  
    H16                                               0.000     0.000 r  sysclk (IN)
                         net (fo=0)                   0.000     0.000    npu_system_i/clk_wiz_0/inst/clk_in1
    H16                  IBUF (Prop_ibuf_I_O)         1.451     1.451 r  npu_system_i/clk_wiz_0/inst/clkin1_ibufg/O
                         net (fo=1, routed)           1.285     2.736    npu_system_i/clk_wiz_0/inst/clk_in1_npu_system_clk_wiz_0_0
    MMCME2_ADV_X1Y2      MMCME2_ADV (Prop_mmcme2_adv_CLKIN1_CLKOUT0)
                                                     -7.759    -5.023 r  npu_system_i/clk_wiz_0/inst/mmcm_adv_inst/CLKOUT0
                         net (fo=1, routed)           2.206    -2.817    npu_system_i/clk_wiz_0/inst/clk_out1_npu_system_clk_wiz_0_0
    BUFGCTRL_X0Y17       BUFG (Prop_bufg_I_O)         0.101    -2.716 r  npu_system_i/clk_wiz_0/inst/clkout1_buf/O
                         net (fo=19143, routed)       1.691    -1.025    npu_system_i/proc_sys_reset_0/U0/slowest_sync_clk
    SLICE_X54Y75         FDRE                                         r  npu_system_i/proc_sys_reset_0/U0/ACTIVE_LOW_PR_OUT_DFF[0].FDRE_PER_N/C
  -------------------------------------------------------------------    -------------------
    SLICE_X54Y75         FDRE (Prop_fdre_C_Q)         0.518    -0.507 r  npu_system_i/proc_sys_reset_0/U0/ACTIVE_LOW_PR_OUT_DFF[0].FDRE_PER_N/Q
                         net (fo=74, routed)          1.078     0.571    npu_system_i/tinynpu_0/inst/u_systolic/row[2].col[0].pe_inst/aresetn
    SLICE_X80Y78         LUT1 (Prop_lut1_I0_O)        0.124     0.695 f  npu_system_i/tinynpu_0/inst/u_systolic/row[2].col[0].pe_inst/bram_rst_INST_0/O
                         net (fo=13666, routed)       5.314     6.009    npu_system_i/tinynpu_0/inst/u_systolic/row[10].col[7].pe_inst/mul_s2_reg[0]_1
    SLICE_X16Y1          FDCE                                         f  npu_system_i/tinynpu_0/inst/u_systolic/row[10].col[7].pe_inst/weight_reg_reg[1]/CLR
  -------------------------------------------------------------------    -------------------

                         (clock clk_out1_npu_system_clk_wiz_0_0 rise edge)
                                                      8.000     8.000 r  
    H16                                               0.000     8.000 r  sysclk (IN)
                         net (fo=0)                   0.000     8.000    npu_system_i/clk_wiz_0/inst/clk_in1
    H16                  IBUF (Prop_ibuf_I_O)         1.380     9.380 r  npu_system_i/clk_wiz_0/inst/clkin1_ibufg/O
                         net (fo=1, routed)           1.162    10.542    npu_system_i/clk_wiz_0/inst/clk_in1_npu_system_clk_wiz_0_0
    MMCME2_ADV_X1Y2      MMCME2_ADV (Prop_mmcme2_adv_CLKIN1_CLKOUT0)
                                                     -7.814     2.728 r  npu_system_i/clk_wiz_0/inst/mmcm_adv_inst/CLKOUT0
                         net (fo=1, routed)           2.012     4.740    npu_system_i/clk_wiz_0/inst/clk_out1_npu_system_clk_wiz_0_0
    BUFGCTRL_X0Y17       BUFG (Prop_bufg_I_O)         0.091     4.831 r  npu_system_i/clk_wiz_0/inst/clkout1_buf/O
                         net (fo=19143, routed)       1.581     6.413    npu_system_i/tinynpu_0/inst/u_systolic/row[10].col[7].pe_inst/aclk
    SLICE_X16Y1          FDCE                                         r  npu_system_i/tinynpu_0/inst/u_systolic/row[10].col[7].pe_inst/weight_reg_reg[1]/C
                         clock pessimism              0.452     6.865    
                         clock uncertainty           -0.069     6.796    
    SLICE_X16Y1          FDCE (Recov_fdce_C_CLR)     -0.319     6.477    npu_system_i/tinynpu_0/inst/u_systolic/row[10].col[7].pe_inst/weight_reg_reg[1]
  -------------------------------------------------------------------
                         required time                          6.477    
                         arrival time                          -6.009    
  -------------------------------------------------------------------
                         slack                                  0.468    





Min Delay Paths
--------------------------------------------------------------------------------------
Slack (MET) :             1.013ns  (arrival time - required time)
  Source:                 npu_system_i/proc_sys_reset_0/U0/ACTIVE_LOW_PR_OUT_DFF[0].FDRE_PER_N/C
                            (rising edge-triggered cell FDRE clocked by clk_out1_npu_system_clk_wiz_0_0_1  {rise@0.000ns fall@4.000ns period=8.000ns})
  Destination:            npu_system_i/tinynpu_0/inst/u_systolic/row[17].col[4].pe_inst/mul_s2_reg[9]/CLR
                            (removal check against rising-edge clock clk_out1_npu_system_clk_wiz_0_0  {rise@0.000ns fall@4.000ns period=8.000ns})
  Path Group:             **async_default**
  Path Type:              Removal (Min at Fast Process Corner)
  Requirement:            0.000ns  (clk_out1_npu_system_clk_wiz_0_0 rise@0.000ns - clk_out1_npu_system_clk_wiz_0_0_1 rise@0.000ns)
  Data Path Delay:        1.032ns  (logic 0.209ns (20.242%)  route 0.823ns (79.758%))
  Logic Levels:           1  (LUT1=1)
  Clock Path Skew:        0.042ns (DCD - SCD - CPR)
    Destination Clock Delay (DCD):    -0.901ns
    Source Clock Delay      (SCD):    -0.668ns
    Clock Pessimism Removal (CPR):    -0.274ns
  Clock Uncertainty:      0.069ns  ((TSJ^2 + DJ^2)^1/2) / 2 + PE
    Total System Jitter     (TSJ):    0.071ns
    Discrete Jitter          (DJ):    0.119ns
    Phase Error              (PE):    0.000ns
  Clock Domain Crossing:  Inter clock paths are considered valid unless explicitly excluded by timing constraints such as set_clock_groups or set_false_path.

    Location             Delay type                Incr(ns)  Path(ns)    Netlist Resource(s)
  -------------------------------------------------------------------    -------------------
                         (clock clk_out1_npu_system_clk_wiz_0_0_1 rise edge)
                                                      0.000     0.000 r  
    H16                                               0.000     0.000 r  sysclk (IN)
                         net (fo=0)                   0.000     0.000    npu_system_i/clk_wiz_0/inst/clk_in1
    H16                  IBUF (Prop_ibuf_I_O)         0.219     0.219 r  npu_system_i/clk_wiz_0/inst/clkin1_ibufg/O
                         net (fo=1, routed)           0.440     0.659    npu_system_i/clk_wiz_0/inst/clk_in1_npu_system_clk_wiz_0_0
    MMCME2_ADV_X1Y2      MMCME2_ADV (Prop_mmcme2_adv_CLKIN1_CLKOUT0)
                                                     -2.613    -1.954 r  npu_system_i/clk_wiz_0/inst/mmcm_adv_inst/CLKOUT0
                         net (fo=1, routed)           0.696    -1.257    npu_system_i/clk_wiz_0/inst/clk_out1_npu_system_clk_wiz_0_0
    BUFGCTRL_X0Y17       BUFG (Prop_bufg_I_O)         0.026    -1.231 r  npu_system_i/clk_wiz_0/inst/clkout1_buf/O
                         net (fo=19143, routed)       0.563    -0.668    npu_system_i/proc_sys_reset_0/U0/slowest_sync_clk
    SLICE_X54Y75         FDRE                                         r  npu_system_i/proc_sys_reset_0/U0/ACTIVE_LOW_PR_OUT_DFF[0].FDRE_PER_N/C
  -------------------------------------------------------------------    -------------------
    SLICE_X54Y75         FDRE (Prop_fdre_C_Q)         0.164    -0.504 r  npu_system_i/proc_sys_reset_0/U0/ACTIVE_LOW_PR_OUT_DFF[0].FDRE_PER_N/Q
                         net (fo=74, routed)          0.512     0.008    npu_system_i/tinynpu_0/inst/u_systolic/row[2].col[0].pe_inst/aresetn
    SLICE_X80Y78         LUT1 (Prop_lut1_I0_O)        0.045     0.053 f  npu_system_i/tinynpu_0/inst/u_systolic/row[2].col[0].pe_inst/bram_rst_INST_0/O
                         net (fo=13666, routed)       0.311     0.364    npu_system_i/tinynpu_0/inst/u_systolic/row[17].col[4].pe_inst/weight_reg_reg[7]_0
    SLICE_X81Y77         FDCE                                         f  npu_system_i/tinynpu_0/inst/u_systolic/row[17].col[4].pe_inst/mul_s2_reg[9]/CLR
  -------------------------------------------------------------------    -------------------

                         (clock clk_out1_npu_system_clk_wiz_0_0 rise edge)
                                                      0.000     0.000 r  
    H16                                               0.000     0.000 r  sysclk (IN)
                         net (fo=0)                   0.000     0.000    npu_system_i/clk_wiz_0/inst/clk_in1
    H16                  IBUF (Prop_ibuf_I_O)         0.406     0.406 r  npu_system_i/clk_wiz_0/inst/clkin1_ibufg/O
                         net (fo=1, routed)           0.480     0.886    npu_system_i/clk_wiz_0/inst/clk_in1_npu_system_clk_wiz_0_0
    MMCME2_ADV_X1Y2      MMCME2_ADV (Prop_mmcme2_adv_CLKIN1_CLKOUT0)
                                                     -3.407    -2.521 r  npu_system_i/clk_wiz_0/inst/mmcm_adv_inst/CLKOUT0
                         net (fo=1, routed)           0.752    -1.769    npu_system_i/clk_wiz_0/inst/clk_out1_npu_system_clk_wiz_0_0
    BUFGCTRL_X0Y17       BUFG (Prop_bufg_I_O)         0.029    -1.740 r  npu_system_i/clk_wiz_0/inst/clkout1_buf/O
                         net (fo=19143, routed)       0.839    -0.901    npu_system_i/tinynpu_0/inst/u_systolic/row[17].col[4].pe_inst/aclk
    SLICE_X81Y77         FDCE                                         r  npu_system_i/tinynpu_0/inst/u_systolic/row[17].col[4].pe_inst/mul_s2_reg[9]/C
                         clock pessimism              0.274    -0.626    
                         clock uncertainty            0.069    -0.557    
    SLICE_X81Y77         FDCE (Remov_fdce_C_CLR)     -0.092    -0.649    npu_system_i/tinynpu_0/inst/u_systolic/row[17].col[4].pe_inst/mul_s2_reg[9]
  -------------------------------------------------------------------
                         required time                          0.649    
                         arrival time                           0.364    
  -------------------------------------------------------------------
                         slack                                  1.013    





---------------------------------------------------------------------------------------------------
Path Group:  **async_default**
From Clock:  clk_out1_npu_system_clk_wiz_0_0
  To Clock:  clk_out1_npu_system_clk_wiz_0_0_1

Setup :            0  Failing Endpoints,  Worst Slack        0.468ns,  Total Violation        0.000ns
Hold  :            0  Failing Endpoints,  Worst Slack        1.013ns,  Total Violation        0.000ns
---------------------------------------------------------------------------------------------------


Max Delay Paths
--------------------------------------------------------------------------------------
Slack (MET) :             0.468ns  (required time - arrival time)
  Source:                 npu_system_i/proc_sys_reset_0/U0/ACTIVE_LOW_PR_OUT_DFF[0].FDRE_PER_N/C
                            (rising edge-triggered cell FDRE clocked by clk_out1_npu_system_clk_wiz_0_0  {rise@0.000ns fall@4.000ns period=8.000ns})
  Destination:            npu_system_i/tinynpu_0/inst/u_systolic/row[10].col[7].pe_inst/weight_reg_reg[1]/CLR
                            (recovery check against rising-edge clock clk_out1_npu_system_clk_wiz_0_0_1  {rise@0.000ns fall@4.000ns period=8.000ns})
  Path Group:             **async_default**
  Path Type:              Recovery (Max at Slow Process Corner)
  Requirement:            8.000ns  (clk_out1_npu_system_clk_wiz_0_0_1 rise@8.000ns - clk_out1_npu_system_clk_wiz_0_0 rise@0.000ns)
  Data Path Delay:        7.034ns  (logic 0.642ns (9.127%)  route 6.392ns (90.873%))
  Logic Levels:           1  (LUT1=1)
  Clock Path Skew:        -0.110ns (DCD - SCD + CPR)
    Destination Clock Delay (DCD):    -1.587ns = ( 6.413 - 8.000 ) 
    Source Clock Delay      (SCD):    -1.025ns
    Clock Pessimism Removal (CPR):    0.452ns
  Clock Uncertainty:      0.069ns  ((TSJ^2 + DJ^2)^1/2) / 2 + PE
    Total System Jitter     (TSJ):    0.071ns
    Discrete Jitter          (DJ):    0.119ns
    Phase Error              (PE):    0.000ns
  Clock Domain Crossing:  Inter clock paths are considered valid unless explicitly excluded by timing constraints such as set_clock_groups or set_false_path.

    Location             Delay type                Incr(ns)  Path(ns)    Netlist Resource(s)
  -------------------------------------------------------------------    -------------------
                         (clock clk_out1_npu_system_clk_wiz_0_0 rise edge)
                                                      0.000     0.000 r  
    H16                                               0.000     0.000 r  sysclk (IN)
                         net (fo=0)                   0.000     0.000    npu_system_i/clk_wiz_0/inst/clk_in1
    H16                  IBUF (Prop_ibuf_I_O)         1.451     1.451 r  npu_system_i/clk_wiz_0/inst/clkin1_ibufg/O
                         net (fo=1, routed)           1.285     2.736    npu_system_i/clk_wiz_0/inst/clk_in1_npu_system_clk_wiz_0_0
    MMCME2_ADV_X1Y2      MMCME2_ADV (Prop_mmcme2_adv_CLKIN1_CLKOUT0)
                                                     -7.759    -5.023 r  npu_system_i/clk_wiz_0/inst/mmcm_adv_inst/CLKOUT0
                         net (fo=1, routed)           2.206    -2.817    npu_system_i/clk_wiz_0/inst/clk_out1_npu_system_clk_wiz_0_0
    BUFGCTRL_X0Y17       BUFG (Prop_bufg_I_O)         0.101    -2.716 r  npu_system_i/clk_wiz_0/inst/clkout1_buf/O
                         net (fo=19143, routed)       1.691    -1.025    npu_system_i/proc_sys_reset_0/U0/slowest_sync_clk
    SLICE_X54Y75         FDRE                                         r  npu_system_i/proc_sys_reset_0/U0/ACTIVE_LOW_PR_OUT_DFF[0].FDRE_PER_N/C
  -------------------------------------------------------------------    -------------------
    SLICE_X54Y75         FDRE (Prop_fdre_C_Q)         0.518    -0.507 r  npu_system_i/proc_sys_reset_0/U0/ACTIVE_LOW_PR_OUT_DFF[0].FDRE_PER_N/Q
                         net (fo=74, routed)          1.078     0.571    npu_system_i/tinynpu_0/inst/u_systolic/row[2].col[0].pe_inst/aresetn
    SLICE_X80Y78         LUT1 (Prop_lut1_I0_O)        0.124     0.695 f  npu_system_i/tinynpu_0/inst/u_systolic/row[2].col[0].pe_inst/bram_rst_INST_0/O
                         net (fo=13666, routed)       5.314     6.009    npu_system_i/tinynpu_0/inst/u_systolic/row[10].col[7].pe_inst/mul_s2_reg[0]_1
    SLICE_X16Y1          FDCE                                         f  npu_system_i/tinynpu_0/inst/u_systolic/row[10].col[7].pe_inst/weight_reg_reg[1]/CLR
  -------------------------------------------------------------------    -------------------

                         (clock clk_out1_npu_system_clk_wiz_0_0_1 rise edge)
                                                      8.000     8.000 r  
    H16                                               0.000     8.000 r  sysclk (IN)
                         net (fo=0)                   0.000     8.000    npu_system_i/clk_wiz_0/inst/clk_in1
    H16                  IBUF (Prop_ibuf_I_O)         1.380     9.380 r  npu_system_i/clk_wiz_0/inst/clkin1_ibufg/O
                         net (fo=1, routed)           1.162    10.542    npu_system_i/clk_wiz_0/inst/clk_in1_npu_system_clk_wiz_0_0
    MMCME2_ADV_X1Y2      MMCME2_ADV (Prop_mmcme2_adv_CLKIN1_CLKOUT0)
                                                     -7.814     2.728 r  npu_system_i/clk_wiz_0/inst/mmcm_adv_inst/CLKOUT0
                         net (fo=1, routed)           2.012     4.740    npu_system_i/clk_wiz_0/inst/clk_out1_npu_system_clk_wiz_0_0
    BUFGCTRL_X0Y17       BUFG (Prop_bufg_I_O)         0.091     4.831 r  npu_system_i/clk_wiz_0/inst/clkout1_buf/O
                         net (fo=19143, routed)       1.581     6.413    npu_system_i/tinynpu_0/inst/u_systolic/row[10].col[7].pe_inst/aclk
    SLICE_X16Y1          FDCE                                         r  npu_system_i/tinynpu_0/inst/u_systolic/row[10].col[7].pe_inst/weight_reg_reg[1]/C
                         clock pessimism              0.452     6.865    
                         clock uncertainty           -0.069     6.796    
    SLICE_X16Y1          FDCE (Recov_fdce_C_CLR)     -0.319     6.477    npu_system_i/tinynpu_0/inst/u_systolic/row[10].col[7].pe_inst/weight_reg_reg[1]
  -------------------------------------------------------------------
                         required time                          6.477    
                         arrival time                          -6.009    
  -------------------------------------------------------------------
                         slack                                  0.468    





Min Delay Paths
--------------------------------------------------------------------------------------
Slack (MET) :             1.013ns  (arrival time - required time)
  Source:                 npu_system_i/proc_sys_reset_0/U0/ACTIVE_LOW_PR_OUT_DFF[0].FDRE_PER_N/C
                            (rising edge-triggered cell FDRE clocked by clk_out1_npu_system_clk_wiz_0_0  {rise@0.000ns fall@4.000ns period=8.000ns})
  Destination:            npu_system_i/tinynpu_0/inst/u_systolic/row[17].col[4].pe_inst/mul_s2_reg[9]/CLR
                            (removal check against rising-edge clock clk_out1_npu_system_clk_wiz_0_0_1  {rise@0.000ns fall@4.000ns period=8.000ns})
  Path Group:             **async_default**
  Path Type:              Removal (Min at Fast Process Corner)
  Requirement:            0.000ns  (clk_out1_npu_system_clk_wiz_0_0_1 rise@0.000ns - clk_out1_npu_system_clk_wiz_0_0 rise@0.000ns)
  Data Path Delay:        1.032ns  (logic 0.209ns (20.242%)  route 0.823ns (79.758%))
  Logic Levels:           1  (LUT1=1)
  Clock Path Skew:        0.042ns (DCD - SCD - CPR)
    Destination Clock Delay (DCD):    -0.901ns
    Source Clock Delay      (SCD):    -0.668ns
    Clock Pessimism Removal (CPR):    -0.274ns
  Clock Uncertainty:      0.069ns  ((TSJ^2 + DJ^2)^1/2) / 2 + PE
    Total System Jitter     (TSJ):    0.071ns
    Discrete Jitter          (DJ):    0.119ns
    Phase Error              (PE):    0.000ns
  Clock Domain Crossing:  Inter clock paths are considered valid unless explicitly excluded by timing constraints such as set_clock_groups or set_false_path.

    Location             Delay type                Incr(ns)  Path(ns)    Netlist Resource(s)
  -------------------------------------------------------------------    -------------------
                         (clock clk_out1_npu_system_clk_wiz_0_0 rise edge)
                                                      0.000     0.000 r  
    H16                                               0.000     0.000 r  sysclk (IN)
                         net (fo=0)                   0.000     0.000    npu_system_i/clk_wiz_0/inst/clk_in1
    H16                  IBUF (Prop_ibuf_I_O)         0.219     0.219 r  npu_system_i/clk_wiz_0/inst/clkin1_ibufg/O
                         net (fo=1, routed)           0.440     0.659    npu_system_i/clk_wiz_0/inst/clk_in1_npu_system_clk_wiz_0_0
    MMCME2_ADV_X1Y2      MMCME2_ADV (Prop_mmcme2_adv_CLKIN1_CLKOUT0)
                                                     -2.613    -1.954 r  npu_system_i/clk_wiz_0/inst/mmcm_adv_inst/CLKOUT0
                         net (fo=1, routed)           0.696    -1.257    npu_system_i/clk_wiz_0/inst/clk_out1_npu_system_clk_wiz_0_0
    BUFGCTRL_X0Y17       BUFG (Prop_bufg_I_O)         0.026    -1.231 r  npu_system_i/clk_wiz_0/inst/clkout1_buf/O
                         net (fo=19143, routed)       0.563    -0.668    npu_system_i/proc_sys_reset_0/U0/slowest_sync_clk
    SLICE_X54Y75         FDRE                                         r  npu_system_i/proc_sys_reset_0/U0/ACTIVE_LOW_PR_OUT_DFF[0].FDRE_PER_N/C
  -------------------------------------------------------------------    -------------------
    SLICE_X54Y75         FDRE (Prop_fdre_C_Q)         0.164    -0.504 r  npu_system_i/proc_sys_reset_0/U0/ACTIVE_LOW_PR_OUT_DFF[0].FDRE_PER_N/Q
                         net (fo=74, routed)          0.512     0.008    npu_system_i/tinynpu_0/inst/u_systolic/row[2].col[0].pe_inst/aresetn
    SLICE_X80Y78         LUT1 (Prop_lut1_I0_O)        0.045     0.053 f  npu_system_i/tinynpu_0/inst/u_systolic/row[2].col[0].pe_inst/bram_rst_INST_0/O
                         net (fo=13666, routed)       0.311     0.364    npu_system_i/tinynpu_0/inst/u_systolic/row[17].col[4].pe_inst/weight_reg_reg[7]_0
    SLICE_X81Y77         FDCE                                         f  npu_system_i/tinynpu_0/inst/u_systolic/row[17].col[4].pe_inst/mul_s2_reg[9]/CLR
  -------------------------------------------------------------------    -------------------

                         (clock clk_out1_npu_system_clk_wiz_0_0_1 rise edge)
                                                      0.000     0.000 r  
    H16                                               0.000     0.000 r  sysclk (IN)
                         net (fo=0)                   0.000     0.000    npu_system_i/clk_wiz_0/inst/clk_in1
    H16                  IBUF (Prop_ibuf_I_O)         0.406     0.406 r  npu_system_i/clk_wiz_0/inst/clkin1_ibufg/O
                         net (fo=1, routed)           0.480     0.886    npu_system_i/clk_wiz_0/inst/clk_in1_npu_system_clk_wiz_0_0
    MMCME2_ADV_X1Y2      MMCME2_ADV (Prop_mmcme2_adv_CLKIN1_CLKOUT0)
                                                     -3.407    -2.521 r  npu_system_i/clk_wiz_0/inst/mmcm_adv_inst/CLKOUT0
                         net (fo=1, routed)           0.752    -1.769    npu_system_i/clk_wiz_0/inst/clk_out1_npu_system_clk_wiz_0_0
    BUFGCTRL_X0Y17       BUFG (Prop_bufg_I_O)         0.029    -1.740 r  npu_system_i/clk_wiz_0/inst/clkout1_buf/O
                         net (fo=19143, routed)       0.839    -0.901    npu_system_i/tinynpu_0/inst/u_systolic/row[17].col[4].pe_inst/aclk
    SLICE_X81Y77         FDCE                                         r  npu_system_i/tinynpu_0/inst/u_systolic/row[17].col[4].pe_inst/mul_s2_reg[9]/C
                         clock pessimism              0.274    -0.626    
                         clock uncertainty            0.069    -0.557    
    SLICE_X81Y77         FDCE (Remov_fdce_C_CLR)     -0.092    -0.649    npu_system_i/tinynpu_0/inst/u_systolic/row[17].col[4].pe_inst/mul_s2_reg[9]
  -------------------------------------------------------------------
                         required time                          0.649    
                         arrival time                           0.364    
  -------------------------------------------------------------------
                         slack                                  1.013    





---------------------------------------------------------------------------------------------------
Path Group:  **async_default**
From Clock:  clk_out1_npu_system_clk_wiz_0_0_1
  To Clock:  clk_out1_npu_system_clk_wiz_0_0_1

Setup :            0  Failing Endpoints,  Worst Slack        0.468ns,  Total Violation        0.000ns
Hold  :            0  Failing Endpoints,  Worst Slack        1.082ns,  Total Violation        0.000ns
---------------------------------------------------------------------------------------------------


Max Delay Paths
--------------------------------------------------------------------------------------
Slack (MET) :             0.468ns  (required time - arrival time)
  Source:                 npu_system_i/proc_sys_reset_0/U0/ACTIVE_LOW_PR_OUT_DFF[0].FDRE_PER_N/C
                            (rising edge-triggered cell FDRE clocked by clk_out1_npu_system_clk_wiz_0_0_1  {rise@0.000ns fall@4.000ns period=8.000ns})
  Destination:            npu_system_i/tinynpu_0/inst/u_systolic/row[10].col[7].pe_inst/weight_reg_reg[1]/CLR
                            (recovery check against rising-edge clock clk_out1_npu_system_clk_wiz_0_0_1  {rise@0.000ns fall@4.000ns period=8.000ns})
  Path Group:             **async_default**
  Path Type:              Recovery (Max at Slow Process Corner)
  Requirement:            8.000ns  (clk_out1_npu_system_clk_wiz_0_0_1 rise@8.000ns - clk_out1_npu_system_clk_wiz_0_0_1 rise@0.000ns)
  Data Path Delay:        7.034ns  (logic 0.642ns (9.127%)  route 6.392ns (90.873%))
  Logic Levels:           1  (LUT1=1)
  Clock Path Skew:        -0.110ns (DCD - SCD + CPR)
    Destination Clock Delay (DCD):    -1.587ns = ( 6.413 - 8.000 ) 
    Source Clock Delay      (SCD):    -1.025ns
    Clock Pessimism Removal (CPR):    0.452ns
  Clock Uncertainty:      0.069ns  ((TSJ^2 + DJ^2)^1/2) / 2 + PE
    Total System Jitter     (TSJ):    0.071ns
    Discrete Jitter          (DJ):    0.118ns
    Phase Error              (PE):    0.000ns

    Location             Delay type                Incr(ns)  Path(ns)    Netlist Resource(s)
  -------------------------------------------------------------------    -------------------
                         (clock clk_out1_npu_system_clk_wiz_0_0_1 rise edge)
                                                      0.000     0.000 r  
    H16                                               0.000     0.000 r  sysclk (IN)
                         net (fo=0)                   0.000     0.000    npu_system_i/clk_wiz_0/inst/clk_in1
    H16                  IBUF (Prop_ibuf_I_O)         1.451     1.451 r  npu_system_i/clk_wiz_0/inst/clkin1_ibufg/O
                         net (fo=1, routed)           1.285     2.736    npu_system_i/clk_wiz_0/inst/clk_in1_npu_system_clk_wiz_0_0
    MMCME2_ADV_X1Y2      MMCME2_ADV (Prop_mmcme2_adv_CLKIN1_CLKOUT0)
                                                     -7.759    -5.023 r  npu_system_i/clk_wiz_0/inst/mmcm_adv_inst/CLKOUT0
                         net (fo=1, routed)           2.206    -2.817    npu_system_i/clk_wiz_0/inst/clk_out1_npu_system_clk_wiz_0_0
    BUFGCTRL_X0Y17       BUFG (Prop_bufg_I_O)         0.101    -2.716 r  npu_system_i/clk_wiz_0/inst/clkout1_buf/O
                         net (fo=19143, routed)       1.691    -1.025    npu_system_i/proc_sys_reset_0/U0/slowest_sync_clk
    SLICE_X54Y75         FDRE                                         r  npu_system_i/proc_sys_reset_0/U0/ACTIVE_LOW_PR_OUT_DFF[0].FDRE_PER_N/C
  -------------------------------------------------------------------    -------------------
    SLICE_X54Y75         FDRE (Prop_fdre_C_Q)         0.518    -0.507 r  npu_system_i/proc_sys_reset_0/U0/ACTIVE_LOW_PR_OUT_DFF[0].FDRE_PER_N/Q
                         net (fo=74, routed)          1.078     0.571    npu_system_i/tinynpu_0/inst/u_systolic/row[2].col[0].pe_inst/aresetn
    SLICE_X80Y78         LUT1 (Prop_lut1_I0_O)        0.124     0.695 f  npu_system_i/tinynpu_0/inst/u_systolic/row[2].col[0].pe_inst/bram_rst_INST_0/O
                         net (fo=13666, routed)       5.314     6.009    npu_system_i/tinynpu_0/inst/u_systolic/row[10].col[7].pe_inst/mul_s2_reg[0]_1
    SLICE_X16Y1          FDCE                                         f  npu_system_i/tinynpu_0/inst/u_systolic/row[10].col[7].pe_inst/weight_reg_reg[1]/CLR
  -------------------------------------------------------------------    -------------------

                         (clock clk_out1_npu_system_clk_wiz_0_0_1 rise edge)
                                                      8.000     8.000 r  
    H16                                               0.000     8.000 r  sysclk (IN)
                         net (fo=0)                   0.000     8.000    npu_system_i/clk_wiz_0/inst/clk_in1
    H16                  IBUF (Prop_ibuf_I_O)         1.380     9.380 r  npu_system_i/clk_wiz_0/inst/clkin1_ibufg/O
                         net (fo=1, routed)           1.162    10.542    npu_system_i/clk_wiz_0/inst/clk_in1_npu_system_clk_wiz_0_0
    MMCME2_ADV_X1Y2      MMCME2_ADV (Prop_mmcme2_adv_CLKIN1_CLKOUT0)
                                                     -7.814     2.728 r  npu_system_i/clk_wiz_0/inst/mmcm_adv_inst/CLKOUT0
                         net (fo=1, routed)           2.012     4.740    npu_system_i/clk_wiz_0/inst/clk_out1_npu_system_clk_wiz_0_0
    BUFGCTRL_X0Y17       BUFG (Prop_bufg_I_O)         0.091     4.831 r  npu_system_i/clk_wiz_0/inst/clkout1_buf/O
                         net (fo=19143, routed)       1.581     6.413    npu_system_i/tinynpu_0/inst/u_systolic/row[10].col[7].pe_inst/aclk
    SLICE_X16Y1          FDCE                                         r  npu_system_i/tinynpu_0/inst/u_systolic/row[10].col[7].pe_inst/weight_reg_reg[1]/C
                         clock pessimism              0.452     6.865    
                         clock uncertainty           -0.069     6.796    
    SLICE_X16Y1          FDCE (Recov_fdce_C_CLR)     -0.319     6.477    npu_system_i/tinynpu_0/inst/u_systolic/row[10].col[7].pe_inst/weight_reg_reg[1]
  -------------------------------------------------------------------
                         required time                          6.477    
                         arrival time                          -6.009    
  -------------------------------------------------------------------
                         slack                                  0.468    





Min Delay Paths
--------------------------------------------------------------------------------------
Slack (MET) :             1.082ns  (arrival time - required time)
  Source:                 npu_system_i/proc_sys_reset_0/U0/ACTIVE_LOW_PR_OUT_DFF[0].FDRE_PER_N/C
                            (rising edge-triggered cell FDRE clocked by clk_out1_npu_system_clk_wiz_0_0_1  {rise@0.000ns fall@4.000ns period=8.000ns})
  Destination:            npu_system_i/tinynpu_0/inst/u_systolic/row[17].col[4].pe_inst/mul_s2_reg[9]/CLR
                            (removal check against rising-edge clock clk_out1_npu_system_clk_wiz_0_0_1  {rise@0.000ns fall@4.000ns period=8.000ns})
  Path Group:             **async_default**
  Path Type:              Removal (Min at Fast Process Corner)
  Requirement:            0.000ns  (clk_out1_npu_system_clk_wiz_0_0_1 rise@0.000ns - clk_out1_npu_system_clk_wiz_0_0_1 rise@0.000ns)
  Data Path Delay:        1.032ns  (logic 0.209ns (20.242%)  route 0.823ns (79.758%))
  Logic Levels:           1  (LUT1=1)
  Clock Path Skew:        0.042ns (DCD - SCD - CPR)
    Destination Clock Delay (DCD):    -0.901ns
    Source Clock Delay      (SCD):    -0.668ns
    Clock Pessimism Removal (CPR):    -0.274ns

    Location             Delay type                Incr(ns)  Path(ns)    Netlist Resource(s)
  -------------------------------------------------------------------    -------------------
                         (clock clk_out1_npu_system_clk_wiz_0_0_1 rise edge)
                                                      0.000     0.000 r  
    H16                                               0.000     0.000 r  sysclk (IN)
                         net (fo=0)                   0.000     0.000    npu_system_i/clk_wiz_0/inst/clk_in1
    H16                  IBUF (Prop_ibuf_I_O)         0.219     0.219 r  npu_system_i/clk_wiz_0/inst/clkin1_ibufg/O
                         net (fo=1, routed)           0.440     0.659    npu_system_i/clk_wiz_0/inst/clk_in1_npu_system_clk_wiz_0_0
    MMCME2_ADV_X1Y2      MMCME2_ADV (Prop_mmcme2_adv_CLKIN1_CLKOUT0)
                                                     -2.613    -1.954 r  npu_system_i/clk_wiz_0/inst/mmcm_adv_inst/CLKOUT0
                         net (fo=1, routed)           0.696    -1.257    npu_system_i/clk_wiz_0/inst/clk_out1_npu_system_clk_wiz_0_0
    BUFGCTRL_X0Y17       BUFG (Prop_bufg_I_O)         0.026    -1.231 r  npu_system_i/clk_wiz_0/inst/clkout1_buf/O
                         net (fo=19143, routed)       0.563    -0.668    npu_system_i/proc_sys_reset_0/U0/slowest_sync_clk
    SLICE_X54Y75         FDRE                                         r  npu_system_i/proc_sys_reset_0/U0/ACTIVE_LOW_PR_OUT_DFF[0].FDRE_PER_N/C
  -------------------------------------------------------------------    -------------------
    SLICE_X54Y75         FDRE (Prop_fdre_C_Q)         0.164    -0.504 r  npu_system_i/proc_sys_reset_0/U0/ACTIVE_LOW_PR_OUT_DFF[0].FDRE_PER_N/Q
                         net (fo=74, routed)          0.512     0.008    npu_system_i/tinynpu_0/inst/u_systolic/row[2].col[0].pe_inst/aresetn
    SLICE_X80Y78         LUT1 (Prop_lut1_I0_O)        0.045     0.053 f  npu_system_i/tinynpu_0/inst/u_systolic/row[2].col[0].pe_inst/bram_rst_INST_0/O
                         net (fo=13666, routed)       0.311     0.364    npu_system_i/tinynpu_0/inst/u_systolic/row[17].col[4].pe_inst/weight_reg_reg[7]_0
    SLICE_X81Y77         FDCE                                         f  npu_system_i/tinynpu_0/inst/u_systolic/row[17].col[4].pe_inst/mul_s2_reg[9]/CLR
  -------------------------------------------------------------------    -------------------

                         (clock clk_out1_npu_system_clk_wiz_0_0_1 rise edge)
                                                      0.000     0.000 r  
    H16                                               0.000     0.000 r  sysclk (IN)
                         net (fo=0)                   0.000     0.000    npu_system_i/clk_wiz_0/inst/clk_in1
    H16                  IBUF (Prop_ibuf_I_O)         0.406     0.406 r  npu_system_i/clk_wiz_0/inst/clkin1_ibufg/O
                         net (fo=1, routed)           0.480     0.886    npu_system_i/clk_wiz_0/inst/clk_in1_npu_system_clk_wiz_0_0
    MMCME2_ADV_X1Y2      MMCME2_ADV (Prop_mmcme2_adv_CLKIN1_CLKOUT0)
                                                     -3.407    -2.521 r  npu_system_i/clk_wiz_0/inst/mmcm_adv_inst/CLKOUT0
                         net (fo=1, routed)           0.752    -1.769    npu_system_i/clk_wiz_0/inst/clk_out1_npu_system_clk_wiz_0_0
    BUFGCTRL_X0Y17       BUFG (Prop_bufg_I_O)         0.029    -1.740 r  npu_system_i/clk_wiz_0/inst/clkout1_buf/O
                         net (fo=19143, routed)       0.839    -0.901    npu_system_i/tinynpu_0/inst/u_systolic/row[17].col[4].pe_inst/aclk
    SLICE_X81Y77         FDCE                                         r  npu_system_i/tinynpu_0/inst/u_systolic/row[17].col[4].pe_inst/mul_s2_reg[9]/C
                         clock pessimism              0.274    -0.626    
    SLICE_X81Y77         FDCE (Remov_fdce_C_CLR)     -0.092    -0.718    npu_system_i/tinynpu_0/inst/u_systolic/row[17].col[4].pe_inst/mul_s2_reg[9]
  -------------------------------------------------------------------
                         required time                          0.718    
                         arrival time                           0.364    
  -------------------------------------------------------------------
                         slack                                  1.082    





---------------------------------------------------------------------------------------------------
Path Group:  **async_default**
From Clock:  clk_out2_npu_system_clk_wiz_0_0
  To Clock:  clk_out2_npu_system_clk_wiz_0_0

Setup :            0  Failing Endpoints,  Worst Slack        3.252ns,  Total Violation        0.000ns
Hold  :            0  Failing Endpoints,  Worst Slack        0.451ns,  Total Violation        0.000ns
---------------------------------------------------------------------------------------------------


Max Delay Paths
--------------------------------------------------------------------------------------
Slack (MET) :             3.252ns  (required time - arrival time)
  Source:                 <hidden>
                            (rising edge-triggered cell FDPE clocked by clk_out2_npu_system_clk_wiz_0_0  {rise@0.000ns fall@2.500ns period=5.000ns})
  Destination:            <hidden>
                            (recovery check against rising-edge clock clk_out2_npu_system_clk_wiz_0_0  {rise@0.000ns fall@2.500ns period=5.000ns})
  Path Group:             **async_default**
  Path Type:              Recovery (Max at Slow Process Corner)
  Requirement:            5.000ns  (clk_out2_npu_system_clk_wiz_0_0 rise@5.000ns - clk_out2_npu_system_clk_wiz_0_0 rise@0.000ns)
  Data Path Delay:        1.133ns  (logic 0.478ns (42.186%)  route 0.655ns (57.814%))
  Logic Levels:           0  
  Clock Path Skew:        -0.060ns (DCD - SCD + CPR)
    Destination Clock Delay (DCD):    -1.500ns = ( 3.500 - 5.000 ) 
    Source Clock Delay      (SCD):    -0.873ns
    Clock Pessimism Removal (CPR):    0.567ns
  Clock Uncertainty:      0.065ns  ((TSJ^2 + DJ^2)^1/2) / 2 + PE
    Total System Jitter     (TSJ):    0.071ns
    Discrete Jitter          (DJ):    0.109ns
    Phase Error              (PE):    0.000ns

    Location             Delay type                Incr(ns)  Path(ns)    Netlist Resource(s)
  -------------------------------------------------------------------    -------------------
                         (clock clk_out2_npu_system_clk_wiz_0_0 rise edge)
                                                      0.000     0.000 r  
    H16                                               0.000     0.000 r  sysclk (IN)
                         net (fo=0)                   0.000     0.000    npu_system_i/clk_wiz_0/inst/clk_in1
    H16                  IBUF (Prop_ibuf_I_O)         1.451     1.451 r  npu_system_i/clk_wiz_0/inst/clkin1_ibufg/O
                         net (fo=1, routed)           1.285     2.736    npu_system_i/clk_wiz_0/inst/clk_in1_npu_system_clk_wiz_0_0
    MMCME2_ADV_X1Y2      MMCME2_ADV (Prop_mmcme2_adv_CLKIN1_CLKOUT1)
                                                     -7.759    -5.023 r  npu_system_i/clk_wiz_0/inst/mmcm_adv_inst/CLKOUT1
                         net (fo=1, routed)           2.206    -2.817    npu_system_i/clk_wiz_0/inst/clk_out2_npu_system_clk_wiz_0_0
    BUFGCTRL_X0Y16       BUFG (Prop_bufg_I_O)         0.101    -2.716 r  npu_system_i/clk_wiz_0/inst/clkout2_buf/O
                         net (fo=158, routed)         1.843    -0.873    <hidden>
    SLICE_X108Y75        FDPE                                         r  <hidden>
  -------------------------------------------------------------------    -------------------
    SLICE_X108Y75        FDPE (Prop_fdpe_C_Q)         0.478    -0.395 f  <hidden>
                         net (fo=1, routed)           0.655     0.260    <hidden>
    SLICE_X108Y72        FDCE                                         f  <hidden>
  -------------------------------------------------------------------    -------------------

                         (clock clk_out2_npu_system_clk_wiz_0_0 rise edge)
                                                      5.000     5.000 r  
    H16                                               0.000     5.000 r  sysclk (IN)
                         net (fo=0)                   0.000     5.000    npu_system_i/clk_wiz_0/inst/clk_in1
    H16                  IBUF (Prop_ibuf_I_O)         1.380     6.380 r  npu_system_i/clk_wiz_0/inst/clkin1_ibufg/O
                         net (fo=1, routed)           1.162     7.542    npu_system_i/clk_wiz_0/inst/clk_in1_npu_system_clk_wiz_0_0
    MMCME2_ADV_X1Y2      MMCME2_ADV (Prop_mmcme2_adv_CLKIN1_CLKOUT1)
                                                     -7.814    -0.272 r  npu_system_i/clk_wiz_0/inst/mmcm_adv_inst/CLKOUT1
                         net (fo=1, routed)           2.012     1.740    npu_system_i/clk_wiz_0/inst/clk_out2_npu_system_clk_wiz_0_0
    BUFGCTRL_X0Y16       BUFG (Prop_bufg_I_O)         0.091     1.831 r  npu_system_i/clk_wiz_0/inst/clkout2_buf/O
                         net (fo=158, routed)         1.669     3.500    <hidden>
    SLICE_X108Y72        FDCE                                         r  <hidden>
                         clock pessimism              0.567     4.067    
                         clock uncertainty           -0.065     4.002    
    SLICE_X108Y72        FDCE (Recov_fdce_C_CLR)     -0.490     3.512    <hidden>
  -------------------------------------------------------------------
                         required time                          3.512    
                         arrival time                          -0.260    
  -------------------------------------------------------------------
                         slack                                  3.252    





Min Delay Paths
--------------------------------------------------------------------------------------
Slack (MET) :             0.451ns  (arrival time - required time)
  Source:                 <hidden>
                            (rising edge-triggered cell FDPE clocked by clk_out2_npu_system_clk_wiz_0_0  {rise@0.000ns fall@2.500ns period=5.000ns})
  Destination:            <hidden>
                            (removal check against rising-edge clock clk_out2_npu_system_clk_wiz_0_0  {rise@0.000ns fall@2.500ns period=5.000ns})
  Path Group:             **async_default**
  Path Type:              Removal (Min at Fast Process Corner)
  Requirement:            0.000ns  (clk_out2_npu_system_clk_wiz_0_0 rise@0.000ns - clk_out2_npu_system_clk_wiz_0_0 rise@0.000ns)
  Data Path Delay:        0.342ns  (logic 0.148ns (43.310%)  route 0.194ns (56.690%))
  Logic Levels:           0  
  Clock Path Skew:        0.015ns (DCD - SCD - CPR)
    Destination Clock Delay (DCD):    -0.845ns
    Source Clock Delay      (SCD):    -0.607ns
    Clock Pessimism Removal (CPR):    -0.252ns

    Location             Delay type                Incr(ns)  Path(ns)    Netlist Resource(s)
  -------------------------------------------------------------------    -------------------
                         (clock clk_out2_npu_system_clk_wiz_0_0 rise edge)
                                                      0.000     0.000 r  
    H16                                               0.000     0.000 r  sysclk (IN)
                         net (fo=0)                   0.000     0.000    npu_system_i/clk_wiz_0/inst/clk_in1
    H16                  IBUF (Prop_ibuf_I_O)         0.219     0.219 r  npu_system_i/clk_wiz_0/inst/clkin1_ibufg/O
                         net (fo=1, routed)           0.440     0.659    npu_system_i/clk_wiz_0/inst/clk_in1_npu_system_clk_wiz_0_0
    MMCME2_ADV_X1Y2      MMCME2_ADV (Prop_mmcme2_adv_CLKIN1_CLKOUT1)
                                                     -2.613    -1.954 r  npu_system_i/clk_wiz_0/inst/mmcm_adv_inst/CLKOUT1
                         net (fo=1, routed)           0.696    -1.257    npu_system_i/clk_wiz_0/inst/clk_out2_npu_system_clk_wiz_0_0
    BUFGCTRL_X0Y16       BUFG (Prop_bufg_I_O)         0.026    -1.231 r  npu_system_i/clk_wiz_0/inst/clkout2_buf/O
                         net (fo=158, routed)         0.624    -0.607    <hidden>
    SLICE_X112Y73        FDPE                                         r  <hidden>
  -------------------------------------------------------------------    -------------------
    SLICE_X112Y73        FDPE (Prop_fdpe_C_Q)         0.148    -0.459 f  <hidden>
                         net (fo=8, routed)           0.194    -0.266    <hidden>
    SLICE_X112Y72        FDPE                                         f  <hidden>
  -------------------------------------------------------------------    -------------------

                         (clock clk_out2_npu_system_clk_wiz_0_0 rise edge)
                                                      0.000     0.000 r  
    H16                                               0.000     0.000 r  sysclk (IN)
                         net (fo=0)                   0.000     0.000    npu_system_i/clk_wiz_0/inst/clk_in1
    H16                  IBUF (Prop_ibuf_I_O)         0.406     0.406 r  npu_system_i/clk_wiz_0/inst/clkin1_ibufg/O
                         net (fo=1, routed)           0.480     0.886    npu_system_i/clk_wiz_0/inst/clk_in1_npu_system_clk_wiz_0_0
    MMCME2_ADV_X1Y2      MMCME2_ADV (Prop_mmcme2_adv_CLKIN1_CLKOUT1)
                                                     -3.407    -2.521 r  npu_system_i/clk_wiz_0/inst/mmcm_adv_inst/CLKOUT1
                         net (fo=1, routed)           0.752    -1.769    npu_system_i/clk_wiz_0/inst/clk_out2_npu_system_clk_wiz_0_0
    BUFGCTRL_X0Y16       BUFG (Prop_bufg_I_O)         0.029    -1.740 r  npu_system_i/clk_wiz_0/inst/clkout2_buf/O
                         net (fo=158, routed)         0.895    -0.845    <hidden>
    SLICE_X112Y72        FDPE                                         r  <hidden>
                         clock pessimism              0.252    -0.592    
    SLICE_X112Y72        FDPE (Remov_fdpe_C_PRE)     -0.124    -0.716    <hidden>
  -------------------------------------------------------------------
                         required time                          0.716    
                         arrival time                          -0.266    
  -------------------------------------------------------------------
                         slack                                  0.451    





---------------------------------------------------------------------------------------------------
Path Group:  **async_default**
From Clock:  clk_out2_npu_system_clk_wiz_0_0_1
  To Clock:  clk_out2_npu_system_clk_wiz_0_0

Setup :            0  Failing Endpoints,  Worst Slack        3.252ns,  Total Violation        0.000ns
Hold  :            0  Failing Endpoints,  Worst Slack        0.386ns,  Total Violation        0.000ns
---------------------------------------------------------------------------------------------------


Max Delay Paths
--------------------------------------------------------------------------------------
Slack (MET) :             3.252ns  (required time - arrival time)
  Source:                 <hidden>
                            (rising edge-triggered cell FDPE clocked by clk_out2_npu_system_clk_wiz_0_0_1  {rise@0.000ns fall@2.500ns period=5.000ns})
  Destination:            <hidden>
                            (recovery check against rising-edge clock clk_out2_npu_system_clk_wiz_0_0  {rise@0.000ns fall@2.500ns period=5.000ns})
  Path Group:             **async_default**
  Path Type:              Recovery (Max at Slow Process Corner)
  Requirement:            5.000ns  (clk_out2_npu_system_clk_wiz_0_0 rise@5.000ns - clk_out2_npu_system_clk_wiz_0_0_1 rise@0.000ns)
  Data Path Delay:        1.133ns  (logic 0.478ns (42.186%)  route 0.655ns (57.814%))
  Logic Levels:           0  
  Clock Path Skew:        -0.060ns (DCD - SCD + CPR)
    Destination Clock Delay (DCD):    -1.500ns = ( 3.500 - 5.000 ) 
    Source Clock Delay      (SCD):    -0.873ns
    Clock Pessimism Removal (CPR):    0.567ns
  Clock Uncertainty:      0.065ns  ((TSJ^2 + DJ^2)^1/2) / 2 + PE
    Total System Jitter     (TSJ):    0.071ns
    Discrete Jitter          (DJ):    0.109ns
    Phase Error              (PE):    0.000ns
  Clock Domain Crossing:  Inter clock paths are considered valid unless explicitly excluded by timing constraints such as set_clock_groups or set_false_path.

    Location             Delay type                Incr(ns)  Path(ns)    Netlist Resource(s)
  -------------------------------------------------------------------    -------------------
                         (clock clk_out2_npu_system_clk_wiz_0_0_1 rise edge)
                                                      0.000     0.000 r  
    H16                                               0.000     0.000 r  sysclk (IN)
                         net (fo=0)                   0.000     0.000    npu_system_i/clk_wiz_0/inst/clk_in1
    H16                  IBUF (Prop_ibuf_I_O)         1.451     1.451 r  npu_system_i/clk_wiz_0/inst/clkin1_ibufg/O
                         net (fo=1, routed)           1.285     2.736    npu_system_i/clk_wiz_0/inst/clk_in1_npu_system_clk_wiz_0_0
    MMCME2_ADV_X1Y2      MMCME2_ADV (Prop_mmcme2_adv_CLKIN1_CLKOUT1)
                                                     -7.759    -5.023 r  npu_system_i/clk_wiz_0/inst/mmcm_adv_inst/CLKOUT1
                         net (fo=1, routed)           2.206    -2.817    npu_system_i/clk_wiz_0/inst/clk_out2_npu_system_clk_wiz_0_0
    BUFGCTRL_X0Y16       BUFG (Prop_bufg_I_O)         0.101    -2.716 r  npu_system_i/clk_wiz_0/inst/clkout2_buf/O
                         net (fo=158, routed)         1.843    -0.873    <hidden>
    SLICE_X108Y75        FDPE                                         r  <hidden>
  -------------------------------------------------------------------    -------------------
    SLICE_X108Y75        FDPE (Prop_fdpe_C_Q)         0.478    -0.395 f  <hidden>
                         net (fo=1, routed)           0.655     0.260    <hidden>
    SLICE_X108Y72        FDCE                                         f  <hidden>
  -------------------------------------------------------------------    -------------------

                         (clock clk_out2_npu_system_clk_wiz_0_0 rise edge)
                                                      5.000     5.000 r  
    H16                                               0.000     5.000 r  sysclk (IN)
                         net (fo=0)                   0.000     5.000    npu_system_i/clk_wiz_0/inst/clk_in1
    H16                  IBUF (Prop_ibuf_I_O)         1.380     6.380 r  npu_system_i/clk_wiz_0/inst/clkin1_ibufg/O
                         net (fo=1, routed)           1.162     7.542    npu_system_i/clk_wiz_0/inst/clk_in1_npu_system_clk_wiz_0_0
    MMCME2_ADV_X1Y2      MMCME2_ADV (Prop_mmcme2_adv_CLKIN1_CLKOUT1)
                                                     -7.814    -0.272 r  npu_system_i/clk_wiz_0/inst/mmcm_adv_inst/CLKOUT1
                         net (fo=1, routed)           2.012     1.740    npu_system_i/clk_wiz_0/inst/clk_out2_npu_system_clk_wiz_0_0
    BUFGCTRL_X0Y16       BUFG (Prop_bufg_I_O)         0.091     1.831 r  npu_system_i/clk_wiz_0/inst/clkout2_buf/O
                         net (fo=158, routed)         1.669     3.500    <hidden>
    SLICE_X108Y72        FDCE                                         r  <hidden>
                         clock pessimism              0.567     4.067    
                         clock uncertainty           -0.065     4.002    
    SLICE_X108Y72        FDCE (Recov_fdce_C_CLR)     -0.490     3.512    <hidden>
  -------------------------------------------------------------------
                         required time                          3.512    
                         arrival time                          -0.260    
  -------------------------------------------------------------------
                         slack                                  3.252    





Min Delay Paths
--------------------------------------------------------------------------------------
Slack (MET) :             0.386ns  (arrival time - required time)
  Source:                 <hidden>
                            (rising edge-triggered cell FDPE clocked by clk_out2_npu_system_clk_wiz_0_0_1  {rise@0.000ns fall@2.500ns period=5.000ns})
  Destination:            <hidden>
                            (removal check against rising-edge clock clk_out2_npu_system_clk_wiz_0_0  {rise@0.000ns fall@2.500ns period=5.000ns})
  Path Group:             **async_default**
  Path Type:              Removal (Min at Fast Process Corner)
  Requirement:            0.000ns  (clk_out2_npu_system_clk_wiz_0_0 rise@0.000ns - clk_out2_npu_system_clk_wiz_0_0_1 rise@0.000ns)
  Data Path Delay:        0.342ns  (logic 0.148ns (43.310%)  route 0.194ns (56.690%))
  Logic Levels:           0  
  Clock Path Skew:        0.015ns (DCD - SCD - CPR)
    Destination Clock Delay (DCD):    -0.845ns
    Source Clock Delay      (SCD):    -0.607ns
    Clock Pessimism Removal (CPR):    -0.252ns
  Clock Uncertainty:      0.065ns  ((TSJ^2 + DJ^2)^1/2) / 2 + PE
    Total System Jitter     (TSJ):    0.071ns
    Discrete Jitter          (DJ):    0.109ns
    Phase Error              (PE):    0.000ns
  Clock Domain Crossing:  Inter clock paths are considered valid unless explicitly excluded by timing constraints such as set_clock_groups or set_false_path.

    Location             Delay type                Incr(ns)  Path(ns)    Netlist Resource(s)
  -------------------------------------------------------------------    -------------------
                         (clock clk_out2_npu_system_clk_wiz_0_0_1 rise edge)
                                                      0.000     0.000 r  
    H16                                               0.000     0.000 r  sysclk (IN)
                         net (fo=0)                   0.000     0.000    npu_system_i/clk_wiz_0/inst/clk_in1
    H16                  IBUF (Prop_ibuf_I_O)         0.219     0.219 r  npu_system_i/clk_wiz_0/inst/clkin1_ibufg/O
                         net (fo=1, routed)           0.440     0.659    npu_system_i/clk_wiz_0/inst/clk_in1_npu_system_clk_wiz_0_0
    MMCME2_ADV_X1Y2      MMCME2_ADV (Prop_mmcme2_adv_CLKIN1_CLKOUT1)
                                                     -2.613    -1.954 r  npu_system_i/clk_wiz_0/inst/mmcm_adv_inst/CLKOUT1
                         net (fo=1, routed)           0.696    -1.257    npu_system_i/clk_wiz_0/inst/clk_out2_npu_system_clk_wiz_0_0
    BUFGCTRL_X0Y16       BUFG (Prop_bufg_I_O)         0.026    -1.231 r  npu_system_i/clk_wiz_0/inst/clkout2_buf/O
                         net (fo=158, routed)         0.624    -0.607    <hidden>
    SLICE_X112Y73        FDPE                                         r  <hidden>
  -------------------------------------------------------------------    -------------------
    SLICE_X112Y73        FDPE (Prop_fdpe_C_Q)         0.148    -0.459 f  <hidden>
                         net (fo=8, routed)           0.194    -0.266    <hidden>
    SLICE_X112Y72        FDPE                                         f  <hidden>
  -------------------------------------------------------------------    -------------------

                         (clock clk_out2_npu_system_clk_wiz_0_0 rise edge)
                                                      0.000     0.000 r  
    H16                                               0.000     0.000 r  sysclk (IN)
                         net (fo=0)                   0.000     0.000    npu_system_i/clk_wiz_0/inst/clk_in1
    H16                  IBUF (Prop_ibuf_I_O)         0.406     0.406 r  npu_system_i/clk_wiz_0/inst/clkin1_ibufg/O
                         net (fo=1, routed)           0.480     0.886    npu_system_i/clk_wiz_0/inst/clk_in1_npu_system_clk_wiz_0_0
    MMCME2_ADV_X1Y2      MMCME2_ADV (Prop_mmcme2_adv_CLKIN1_CLKOUT1)
                                                     -3.407    -2.521 r  npu_system_i/clk_wiz_0/inst/mmcm_adv_inst/CLKOUT1
                         net (fo=1, routed)           0.752    -1.769    npu_system_i/clk_wiz_0/inst/clk_out2_npu_system_clk_wiz_0_0
    BUFGCTRL_X0Y16       BUFG (Prop_bufg_I_O)         0.029    -1.740 r  npu_system_i/clk_wiz_0/inst/clkout2_buf/O
                         net (fo=158, routed)         0.895    -0.845    <hidden>
    SLICE_X112Y72        FDPE                                         r  <hidden>
                         clock pessimism              0.252    -0.592    
                         clock uncertainty            0.065    -0.527    
    SLICE_X112Y72        FDPE (Remov_fdpe_C_PRE)     -0.124    -0.651    <hidden>
  -------------------------------------------------------------------
                         required time                          0.651    
                         arrival time                          -0.266    
  -------------------------------------------------------------------
                         slack                                  0.386    





---------------------------------------------------------------------------------------------------
Path Group:  **async_default**
From Clock:  clk_out2_npu_system_clk_wiz_0_0
  To Clock:  clk_out2_npu_system_clk_wiz_0_0_1

Setup :            0  Failing Endpoints,  Worst Slack        3.252ns,  Total Violation        0.000ns
Hold  :            0  Failing Endpoints,  Worst Slack        0.386ns,  Total Violation        0.000ns
---------------------------------------------------------------------------------------------------


Max Delay Paths
--------------------------------------------------------------------------------------
Slack (MET) :             3.252ns  (required time - arrival time)
  Source:                 <hidden>
                            (rising edge-triggered cell FDPE clocked by clk_out2_npu_system_clk_wiz_0_0  {rise@0.000ns fall@2.500ns period=5.000ns})
  Destination:            <hidden>
                            (recovery check against rising-edge clock clk_out2_npu_system_clk_wiz_0_0_1  {rise@0.000ns fall@2.500ns period=5.000ns})
  Path Group:             **async_default**
  Path Type:              Recovery (Max at Slow Process Corner)
  Requirement:            5.000ns  (clk_out2_npu_system_clk_wiz_0_0_1 rise@5.000ns - clk_out2_npu_system_clk_wiz_0_0 rise@0.000ns)
  Data Path Delay:        1.133ns  (logic 0.478ns (42.186%)  route 0.655ns (57.814%))
  Logic Levels:           0  
  Clock Path Skew:        -0.060ns (DCD - SCD + CPR)
    Destination Clock Delay (DCD):    -1.500ns = ( 3.500 - 5.000 ) 
    Source Clock Delay      (SCD):    -0.873ns
    Clock Pessimism Removal (CPR):    0.567ns
  Clock Uncertainty:      0.065ns  ((TSJ^2 + DJ^2)^1/2) / 2 + PE
    Total System Jitter     (TSJ):    0.071ns
    Discrete Jitter          (DJ):    0.109ns
    Phase Error              (PE):    0.000ns
  Clock Domain Crossing:  Inter clock paths are considered valid unless explicitly excluded by timing constraints such as set_clock_groups or set_false_path.

    Location             Delay type                Incr(ns)  Path(ns)    Netlist Resource(s)
  -------------------------------------------------------------------    -------------------
                         (clock clk_out2_npu_system_clk_wiz_0_0 rise edge)
                                                      0.000     0.000 r  
    H16                                               0.000     0.000 r  sysclk (IN)
                         net (fo=0)                   0.000     0.000    npu_system_i/clk_wiz_0/inst/clk_in1
    H16                  IBUF (Prop_ibuf_I_O)         1.451     1.451 r  npu_system_i/clk_wiz_0/inst/clkin1_ibufg/O
                         net (fo=1, routed)           1.285     2.736    npu_system_i/clk_wiz_0/inst/clk_in1_npu_system_clk_wiz_0_0
    MMCME2_ADV_X1Y2      MMCME2_ADV (Prop_mmcme2_adv_CLKIN1_CLKOUT1)
                                                     -7.759    -5.023 r  npu_system_i/clk_wiz_0/inst/mmcm_adv_inst/CLKOUT1
                         net (fo=1, routed)           2.206    -2.817    npu_system_i/clk_wiz_0/inst/clk_out2_npu_system_clk_wiz_0_0
    BUFGCTRL_X0Y16       BUFG (Prop_bufg_I_O)         0.101    -2.716 r  npu_system_i/clk_wiz_0/inst/clkout2_buf/O
                         net (fo=158, routed)         1.843    -0.873    <hidden>
    SLICE_X108Y75        FDPE                                         r  <hidden>
  -------------------------------------------------------------------    -------------------
    SLICE_X108Y75        FDPE (Prop_fdpe_C_Q)         0.478    -0.395 f  <hidden>
                         net (fo=1, routed)           0.655     0.260    <hidden>
    SLICE_X108Y72        FDCE                                         f  <hidden>
  -------------------------------------------------------------------    -------------------

                         (clock clk_out2_npu_system_clk_wiz_0_0_1 rise edge)
                                                      5.000     5.000 r  
    H16                                               0.000     5.000 r  sysclk (IN)
                         net (fo=0)                   0.000     5.000    npu_system_i/clk_wiz_0/inst/clk_in1
    H16                  IBUF (Prop_ibuf_I_O)         1.380     6.380 r  npu_system_i/clk_wiz_0/inst/clkin1_ibufg/O
                         net (fo=1, routed)           1.162     7.542    npu_system_i/clk_wiz_0/inst/clk_in1_npu_system_clk_wiz_0_0
    MMCME2_ADV_X1Y2      MMCME2_ADV (Prop_mmcme2_adv_CLKIN1_CLKOUT1)
                                                     -7.814    -0.272 r  npu_system_i/clk_wiz_0/inst/mmcm_adv_inst/CLKOUT1
                         net (fo=1, routed)           2.012     1.740    npu_system_i/clk_wiz_0/inst/clk_out2_npu_system_clk_wiz_0_0
    BUFGCTRL_X0Y16       BUFG (Prop_bufg_I_O)         0.091     1.831 r  npu_system_i/clk_wiz_0/inst/clkout2_buf/O
                         net (fo=158, routed)         1.669     3.500    <hidden>
    SLICE_X108Y72        FDCE                                         r  <hidden>
                         clock pessimism              0.567     4.067    
                         clock uncertainty           -0.065     4.002    
    SLICE_X108Y72        FDCE (Recov_fdce_C_CLR)     -0.490     3.512    <hidden>
  -------------------------------------------------------------------
                         required time                          3.512    
                         arrival time                          -0.260    
  -------------------------------------------------------------------
                         slack                                  3.252    





Min Delay Paths
--------------------------------------------------------------------------------------
Slack (MET) :             0.386ns  (arrival time - required time)
  Source:                 <hidden>
                            (rising edge-triggered cell FDPE clocked by clk_out2_npu_system_clk_wiz_0_0  {rise@0.000ns fall@2.500ns period=5.000ns})
  Destination:            <hidden>
                            (removal check against rising-edge clock clk_out2_npu_system_clk_wiz_0_0_1  {rise@0.000ns fall@2.500ns period=5.000ns})
  Path Group:             **async_default**
  Path Type:              Removal (Min at Fast Process Corner)
  Requirement:            0.000ns  (clk_out2_npu_system_clk_wiz_0_0_1 rise@0.000ns - clk_out2_npu_system_clk_wiz_0_0 rise@0.000ns)
  Data Path Delay:        0.342ns  (logic 0.148ns (43.310%)  route 0.194ns (56.690%))
  Logic Levels:           0  
  Clock Path Skew:        0.015ns (DCD - SCD - CPR)
    Destination Clock Delay (DCD):    -0.845ns
    Source Clock Delay      (SCD):    -0.607ns
    Clock Pessimism Removal (CPR):    -0.252ns
  Clock Uncertainty:      0.065ns  ((TSJ^2 + DJ^2)^1/2) / 2 + PE
    Total System Jitter     (TSJ):    0.071ns
    Discrete Jitter          (DJ):    0.109ns
    Phase Error              (PE):    0.000ns
  Clock Domain Crossing:  Inter clock paths are considered valid unless explicitly excluded by timing constraints such as set_clock_groups or set_false_path.

    Location             Delay type                Incr(ns)  Path(ns)    Netlist Resource(s)
  -------------------------------------------------------------------    -------------------
                         (clock clk_out2_npu_system_clk_wiz_0_0 rise edge)
                                                      0.000     0.000 r  
    H16                                               0.000     0.000 r  sysclk (IN)
                         net (fo=0)                   0.000     0.000    npu_system_i/clk_wiz_0/inst/clk_in1
    H16                  IBUF (Prop_ibuf_I_O)         0.219     0.219 r  npu_system_i/clk_wiz_0/inst/clkin1_ibufg/O
                         net (fo=1, routed)           0.440     0.659    npu_system_i/clk_wiz_0/inst/clk_in1_npu_system_clk_wiz_0_0
    MMCME2_ADV_X1Y2      MMCME2_ADV (Prop_mmcme2_adv_CLKIN1_CLKOUT1)
                                                     -2.613    -1.954 r  npu_system_i/clk_wiz_0/inst/mmcm_adv_inst/CLKOUT1
                         net (fo=1, routed)           0.696    -1.257    npu_system_i/clk_wiz_0/inst/clk_out2_npu_system_clk_wiz_0_0
    BUFGCTRL_X0Y16       BUFG (Prop_bufg_I_O)         0.026    -1.231 r  npu_system_i/clk_wiz_0/inst/clkout2_buf/O
                         net (fo=158, routed)         0.624    -0.607    <hidden>
    SLICE_X112Y73        FDPE                                         r  <hidden>
  -------------------------------------------------------------------    -------------------
    SLICE_X112Y73        FDPE (Prop_fdpe_C_Q)         0.148    -0.459 f  <hidden>
                         net (fo=8, routed)           0.194    -0.266    <hidden>
    SLICE_X112Y72        FDPE                                         f  <hidden>
  -------------------------------------------------------------------    -------------------

                         (clock clk_out2_npu_system_clk_wiz_0_0_1 rise edge)
                                                      0.000     0.000 r  
    H16                                               0.000     0.000 r  sysclk (IN)
                         net (fo=0)                   0.000     0.000    npu_system_i/clk_wiz_0/inst/clk_in1
    H16                  IBUF (Prop_ibuf_I_O)         0.406     0.406 r  npu_system_i/clk_wiz_0/inst/clkin1_ibufg/O
                         net (fo=1, routed)           0.480     0.886    npu_system_i/clk_wiz_0/inst/clk_in1_npu_system_clk_wiz_0_0
    MMCME2_ADV_X1Y2      MMCME2_ADV (Prop_mmcme2_adv_CLKIN1_CLKOUT1)
                                                     -3.407    -2.521 r  npu_system_i/clk_wiz_0/inst/mmcm_adv_inst/CLKOUT1
                         net (fo=1, routed)           0.752    -1.769    npu_system_i/clk_wiz_0/inst/clk_out2_npu_system_clk_wiz_0_0
    BUFGCTRL_X0Y16       BUFG (Prop_bufg_I_O)         0.029    -1.740 r  npu_system_i/clk_wiz_0/inst/clkout2_buf/O
                         net (fo=158, routed)         0.895    -0.845    <hidden>
    SLICE_X112Y72        FDPE                                         r  <hidden>
                         clock pessimism              0.252    -0.592    
                         clock uncertainty            0.065    -0.527    
    SLICE_X112Y72        FDPE (Remov_fdpe_C_PRE)     -0.124    -0.651    <hidden>
  -------------------------------------------------------------------
                         required time                          0.651    
                         arrival time                          -0.266    
  -------------------------------------------------------------------
                         slack                                  0.386    





---------------------------------------------------------------------------------------------------
Path Group:  **async_default**
From Clock:  clk_out2_npu_system_clk_wiz_0_0_1
  To Clock:  clk_out2_npu_system_clk_wiz_0_0_1

Setup :            0  Failing Endpoints,  Worst Slack        3.252ns,  Total Violation        0.000ns
Hold  :            0  Failing Endpoints,  Worst Slack        0.451ns,  Total Violation        0.000ns
---------------------------------------------------------------------------------------------------


Max Delay Paths
--------------------------------------------------------------------------------------
Slack (MET) :             3.252ns  (required time - arrival time)
  Source:                 <hidden>
                            (rising edge-triggered cell FDPE clocked by clk_out2_npu_system_clk_wiz_0_0_1  {rise@0.000ns fall@2.500ns period=5.000ns})
  Destination:            <hidden>
                            (recovery check against rising-edge clock clk_out2_npu_system_clk_wiz_0_0_1  {rise@0.000ns fall@2.500ns period=5.000ns})
  Path Group:             **async_default**
  Path Type:              Recovery (Max at Slow Process Corner)
  Requirement:            5.000ns  (clk_out2_npu_system_clk_wiz_0_0_1 rise@5.000ns - clk_out2_npu_system_clk_wiz_0_0_1 rise@0.000ns)
  Data Path Delay:        1.133ns  (logic 0.478ns (42.186%)  route 0.655ns (57.814%))
  Logic Levels:           0  
  Clock Path Skew:        -0.060ns (DCD - SCD + CPR)
    Destination Clock Delay (DCD):    -1.500ns = ( 3.500 - 5.000 ) 
    Source Clock Delay      (SCD):    -0.873ns
    Clock Pessimism Removal (CPR):    0.567ns
  Clock Uncertainty:      0.065ns  ((TSJ^2 + DJ^2)^1/2) / 2 + PE
    Total System Jitter     (TSJ):    0.071ns
    Discrete Jitter          (DJ):    0.108ns
    Phase Error              (PE):    0.000ns

    Location             Delay type                Incr(ns)  Path(ns)    Netlist Resource(s)
  -------------------------------------------------------------------    -------------------
                         (clock clk_out2_npu_system_clk_wiz_0_0_1 rise edge)
                                                      0.000     0.000 r  
    H16                                               0.000     0.000 r  sysclk (IN)
                         net (fo=0)                   0.000     0.000    npu_system_i/clk_wiz_0/inst/clk_in1
    H16                  IBUF (Prop_ibuf_I_O)         1.451     1.451 r  npu_system_i/clk_wiz_0/inst/clkin1_ibufg/O
                         net (fo=1, routed)           1.285     2.736    npu_system_i/clk_wiz_0/inst/clk_in1_npu_system_clk_wiz_0_0
    MMCME2_ADV_X1Y2      MMCME2_ADV (Prop_mmcme2_adv_CLKIN1_CLKOUT1)
                                                     -7.759    -5.023 r  npu_system_i/clk_wiz_0/inst/mmcm_adv_inst/CLKOUT1
                         net (fo=1, routed)           2.206    -2.817    npu_system_i/clk_wiz_0/inst/clk_out2_npu_system_clk_wiz_0_0
    BUFGCTRL_X0Y16       BUFG (Prop_bufg_I_O)         0.101    -2.716 r  npu_system_i/clk_wiz_0/inst/clkout2_buf/O
                         net (fo=158, routed)         1.843    -0.873    <hidden>
    SLICE_X108Y75        FDPE                                         r  <hidden>
  -------------------------------------------------------------------    -------------------
    SLICE_X108Y75        FDPE (Prop_fdpe_C_Q)         0.478    -0.395 f  <hidden>
                         net (fo=1, routed)           0.655     0.260    <hidden>
    SLICE_X108Y72        FDCE                                         f  <hidden>
  -------------------------------------------------------------------    -------------------

                         (clock clk_out2_npu_system_clk_wiz_0_0_1 rise edge)
                                                      5.000     5.000 r  
    H16                                               0.000     5.000 r  sysclk (IN)
                         net (fo=0)                   0.000     5.000    npu_system_i/clk_wiz_0/inst/clk_in1
    H16                  IBUF (Prop_ibuf_I_O)         1.380     6.380 r  npu_system_i/clk_wiz_0/inst/clkin1_ibufg/O
                         net (fo=1, routed)           1.162     7.542    npu_system_i/clk_wiz_0/inst/clk_in1_npu_system_clk_wiz_0_0
    MMCME2_ADV_X1Y2      MMCME2_ADV (Prop_mmcme2_adv_CLKIN1_CLKOUT1)
                                                     -7.814    -0.272 r  npu_system_i/clk_wiz_0/inst/mmcm_adv_inst/CLKOUT1
                         net (fo=1, routed)           2.012     1.740    npu_system_i/clk_wiz_0/inst/clk_out2_npu_system_clk_wiz_0_0
    BUFGCTRL_X0Y16       BUFG (Prop_bufg_I_O)         0.091     1.831 r  npu_system_i/clk_wiz_0/inst/clkout2_buf/O
                         net (fo=158, routed)         1.669     3.500    <hidden>
    SLICE_X108Y72        FDCE                                         r  <hidden>
                         clock pessimism              0.567     4.067    
                         clock uncertainty           -0.065     4.002    
    SLICE_X108Y72        FDCE (Recov_fdce_C_CLR)     -0.490     3.512    <hidden>
  -------------------------------------------------------------------
                         required time                          3.512    
                         arrival time                          -0.260    
  -------------------------------------------------------------------
                         slack                                  3.252    





Min Delay Paths
--------------------------------------------------------------------------------------
Slack (MET) :             0.451ns  (arrival time - required time)
  Source:                 <hidden>
                            (rising edge-triggered cell FDPE clocked by clk_out2_npu_system_clk_wiz_0_0_1  {rise@0.000ns fall@2.500ns period=5.000ns})
  Destination:            <hidden>
                            (removal check against rising-edge clock clk_out2_npu_system_clk_wiz_0_0_1  {rise@0.000ns fall@2.500ns period=5.000ns})
  Path Group:             **async_default**
  Path Type:              Removal (Min at Fast Process Corner)
  Requirement:            0.000ns  (clk_out2_npu_system_clk_wiz_0_0_1 rise@0.000ns - clk_out2_npu_system_clk_wiz_0_0_1 rise@0.000ns)
  Data Path Delay:        0.342ns  (logic 0.148ns (43.310%)  route 0.194ns (56.690%))
  Logic Levels:           0  
  Clock Path Skew:        0.015ns (DCD - SCD - CPR)
    Destination Clock Delay (DCD):    -0.845ns
    Source Clock Delay      (SCD):    -0.607ns
    Clock Pessimism Removal (CPR):    -0.252ns

    Location             Delay type                Incr(ns)  Path(ns)    Netlist Resource(s)
  -------------------------------------------------------------------    -------------------
                         (clock clk_out2_npu_system_clk_wiz_0_0_1 rise edge)
                                                      0.000     0.000 r  
    H16                                               0.000     0.000 r  sysclk (IN)
                         net (fo=0)                   0.000     0.000    npu_system_i/clk_wiz_0/inst/clk_in1
    H16                  IBUF (Prop_ibuf_I_O)         0.219     0.219 r  npu_system_i/clk_wiz_0/inst/clkin1_ibufg/O
                         net (fo=1, routed)           0.440     0.659    npu_system_i/clk_wiz_0/inst/clk_in1_npu_system_clk_wiz_0_0
    MMCME2_ADV_X1Y2      MMCME2_ADV (Prop_mmcme2_adv_CLKIN1_CLKOUT1)
                                                     -2.613    -1.954 r  npu_system_i/clk_wiz_0/inst/mmcm_adv_inst/CLKOUT1
                         net (fo=1, routed)           0.696    -1.257    npu_system_i/clk_wiz_0/inst/clk_out2_npu_system_clk_wiz_0_0
    BUFGCTRL_X0Y16       BUFG (Prop_bufg_I_O)         0.026    -1.231 r  npu_system_i/clk_wiz_0/inst/clkout2_buf/O
                         net (fo=158, routed)         0.624    -0.607    <hidden>
    SLICE_X112Y73        FDPE                                         r  <hidden>
  -------------------------------------------------------------------    -------------------
    SLICE_X112Y73        FDPE (Prop_fdpe_C_Q)         0.148    -0.459 f  <hidden>
                         net (fo=8, routed)           0.194    -0.266    <hidden>
    SLICE_X112Y72        FDPE                                         f  <hidden>
  -------------------------------------------------------------------    -------------------

                         (clock clk_out2_npu_system_clk_wiz_0_0_1 rise edge)
                                                      0.000     0.000 r  
    H16                                               0.000     0.000 r  sysclk (IN)
                         net (fo=0)                   0.000     0.000    npu_system_i/clk_wiz_0/inst/clk_in1
    H16                  IBUF (Prop_ibuf_I_O)         0.406     0.406 r  npu_system_i/clk_wiz_0/inst/clkin1_ibufg/O
                         net (fo=1, routed)           0.480     0.886    npu_system_i/clk_wiz_0/inst/clk_in1_npu_system_clk_wiz_0_0
    MMCME2_ADV_X1Y2      MMCME2_ADV (Prop_mmcme2_adv_CLKIN1_CLKOUT1)
                                                     -3.407    -2.521 r  npu_system_i/clk_wiz_0/inst/mmcm_adv_inst/CLKOUT1
                         net (fo=1, routed)           0.752    -1.769    npu_system_i/clk_wiz_0/inst/clk_out2_npu_system_clk_wiz_0_0
    BUFGCTRL_X0Y16       BUFG (Prop_bufg_I_O)         0.029    -1.740 r  npu_system_i/clk_wiz_0/inst/clkout2_buf/O
                         net (fo=158, routed)         0.895    -0.845    <hidden>
    SLICE_X112Y72        FDPE                                         r  <hidden>
                         clock pessimism              0.252    -0.592    
    SLICE_X112Y72        FDPE (Remov_fdpe_C_PRE)     -0.124    -0.716    <hidden>
  -------------------------------------------------------------------
                         required time                          0.716    
                         arrival time                          -0.266    
  -------------------------------------------------------------------
                         slack                                  0.451    





---------------------------------------------------------------------------------------------------
Path Group:  **default**
From Clock:  clk_out1_npu_system_clk_wiz_0_0
  To Clock:  

Setup :            0  Failing Endpoints,  Worst Slack        6.634ns,  Total Violation        0.000ns
Hold  :           NA  Failing Endpoints,  Worst Slack           NA  ,  Total Violation           NA
---------------------------------------------------------------------------------------------------


Max Delay Paths
--------------------------------------------------------------------------------------
Slack (MET) :             6.634ns  (required time - arrival time)
  Source:                 npu_system_i/vid_out/inst/COUPLER_INST/generate_async_fifo.FIFO_INST/XPM_FIFO_ASYNC_INST/gnuram_async_fifo.xpm_fifo_base_inst/gen_cdc_pntr.wr_pntr_cdc_dc_inst/src_gray_ff_reg[7]/C
                            (rising edge-triggered cell FDRE clocked by clk_out1_npu_system_clk_wiz_0_0  {rise@0.000ns fall@4.000ns period=8.000ns})
  Destination:            npu_system_i/vid_out/inst/COUPLER_INST/generate_async_fifo.FIFO_INST/XPM_FIFO_ASYNC_INST/gnuram_async_fifo.xpm_fifo_base_inst/gen_cdc_pntr.wr_pntr_cdc_dc_inst/dest_graysync_ff_reg[0][7]/D
  Path Group:             **default**
  Path Type:              Setup (Max at Slow Process Corner)
  Requirement:            8.000ns  (MaxDelay Path 8.000ns)
  Data Path Delay:        1.145ns  (logic 0.478ns (41.763%)  route 0.667ns (58.237%))
  Logic Levels:           0  
  Timing Exception:       MaxDelay Path 8.000ns -datapath_only

    Location             Delay type                Incr(ns)  Path(ns)    Netlist Resource(s)
  -------------------------------------------------------------------    -------------------
    SLICE_X34Y62                                      0.000     0.000 r  npu_system_i/vid_out/inst/COUPLER_INST/generate_async_fifo.FIFO_INST/XPM_FIFO_ASYNC_INST/gnuram_async_fifo.xpm_fifo_base_inst/gen_cdc_pntr.wr_pntr_cdc_dc_inst/src_gray_ff_reg[7]/C
    SLICE_X34Y62         FDRE (Prop_fdre_C_Q)         0.478     0.478 r  npu_system_i/vid_out/inst/COUPLER_INST/generate_async_fifo.FIFO_INST/XPM_FIFO_ASYNC_INST/gnuram_async_fifo.xpm_fifo_base_inst/gen_cdc_pntr.wr_pntr_cdc_dc_inst/src_gray_ff_reg[7]/Q
                         net (fo=1, routed)           0.667     1.145    npu_system_i/vid_out/inst/COUPLER_INST/generate_async_fifo.FIFO_INST/XPM_FIFO_ASYNC_INST/gnuram_async_fifo.xpm_fifo_base_inst/gen_cdc_pntr.wr_pntr_cdc_dc_inst/async_path[7]
    SLICE_X34Y68         FDRE                                         r  npu_system_i/vid_out/inst/COUPLER_INST/generate_async_fifo.FIFO_INST/XPM_FIFO_ASYNC_INST/gnuram_async_fifo.xpm_fifo_base_inst/gen_cdc_pntr.wr_pntr_cdc_dc_inst/dest_graysync_ff_reg[0][7]/D
  -------------------------------------------------------------------    -------------------

                         max delay                    8.000     8.000    
    SLICE_X34Y68         FDRE (Setup_fdre_C_D)       -0.221     7.779    npu_system_i/vid_out/inst/COUPLER_INST/generate_async_fifo.FIFO_INST/XPM_FIFO_ASYNC_INST/gnuram_async_fifo.xpm_fifo_base_inst/gen_cdc_pntr.wr_pntr_cdc_dc_inst/dest_graysync_ff_reg[0][7]
  -------------------------------------------------------------------
                         required time                          7.779    
                         arrival time                          -1.145    
  -------------------------------------------------------------------
                         slack                                  6.634    





---------------------------------------------------------------------------------------------------
Path Group:  **default**
From Clock:  clk_out1_npu_system_clk_wiz_0_0_1
  To Clock:  

Setup :            0  Failing Endpoints,  Worst Slack        6.634ns,  Total Violation        0.000ns
Hold  :           NA  Failing Endpoints,  Worst Slack           NA  ,  Total Violation           NA
---------------------------------------------------------------------------------------------------


Max Delay Paths
--------------------------------------------------------------------------------------
Slack (MET) :             6.634ns  (required time - arrival time)
  Source:                 npu_system_i/vid_out/inst/COUPLER_INST/generate_async_fifo.FIFO_INST/XPM_FIFO_ASYNC_INST/gnuram_async_fifo.xpm_fifo_base_inst/gen_cdc_pntr.wr_pntr_cdc_dc_inst/src_gray_ff_reg[7]/C
                            (rising edge-triggered cell FDRE clocked by clk_out1_npu_system_clk_wiz_0_0_1  {rise@0.000ns fall@4.000ns period=8.000ns})
  Destination:            npu_system_i/vid_out/inst/COUPLER_INST/generate_async_fifo.FIFO_INST/XPM_FIFO_ASYNC_INST/gnuram_async_fifo.xpm_fifo_base_inst/gen_cdc_pntr.wr_pntr_cdc_dc_inst/dest_graysync_ff_reg[0][7]/D
  Path Group:             **default**
  Path Type:              Setup (Max at Slow Process Corner)
  Requirement:            8.000ns  (MaxDelay Path 8.000ns)
  Data Path Delay:        1.145ns  (logic 0.478ns (41.763%)  route 0.667ns (58.237%))
  Logic Levels:           0  
  Timing Exception:       MaxDelay Path 8.000ns -datapath_only

    Location             Delay type                Incr(ns)  Path(ns)    Netlist Resource(s)
  -------------------------------------------------------------------    -------------------
    SLICE_X34Y62                                      0.000     0.000 r  npu_system_i/vid_out/inst/COUPLER_INST/generate_async_fifo.FIFO_INST/XPM_FIFO_ASYNC_INST/gnuram_async_fifo.xpm_fifo_base_inst/gen_cdc_pntr.wr_pntr_cdc_dc_inst/src_gray_ff_reg[7]/C
    SLICE_X34Y62         FDRE (Prop_fdre_C_Q)         0.478     0.478 r  npu_system_i/vid_out/inst/COUPLER_INST/generate_async_fifo.FIFO_INST/XPM_FIFO_ASYNC_INST/gnuram_async_fifo.xpm_fifo_base_inst/gen_cdc_pntr.wr_pntr_cdc_dc_inst/src_gray_ff_reg[7]/Q
                         net (fo=1, routed)           0.667     1.145    npu_system_i/vid_out/inst/COUPLER_INST/generate_async_fifo.FIFO_INST/XPM_FIFO_ASYNC_INST/gnuram_async_fifo.xpm_fifo_base_inst/gen_cdc_pntr.wr_pntr_cdc_dc_inst/async_path[7]
    SLICE_X34Y68         FDRE                                         r  npu_system_i/vid_out/inst/COUPLER_INST/generate_async_fifo.FIFO_INST/XPM_FIFO_ASYNC_INST/gnuram_async_fifo.xpm_fifo_base_inst/gen_cdc_pntr.wr_pntr_cdc_dc_inst/dest_graysync_ff_reg[0][7]/D
  -------------------------------------------------------------------    -------------------

                         max delay                    8.000     8.000    
    SLICE_X34Y68         FDRE (Setup_fdre_C_D)       -0.221     7.779    npu_system_i/vid_out/inst/COUPLER_INST/generate_async_fifo.FIFO_INST/XPM_FIFO_ASYNC_INST/gnuram_async_fifo.xpm_fifo_base_inst/gen_cdc_pntr.wr_pntr_cdc_dc_inst/dest_graysync_ff_reg[0][7]
  -------------------------------------------------------------------
                         required time                          7.779    
                         arrival time                          -1.145    
  -------------------------------------------------------------------
                         slack                                  6.634    





