Copyright 1986-2022 Xilinx, Inc. All Rights Reserved. Copyright 2022-2025 Advanced Micro Devices, Inc. All Rights Reserved.
---------------------------------------------------------------------------------------------------------------------------------------------
| Tool Version : Vivado v.2025.1 (win64) Build 6140274 Thu May 22 00:12:29 MDT 2025
| Date         : Thu Aug  6 01:29:05 2026
| Host         : TMP215-54 running 64-bit major release  (build 9200)
| Command      : report_timing_summary -max_paths 20 -file 04_Synthesis/reports/timing_summary.rpt
| Design       : tinynpu_top
| Device       : 7z020-clg400
| Speed File   : -1  PRODUCTION 1.12 2019-11-22
| Design State : Routed
---------------------------------------------------------------------------------------------------------------------------------------------

Timing Summary Report

------------------------------------------------------------------------------------------------
| Timer Settings
| --------------
------------------------------------------------------------------------------------------------

  Enable Multi Corner Analysis               :  Yes
  Enable Pessimism Removal                   :  Yes
  Pessimism Removal Resolution               :  Nearest Common Node
  Enable Input Delay Default Clock           :  No
  Enable Preset / Clear Arcs                 :  No
  Disable Flight Delays                      :  No
  Ignore I/O Paths                           :  No
  Timing Early Launch at Borrowing Latches   :  No
  Borrow Time for Max Delay Exceptions       :  Yes
  Merge Timing Exceptions                    :  Yes
  Inter-SLR Compensation                     :  Conservative

  Corner  Analyze    Analyze    
  Name    Max Paths  Min Paths  
  ------  ---------  ---------  
  Slow    Yes        Yes        
  Fast    Yes        Yes        


------------------------------------------------------------------------------------------------
| Report Methodology
| ------------------
------------------------------------------------------------------------------------------------

No report available as report_methodology has not been run prior. Run report_methodology on the current design for the summary of methodology violations.



check_timing report

Table of Contents
-----------------
1. checking no_clock (0)
2. checking constant_clock (0)
3. checking pulse_width_clock (0)
4. checking unconstrained_internal_endpoints (0)
5. checking no_input_delay (5)
6. checking no_output_delay (1)
7. checking multiple_clock (0)
8. checking generated_clocks (0)
9. checking loops (0)
10. checking partial_input_delay (0)
11. checking partial_output_delay (0)
12. checking latch_loops (0)

1. checking no_clock (0)
------------------------
 There are 0 register/latch pins with no clock.


2. checking constant_clock (0)
------------------------------
 There are 0 register/latch pins with constant_clock.


3. checking pulse_width_clock (0)
---------------------------------
 There are 0 register/latch pins which need pulse_width check


4. checking unconstrained_internal_endpoints (0)
------------------------------------------------
 There are 0 pins that are not constrained for maximum delay.

 There are 0 pins that are not constrained for maximum delay due to constant clock.


5. checking no_input_delay (5)
------------------------------
 There are 4 input ports with no input delay specified. (HIGH)

 There is 1 input port with no input delay but user has a false path constraint. (MEDIUM)


6. checking no_output_delay (1)
-------------------------------
 There is 1 port with no output delay specified. (HIGH)

 There are 0 ports with no output delay but user has a false path constraint

 There are 0 ports with no output delay but with a timing clock defined on it or propagating through it


7. checking multiple_clock (0)
------------------------------
 There are 0 register/latch pins with multiple clocks.


8. checking generated_clocks (0)
--------------------------------
 There are 0 generated clocks that are not connected to a clock source.


9. checking loops (0)
---------------------
 There are 0 combinational loops in the design.


10. checking partial_input_delay (0)
------------------------------------
 There are 0 input ports with partial input delay specified.


11. checking partial_output_delay (0)
-------------------------------------
 There are 0 ports with partial output delay specified.


12. checking latch_loops (0)
----------------------------
 There are 0 combinational latch loops in the design through latch input



------------------------------------------------------------------------------------------------
| Design Timing Summary
| ---------------------
------------------------------------------------------------------------------------------------

    WNS(ns)      TNS(ns)  TNS Failing Endpoints  TNS Total Endpoints      WHS(ns)      THS(ns)  THS Failing Endpoints  THS Total Endpoints     WPWS(ns)     TPWS(ns)  TPWS Failing Endpoints  TPWS Total Endpoints  
    -------      -------  ---------------------  -------------------      -------      -------  ---------------------  -------------------     --------     --------  ----------------------  --------------------  
     -0.408       -2.948                     30                49213       -1.166      -10.449                     47                49213        3.750        0.000                       0                 18733  


Timing constraints are not met.


------------------------------------------------------------------------------------------------
| Clock Summary
| -------------
------------------------------------------------------------------------------------------------

Clock  Waveform(ns)       Period(ns)      Frequency(MHz)
-----  ------------       ----------      --------------
clk    {0.000 5.000}      10.000          100.000         


------------------------------------------------------------------------------------------------
| Intra Clock Table
| -----------------
------------------------------------------------------------------------------------------------

Clock             WNS(ns)      TNS(ns)  TNS Failing Endpoints  TNS Total Endpoints      WHS(ns)      THS(ns)  THS Failing Endpoints  THS Total Endpoints     WPWS(ns)     TPWS(ns)  TPWS Failing Endpoints  TPWS Total Endpoints  
-----             -------      -------  ---------------------  -------------------      -------      -------  ---------------------  -------------------     --------     --------  ----------------------  --------------------  
clk                -0.408       -2.948                     30                49213       -1.166      -10.449                     47                49213        3.750        0.000                       0                 18733  


------------------------------------------------------------------------------------------------
| Inter Clock Table
| -----------------
------------------------------------------------------------------------------------------------

From Clock    To Clock          WNS(ns)      TNS(ns)  TNS Failing Endpoints  TNS Total Endpoints      WHS(ns)      THS(ns)  THS Failing Endpoints  THS Total Endpoints  
----------    --------          -------      -------  ---------------------  -------------------      -------      -------  ---------------------  -------------------  


------------------------------------------------------------------------------------------------
| Other Path Groups Table
| -----------------------
------------------------------------------------------------------------------------------------

Path Group    From Clock    To Clock          WNS(ns)      TNS(ns)  TNS Failing Endpoints  TNS Total Endpoints      WHS(ns)      THS(ns)  THS Failing Endpoints  THS Total Endpoints  
----------    ----------    --------          -------      -------  ---------------------  -------------------      -------      -------  ---------------------  -------------------  


------------------------------------------------------------------------------------------------
| Timing Details
| --------------
------------------------------------------------------------------------------------------------


---------------------------------------------------------------------------------------------------
From Clock:  clk
  To Clock:  clk

Setup :           30  Failing Endpoints,  Worst Slack       -0.408ns,  Total Violation       -2.948ns
Hold  :           47  Failing Endpoints,  Worst Slack       -1.166ns,  Total Violation      -10.449ns
PW    :            0  Failing Endpoints,  Worst Slack        3.750ns,  Total Violation        0.000ns
---------------------------------------------------------------------------------------------------


Max Delay Paths
--------------------------------------------------------------------------------------
Slack (VIOLATED) :        -0.408ns  (required time - arrival time)
  Source:                 u_requant/n_shift_s1b_reg[7][2]/C
                            (rising edge-triggered cell FDRE clocked by clk  {rise@0.000ns fall@5.000ns period=10.000ns})
  Destination:            u_requant/shifted_result_reg[1][7]/D
                            (rising edge-triggered cell FDRE clocked by clk  {rise@0.000ns fall@5.000ns period=10.000ns})
  Path Group:             clk
  Path Type:              Setup (Max at Slow Process Corner)
  Requirement:            10.000ns  (clk rise@10.000ns - clk rise@0.000ns)
  Data Path Delay:        9.997ns  (logic 4.338ns (43.395%)  route 5.659ns (56.605%))
  Logic Levels:           25  (CARRY4=17 LUT3=3 LUT4=1 LUT5=3 LUT6=1)
  Clock Path Skew:        -0.408ns (DCD - SCD + CPR)
    Destination Clock Delay (DCD):    3.369ns = ( 13.369 - 10.000 ) 
    Source Clock Delay      (SCD):    3.850ns
    Clock Pessimism Removal (CPR):    0.073ns
  Clock Uncertainty:      0.035ns  ((TSJ^2 + TIJ^2)^1/2 + DJ) / 2 + PE
    Total System Jitter     (TSJ):    0.071ns
    Total Input Jitter      (TIJ):    0.000ns
    Discrete Jitter          (DJ):    0.000ns
    Phase Error              (PE):    0.000ns

    Location             Delay type                Incr(ns)  Path(ns)    Netlist Resource(s)
  -------------------------------------------------------------------    -------------------
                         (clock clk rise edge)        0.000     0.000 r  
                                                      0.000     0.000 r  clk (IN)
                         net (fo=2808, unset)         0.973     0.973    u_icg_compute/clk
    SLICE_X39Y56         LUT2 (Prop_lut2_I0_O)        0.124     1.097 r  u_icg_compute/row_d1[7][0][7]_i_2/O
                         net (fo=15740, routed)       2.753     3.850    u_requant/clk_compute
    SLICE_X65Y101        FDRE                                         r  u_requant/n_shift_s1b_reg[7][2]/C
  -------------------------------------------------------------------    -------------------
    SLICE_X65Y101        FDRE (Prop_fdre_C_Q)         0.456     4.306 r  u_requant/n_shift_s1b_reg[7][2]/Q
                         net (fo=566, routed)         0.961     5.267    u_requant/n_shift_s1b_reg[7]_1[2]
    SLICE_X64Y101        LUT3 (Prop_lut3_I0_O)        0.124     5.391 r  u_requant/shifted_result[0][32]_i_10/O
                         net (fo=52, routed)          0.371     5.762    u_requant/shifted_result[0][32]_i_10_n_0
    SLICE_X64Y100        LUT4 (Prop_lut4_I2_O)        0.124     5.886 r  u_requant/shifted_result[0][7]_i_12/O
                         net (fo=48, routed)          1.008     6.894    u_requant/shifted_result[0][7]_i_12_n_0
    SLICE_X54Y92         LUT5 (Prop_lut5_I1_O)        0.124     7.018 r  u_requant/shifted_result[1][3]_i_9/O
                         net (fo=1, routed)           0.000     7.018    u_requant/shifted_result[1][3]_i_9_n_0
    SLICE_X54Y92         CARRY4 (Prop_carry4_S[0]_CO[3])
                                                      0.513     7.531 r  u_requant/shifted_result_reg[1][3]_i_5/CO[3]
                         net (fo=1, routed)           0.000     7.531    u_requant/shifted_result_reg[1][3]_i_5_n_0
    SLICE_X54Y93         CARRY4 (Prop_carry4_CI_CO[3])
                                                      0.117     7.648 r  u_requant/shifted_result_reg[1][7]_i_7/CO[3]
                         net (fo=1, routed)           0.000     7.648    u_requant/shifted_result_reg[1][7]_i_7_n_0
    SLICE_X54Y94         CARRY4 (Prop_carry4_CI_CO[3])
                                                      0.117     7.765 r  u_requant/shifted_result_reg[1][10]_i_5/CO[3]
                         net (fo=1, routed)           0.000     7.765    u_requant/shifted_result_reg[1][10]_i_5_n_0
    SLICE_X54Y95         CARRY4 (Prop_carry4_CI_CO[3])
                                                      0.117     7.882 r  u_requant/shifted_result_reg[1][15]_i_5/CO[3]
                         net (fo=1, routed)           0.000     7.882    u_requant/shifted_result_reg[1][15]_i_5_n_0
    SLICE_X54Y96         CARRY4 (Prop_carry4_CI_CO[3])
                                                      0.117     7.999 r  u_requant/shifted_result_reg[1][19]_i_9/CO[3]
                         net (fo=1, routed)           0.000     7.999    u_requant/shifted_result_reg[1][19]_i_9_n_0
    SLICE_X54Y97         CARRY4 (Prop_carry4_CI_CO[3])
                                                      0.117     8.116 r  u_requant/shifted_result_reg[1][23]_i_10/CO[3]
                         net (fo=1, routed)           0.000     8.116    u_requant/shifted_result_reg[1][23]_i_10_n_0
    SLICE_X54Y98         CARRY4 (Prop_carry4_CI_CO[3])
                                                      0.117     8.233 r  u_requant/shifted_result_reg[1][27]_i_10/CO[3]
                         net (fo=1, routed)           0.000     8.233    u_requant/shifted_result_reg[1][27]_i_10_n_0
    SLICE_X54Y99         CARRY4 (Prop_carry4_CI_CO[3])
                                                      0.117     8.350 r  u_requant/shifted_result_reg[1][31]_i_10/CO[3]
                         net (fo=1, routed)           0.001     8.350    u_requant/shifted_result_reg[1][31]_i_10_n_0
    SLICE_X54Y100        CARRY4 (Prop_carry4_CI_CO[3])
                                                      0.117     8.467 r  u_requant/shifted_result_reg[1][32]_i_33/CO[3]
                         net (fo=1, routed)           0.000     8.467    u_requant/shifted_result_reg[1][32]_i_33_n_0
    SLICE_X54Y101        CARRY4 (Prop_carry4_CI_CO[3])
                                                      0.117     8.584 r  u_requant/shifted_result_reg[1][32]_i_37/CO[3]
                         net (fo=1, routed)           0.000     8.584    u_requant/shifted_result_reg[1][32]_i_37_n_0
    SLICE_X54Y102        CARRY4 (Prop_carry4_CI_CO[3])
                                                      0.117     8.701 r  u_requant/shifted_result_reg[1][32]_i_31/CO[3]
                         net (fo=1, routed)           0.000     8.701    u_requant/shifted_result_reg[1][32]_i_31_n_0
    SLICE_X54Y103        CARRY4 (Prop_carry4_CI_CO[3])
                                                      0.117     8.818 r  u_requant/shifted_result_reg[1][32]_i_35/CO[3]
                         net (fo=1, routed)           0.000     8.818    u_requant/shifted_result_reg[1][32]_i_35_n_0
    SLICE_X54Y104        CARRY4 (Prop_carry4_CI_CO[3])
                                                      0.117     8.935 r  u_requant/shifted_result_reg[1][32]_i_32/CO[3]
                         net (fo=1, routed)           0.000     8.935    u_requant/shifted_result_reg[1][32]_i_32_n_0
    SLICE_X54Y105        CARRY4 (Prop_carry4_CI_CO[3])
                                                      0.117     9.052 r  u_requant/shifted_result_reg[1][32]_i_36/CO[3]
                         net (fo=1, routed)           0.000     9.052    u_requant/shifted_result_reg[1][32]_i_36_n_0
    SLICE_X54Y106        CARRY4 (Prop_carry4_CI_CO[3])
                                                      0.117     9.169 r  u_requant/shifted_result_reg[1][32]_i_29/CO[3]
                         net (fo=1, routed)           0.000     9.169    u_requant/shifted_result_reg[1][32]_i_29_n_0
    SLICE_X54Y107        CARRY4 (Prop_carry4_CI_CO[3])
                                                      0.117     9.286 r  u_requant/shifted_result_reg[1][32]_i_34/CO[3]
                         net (fo=1, routed)           0.000     9.286    u_requant/shifted_result_reg[1][32]_i_34_n_0
    SLICE_X54Y108        CARRY4 (Prop_carry4_CI_O[0])
                                                      0.219     9.505 r  u_requant/shifted_result_reg[1][32]_i_30/O[0]
                         net (fo=32, routed)          0.735    10.240    u_requant/shifted_result_reg[1][32]_i_30_n_7
    SLICE_X59Y103        LUT6 (Prop_lut6_I0_O)        0.295    10.535 r  u_requant/shifted_result[1][16]_i_4/O
                         net (fo=3, routed)           0.622    11.157    u_requant/shifted_result[1][16]_i_4_n_0
    SLICE_X62Y103        LUT3 (Prop_lut3_I0_O)        0.124    11.281 r  u_requant/shifted_result[1][4]_i_3/O
                         net (fo=3, routed)           0.503    11.784    u_requant/shifted_result[1][4]_i_3_n_0
    SLICE_X61Y103        LUT5 (Prop_lut5_I4_O)        0.124    11.908 r  u_requant/shifted_result[1][8]_i_3/O
                         net (fo=2, routed)           0.769    12.677    u_requant/shifted_result[1][8]_i_3_n_0
    SLICE_X60Y103        LUT3 (Prop_lut3_I2_O)        0.153    12.830 r  u_requant/shifted_result[1][8]_i_2/O
                         net (fo=2, routed)           0.690    13.519    u_requant/shifted_result[1][8]_i_2_n_0
    SLICE_X60Y103        LUT5 (Prop_lut5_I2_O)        0.327    13.846 r  u_requant/shifted_result[1][7]_i_1/O
                         net (fo=1, routed)           0.000    13.846    u_requant/shifted_result[1][7]_i_1_n_0
    SLICE_X60Y103        FDRE                                         r  u_requant/shifted_result_reg[1][7]/D
  -------------------------------------------------------------------    -------------------

                         (clock clk rise edge)       10.000    10.000 r  
                                                      0.000    10.000 r  clk (IN)
                         net (fo=2808, unset)         0.924    10.924    u_icg_compute/clk
    SLICE_X39Y56         LUT2 (Prop_lut2_I0_O)        0.100    11.024 r  u_icg_compute/row_d1[7][0][7]_i_2/O
                         net (fo=15740, routed)       2.345    13.369    u_requant/clk_compute
    SLICE_X60Y103        FDRE                                         r  u_requant/shifted_result_reg[1][7]/C
                         clock pessimism              0.073    13.442    
                         clock uncertainty           -0.035    13.407    
    SLICE_X60Y103        FDRE (Setup_fdre_C_D)        0.032    13.439    u_requant/shifted_result_reg[1][7]
  -------------------------------------------------------------------
                         required time                         13.439    
                         arrival time                         -13.846    
  -------------------------------------------------------------------
                         slack                                 -0.408    

Slack (VIOLATED) :        -0.199ns  (required time - arrival time)
  Source:                 u_requant/n_shift_s1b_reg[7][2]/C
                            (rising edge-triggered cell FDRE clocked by clk  {rise@0.000ns fall@5.000ns period=10.000ns})
  Destination:            u_requant/shifted_result_reg[7][0]/D
                            (rising edge-triggered cell FDRE clocked by clk  {rise@0.000ns fall@5.000ns period=10.000ns})
  Path Group:             clk
  Path Type:              Setup (Max at Slow Process Corner)
  Requirement:            10.000ns  (clk rise@10.000ns - clk rise@0.000ns)
  Data Path Delay:        9.857ns  (logic 4.076ns (41.352%)  route 5.781ns (58.648%))
  Logic Levels:           24  (CARRY4=16 LUT3=3 LUT4=1 LUT5=3 LUT6=1)
  Clock Path Skew:        -0.384ns (DCD - SCD + CPR)
    Destination Clock Delay (DCD):    3.393ns = ( 13.393 - 10.000 ) 
    Source Clock Delay      (SCD):    3.850ns
    Clock Pessimism Removal (CPR):    0.073ns
  Clock Uncertainty:      0.035ns  ((TSJ^2 + TIJ^2)^1/2 + DJ) / 2 + PE
    Total System Jitter     (TSJ):    0.071ns
    Total Input Jitter      (TIJ):    0.000ns
    Discrete Jitter          (DJ):    0.000ns
    Phase Error              (PE):    0.000ns

    Location             Delay type                Incr(ns)  Path(ns)    Netlist Resource(s)
  -------------------------------------------------------------------    -------------------
                         (clock clk rise edge)        0.000     0.000 r  
                                                      0.000     0.000 r  clk (IN)
                         net (fo=2808, unset)         0.973     0.973    u_icg_compute/clk
    SLICE_X39Y56         LUT2 (Prop_lut2_I0_O)        0.124     1.097 r  u_icg_compute/row_d1[7][0][7]_i_2/O
                         net (fo=15740, routed)       2.753     3.850    u_requant/clk_compute
    SLICE_X65Y101        FDRE                                         r  u_requant/n_shift_s1b_reg[7][2]/C
  -------------------------------------------------------------------    -------------------
    SLICE_X65Y101        FDRE (Prop_fdre_C_Q)         0.456     4.306 r  u_requant/n_shift_s1b_reg[7][2]/Q
                         net (fo=566, routed)         0.961     5.267    u_requant/n_shift_s1b_reg[7]_1[2]
    SLICE_X64Y101        LUT3 (Prop_lut3_I0_O)        0.124     5.391 r  u_requant/shifted_result[0][32]_i_10/O
                         net (fo=52, routed)          0.371     5.762    u_requant/shifted_result[0][32]_i_10_n_0
    SLICE_X64Y100        LUT4 (Prop_lut4_I2_O)        0.124     5.886 r  u_requant/shifted_result[0][7]_i_12/O
                         net (fo=48, routed)          1.315     7.201    u_requant/shifted_result[0][7]_i_12_n_0
    SLICE_X53Y108        LUT5 (Prop_lut5_I1_O)        0.124     7.325 r  u_requant/shifted_result[7][3]_i_6/O
                         net (fo=1, routed)           0.000     7.325    u_requant/shifted_result[7][3]_i_6_n_0
    SLICE_X53Y108        CARRY4 (Prop_carry4_S[3]_CO[3])
                                                      0.401     7.726 r  u_requant/shifted_result_reg[7][3]_i_5/CO[3]
                         net (fo=1, routed)           0.000     7.726    u_requant/shifted_result_reg[7][3]_i_5_n_0
    SLICE_X53Y109        CARRY4 (Prop_carry4_CI_CO[3])
                                                      0.114     7.840 r  u_requant/shifted_result_reg[7][7]_i_8/CO[3]
                         net (fo=1, routed)           0.000     7.840    u_requant/shifted_result_reg[7][7]_i_8_n_0
    SLICE_X53Y110        CARRY4 (Prop_carry4_CI_CO[3])
                                                      0.114     7.954 r  u_requant/shifted_result_reg[7][7]_i_7/CO[3]
                         net (fo=1, routed)           0.000     7.954    u_requant/shifted_result_reg[7][7]_i_7_n_0
    SLICE_X53Y111        CARRY4 (Prop_carry4_CI_CO[3])
                                                      0.114     8.068 r  u_requant/shifted_result_reg[7][15]_i_5/CO[3]
                         net (fo=1, routed)           0.000     8.068    u_requant/shifted_result_reg[7][15]_i_5_n_0
    SLICE_X53Y112        CARRY4 (Prop_carry4_CI_CO[3])
                                                      0.114     8.182 r  u_requant/shifted_result_reg[7][19]_i_9/CO[3]
                         net (fo=1, routed)           0.000     8.182    u_requant/shifted_result_reg[7][19]_i_9_n_0
    SLICE_X53Y113        CARRY4 (Prop_carry4_CI_CO[3])
                                                      0.114     8.296 r  u_requant/shifted_result_reg[7][23]_i_10/CO[3]
                         net (fo=1, routed)           0.000     8.296    u_requant/shifted_result_reg[7][23]_i_10_n_0
    SLICE_X53Y114        CARRY4 (Prop_carry4_CI_CO[3])
                                                      0.114     8.410 r  u_requant/shifted_result_reg[7][27]_i_10/CO[3]
                         net (fo=1, routed)           0.000     8.410    u_requant/shifted_result_reg[7][27]_i_10_n_0
    SLICE_X53Y115        CARRY4 (Prop_carry4_CI_CO[3])
                                                      0.114     8.524 r  u_requant/shifted_result_reg[7][31]_i_10/CO[3]
                         net (fo=1, routed)           0.000     8.524    u_requant/shifted_result_reg[7][31]_i_10_n_0
    SLICE_X53Y116        CARRY4 (Prop_carry4_CI_CO[3])
                                                      0.114     8.638 r  u_requant/shifted_result_reg[7][32]_i_31/CO[3]
                         net (fo=1, routed)           0.000     8.638    u_requant/shifted_result_reg[7][32]_i_31_n_0
    SLICE_X53Y117        CARRY4 (Prop_carry4_CI_CO[3])
                                                      0.114     8.752 r  u_requant/shifted_result_reg[7][32]_i_35/CO[3]
                         net (fo=1, routed)           0.000     8.752    u_requant/shifted_result_reg[7][32]_i_35_n_0
    SLICE_X53Y118        CARRY4 (Prop_carry4_CI_CO[3])
                                                      0.114     8.866 r  u_requant/shifted_result_reg[7][32]_i_29/CO[3]
                         net (fo=1, routed)           0.000     8.866    u_requant/shifted_result_reg[7][32]_i_29_n_0
    SLICE_X53Y119        CARRY4 (Prop_carry4_CI_CO[3])
                                                      0.114     8.980 r  u_requant/shifted_result_reg[7][32]_i_33/CO[3]
                         net (fo=1, routed)           0.000     8.980    u_requant/shifted_result_reg[7][32]_i_33_n_0
    SLICE_X53Y120        CARRY4 (Prop_carry4_CI_CO[3])
                                                      0.114     9.094 r  u_requant/shifted_result_reg[7][32]_i_30/CO[3]
                         net (fo=1, routed)           0.000     9.094    u_requant/shifted_result_reg[7][32]_i_30_n_0
    SLICE_X53Y121        CARRY4 (Prop_carry4_CI_CO[3])
                                                      0.114     9.208 r  u_requant/shifted_result_reg[7][32]_i_34/CO[3]
                         net (fo=1, routed)           0.000     9.208    u_requant/shifted_result_reg[7][32]_i_34_n_0
    SLICE_X53Y122        CARRY4 (Prop_carry4_CI_CO[3])
                                                      0.114     9.322 r  u_requant/shifted_result_reg[7][32]_i_27/CO[3]
                         net (fo=1, routed)           0.000     9.322    u_requant/shifted_result_reg[7][32]_i_27_n_0
    SLICE_X53Y123        CARRY4 (Prop_carry4_CI_O[0])
                                                      0.222     9.544 r  u_requant/shifted_result_reg[7][32]_i_32/O[0]
                         net (fo=3, routed)           0.818    10.362    u_requant/shifted_result_reg[7][32]_i_32_n_7
    SLICE_X56Y115        LUT6 (Prop_lut6_I0_O)        0.299    10.661 r  u_requant/shifted_result[7][12]_i_4/O
                         net (fo=3, routed)           0.812    11.473    u_requant/shifted_result[7][12]_i_4_n_0
    SLICE_X56Y113        LUT3 (Prop_lut3_I0_O)        0.150    11.623 r  u_requant/shifted_result[7][4]_i_4/O
                         net (fo=3, routed)           0.456    12.079    u_requant/shifted_result[7][4]_i_4_n_0
    SLICE_X57Y114        LUT5 (Prop_lut5_I0_O)        0.332    12.411 r  u_requant/shifted_result[7][0]_i_3/O
                         net (fo=1, routed)           0.434    12.844    u_requant/shifted_result[7][0]_i_3_n_0
    SLICE_X58Y113        LUT3 (Prop_lut3_I2_O)        0.124    12.968 r  u_requant/shifted_result[7][0]_i_2/O
                         net (fo=1, routed)           0.614    13.582    u_requant/shifted_result[7][0]_i_2_n_0
    SLICE_X58Y113        LUT5 (Prop_lut5_I4_O)        0.124    13.706 r  u_requant/shifted_result[7][0]_i_1/O
                         net (fo=1, routed)           0.000    13.706    u_requant/shifted_result[7][0]_i_1_n_0
    SLICE_X58Y113        FDRE                                         r  u_requant/shifted_result_reg[7][0]/D
  -------------------------------------------------------------------    -------------------

                         (clock clk rise edge)       10.000    10.000 r  
                                                      0.000    10.000 r  clk (IN)
                         net (fo=2808, unset)         0.924    10.924    u_icg_compute/clk
    SLICE_X39Y56         LUT2 (Prop_lut2_I0_O)        0.100    11.024 r  u_icg_compute/row_d1[7][0][7]_i_2/O
                         net (fo=15740, routed)       2.368    13.393    u_requant/clk_compute
    SLICE_X58Y113        FDRE                                         r  u_requant/shifted_result_reg[7][0]/C
                         clock pessimism              0.073    13.465    
                         clock uncertainty           -0.035    13.430    
    SLICE_X58Y113        FDRE (Setup_fdre_C_D)        0.077    13.507    u_requant/shifted_result_reg[7][0]
  -------------------------------------------------------------------
                         required time                         13.507    
                         arrival time                         -13.706    
  -------------------------------------------------------------------
                         slack                                 -0.199    

Slack (VIOLATED) :        -0.199ns  (required time - arrival time)
  Source:                 u_requant/mul_result_reg[0][3]/C
                            (rising edge-triggered cell FDRE clocked by clk  {rise@0.000ns fall@5.000ns period=10.000ns})
  Destination:            u_requant/shifted_result_reg[0][10]/D
                            (rising edge-triggered cell FDRE clocked by clk  {rise@0.000ns fall@5.000ns period=10.000ns})
  Path Group:             clk
  Path Type:              Setup (Max at Slow Process Corner)
  Requirement:            10.000ns  (clk rise@10.000ns - clk rise@0.000ns)
  Data Path Delay:        9.862ns  (logic 4.404ns (44.658%)  route 5.458ns (55.342%))
  Logic Levels:           20  (CARRY4=13 LUT2=1 LUT3=2 LUT5=3 LUT6=1)
  Clock Path Skew:        -0.379ns (DCD - SCD + CPR)
    Destination Clock Delay (DCD):    3.403ns = ( 13.403 - 10.000 ) 
    Source Clock Delay      (SCD):    3.855ns
    Clock Pessimism Removal (CPR):    0.073ns
  Clock Uncertainty:      0.035ns  ((TSJ^2 + TIJ^2)^1/2 + DJ) / 2 + PE
    Total System Jitter     (TSJ):    0.071ns
    Total Input Jitter      (TIJ):    0.000ns
    Discrete Jitter          (DJ):    0.000ns
    Phase Error              (PE):    0.000ns

    Location             Delay type                Incr(ns)  Path(ns)    Netlist Resource(s)
  -------------------------------------------------------------------    -------------------
                         (clock clk rise edge)        0.000     0.000 r  
                                                      0.000     0.000 r  clk (IN)
                         net (fo=2808, unset)         0.973     0.973    u_icg_compute/clk
    SLICE_X39Y56         LUT2 (Prop_lut2_I0_O)        0.124     1.097 r  u_icg_compute/row_d1[7][0][7]_i_2/O
                         net (fo=15740, routed)       2.758     3.855    u_requant/clk_compute
    SLICE_X86Y99         FDRE                                         r  u_requant/mul_result_reg[0][3]/C
  -------------------------------------------------------------------    -------------------
    SLICE_X86Y99         FDRE (Prop_fdre_C_Q)         0.518     4.373 r  u_requant/mul_result_reg[0][3]/Q
                         net (fo=1, routed)           1.415     5.787    u_requant/mul_result_reg_n_0_[0][3]
    SLICE_X85Y99         LUT2 (Prop_lut2_I1_O)        0.124     5.911 r  u_requant/shifted_result[0][23]_i_7/O
                         net (fo=1, routed)           0.000     5.911    u_requant/shifted_result[0][23]_i_7_n_0
    SLICE_X85Y99         CARRY4 (Prop_carry4_S[0]_CO[3])
                                                      0.532     6.443 r  u_requant/shifted_result_reg[0][23]_i_2/CO[3]
                         net (fo=1, routed)           0.001     6.444    u_requant/shifted_result_reg[0][23]_i_2_n_0
    SLICE_X85Y100        CARRY4 (Prop_carry4_CI_CO[3])
                                                      0.114     6.558 r  u_requant/shifted_result_reg[0][27]_i_2/CO[3]
                         net (fo=1, routed)           0.000     6.558    u_requant/shifted_result_reg[0][27]_i_2_n_0
    SLICE_X85Y101        CARRY4 (Prop_carry4_CI_CO[3])
                                                      0.114     6.672 r  u_requant/shifted_result_reg[0][31]_i_2/CO[3]
                         net (fo=1, routed)           0.000     6.672    u_requant/shifted_result_reg[0][31]_i_2_n_0
    SLICE_X85Y102        CARRY4 (Prop_carry4_CI_CO[3])
                                                      0.114     6.786 r  u_requant/shifted_result_reg[0][32]_i_2/CO[3]
                         net (fo=1, routed)           0.000     6.786    u_requant/shifted_result_reg[0][32]_i_2_n_0
    SLICE_X85Y103        CARRY4 (Prop_carry4_CI_CO[3])
                                                      0.114     6.900 r  u_requant/shifted_result_reg[0][32]_i_75/CO[3]
                         net (fo=1, routed)           0.000     6.900    u_requant/shifted_result_reg[0][32]_i_75_n_0
    SLICE_X85Y104        CARRY4 (Prop_carry4_CI_CO[3])
                                                      0.114     7.014 r  u_requant/shifted_result_reg[0][32]_i_46/CO[3]
                         net (fo=1, routed)           0.000     7.014    u_requant/shifted_result_reg[0][32]_i_46_n_0
    SLICE_X85Y105        CARRY4 (Prop_carry4_CI_CO[3])
                                                      0.114     7.128 r  u_requant/shifted_result_reg[0][32]_i_65/CO[3]
                         net (fo=1, routed)           0.000     7.128    u_requant/shifted_result_reg[0][32]_i_65_n_0
    SLICE_X85Y106        CARRY4 (Prop_carry4_CI_CO[3])
                                                      0.114     7.242 r  u_requant/shifted_result_reg[0][32]_i_51/CO[3]
                         net (fo=1, routed)           0.000     7.242    u_requant/shifted_result_reg[0][32]_i_51_n_0
    SLICE_X85Y107        CARRY4 (Prop_carry4_CI_CO[3])
                                                      0.114     7.356 r  u_requant/shifted_result_reg[0][32]_i_70/CO[3]
                         net (fo=1, routed)           0.000     7.356    u_requant/shifted_result_reg[0][32]_i_70_n_0
    SLICE_X85Y108        CARRY4 (Prop_carry4_CI_O[1])
                                                      0.334     7.690 r  u_requant/shifted_result_reg[0][32]_i_40/O[1]
                         net (fo=2, routed)           0.627     8.317    u_requant/mul_result_reg[0]__1[57]
    SLICE_X81Y108        LUT5 (Prop_lut5_I0_O)        0.303     8.620 r  u_requant/shifted_result[0][32]_i_43/O
                         net (fo=1, routed)           0.000     8.620    u_requant/shifted_result[0][32]_i_43_n_0
    SLICE_X81Y108        CARRY4 (Prop_carry4_S[1]_CO[3])
                                                      0.550     9.170 r  u_requant/shifted_result_reg[0][32]_i_31/CO[3]
                         net (fo=1, routed)           0.000     9.170    u_requant/shifted_result_reg[0][32]_i_31_n_0
    SLICE_X81Y109        CARRY4 (Prop_carry4_CI_CO[3])
                                                      0.114     9.284 r  u_requant/shifted_result_reg[0][32]_i_36/CO[3]
                         net (fo=1, routed)           0.000     9.284    u_requant/shifted_result_reg[0][32]_i_36_n_0
    SLICE_X81Y110        CARRY4 (Prop_carry4_CI_O[0])
                                                      0.222     9.506 r  u_requant/shifted_result_reg[0][32]_i_32/O[0]
                         net (fo=32, routed)          0.947    10.453    u_requant/shifted_result_reg[0][32]_i_32_n_7
    SLICE_X83Y100        LUT6 (Prop_lut6_I0_O)        0.299    10.752 r  u_requant/shifted_result[0][19]_i_8/O
                         net (fo=3, routed)           0.543    11.295    u_requant/shifted_result[0][19]_i_8_n_0
    SLICE_X82Y100        LUT3 (Prop_lut3_I0_O)        0.124    11.419 r  u_requant/shifted_result[0][7]_i_3/O
                         net (fo=3, routed)           0.762    12.181    u_requant/shifted_result[0][7]_i_3_n_0
    SLICE_X65Y102        LUT5 (Prop_lut5_I4_O)        0.124    12.305 r  u_requant/shifted_result[0][11]_i_3/O
                         net (fo=2, routed)           0.473    12.777    u_requant/shifted_result[0][11]_i_3_n_0
    SLICE_X66Y104        LUT3 (Prop_lut3_I2_O)        0.124    12.901 r  u_requant/shifted_result[0][11]_i_2/O
                         net (fo=2, routed)           0.691    13.592    u_requant/shifted_result[0][11]_i_2_n_0
    SLICE_X66Y104        LUT5 (Prop_lut5_I2_O)        0.124    13.716 r  u_requant/shifted_result[0][10]_i_1/O
                         net (fo=1, routed)           0.000    13.716    u_requant/shifted_result[10]
    SLICE_X66Y104        FDRE                                         r  u_requant/shifted_result_reg[0][10]/D
  -------------------------------------------------------------------    -------------------

                         (clock clk rise edge)       10.000    10.000 r  
                                                      0.000    10.000 r  clk (IN)
                         net (fo=2808, unset)         0.924    10.924    u_icg_compute/clk
    SLICE_X39Y56         LUT2 (Prop_lut2_I0_O)        0.100    11.024 r  u_icg_compute/row_d1[7][0][7]_i_2/O
                         net (fo=15740, routed)       2.379    13.403    u_requant/clk_compute
    SLICE_X66Y104        FDRE                                         r  u_requant/shifted_result_reg[0][10]/C
                         clock pessimism              0.073    13.476    
                         clock uncertainty           -0.035    13.440    
    SLICE_X66Y104        FDRE (Setup_fdre_C_D)        0.077    13.517    u_requant/shifted_result_reg[0][10]
  -------------------------------------------------------------------
                         required time                         13.517    
                         arrival time                         -13.716    
  -------------------------------------------------------------------
                         slack                                 -0.199    

Slack (VIOLATED) :        -0.185ns  (required time - arrival time)
  Source:                 u_requant/mul_result_reg[0][3]/C
                            (rising edge-triggered cell FDRE clocked by clk  {rise@0.000ns fall@5.000ns period=10.000ns})
  Destination:            u_requant/shifted_result_reg[0][11]/D
                            (rising edge-triggered cell FDRE clocked by clk  {rise@0.000ns fall@5.000ns period=10.000ns})
  Path Group:             clk
  Path Type:              Setup (Max at Slow Process Corner)
  Requirement:            10.000ns  (clk rise@10.000ns - clk rise@0.000ns)
  Data Path Delay:        9.852ns  (logic 4.404ns (44.704%)  route 5.448ns (55.296%))
  Logic Levels:           20  (CARRY4=13 LUT2=1 LUT3=2 LUT5=3 LUT6=1)
  Clock Path Skew:        -0.379ns (DCD - SCD + CPR)
    Destination Clock Delay (DCD):    3.403ns = ( 13.403 - 10.000 ) 
    Source Clock Delay      (SCD):    3.855ns
    Clock Pessimism Removal (CPR):    0.073ns
  Clock Uncertainty:      0.035ns  ((TSJ^2 + TIJ^2)^1/2 + DJ) / 2 + PE
    Total System Jitter     (TSJ):    0.071ns
    Total Input Jitter      (TIJ):    0.000ns
    Discrete Jitter          (DJ):    0.000ns
    Phase Error              (PE):    0.000ns

    Location             Delay type                Incr(ns)  Path(ns)    Netlist Resource(s)
  -------------------------------------------------------------------    -------------------
                         (clock clk rise edge)        0.000     0.000 r  
                                                      0.000     0.000 r  clk (IN)
                         net (fo=2808, unset)         0.973     0.973    u_icg_compute/clk
    SLICE_X39Y56         LUT2 (Prop_lut2_I0_O)        0.124     1.097 r  u_icg_compute/row_d1[7][0][7]_i_2/O
                         net (fo=15740, routed)       2.758     3.855    u_requant/clk_compute
    SLICE_X86Y99         FDRE                                         r  u_requant/mul_result_reg[0][3]/C
  -------------------------------------------------------------------    -------------------
    SLICE_X86Y99         FDRE (Prop_fdre_C_Q)         0.518     4.373 r  u_requant/mul_result_reg[0][3]/Q
                         net (fo=1, routed)           1.415     5.787    u_requant/mul_result_reg_n_0_[0][3]
    SLICE_X85Y99         LUT2 (Prop_lut2_I1_O)        0.124     5.911 r  u_requant/shifted_result[0][23]_i_7/O
                         net (fo=1, routed)           0.000     5.911    u_requant/shifted_result[0][23]_i_7_n_0
    SLICE_X85Y99         CARRY4 (Prop_carry4_S[0]_CO[3])
                                                      0.532     6.443 r  u_requant/shifted_result_reg[0][23]_i_2/CO[3]
                         net (fo=1, routed)           0.001     6.444    u_requant/shifted_result_reg[0][23]_i_2_n_0
    SLICE_X85Y100        CARRY4 (Prop_carry4_CI_CO[3])
                                                      0.114     6.558 r  u_requant/shifted_result_reg[0][27]_i_2/CO[3]
                         net (fo=1, routed)           0.000     6.558    u_requant/shifted_result_reg[0][27]_i_2_n_0
    SLICE_X85Y101        CARRY4 (Prop_carry4_CI_CO[3])
                                                      0.114     6.672 r  u_requant/shifted_result_reg[0][31]_i_2/CO[3]
                         net (fo=1, routed)           0.000     6.672    u_requant/shifted_result_reg[0][31]_i_2_n_0
    SLICE_X85Y102        CARRY4 (Prop_carry4_CI_CO[3])
                                                      0.114     6.786 r  u_requant/shifted_result_reg[0][32]_i_2/CO[3]
                         net (fo=1, routed)           0.000     6.786    u_requant/shifted_result_reg[0][32]_i_2_n_0
    SLICE_X85Y103        CARRY4 (Prop_carry4_CI_CO[3])
                                                      0.114     6.900 r  u_requant/shifted_result_reg[0][32]_i_75/CO[3]
                         net (fo=1, routed)           0.000     6.900    u_requant/shifted_result_reg[0][32]_i_75_n_0
    SLICE_X85Y104        CARRY4 (Prop_carry4_CI_CO[3])
                                                      0.114     7.014 r  u_requant/shifted_result_reg[0][32]_i_46/CO[3]
                         net (fo=1, routed)           0.000     7.014    u_requant/shifted_result_reg[0][32]_i_46_n_0
    SLICE_X85Y105        CARRY4 (Prop_carry4_CI_CO[3])
                                                      0.114     7.128 r  u_requant/shifted_result_reg[0][32]_i_65/CO[3]
                         net (fo=1, routed)           0.000     7.128    u_requant/shifted_result_reg[0][32]_i_65_n_0
    SLICE_X85Y106        CARRY4 (Prop_carry4_CI_CO[3])
                                                      0.114     7.242 r  u_requant/shifted_result_reg[0][32]_i_51/CO[3]
                         net (fo=1, routed)           0.000     7.242    u_requant/shifted_result_reg[0][32]_i_51_n_0
    SLICE_X85Y107        CARRY4 (Prop_carry4_CI_CO[3])
                                                      0.114     7.356 r  u_requant/shifted_result_reg[0][32]_i_70/CO[3]
                         net (fo=1, routed)           0.000     7.356    u_requant/shifted_result_reg[0][32]_i_70_n_0
    SLICE_X85Y108        CARRY4 (Prop_carry4_CI_O[1])
                                                      0.334     7.690 r  u_requant/shifted_result_reg[0][32]_i_40/O[1]
                         net (fo=2, routed)           0.627     8.317    u_requant/mul_result_reg[0]__1[57]
    SLICE_X81Y108        LUT5 (Prop_lut5_I0_O)        0.303     8.620 r  u_requant/shifted_result[0][32]_i_43/O
                         net (fo=1, routed)           0.000     8.620    u_requant/shifted_result[0][32]_i_43_n_0
    SLICE_X81Y108        CARRY4 (Prop_carry4_S[1]_CO[3])
                                                      0.550     9.170 r  u_requant/shifted_result_reg[0][32]_i_31/CO[3]
                         net (fo=1, routed)           0.000     9.170    u_requant/shifted_result_reg[0][32]_i_31_n_0
    SLICE_X81Y109        CARRY4 (Prop_carry4_CI_CO[3])
                                                      0.114     9.284 r  u_requant/shifted_result_reg[0][32]_i_36/CO[3]
                         net (fo=1, routed)           0.000     9.284    u_requant/shifted_result_reg[0][32]_i_36_n_0
    SLICE_X81Y110        CARRY4 (Prop_carry4_CI_O[0])
                                                      0.222     9.506 r  u_requant/shifted_result_reg[0][32]_i_32/O[0]
                         net (fo=32, routed)          0.947    10.453    u_requant/shifted_result_reg[0][32]_i_32_n_7
    SLICE_X83Y100        LUT6 (Prop_lut6_I0_O)        0.299    10.752 r  u_requant/shifted_result[0][19]_i_8/O
                         net (fo=3, routed)           0.543    11.295    u_requant/shifted_result[0][19]_i_8_n_0
    SLICE_X82Y100        LUT3 (Prop_lut3_I0_O)        0.124    11.419 r  u_requant/shifted_result[0][7]_i_3/O
                         net (fo=3, routed)           0.762    12.181    u_requant/shifted_result[0][7]_i_3_n_0
    SLICE_X65Y102        LUT5 (Prop_lut5_I4_O)        0.124    12.305 r  u_requant/shifted_result[0][11]_i_3/O
                         net (fo=2, routed)           0.473    12.777    u_requant/shifted_result[0][11]_i_3_n_0
    SLICE_X66Y104        LUT3 (Prop_lut3_I2_O)        0.124    12.901 r  u_requant/shifted_result[0][11]_i_2/O
                         net (fo=2, routed)           0.681    13.582    u_requant/shifted_result[0][11]_i_2_n_0
    SLICE_X66Y104        LUT5 (Prop_lut5_I4_O)        0.124    13.706 r  u_requant/shifted_result[0][11]_i_1/O
                         net (fo=1, routed)           0.000    13.706    u_requant/shifted_result[11]
    SLICE_X66Y104        FDRE                                         r  u_requant/shifted_result_reg[0][11]/D
  -------------------------------------------------------------------    -------------------

                         (clock clk rise edge)       10.000    10.000 r  
                                                      0.000    10.000 r  clk (IN)
                         net (fo=2808, unset)         0.924    10.924    u_icg_compute/clk
    SLICE_X39Y56         LUT2 (Prop_lut2_I0_O)        0.100    11.024 r  u_icg_compute/row_d1[7][0][7]_i_2/O
                         net (fo=15740, routed)       2.379    13.403    u_requant/clk_compute
    SLICE_X66Y104        FDRE                                         r  u_requant/shifted_result_reg[0][11]/C
                         clock pessimism              0.073    13.476    
                         clock uncertainty           -0.035    13.440    
    SLICE_X66Y104        FDRE (Setup_fdre_C_D)        0.081    13.521    u_requant/shifted_result_reg[0][11]
  -------------------------------------------------------------------
                         required time                         13.521    
                         arrival time                         -13.706    
  -------------------------------------------------------------------
                         slack                                 -0.185    

Slack (VIOLATED) :        -0.184ns  (required time - arrival time)
  Source:                 u_requant/n_shift_s1b_reg[7][2]/C
                            (rising edge-triggered cell FDRE clocked by clk  {rise@0.000ns fall@5.000ns period=10.000ns})
  Destination:            u_requant/shifted_result_reg[1][8]/D
                            (rising edge-triggered cell FDRE clocked by clk  {rise@0.000ns fall@5.000ns period=10.000ns})
  Path Group:             clk
  Path Type:              Setup (Max at Slow Process Corner)
  Requirement:            10.000ns  (clk rise@10.000ns - clk rise@0.000ns)
  Data Path Delay:        9.783ns  (logic 4.338ns (44.344%)  route 5.445ns (55.656%))
  Logic Levels:           25  (CARRY4=17 LUT3=3 LUT4=1 LUT5=3 LUT6=1)
  Clock Path Skew:        -0.397ns (DCD - SCD + CPR)
    Destination Clock Delay (DCD):    3.380ns = ( 13.380 - 10.000 ) 
    Source Clock Delay      (SCD):    3.850ns
    Clock Pessimism Removal (CPR):    0.073ns
  Clock Uncertainty:      0.035ns  ((TSJ^2 + TIJ^2)^1/2 + DJ) / 2 + PE
    Total System Jitter     (TSJ):    0.071ns
    Total Input Jitter      (TIJ):    0.000ns
    Discrete Jitter          (DJ):    0.000ns
    Phase Error              (PE):    0.000ns

    Location             Delay type                Incr(ns)  Path(ns)    Netlist Resource(s)
  -------------------------------------------------------------------    -------------------
                         (clock clk rise edge)        0.000     0.000 r  
                                                      0.000     0.000 r  clk (IN)
                         net (fo=2808, unset)         0.973     0.973    u_icg_compute/clk
    SLICE_X39Y56         LUT2 (Prop_lut2_I0_O)        0.124     1.097 r  u_icg_compute/row_d1[7][0][7]_i_2/O
                         net (fo=15740, routed)       2.753     3.850    u_requant/clk_compute
    SLICE_X65Y101        FDRE                                         r  u_requant/n_shift_s1b_reg[7][2]/C
  -------------------------------------------------------------------    -------------------
    SLICE_X65Y101        FDRE (Prop_fdre_C_Q)         0.456     4.306 r  u_requant/n_shift_s1b_reg[7][2]/Q
                         net (fo=566, routed)         0.961     5.267    u_requant/n_shift_s1b_reg[7]_1[2]
    SLICE_X64Y101        LUT3 (Prop_lut3_I0_O)        0.124     5.391 r  u_requant/shifted_result[0][32]_i_10/O
                         net (fo=52, routed)          0.371     5.762    u_requant/shifted_result[0][32]_i_10_n_0
    SLICE_X64Y100        LUT4 (Prop_lut4_I2_O)        0.124     5.886 r  u_requant/shifted_result[0][7]_i_12/O
                         net (fo=48, routed)          1.008     6.894    u_requant/shifted_result[0][7]_i_12_n_0
    SLICE_X54Y92         LUT5 (Prop_lut5_I1_O)        0.124     7.018 r  u_requant/shifted_result[1][3]_i_9/O
                         net (fo=1, routed)           0.000     7.018    u_requant/shifted_result[1][3]_i_9_n_0
    SLICE_X54Y92         CARRY4 (Prop_carry4_S[0]_CO[3])
                                                      0.513     7.531 r  u_requant/shifted_result_reg[1][3]_i_5/CO[3]
                         net (fo=1, routed)           0.000     7.531    u_requant/shifted_result_reg[1][3]_i_5_n_0
    SLICE_X54Y93         CARRY4 (Prop_carry4_CI_CO[3])
                                                      0.117     7.648 r  u_requant/shifted_result_reg[1][7]_i_7/CO[3]
                         net (fo=1, routed)           0.000     7.648    u_requant/shifted_result_reg[1][7]_i_7_n_0
    SLICE_X54Y94         CARRY4 (Prop_carry4_CI_CO[3])
                                                      0.117     7.765 r  u_requant/shifted_result_reg[1][10]_i_5/CO[3]
                         net (fo=1, routed)           0.000     7.765    u_requant/shifted_result_reg[1][10]_i_5_n_0
    SLICE_X54Y95         CARRY4 (Prop_carry4_CI_CO[3])
                                                      0.117     7.882 r  u_requant/shifted_result_reg[1][15]_i_5/CO[3]
                         net (fo=1, routed)           0.000     7.882    u_requant/shifted_result_reg[1][15]_i_5_n_0
    SLICE_X54Y96         CARRY4 (Prop_carry4_CI_CO[3])
                                                      0.117     7.999 r  u_requant/shifted_result_reg[1][19]_i_9/CO[3]
                         net (fo=1, routed)           0.000     7.999    u_requant/shifted_result_reg[1][19]_i_9_n_0
    SLICE_X54Y97         CARRY4 (Prop_carry4_CI_CO[3])
                                                      0.117     8.116 r  u_requant/shifted_result_reg[1][23]_i_10/CO[3]
                         net (fo=1, routed)           0.000     8.116    u_requant/shifted_result_reg[1][23]_i_10_n_0
    SLICE_X54Y98         CARRY4 (Prop_carry4_CI_CO[3])
                                                      0.117     8.233 r  u_requant/shifted_result_reg[1][27]_i_10/CO[3]
                         net (fo=1, routed)           0.000     8.233    u_requant/shifted_result_reg[1][27]_i_10_n_0
    SLICE_X54Y99         CARRY4 (Prop_carry4_CI_CO[3])
                                                      0.117     8.350 r  u_requant/shifted_result_reg[1][31]_i_10/CO[3]
                         net (fo=1, routed)           0.001     8.350    u_requant/shifted_result_reg[1][31]_i_10_n_0
    SLICE_X54Y100        CARRY4 (Prop_carry4_CI_CO[3])
                                                      0.117     8.467 r  u_requant/shifted_result_reg[1][32]_i_33/CO[3]
                         net (fo=1, routed)           0.000     8.467    u_requant/shifted_result_reg[1][32]_i_33_n_0
    SLICE_X54Y101        CARRY4 (Prop_carry4_CI_CO[3])
                                                      0.117     8.584 r  u_requant/shifted_result_reg[1][32]_i_37/CO[3]
                         net (fo=1, routed)           0.000     8.584    u_requant/shifted_result_reg[1][32]_i_37_n_0
    SLICE_X54Y102        CARRY4 (Prop_carry4_CI_CO[3])
                                                      0.117     8.701 r  u_requant/shifted_result_reg[1][32]_i_31/CO[3]
                         net (fo=1, routed)           0.000     8.701    u_requant/shifted_result_reg[1][32]_i_31_n_0
    SLICE_X54Y103        CARRY4 (Prop_carry4_CI_CO[3])
                                                      0.117     8.818 r  u_requant/shifted_result_reg[1][32]_i_35/CO[3]
                         net (fo=1, routed)           0.000     8.818    u_requant/shifted_result_reg[1][32]_i_35_n_0
    SLICE_X54Y104        CARRY4 (Prop_carry4_CI_CO[3])
                                                      0.117     8.935 r  u_requant/shifted_result_reg[1][32]_i_32/CO[3]
                         net (fo=1, routed)           0.000     8.935    u_requant/shifted_result_reg[1][32]_i_32_n_0
    SLICE_X54Y105        CARRY4 (Prop_carry4_CI_CO[3])
                                                      0.117     9.052 r  u_requant/shifted_result_reg[1][32]_i_36/CO[3]
                         net (fo=1, routed)           0.000     9.052    u_requant/shifted_result_reg[1][32]_i_36_n_0
    SLICE_X54Y106        CARRY4 (Prop_carry4_CI_CO[3])
                                                      0.117     9.169 r  u_requant/shifted_result_reg[1][32]_i_29/CO[3]
                         net (fo=1, routed)           0.000     9.169    u_requant/shifted_result_reg[1][32]_i_29_n_0
    SLICE_X54Y107        CARRY4 (Prop_carry4_CI_CO[3])
                                                      0.117     9.286 r  u_requant/shifted_result_reg[1][32]_i_34/CO[3]
                         net (fo=1, routed)           0.000     9.286    u_requant/shifted_result_reg[1][32]_i_34_n_0
    SLICE_X54Y108        CARRY4 (Prop_carry4_CI_O[0])
                                                      0.219     9.505 r  u_requant/shifted_result_reg[1][32]_i_30/O[0]
                         net (fo=32, routed)          0.735    10.240    u_requant/shifted_result_reg[1][32]_i_30_n_7
    SLICE_X59Y103        LUT6 (Prop_lut6_I0_O)        0.295    10.535 r  u_requant/shifted_result[1][16]_i_4/O
                         net (fo=3, routed)           0.622    11.157    u_requant/shifted_result[1][16]_i_4_n_0
    SLICE_X62Y103        LUT3 (Prop_lut3_I0_O)        0.124    11.281 r  u_requant/shifted_result[1][4]_i_3/O
                         net (fo=3, routed)           0.503    11.784    u_requant/shifted_result[1][4]_i_3_n_0
    SLICE_X61Y103        LUT5 (Prop_lut5_I4_O)        0.124    11.908 r  u_requant/shifted_result[1][8]_i_3/O
                         net (fo=2, routed)           0.769    12.677    u_requant/shifted_result[1][8]_i_3_n_0
    SLICE_X60Y103        LUT3 (Prop_lut3_I2_O)        0.153    12.830 r  u_requant/shifted_result[1][8]_i_2/O
                         net (fo=2, routed)           0.476    13.305    u_requant/shifted_result[1][8]_i_2_n_0
    SLICE_X59Y104        LUT5 (Prop_lut5_I4_O)        0.327    13.632 r  u_requant/shifted_result[1][8]_i_1/O
                         net (fo=1, routed)           0.000    13.632    u_requant/shifted_result[1][8]_i_1_n_0
    SLICE_X59Y104        FDRE                                         r  u_requant/shifted_result_reg[1][8]/D
  -------------------------------------------------------------------    -------------------

                         (clock clk rise edge)       10.000    10.000 r  
                                                      0.000    10.000 r  clk (IN)
                         net (fo=2808, unset)         0.924    10.924    u_icg_compute/clk
    SLICE_X39Y56         LUT2 (Prop_lut2_I0_O)        0.100    11.024 r  u_icg_compute/row_d1[7][0][7]_i_2/O
                         net (fo=15740, routed)       2.355    13.380    u_requant/clk_compute
    SLICE_X59Y104        FDRE                                         r  u_requant/shifted_result_reg[1][8]/C
                         clock pessimism              0.073    13.452    
                         clock uncertainty           -0.035    13.417    
    SLICE_X59Y104        FDRE (Setup_fdre_C_D)        0.031    13.448    u_requant/shifted_result_reg[1][8]
  -------------------------------------------------------------------
                         required time                         13.448    
                         arrival time                         -13.632    
  -------------------------------------------------------------------
                         slack                                 -0.184    

Slack (VIOLATED) :        -0.172ns  (required time - arrival time)
  Source:                 u_requant/n_shift_s1b_reg[7][2]/C
                            (rising edge-triggered cell FDRE clocked by clk  {rise@0.000ns fall@5.000ns period=10.000ns})
  Destination:            u_requant/shifted_result_reg[1][10]/D
                            (rising edge-triggered cell FDRE clocked by clk  {rise@0.000ns fall@5.000ns period=10.000ns})
  Path Group:             clk
  Path Type:              Setup (Max at Slow Process Corner)
  Requirement:            10.000ns  (clk rise@10.000ns - clk rise@0.000ns)
  Data Path Delay:        9.816ns  (logic 4.106ns (41.828%)  route 5.710ns (58.172%))
  Logic Levels:           25  (CARRY4=17 LUT3=3 LUT4=1 LUT5=3 LUT6=1)
  Clock Path Skew:        -0.397ns (DCD - SCD + CPR)
    Destination Clock Delay (DCD):    3.380ns = ( 13.380 - 10.000 ) 
    Source Clock Delay      (SCD):    3.850ns
    Clock Pessimism Removal (CPR):    0.073ns
  Clock Uncertainty:      0.035ns  ((TSJ^2 + TIJ^2)^1/2 + DJ) / 2 + PE
    Total System Jitter     (TSJ):    0.071ns
    Total Input Jitter      (TIJ):    0.000ns
    Discrete Jitter          (DJ):    0.000ns
    Phase Error              (PE):    0.000ns

    Location             Delay type                Incr(ns)  Path(ns)    Netlist Resource(s)
  -------------------------------------------------------------------    -------------------
                         (clock clk rise edge)        0.000     0.000 r  
                                                      0.000     0.000 r  clk (IN)
                         net (fo=2808, unset)         0.973     0.973    u_icg_compute/clk
    SLICE_X39Y56         LUT2 (Prop_lut2_I0_O)        0.124     1.097 r  u_icg_compute/row_d1[7][0][7]_i_2/O
                         net (fo=15740, routed)       2.753     3.850    u_requant/clk_compute
    SLICE_X65Y101        FDRE                                         r  u_requant/n_shift_s1b_reg[7][2]/C
  -------------------------------------------------------------------    -------------------
    SLICE_X65Y101        FDRE (Prop_fdre_C_Q)         0.456     4.306 r  u_requant/n_shift_s1b_reg[7][2]/Q
                         net (fo=566, routed)         0.961     5.267    u_requant/n_shift_s1b_reg[7]_1[2]
    SLICE_X64Y101        LUT3 (Prop_lut3_I0_O)        0.124     5.391 r  u_requant/shifted_result[0][32]_i_10/O
                         net (fo=52, routed)          0.371     5.762    u_requant/shifted_result[0][32]_i_10_n_0
    SLICE_X64Y100        LUT4 (Prop_lut4_I2_O)        0.124     5.886 r  u_requant/shifted_result[0][7]_i_12/O
                         net (fo=48, routed)          1.008     6.894    u_requant/shifted_result[0][7]_i_12_n_0
    SLICE_X54Y92         LUT5 (Prop_lut5_I1_O)        0.124     7.018 r  u_requant/shifted_result[1][3]_i_9/O
                         net (fo=1, routed)           0.000     7.018    u_requant/shifted_result[1][3]_i_9_n_0
    SLICE_X54Y92         CARRY4 (Prop_carry4_S[0]_CO[3])
                                                      0.513     7.531 r  u_requant/shifted_result_reg[1][3]_i_5/CO[3]
                         net (fo=1, routed)           0.000     7.531    u_requant/shifted_result_reg[1][3]_i_5_n_0
    SLICE_X54Y93         CARRY4 (Prop_carry4_CI_CO[3])
                                                      0.117     7.648 r  u_requant/shifted_result_reg[1][7]_i_7/CO[3]
                         net (fo=1, routed)           0.000     7.648    u_requant/shifted_result_reg[1][7]_i_7_n_0
    SLICE_X54Y94         CARRY4 (Prop_carry4_CI_CO[3])
                                                      0.117     7.765 r  u_requant/shifted_result_reg[1][10]_i_5/CO[3]
                         net (fo=1, routed)           0.000     7.765    u_requant/shifted_result_reg[1][10]_i_5_n_0
    SLICE_X54Y95         CARRY4 (Prop_carry4_CI_CO[3])
                                                      0.117     7.882 r  u_requant/shifted_result_reg[1][15]_i_5/CO[3]
                         net (fo=1, routed)           0.000     7.882    u_requant/shifted_result_reg[1][15]_i_5_n_0
    SLICE_X54Y96         CARRY4 (Prop_carry4_CI_CO[3])
                                                      0.117     7.999 r  u_requant/shifted_result_reg[1][19]_i_9/CO[3]
                         net (fo=1, routed)           0.000     7.999    u_requant/shifted_result_reg[1][19]_i_9_n_0
    SLICE_X54Y97         CARRY4 (Prop_carry4_CI_CO[3])
                                                      0.117     8.116 r  u_requant/shifted_result_reg[1][23]_i_10/CO[3]
                         net (fo=1, routed)           0.000     8.116    u_requant/shifted_result_reg[1][23]_i_10_n_0
    SLICE_X54Y98         CARRY4 (Prop_carry4_CI_CO[3])
                                                      0.117     8.233 r  u_requant/shifted_result_reg[1][27]_i_10/CO[3]
                         net (fo=1, routed)           0.000     8.233    u_requant/shifted_result_reg[1][27]_i_10_n_0
    SLICE_X54Y99         CARRY4 (Prop_carry4_CI_CO[3])
                                                      0.117     8.350 r  u_requant/shifted_result_reg[1][31]_i_10/CO[3]
                         net (fo=1, routed)           0.001     8.350    u_requant/shifted_result_reg[1][31]_i_10_n_0
    SLICE_X54Y100        CARRY4 (Prop_carry4_CI_CO[3])
                                                      0.117     8.467 r  u_requant/shifted_result_reg[1][32]_i_33/CO[3]
                         net (fo=1, routed)           0.000     8.467    u_requant/shifted_result_reg[1][32]_i_33_n_0
    SLICE_X54Y101        CARRY4 (Prop_carry4_CI_CO[3])
                                                      0.117     8.584 r  u_requant/shifted_result_reg[1][32]_i_37/CO[3]
                         net (fo=1, routed)           0.000     8.584    u_requant/shifted_result_reg[1][32]_i_37_n_0
    SLICE_X54Y102        CARRY4 (Prop_carry4_CI_CO[3])
                                                      0.117     8.701 r  u_requant/shifted_result_reg[1][32]_i_31/CO[3]
                         net (fo=1, routed)           0.000     8.701    u_requant/shifted_result_reg[1][32]_i_31_n_0
    SLICE_X54Y103        CARRY4 (Prop_carry4_CI_CO[3])
                                                      0.117     8.818 r  u_requant/shifted_result_reg[1][32]_i_35/CO[3]
                         net (fo=1, routed)           0.000     8.818    u_requant/shifted_result_reg[1][32]_i_35_n_0
    SLICE_X54Y104        CARRY4 (Prop_carry4_CI_CO[3])
                                                      0.117     8.935 r  u_requant/shifted_result_reg[1][32]_i_32/CO[3]
                         net (fo=1, routed)           0.000     8.935    u_requant/shifted_result_reg[1][32]_i_32_n_0
    SLICE_X54Y105        CARRY4 (Prop_carry4_CI_CO[3])
                                                      0.117     9.052 r  u_requant/shifted_result_reg[1][32]_i_36/CO[3]
                         net (fo=1, routed)           0.000     9.052    u_requant/shifted_result_reg[1][32]_i_36_n_0
    SLICE_X54Y106        CARRY4 (Prop_carry4_CI_CO[3])
                                                      0.117     9.169 r  u_requant/shifted_result_reg[1][32]_i_29/CO[3]
                         net (fo=1, routed)           0.000     9.169    u_requant/shifted_result_reg[1][32]_i_29_n_0
    SLICE_X54Y107        CARRY4 (Prop_carry4_CI_CO[3])
                                                      0.117     9.286 r  u_requant/shifted_result_reg[1][32]_i_34/CO[3]
                         net (fo=1, routed)           0.000     9.286    u_requant/shifted_result_reg[1][32]_i_34_n_0
    SLICE_X54Y108        CARRY4 (Prop_carry4_CI_O[0])
                                                      0.219     9.505 r  u_requant/shifted_result_reg[1][32]_i_30/O[0]
                         net (fo=32, routed)          0.868    10.373    u_requant/shifted_result_reg[1][32]_i_30_n_7
    SLICE_X56Y105        LUT6 (Prop_lut6_I0_O)        0.295    10.668 r  u_requant/shifted_result[1][19]_i_8/O
                         net (fo=3, routed)           0.477    11.145    u_requant/shifted_result[1][19]_i_8_n_0
    SLICE_X60Y104        LUT3 (Prop_lut3_I0_O)        0.124    11.269 r  u_requant/shifted_result[1][7]_i_3/O
                         net (fo=3, routed)           0.950    12.219    u_requant/shifted_result[1][7]_i_3_n_0
    SLICE_X60Y104        LUT5 (Prop_lut5_I4_O)        0.124    12.343 r  u_requant/shifted_result[1][11]_i_3/O
                         net (fo=2, routed)           0.422    12.765    u_requant/shifted_result[1][11]_i_3_n_0
    SLICE_X59Y104        LUT3 (Prop_lut3_I2_O)        0.124    12.889 r  u_requant/shifted_result[1][11]_i_2/O
                         net (fo=2, routed)           0.653    13.542    u_requant/shifted_result[1][11]_i_2_n_0
    SLICE_X58Y104        LUT5 (Prop_lut5_I2_O)        0.124    13.666 r  u_requant/shifted_result[1][10]_i_1/O
                         net (fo=1, routed)           0.000    13.666    u_requant/shifted_result[1][10]_i_1_n_0
    SLICE_X58Y104        FDRE                                         r  u_requant/shifted_result_reg[1][10]/D
  -------------------------------------------------------------------    -------------------

                         (clock clk rise edge)       10.000    10.000 r  
                                                      0.000    10.000 r  clk (IN)
                         net (fo=2808, unset)         0.924    10.924    u_icg_compute/clk
    SLICE_X39Y56         LUT2 (Prop_lut2_I0_O)        0.100    11.024 r  u_icg_compute/row_d1[7][0][7]_i_2/O
                         net (fo=15740, routed)       2.355    13.380    u_requant/clk_compute
    SLICE_X58Y104        FDRE                                         r  u_requant/shifted_result_reg[1][10]/C
                         clock pessimism              0.073    13.452    
                         clock uncertainty           -0.035    13.417    
    SLICE_X58Y104        FDRE (Setup_fdre_C_D)        0.077    13.494    u_requant/shifted_result_reg[1][10]
  -------------------------------------------------------------------
                         required time                         13.494    
                         arrival time                         -13.666    
  -------------------------------------------------------------------
                         slack                                 -0.172    

Slack (VIOLATED) :        -0.165ns  (required time - arrival time)
  Source:                 u_requant/mul_result_reg[0][3]/C
                            (rising edge-triggered cell FDRE clocked by clk  {rise@0.000ns fall@5.000ns period=10.000ns})
  Destination:            u_requant/shifted_result_reg[0][23]/D
                            (rising edge-triggered cell FDRE clocked by clk  {rise@0.000ns fall@5.000ns period=10.000ns})
  Path Group:             clk
  Path Type:              Setup (Max at Slow Process Corner)
  Requirement:            10.000ns  (clk rise@10.000ns - clk rise@0.000ns)
  Data Path Delay:        9.770ns  (logic 4.508ns (46.139%)  route 5.262ns (53.861%))
  Logic Levels:           19  (CARRY4=13 LUT2=1 LUT3=1 LUT5=2 LUT6=2)
  Clock Path Skew:        -0.388ns (DCD - SCD + CPR)
    Destination Clock Delay (DCD):    3.394ns = ( 13.394 - 10.000 ) 
    Source Clock Delay      (SCD):    3.855ns
    Clock Pessimism Removal (CPR):    0.073ns
  Clock Uncertainty:      0.035ns  ((TSJ^2 + TIJ^2)^1/2 + DJ) / 2 + PE
    Total System Jitter     (TSJ):    0.071ns
    Total Input Jitter      (TIJ):    0.000ns
    Discrete Jitter          (DJ):    0.000ns
    Phase Error              (PE):    0.000ns

    Location             Delay type                Incr(ns)  Path(ns)    Netlist Resource(s)
  -------------------------------------------------------------------    -------------------
                         (clock clk rise edge)        0.000     0.000 r  
                                                      0.000     0.000 r  clk (IN)
                         net (fo=2808, unset)         0.973     0.973    u_icg_compute/clk
    SLICE_X39Y56         LUT2 (Prop_lut2_I0_O)        0.124     1.097 r  u_icg_compute/row_d1[7][0][7]_i_2/O
                         net (fo=15740, routed)       2.758     3.855    u_requant/clk_compute
    SLICE_X86Y99         FDRE                                         r  u_requant/mul_result_reg[0][3]/C
  -------------------------------------------------------------------    -------------------
    SLICE_X86Y99         FDRE (Prop_fdre_C_Q)         0.518     4.373 r  u_requant/mul_result_reg[0][3]/Q
                         net (fo=1, routed)           1.415     5.787    u_requant/mul_result_reg_n_0_[0][3]
    SLICE_X85Y99         LUT2 (Prop_lut2_I1_O)        0.124     5.911 r  u_requant/shifted_result[0][23]_i_7/O
                         net (fo=1, routed)           0.000     5.911    u_requant/shifted_result[0][23]_i_7_n_0
    SLICE_X85Y99         CARRY4 (Prop_carry4_S[0]_CO[3])
                                                      0.532     6.443 r  u_requant/shifted_result_reg[0][23]_i_2/CO[3]
                         net (fo=1, routed)           0.001     6.444    u_requant/shifted_result_reg[0][23]_i_2_n_0
    SLICE_X85Y100        CARRY4 (Prop_carry4_CI_CO[3])
                                                      0.114     6.558 r  u_requant/shifted_result_reg[0][27]_i_2/CO[3]
                         net (fo=1, routed)           0.000     6.558    u_requant/shifted_result_reg[0][27]_i_2_n_0
    SLICE_X85Y101        CARRY4 (Prop_carry4_CI_CO[3])
                                                      0.114     6.672 r  u_requant/shifted_result_reg[0][31]_i_2/CO[3]
                         net (fo=1, routed)           0.000     6.672    u_requant/shifted_result_reg[0][31]_i_2_n_0
    SLICE_X85Y102        CARRY4 (Prop_carry4_CI_CO[3])
                                                      0.114     6.786 r  u_requant/shifted_result_reg[0][32]_i_2/CO[3]
                         net (fo=1, routed)           0.000     6.786    u_requant/shifted_result_reg[0][32]_i_2_n_0
    SLICE_X85Y103        CARRY4 (Prop_carry4_CI_CO[3])
                                                      0.114     6.900 r  u_requant/shifted_result_reg[0][32]_i_75/CO[3]
                         net (fo=1, routed)           0.000     6.900    u_requant/shifted_result_reg[0][32]_i_75_n_0
    SLICE_X85Y104        CARRY4 (Prop_carry4_CI_CO[3])
                                                      0.114     7.014 r  u_requant/shifted_result_reg[0][32]_i_46/CO[3]
                         net (fo=1, routed)           0.000     7.014    u_requant/shifted_result_reg[0][32]_i_46_n_0
    SLICE_X85Y105        CARRY4 (Prop_carry4_CI_CO[3])
                                                      0.114     7.128 r  u_requant/shifted_result_reg[0][32]_i_65/CO[3]
                         net (fo=1, routed)           0.000     7.128    u_requant/shifted_result_reg[0][32]_i_65_n_0
    SLICE_X85Y106        CARRY4 (Prop_carry4_CI_CO[3])
                                                      0.114     7.242 r  u_requant/shifted_result_reg[0][32]_i_51/CO[3]
                         net (fo=1, routed)           0.000     7.242    u_requant/shifted_result_reg[0][32]_i_51_n_0
    SLICE_X85Y107        CARRY4 (Prop_carry4_CI_CO[3])
                                                      0.114     7.356 r  u_requant/shifted_result_reg[0][32]_i_70/CO[3]
                         net (fo=1, routed)           0.000     7.356    u_requant/shifted_result_reg[0][32]_i_70_n_0
    SLICE_X85Y108        CARRY4 (Prop_carry4_CI_O[1])
                                                      0.334     7.690 r  u_requant/shifted_result_reg[0][32]_i_40/O[1]
                         net (fo=2, routed)           0.627     8.317    u_requant/mul_result_reg[0]__1[57]
    SLICE_X81Y108        LUT5 (Prop_lut5_I0_O)        0.303     8.620 r  u_requant/shifted_result[0][32]_i_43/O
                         net (fo=1, routed)           0.000     8.620    u_requant/shifted_result[0][32]_i_43_n_0
    SLICE_X81Y108        CARRY4 (Prop_carry4_S[1]_CO[3])
                                                      0.550     9.170 r  u_requant/shifted_result_reg[0][32]_i_31/CO[3]
                         net (fo=1, routed)           0.000     9.170    u_requant/shifted_result_reg[0][32]_i_31_n_0
    SLICE_X81Y109        CARRY4 (Prop_carry4_CI_CO[3])
                                                      0.114     9.284 r  u_requant/shifted_result_reg[0][32]_i_36/CO[3]
                         net (fo=1, routed)           0.000     9.284    u_requant/shifted_result_reg[0][32]_i_36_n_0
    SLICE_X81Y110        CARRY4 (Prop_carry4_CI_O[0])
                                                      0.222     9.506 r  u_requant/shifted_result_reg[0][32]_i_32/O[0]
                         net (fo=32, routed)          1.055    10.561    u_requant/shifted_result_reg[0][32]_i_32_n_7
    SLICE_X82Y101        LUT6 (Prop_lut6_I0_O)        0.299    10.860 r  u_requant/shifted_result[0][25]_i_4/O
                         net (fo=4, routed)           0.732    11.592    u_requant/shifted_result[0][25]_i_4_n_0
    SLICE_X82Y106        LUT6 (Prop_lut6_I5_O)        0.124    11.716 r  u_requant/shifted_result[0][25]_i_3/O
                         net (fo=2, routed)           0.811    12.528    u_requant/shifted_result[0][25]_i_3_n_0
    SLICE_X84Y103        LUT3 (Prop_lut3_I0_O)        0.150    12.678 r  u_requant/shifted_result[0][23]_i_3/O
                         net (fo=2, routed)           0.621    13.299    u_requant/shifted_result[0][23]_i_3_n_0
    SLICE_X84Y105        LUT5 (Prop_lut5_I4_O)        0.326    13.625 r  u_requant/shifted_result[0][23]_i_1/O
                         net (fo=1, routed)           0.000    13.625    u_requant/shifted_result[23]
    SLICE_X84Y105        FDRE                                         r  u_requant/shifted_result_reg[0][23]/D
  -------------------------------------------------------------------    -------------------

                         (clock clk rise edge)       10.000    10.000 r  
                                                      0.000    10.000 r  clk (IN)
                         net (fo=2808, unset)         0.924    10.924    u_icg_compute/clk
    SLICE_X39Y56         LUT2 (Prop_lut2_I0_O)        0.100    11.024 r  u_icg_compute/row_d1[7][0][7]_i_2/O
                         net (fo=15740, routed)       2.370    13.394    u_requant/clk_compute
    SLICE_X84Y105        FDRE                                         r  u_requant/shifted_result_reg[0][23]/C
                         clock pessimism              0.073    13.467    
                         clock uncertainty           -0.035    13.431    
    SLICE_X84Y105        FDRE (Setup_fdre_C_D)        0.029    13.460    u_requant/shifted_result_reg[0][23]
  -------------------------------------------------------------------
                         required time                         13.460    
                         arrival time                         -13.625    
  -------------------------------------------------------------------
                         slack                                 -0.165    

Slack (VIOLATED) :        -0.154ns  (required time - arrival time)
  Source:                 u_requant/n_shift_s1b_reg[7][2]/C
                            (rising edge-triggered cell FDRE clocked by clk  {rise@0.000ns fall@5.000ns period=10.000ns})
  Destination:            u_requant/shifted_result_reg[2][10]/D
                            (rising edge-triggered cell FDRE clocked by clk  {rise@0.000ns fall@5.000ns period=10.000ns})
  Path Group:             clk
  Path Type:              Setup (Max at Slow Process Corner)
  Requirement:            10.000ns  (clk rise@10.000ns - clk rise@0.000ns)
  Data Path Delay:        9.999ns  (logic 3.618ns (36.184%)  route 6.381ns (63.816%))
  Logic Levels:           22  (CARRY4=14 LUT3=4 LUT4=1 LUT5=2 LUT6=1)
  Clock Path Skew:        -0.196ns (DCD - SCD + CPR)
    Destination Clock Delay (DCD):    3.581ns = ( 13.581 - 10.000 ) 
    Source Clock Delay      (SCD):    3.850ns
    Clock Pessimism Removal (CPR):    0.073ns
  Clock Uncertainty:      0.035ns  ((TSJ^2 + TIJ^2)^1/2 + DJ) / 2 + PE
    Total System Jitter     (TSJ):    0.071ns
    Total Input Jitter      (TIJ):    0.000ns
    Discrete Jitter          (DJ):    0.000ns
    Phase Error              (PE):    0.000ns

    Location             Delay type                Incr(ns)  Path(ns)    Netlist Resource(s)
  -------------------------------------------------------------------    -------------------
                         (clock clk rise edge)        0.000     0.000 r  
                                                      0.000     0.000 r  clk (IN)
                         net (fo=2808, unset)         0.973     0.973    u_icg_compute/clk
    SLICE_X39Y56         LUT2 (Prop_lut2_I0_O)        0.124     1.097 r  u_icg_compute/row_d1[7][0][7]_i_2/O
                         net (fo=15740, routed)       2.753     3.850    u_requant/clk_compute
    SLICE_X65Y101        FDRE                                         r  u_requant/n_shift_s1b_reg[7][2]/C
  -------------------------------------------------------------------    -------------------
    SLICE_X65Y101        FDRE (Prop_fdre_C_Q)         0.456     4.306 r  u_requant/n_shift_s1b_reg[7][2]/Q
                         net (fo=566, routed)         0.961     5.267    u_requant/n_shift_s1b_reg[7]_1[2]
    SLICE_X64Y101        LUT3 (Prop_lut3_I0_O)        0.124     5.391 r  u_requant/shifted_result[0][32]_i_10/O
                         net (fo=52, routed)          0.670     6.062    u_requant/shifted_result[0][32]_i_10_n_0
    SLICE_X65Y101        LUT4 (Prop_lut4_I2_O)        0.124     6.186 r  u_requant/shifted_result[0][15]_i_10/O
                         net (fo=48, routed)          1.255     7.441    u_requant/shifted_result[0][15]_i_10_n_0
    SLICE_X66Y112        LUT3 (Prop_lut3_I1_O)        0.124     7.565 r  u_requant/shifted_result[2][15]_i_6/O
                         net (fo=1, routed)           0.000     7.565    u_requant/shifted_result[2][15]_i_6_n_0
    SLICE_X66Y112        CARRY4 (Prop_carry4_S[3]_CO[3])
                                                      0.376     7.941 r  u_requant/shifted_result_reg[2][15]_i_5/CO[3]
                         net (fo=1, routed)           0.000     7.941    u_requant/shifted_result_reg[2][15]_i_5_n_0
    SLICE_X66Y113        CARRY4 (Prop_carry4_CI_CO[3])
                                                      0.117     8.058 r  u_requant/shifted_result_reg[2][19]_i_9/CO[3]
                         net (fo=1, routed)           0.000     8.058    u_requant/shifted_result_reg[2][19]_i_9_n_0
    SLICE_X66Y114        CARRY4 (Prop_carry4_CI_CO[3])
                                                      0.117     8.175 r  u_requant/shifted_result_reg[2][23]_i_10/CO[3]
                         net (fo=1, routed)           0.000     8.175    u_requant/shifted_result_reg[2][23]_i_10_n_0
    SLICE_X66Y115        CARRY4 (Prop_carry4_CI_CO[3])
                                                      0.117     8.292 r  u_requant/shifted_result_reg[2][27]_i_10/CO[3]
                         net (fo=1, routed)           0.000     8.292    u_requant/shifted_result_reg[2][27]_i_10_n_0
    SLICE_X66Y116        CARRY4 (Prop_carry4_CI_CO[3])
                                                      0.117     8.409 r  u_requant/shifted_result_reg[2][31]_i_10/CO[3]
                         net (fo=1, routed)           0.000     8.409    u_requant/shifted_result_reg[2][31]_i_10_n_0
    SLICE_X66Y117        CARRY4 (Prop_carry4_CI_CO[3])
                                                      0.117     8.526 r  u_requant/shifted_result_reg[2][32]_i_34/CO[3]
                         net (fo=1, routed)           0.000     8.526    u_requant/shifted_result_reg[2][32]_i_34_n_0
    SLICE_X66Y118        CARRY4 (Prop_carry4_CI_CO[3])
                                                      0.117     8.643 r  u_requant/shifted_result_reg[2][32]_i_38/CO[3]
                         net (fo=1, routed)           0.000     8.643    u_requant/shifted_result_reg[2][32]_i_38_n_0
    SLICE_X66Y119        CARRY4 (Prop_carry4_CI_CO[3])
                                                      0.117     8.760 r  u_requant/shifted_result_reg[2][32]_i_32/CO[3]
                         net (fo=1, routed)           0.000     8.760    u_requant/shifted_result_reg[2][32]_i_32_n_0
    SLICE_X66Y120        CARRY4 (Prop_carry4_CI_CO[3])
                                                      0.117     8.877 r  u_requant/shifted_result_reg[2][32]_i_36/CO[3]
                         net (fo=1, routed)           0.000     8.877    u_requant/shifted_result_reg[2][32]_i_36_n_0
    SLICE_X66Y121        CARRY4 (Prop_carry4_CI_CO[3])
                                                      0.117     8.994 r  u_requant/shifted_result_reg[2][32]_i_33/CO[3]
                         net (fo=1, routed)           0.000     8.994    u_requant/shifted_result_reg[2][32]_i_33_n_0
    SLICE_X66Y122        CARRY4 (Prop_carry4_CI_CO[3])
                                                      0.117     9.111 r  u_requant/shifted_result_reg[2][32]_i_37/CO[3]
                         net (fo=1, routed)           0.000     9.111    u_requant/shifted_result_reg[2][32]_i_37_n_0
    SLICE_X66Y123        CARRY4 (Prop_carry4_CI_CO[3])
                                                      0.117     9.228 r  u_requant/shifted_result_reg[2][32]_i_30/CO[3]
                         net (fo=1, routed)           0.000     9.228    u_requant/shifted_result_reg[2][32]_i_30_n_0
    SLICE_X66Y124        CARRY4 (Prop_carry4_CI_CO[3])
                                                      0.117     9.345 r  u_requant/shifted_result_reg[2][32]_i_35/CO[3]
                         net (fo=1, routed)           0.009     9.354    u_requant/shifted_result_reg[2][32]_i_35_n_0
    SLICE_X66Y125        CARRY4 (Prop_carry4_CI_O[0])
                                                      0.219     9.573 r  u_requant/shifted_result_reg[2][32]_i_31/O[0]
                         net (fo=32, routed)          1.063    10.635    u_requant/shifted_result_reg[2][32]_i_31_n_7
    SLICE_X67Y115        LUT6 (Prop_lut6_I0_O)        0.295    10.930 r  u_requant/shifted_result[2][18]_i_4/O
                         net (fo=3, routed)           0.639    11.569    u_requant/shifted_result[2][18]_i_4_n_0
    SLICE_X63Y116        LUT3 (Prop_lut3_I0_O)        0.124    11.693 r  u_requant/shifted_result[2][6]_i_3/O
                         net (fo=3, routed)           0.684    12.377    u_requant/shifted_result[2][6]_i_3_n_0
    SLICE_X82Y120        LUT5 (Prop_lut5_I4_O)        0.124    12.501 r  u_requant/shifted_result[2][10]_i_3/O
                         net (fo=2, routed)           0.495    12.996    u_requant/shifted_result[2][10]_i_3_n_0
    SLICE_X83Y120        LUT3 (Prop_lut3_I2_O)        0.124    13.120 r  u_requant/shifted_result[2][10]_i_2/O
                         net (fo=2, routed)           0.605    13.724    u_requant/shifted_result[2][10]_i_2_n_0
    SLICE_X82Y116        LUT5 (Prop_lut5_I4_O)        0.124    13.848 r  u_requant/shifted_result[2][10]_i_1/O
                         net (fo=1, routed)           0.000    13.848    u_requant/shifted_result[2][10]_i_1_n_0
    SLICE_X82Y116        FDRE                                         r  u_requant/shifted_result_reg[2][10]/D
  -------------------------------------------------------------------    -------------------

                         (clock clk rise edge)       10.000    10.000 r  
                                                      0.000    10.000 r  clk (IN)
                         net (fo=2808, unset)         0.924    10.924    u_icg_compute/clk
    SLICE_X39Y56         LUT2 (Prop_lut2_I0_O)        0.100    11.024 r  u_icg_compute/row_d1[7][0][7]_i_2/O
                         net (fo=15740, routed)       2.556    13.581    u_requant/clk_compute
    SLICE_X82Y116        FDRE                                         r  u_requant/shifted_result_reg[2][10]/C
                         clock pessimism              0.073    13.653    
                         clock uncertainty           -0.035    13.618    
    SLICE_X82Y116        FDRE (Setup_fdre_C_D)        0.077    13.695    u_requant/shifted_result_reg[2][10]
  -------------------------------------------------------------------
                         required time                         13.695    
                         arrival time                         -13.848    
  -------------------------------------------------------------------
                         slack                                 -0.154    

Slack (VIOLATED) :        -0.135ns  (required time - arrival time)
  Source:                 u_requant/mul_result_reg[0][3]/C
                            (rising edge-triggered cell FDRE clocked by clk  {rise@0.000ns fall@5.000ns period=10.000ns})
  Destination:            u_requant/shifted_result_reg[0][22]/D
                            (rising edge-triggered cell FDRE clocked by clk  {rise@0.000ns fall@5.000ns period=10.000ns})
  Path Group:             clk
  Path Type:              Setup (Max at Slow Process Corner)
  Requirement:            10.000ns  (clk rise@10.000ns - clk rise@0.000ns)
  Data Path Delay:        9.733ns  (logic 4.508ns (46.319%)  route 5.225ns (53.681%))
  Logic Levels:           19  (CARRY4=13 LUT2=1 LUT3=1 LUT5=2 LUT6=2)
  Clock Path Skew:        -0.398ns (DCD - SCD + CPR)
    Destination Clock Delay (DCD):    3.356ns = ( 13.356 - 10.000 ) 
    Source Clock Delay      (SCD):    3.855ns
    Clock Pessimism Removal (CPR):    0.101ns
  Clock Uncertainty:      0.035ns  ((TSJ^2 + TIJ^2)^1/2 + DJ) / 2 + PE
    Total System Jitter     (TSJ):    0.071ns
    Total Input Jitter      (TIJ):    0.000ns
    Discrete Jitter          (DJ):    0.000ns
    Phase Error              (PE):    0.000ns

    Location             Delay type                Incr(ns)  Path(ns)    Netlist Resource(s)
  -------------------------------------------------------------------    -------------------
                         (clock clk rise edge)        0.000     0.000 r  
                                                      0.000     0.000 r  clk (IN)
                         net (fo=2808, unset)         0.973     0.973    u_icg_compute/clk
    SLICE_X39Y56         LUT2 (Prop_lut2_I0_O)        0.124     1.097 r  u_icg_compute/row_d1[7][0][7]_i_2/O
                         net (fo=15740, routed)       2.758     3.855    u_requant/clk_compute
    SLICE_X86Y99         FDRE                                         r  u_requant/mul_result_reg[0][3]/C
  -------------------------------------------------------------------    -------------------
    SLICE_X86Y99         FDRE (Prop_fdre_C_Q)         0.518     4.373 r  u_requant/mul_result_reg[0][3]/Q
                         net (fo=1, routed)           1.415     5.787    u_requant/mul_result_reg_n_0_[0][3]
    SLICE_X85Y99         LUT2 (Prop_lut2_I1_O)        0.124     5.911 r  u_requant/shifted_result[0][23]_i_7/O
                         net (fo=1, routed)           0.000     5.911    u_requant/shifted_result[0][23]_i_7_n_0
    SLICE_X85Y99         CARRY4 (Prop_carry4_S[0]_CO[3])
                                                      0.532     6.443 r  u_requant/shifted_result_reg[0][23]_i_2/CO[3]
                         net (fo=1, routed)           0.001     6.444    u_requant/shifted_result_reg[0][23]_i_2_n_0
    SLICE_X85Y100        CARRY4 (Prop_carry4_CI_CO[3])
                                                      0.114     6.558 r  u_requant/shifted_result_reg[0][27]_i_2/CO[3]
                         net (fo=1, routed)           0.000     6.558    u_requant/shifted_result_reg[0][27]_i_2_n_0
    SLICE_X85Y101        CARRY4 (Prop_carry4_CI_CO[3])
                                                      0.114     6.672 r  u_requant/shifted_result_reg[0][31]_i_2/CO[3]
                         net (fo=1, routed)           0.000     6.672    u_requant/shifted_result_reg[0][31]_i_2_n_0
    SLICE_X85Y102        CARRY4 (Prop_carry4_CI_CO[3])
                                                      0.114     6.786 r  u_requant/shifted_result_reg[0][32]_i_2/CO[3]
                         net (fo=1, routed)           0.000     6.786    u_requant/shifted_result_reg[0][32]_i_2_n_0
    SLICE_X85Y103        CARRY4 (Prop_carry4_CI_CO[3])
                                                      0.114     6.900 r  u_requant/shifted_result_reg[0][32]_i_75/CO[3]
                         net (fo=1, routed)           0.000     6.900    u_requant/shifted_result_reg[0][32]_i_75_n_0
    SLICE_X85Y104        CARRY4 (Prop_carry4_CI_CO[3])
                                                      0.114     7.014 r  u_requant/shifted_result_reg[0][32]_i_46/CO[3]
                         net (fo=1, routed)           0.000     7.014    u_requant/shifted_result_reg[0][32]_i_46_n_0
    SLICE_X85Y105        CARRY4 (Prop_carry4_CI_CO[3])
                                                      0.114     7.128 r  u_requant/shifted_result_reg[0][32]_i_65/CO[3]
                         net (fo=1, routed)           0.000     7.128    u_requant/shifted_result_reg[0][32]_i_65_n_0
    SLICE_X85Y106        CARRY4 (Prop_carry4_CI_CO[3])
                                                      0.114     7.242 r  u_requant/shifted_result_reg[0][32]_i_51/CO[3]
                         net (fo=1, routed)           0.000     7.242    u_requant/shifted_result_reg[0][32]_i_51_n_0
    SLICE_X85Y107        CARRY4 (Prop_carry4_CI_CO[3])
                                                      0.114     7.356 r  u_requant/shifted_result_reg[0][32]_i_70/CO[3]
                         net (fo=1, routed)           0.000     7.356    u_requant/shifted_result_reg[0][32]_i_70_n_0
    SLICE_X85Y108        CARRY4 (Prop_carry4_CI_O[1])
                                                      0.334     7.690 r  u_requant/shifted_result_reg[0][32]_i_40/O[1]
                         net (fo=2, routed)           0.627     8.317    u_requant/mul_result_reg[0]__1[57]
    SLICE_X81Y108        LUT5 (Prop_lut5_I0_O)        0.303     8.620 r  u_requant/shifted_result[0][32]_i_43/O
                         net (fo=1, routed)           0.000     8.620    u_requant/shifted_result[0][32]_i_43_n_0
    SLICE_X81Y108        CARRY4 (Prop_carry4_S[1]_CO[3])
                                                      0.550     9.170 r  u_requant/shifted_result_reg[0][32]_i_31/CO[3]
                         net (fo=1, routed)           0.000     9.170    u_requant/shifted_result_reg[0][32]_i_31_n_0
    SLICE_X81Y109        CARRY4 (Prop_carry4_CI_CO[3])
                                                      0.114     9.284 r  u_requant/shifted_result_reg[0][32]_i_36/CO[3]
                         net (fo=1, routed)           0.000     9.284    u_requant/shifted_result_reg[0][32]_i_36_n_0
    SLICE_X81Y110        CARRY4 (Prop_carry4_CI_O[0])
                                                      0.222     9.506 r  u_requant/shifted_result_reg[0][32]_i_32/O[0]
                         net (fo=32, routed)          1.055    10.561    u_requant/shifted_result_reg[0][32]_i_32_n_7
    SLICE_X82Y101        LUT6 (Prop_lut6_I0_O)        0.299    10.860 r  u_requant/shifted_result[0][25]_i_4/O
                         net (fo=4, routed)           0.732    11.592    u_requant/shifted_result[0][25]_i_4_n_0
    SLICE_X82Y106        LUT6 (Prop_lut6_I5_O)        0.124    11.716 r  u_requant/shifted_result[0][25]_i_3/O
                         net (fo=2, routed)           0.811    12.528    u_requant/shifted_result[0][25]_i_3_n_0
    SLICE_X84Y103        LUT3 (Prop_lut3_I0_O)        0.150    12.678 r  u_requant/shifted_result[0][23]_i_3/O
                         net (fo=2, routed)           0.584    13.261    u_requant/shifted_result[0][23]_i_3_n_0
    SLICE_X83Y103        LUT5 (Prop_lut5_I2_O)        0.326    13.587 r  u_requant/shifted_result[0][22]_i_1/O
                         net (fo=1, routed)           0.000    13.587    u_requant/shifted_result[22]
    SLICE_X83Y103        FDRE                                         r  u_requant/shifted_result_reg[0][22]/D
  -------------------------------------------------------------------    -------------------

                         (clock clk rise edge)       10.000    10.000 r  
                                                      0.000    10.000 r  clk (IN)
                         net (fo=2808, unset)         0.924    10.924    u_icg_compute/clk
    SLICE_X39Y56         LUT2 (Prop_lut2_I0_O)        0.100    11.024 r  u_icg_compute/row_d1[7][0][7]_i_2/O
                         net (fo=15740, routed)       2.332    13.356    u_requant/clk_compute
    SLICE_X83Y103        FDRE                                         r  u_requant/shifted_result_reg[0][22]/C
                         clock pessimism              0.101    13.457    
                         clock uncertainty           -0.035    13.421    
    SLICE_X83Y103        FDRE (Setup_fdre_C_D)        0.031    13.452    u_requant/shifted_result_reg[0][22]
  -------------------------------------------------------------------
                         required time                         13.452    
                         arrival time                         -13.587    
  -------------------------------------------------------------------
                         slack                                 -0.135    

Slack (VIOLATED) :        -0.124ns  (required time - arrival time)
  Source:                 u_requant/n_shift_s1b_reg[7][2]/C
                            (rising edge-triggered cell FDRE clocked by clk  {rise@0.000ns fall@5.000ns period=10.000ns})
  Destination:            u_requant/shifted_result_reg[7][21]/D
                            (rising edge-triggered cell FDRE clocked by clk  {rise@0.000ns fall@5.000ns period=10.000ns})
  Path Group:             clk
  Path Type:              Setup (Max at Slow Process Corner)
  Requirement:            10.000ns  (clk rise@10.000ns - clk rise@0.000ns)
  Data Path Delay:        9.896ns  (logic 4.062ns (41.048%)  route 5.834ns (58.952%))
  Logic Levels:           24  (CARRY4=17 LUT3=2 LUT4=1 LUT5=2 LUT6=2)
  Clock Path Skew:        -0.272ns (DCD - SCD + CPR)
    Destination Clock Delay (DCD):    3.505ns = ( 13.505 - 10.000 ) 
    Source Clock Delay      (SCD):    3.850ns
    Clock Pessimism Removal (CPR):    0.073ns
  Clock Uncertainty:      0.035ns  ((TSJ^2 + TIJ^2)^1/2 + DJ) / 2 + PE
    Total System Jitter     (TSJ):    0.071ns
    Total Input Jitter      (TIJ):    0.000ns
    Discrete Jitter          (DJ):    0.000ns
    Phase Error              (PE):    0.000ns

    Location             Delay type                Incr(ns)  Path(ns)    Netlist Resource(s)
  -------------------------------------------------------------------    -------------------
                         (clock clk rise edge)        0.000     0.000 r  
                                                      0.000     0.000 r  clk (IN)
                         net (fo=2808, unset)         0.973     0.973    u_icg_compute/clk
    SLICE_X39Y56         LUT2 (Prop_lut2_I0_O)        0.124     1.097 r  u_icg_compute/row_d1[7][0][7]_i_2/O
                         net (fo=15740, routed)       2.753     3.850    u_requant/clk_compute
    SLICE_X65Y101        FDRE                                         r  u_requant/n_shift_s1b_reg[7][2]/C
  -------------------------------------------------------------------    -------------------
    SLICE_X65Y101        FDRE (Prop_fdre_C_Q)         0.456     4.306 r  u_requant/n_shift_s1b_reg[7][2]/Q
                         net (fo=566, routed)         0.961     5.267    u_requant/n_shift_s1b_reg[7]_1[2]
    SLICE_X64Y101        LUT3 (Prop_lut3_I0_O)        0.124     5.391 r  u_requant/shifted_result[0][32]_i_10/O
                         net (fo=52, routed)          0.371     5.762    u_requant/shifted_result[0][32]_i_10_n_0
    SLICE_X64Y100        LUT4 (Prop_lut4_I2_O)        0.124     5.886 r  u_requant/shifted_result[0][7]_i_12/O
                         net (fo=48, routed)          1.315     7.201    u_requant/shifted_result[0][7]_i_12_n_0
    SLICE_X53Y108        LUT5 (Prop_lut5_I1_O)        0.124     7.325 r  u_requant/shifted_result[7][3]_i_6/O
                         net (fo=1, routed)           0.000     7.325    u_requant/shifted_result[7][3]_i_6_n_0
    SLICE_X53Y108        CARRY4 (Prop_carry4_S[3]_CO[3])
                                                      0.401     7.726 r  u_requant/shifted_result_reg[7][3]_i_5/CO[3]
                         net (fo=1, routed)           0.000     7.726    u_requant/shifted_result_reg[7][3]_i_5_n_0
    SLICE_X53Y109        CARRY4 (Prop_carry4_CI_CO[3])
                                                      0.114     7.840 r  u_requant/shifted_result_reg[7][7]_i_8/CO[3]
                         net (fo=1, routed)           0.000     7.840    u_requant/shifted_result_reg[7][7]_i_8_n_0
    SLICE_X53Y110        CARRY4 (Prop_carry4_CI_CO[3])
                                                      0.114     7.954 r  u_requant/shifted_result_reg[7][7]_i_7/CO[3]
                         net (fo=1, routed)           0.000     7.954    u_requant/shifted_result_reg[7][7]_i_7_n_0
    SLICE_X53Y111        CARRY4 (Prop_carry4_CI_CO[3])
                                                      0.114     8.068 r  u_requant/shifted_result_reg[7][15]_i_5/CO[3]
                         net (fo=1, routed)           0.000     8.068    u_requant/shifted_result_reg[7][15]_i_5_n_0
    SLICE_X53Y112        CARRY4 (Prop_carry4_CI_CO[3])
                                                      0.114     8.182 r  u_requant/shifted_result_reg[7][19]_i_9/CO[3]
                         net (fo=1, routed)           0.000     8.182    u_requant/shifted_result_reg[7][19]_i_9_n_0
    SLICE_X53Y113        CARRY4 (Prop_carry4_CI_CO[3])
                                                      0.114     8.296 r  u_requant/shifted_result_reg[7][23]_i_10/CO[3]
                         net (fo=1, routed)           0.000     8.296    u_requant/shifted_result_reg[7][23]_i_10_n_0
    SLICE_X53Y114        CARRY4 (Prop_carry4_CI_CO[3])
                                                      0.114     8.410 r  u_requant/shifted_result_reg[7][27]_i_10/CO[3]
                         net (fo=1, routed)           0.000     8.410    u_requant/shifted_result_reg[7][27]_i_10_n_0
    SLICE_X53Y115        CARRY4 (Prop_carry4_CI_CO[3])
                                                      0.114     8.524 r  u_requant/shifted_result_reg[7][31]_i_10/CO[3]
                         net (fo=1, routed)           0.000     8.524    u_requant/shifted_result_reg[7][31]_i_10_n_0
    SLICE_X53Y116        CARRY4 (Prop_carry4_CI_CO[3])
                                                      0.114     8.638 r  u_requant/shifted_result_reg[7][32]_i_31/CO[3]
                         net (fo=1, routed)           0.000     8.638    u_requant/shifted_result_reg[7][32]_i_31_n_0
    SLICE_X53Y117        CARRY4 (Prop_carry4_CI_CO[3])
                                                      0.114     8.752 r  u_requant/shifted_result_reg[7][32]_i_35/CO[3]
                         net (fo=1, routed)           0.000     8.752    u_requant/shifted_result_reg[7][32]_i_35_n_0
    SLICE_X53Y118        CARRY4 (Prop_carry4_CI_CO[3])
                                                      0.114     8.866 r  u_requant/shifted_result_reg[7][32]_i_29/CO[3]
                         net (fo=1, routed)           0.000     8.866    u_requant/shifted_result_reg[7][32]_i_29_n_0
    SLICE_X53Y119        CARRY4 (Prop_carry4_CI_CO[3])
                                                      0.114     8.980 r  u_requant/shifted_result_reg[7][32]_i_33/CO[3]
                         net (fo=1, routed)           0.000     8.980    u_requant/shifted_result_reg[7][32]_i_33_n_0
    SLICE_X53Y120        CARRY4 (Prop_carry4_CI_CO[3])
                                                      0.114     9.094 r  u_requant/shifted_result_reg[7][32]_i_30/CO[3]
                         net (fo=1, routed)           0.000     9.094    u_requant/shifted_result_reg[7][32]_i_30_n_0
    SLICE_X53Y121        CARRY4 (Prop_carry4_CI_CO[3])
                                                      0.114     9.208 r  u_requant/shifted_result_reg[7][32]_i_34/CO[3]
                         net (fo=1, routed)           0.000     9.208    u_requant/shifted_result_reg[7][32]_i_34_n_0
    SLICE_X53Y122        CARRY4 (Prop_carry4_CI_CO[3])
                                                      0.114     9.322 r  u_requant/shifted_result_reg[7][32]_i_27/CO[3]
                         net (fo=1, routed)           0.000     9.322    u_requant/shifted_result_reg[7][32]_i_27_n_0
    SLICE_X53Y123        CARRY4 (Prop_carry4_CI_CO[3])
                                                      0.114     9.436 r  u_requant/shifted_result_reg[7][32]_i_32/CO[3]
                         net (fo=1, routed)           0.000     9.436    u_requant/shifted_result_reg[7][32]_i_32_n_0
    SLICE_X53Y124        CARRY4 (Prop_carry4_CI_O[0])
                                                      0.222     9.658 r  u_requant/shifted_result_reg[7][32]_i_28/O[0]
                         net (fo=32, routed)          0.931    10.589    u_requant/shifted_result_reg[7][32]_i_28_n_7
    SLICE_X56Y116        LUT6 (Prop_lut6_I0_O)        0.299    10.888 r  u_requant/shifted_result[7][23]_i_9/O
                         net (fo=4, routed)           0.840    11.729    u_requant/shifted_result[7][23]_i_9_n_0
    SLICE_X58Y118        LUT6 (Prop_lut6_I5_O)        0.124    11.853 r  u_requant/shifted_result[7][23]_i_8/O
                         net (fo=2, routed)           0.652    12.505    u_requant/shifted_result[7][23]_i_8_n_0
    SLICE_X58Y118        LUT3 (Prop_lut3_I0_O)        0.150    12.655 r  u_requant/shifted_result[7][21]_i_2/O
                         net (fo=2, routed)           0.763    13.417    u_requant/shifted_result[7][21]_i_2_n_0
    SLICE_X58Y118        LUT5 (Prop_lut5_I4_O)        0.328    13.745 r  u_requant/shifted_result[7][21]_i_1/O
                         net (fo=1, routed)           0.000    13.745    u_requant/shifted_result[7][21]_i_1_n_0
    SLICE_X58Y118        FDRE                                         r  u_requant/shifted_result_reg[7][21]/D
  -------------------------------------------------------------------    -------------------

                         (clock clk rise edge)       10.000    10.000 r  
                                                      0.000    10.000 r  clk (IN)
                         net (fo=2808, unset)         0.924    10.924    u_icg_compute/clk
    SLICE_X39Y56         LUT2 (Prop_lut2_I0_O)        0.100    11.024 r  u_icg_compute/row_d1[7][0][7]_i_2/O
                         net (fo=15740, routed)       2.481    13.505    u_requant/clk_compute
    SLICE_X58Y118        FDRE                                         r  u_requant/shifted_result_reg[7][21]/C
                         clock pessimism              0.073    13.578    
                         clock uncertainty           -0.035    13.542    
    SLICE_X58Y118        FDRE (Setup_fdre_C_D)        0.079    13.621    u_requant/shifted_result_reg[7][21]
  -------------------------------------------------------------------
                         required time                         13.621    
                         arrival time                         -13.745    
  -------------------------------------------------------------------
                         slack                                 -0.124    

Slack (VIOLATED) :        -0.120ns  (required time - arrival time)
  Source:                 u_requant/n_shift_s1b_reg[7][2]/C
                            (rising edge-triggered cell FDRE clocked by clk  {rise@0.000ns fall@5.000ns period=10.000ns})
  Destination:            u_requant/shifted_result_reg[1][18]/D
                            (rising edge-triggered cell FDRE clocked by clk  {rise@0.000ns fall@5.000ns period=10.000ns})
  Path Group:             clk
  Path Type:              Setup (Max at Slow Process Corner)
  Requirement:            10.000ns  (clk rise@10.000ns - clk rise@0.000ns)
  Data Path Delay:        9.614ns  (logic 4.185ns (43.529%)  route 5.429ns (56.471%))
  Logic Levels:           24  (CARRY4=17 LUT3=2 LUT4=1 LUT5=2 LUT6=2)
  Clock Path Skew:        -0.501ns (DCD - SCD + CPR)
    Destination Clock Delay (DCD):    3.276ns = ( 13.276 - 10.000 ) 
    Source Clock Delay      (SCD):    3.850ns
    Clock Pessimism Removal (CPR):    0.073ns
  Clock Uncertainty:      0.035ns  ((TSJ^2 + TIJ^2)^1/2 + DJ) / 2 + PE
    Total System Jitter     (TSJ):    0.071ns
    Total Input Jitter      (TIJ):    0.000ns
    Discrete Jitter          (DJ):    0.000ns
    Phase Error              (PE):    0.000ns

    Location             Delay type                Incr(ns)  Path(ns)    Netlist Resource(s)
  -------------------------------------------------------------------    -------------------
                         (clock clk rise edge)        0.000     0.000 r  
                                                      0.000     0.000 r  clk (IN)
                         net (fo=2808, unset)         0.973     0.973    u_icg_compute/clk
    SLICE_X39Y56         LUT2 (Prop_lut2_I0_O)        0.124     1.097 r  u_icg_compute/row_d1[7][0][7]_i_2/O
                         net (fo=15740, routed)       2.753     3.850    u_requant/clk_compute
    SLICE_X65Y101        FDRE                                         r  u_requant/n_shift_s1b_reg[7][2]/C
  -------------------------------------------------------------------    -------------------
    SLICE_X65Y101        FDRE (Prop_fdre_C_Q)         0.456     4.306 r  u_requant/n_shift_s1b_reg[7][2]/Q
                         net (fo=566, routed)         0.961     5.267    u_requant/n_shift_s1b_reg[7]_1[2]
    SLICE_X64Y101        LUT3 (Prop_lut3_I0_O)        0.124     5.391 r  u_requant/shifted_result[0][32]_i_10/O
                         net (fo=52, routed)          0.371     5.762    u_requant/shifted_result[0][32]_i_10_n_0
    SLICE_X64Y100        LUT4 (Prop_lut4_I2_O)        0.124     5.886 r  u_requant/shifted_result[0][7]_i_12/O
                         net (fo=48, routed)          1.008     6.894    u_requant/shifted_result[0][7]_i_12_n_0
    SLICE_X54Y92         LUT5 (Prop_lut5_I1_O)        0.124     7.018 r  u_requant/shifted_result[1][3]_i_9/O
                         net (fo=1, routed)           0.000     7.018    u_requant/shifted_result[1][3]_i_9_n_0
    SLICE_X54Y92         CARRY4 (Prop_carry4_S[0]_CO[3])
                                                      0.513     7.531 r  u_requant/shifted_result_reg[1][3]_i_5/CO[3]
                         net (fo=1, routed)           0.000     7.531    u_requant/shifted_result_reg[1][3]_i_5_n_0
    SLICE_X54Y93         CARRY4 (Prop_carry4_CI_CO[3])
                                                      0.117     7.648 r  u_requant/shifted_result_reg[1][7]_i_7/CO[3]
                         net (fo=1, routed)           0.000     7.648    u_requant/shifted_result_reg[1][7]_i_7_n_0
    SLICE_X54Y94         CARRY4 (Prop_carry4_CI_CO[3])
                                                      0.117     7.765 r  u_requant/shifted_result_reg[1][10]_i_5/CO[3]
                         net (fo=1, routed)           0.000     7.765    u_requant/shifted_result_reg[1][10]_i_5_n_0
    SLICE_X54Y95         CARRY4 (Prop_carry4_CI_CO[3])
                                                      0.117     7.882 r  u_requant/shifted_result_reg[1][15]_i_5/CO[3]
                         net (fo=1, routed)           0.000     7.882    u_requant/shifted_result_reg[1][15]_i_5_n_0
    SLICE_X54Y96         CARRY4 (Prop_carry4_CI_CO[3])
                                                      0.117     7.999 r  u_requant/shifted_result_reg[1][19]_i_9/CO[3]
                         net (fo=1, routed)           0.000     7.999    u_requant/shifted_result_reg[1][19]_i_9_n_0
    SLICE_X54Y97         CARRY4 (Prop_carry4_CI_CO[3])
                                                      0.117     8.116 r  u_requant/shifted_result_reg[1][23]_i_10/CO[3]
                         net (fo=1, routed)           0.000     8.116    u_requant/shifted_result_reg[1][23]_i_10_n_0
    SLICE_X54Y98         CARRY4 (Prop_carry4_CI_CO[3])
                                                      0.117     8.233 r  u_requant/shifted_result_reg[1][27]_i_10/CO[3]
                         net (fo=1, routed)           0.000     8.233    u_requant/shifted_result_reg[1][27]_i_10_n_0
    SLICE_X54Y99         CARRY4 (Prop_carry4_CI_CO[3])
                                                      0.117     8.350 r  u_requant/shifted_result_reg[1][31]_i_10/CO[3]
                         net (fo=1, routed)           0.001     8.350    u_requant/shifted_result_reg[1][31]_i_10_n_0
    SLICE_X54Y100        CARRY4 (Prop_carry4_CI_CO[3])
                                                      0.117     8.467 r  u_requant/shifted_result_reg[1][32]_i_33/CO[3]
                         net (fo=1, routed)           0.000     8.467    u_requant/shifted_result_reg[1][32]_i_33_n_0
    SLICE_X54Y101        CARRY4 (Prop_carry4_CI_CO[3])
                                                      0.117     8.584 r  u_requant/shifted_result_reg[1][32]_i_37/CO[3]
                         net (fo=1, routed)           0.000     8.584    u_requant/shifted_result_reg[1][32]_i_37_n_0
    SLICE_X54Y102        CARRY4 (Prop_carry4_CI_CO[3])
                                                      0.117     8.701 r  u_requant/shifted_result_reg[1][32]_i_31/CO[3]
                         net (fo=1, routed)           0.000     8.701    u_requant/shifted_result_reg[1][32]_i_31_n_0
    SLICE_X54Y103        CARRY4 (Prop_carry4_CI_CO[3])
                                                      0.117     8.818 r  u_requant/shifted_result_reg[1][32]_i_35/CO[3]
                         net (fo=1, routed)           0.000     8.818    u_requant/shifted_result_reg[1][32]_i_35_n_0
    SLICE_X54Y104        CARRY4 (Prop_carry4_CI_CO[3])
                                                      0.117     8.935 r  u_requant/shifted_result_reg[1][32]_i_32/CO[3]
                         net (fo=1, routed)           0.000     8.935    u_requant/shifted_result_reg[1][32]_i_32_n_0
    SLICE_X54Y105        CARRY4 (Prop_carry4_CI_CO[3])
                                                      0.117     9.052 r  u_requant/shifted_result_reg[1][32]_i_36/CO[3]
                         net (fo=1, routed)           0.000     9.052    u_requant/shifted_result_reg[1][32]_i_36_n_0
    SLICE_X54Y106        CARRY4 (Prop_carry4_CI_CO[3])
                                                      0.117     9.169 r  u_requant/shifted_result_reg[1][32]_i_29/CO[3]
                         net (fo=1, routed)           0.000     9.169    u_requant/shifted_result_reg[1][32]_i_29_n_0
    SLICE_X54Y107        CARRY4 (Prop_carry4_CI_CO[3])
                                                      0.117     9.286 r  u_requant/shifted_result_reg[1][32]_i_34/CO[3]
                         net (fo=1, routed)           0.000     9.286    u_requant/shifted_result_reg[1][32]_i_34_n_0
    SLICE_X54Y108        CARRY4 (Prop_carry4_CI_O[0])
                                                      0.219     9.505 r  u_requant/shifted_result_reg[1][32]_i_30/O[0]
                         net (fo=32, routed)          0.925    10.431    u_requant/shifted_result_reg[1][32]_i_30_n_7
    SLICE_X57Y103        LUT6 (Prop_lut6_I0_O)        0.295    10.726 r  u_requant/shifted_result[1][23]_i_9/O
                         net (fo=4, routed)           0.952    11.677    u_requant/shifted_result[1][23]_i_9_n_0
    SLICE_X60Y105        LUT6 (Prop_lut6_I1_O)        0.124    11.801 r  u_requant/shifted_result[1][19]_i_7/O
                         net (fo=2, routed)           0.604    12.406    u_requant/shifted_result[1][19]_i_7_n_0
    SLICE_X61Y104        LUT3 (Prop_lut3_I2_O)        0.119    12.525 r  u_requant/shifted_result[1][19]_i_3/O
                         net (fo=2, routed)           0.607    13.132    u_requant/shifted_result[1][19]_i_3_n_0
    SLICE_X61Y104        LUT5 (Prop_lut5_I2_O)        0.332    13.464 r  u_requant/shifted_result[1][18]_i_1/O
                         net (fo=1, routed)           0.000    13.464    u_requant/shifted_result[1][18]_i_1_n_0
    SLICE_X61Y104        FDRE                                         r  u_requant/shifted_result_reg[1][18]/D
  -------------------------------------------------------------------    -------------------

                         (clock clk rise edge)       10.000    10.000 r  
                                                      0.000    10.000 r  clk (IN)
                         net (fo=2808, unset)         0.924    10.924    u_icg_compute/clk
    SLICE_X39Y56         LUT2 (Prop_lut2_I0_O)        0.100    11.024 r  u_icg_compute/row_d1[7][0][7]_i_2/O
                         net (fo=15740, routed)       2.251    13.276    u_requant/clk_compute
    SLICE_X61Y104        FDRE                                         r  u_requant/shifted_result_reg[1][18]/C
                         clock pessimism              0.073    13.348    
                         clock uncertainty           -0.035    13.313    
    SLICE_X61Y104        FDRE (Setup_fdre_C_D)        0.031    13.344    u_requant/shifted_result_reg[1][18]
  -------------------------------------------------------------------
                         required time                         13.344    
                         arrival time                         -13.464    
  -------------------------------------------------------------------
                         slack                                 -0.120    

Slack (VIOLATED) :        -0.098ns  (required time - arrival time)
  Source:                 u_requant/n_shift_s1b_reg[7][2]/C
                            (rising edge-triggered cell FDRE clocked by clk  {rise@0.000ns fall@5.000ns period=10.000ns})
  Destination:            u_requant/shifted_result_reg[4][24]/D
                            (rising edge-triggered cell FDRE clocked by clk  {rise@0.000ns fall@5.000ns period=10.000ns})
  Path Group:             clk
  Path Type:              Setup (Max at Slow Process Corner)
  Requirement:            10.000ns  (clk rise@10.000ns - clk rise@0.000ns)
  Data Path Delay:        9.390ns  (logic 4.066ns (43.301%)  route 5.324ns (56.699%))
  Logic Levels:           23  (CARRY4=16 LUT3=2 LUT4=1 LUT5=3 LUT6=1)
  Clock Path Skew:        -0.702ns (DCD - SCD + CPR)
    Destination Clock Delay (DCD):    3.075ns = ( 13.075 - 10.000 ) 
    Source Clock Delay      (SCD):    3.850ns
    Clock Pessimism Removal (CPR):    0.073ns
  Clock Uncertainty:      0.035ns  ((TSJ^2 + TIJ^2)^1/2 + DJ) / 2 + PE
    Total System Jitter     (TSJ):    0.071ns
    Total Input Jitter      (TIJ):    0.000ns
    Discrete Jitter          (DJ):    0.000ns
    Phase Error              (PE):    0.000ns

    Location             Delay type                Incr(ns)  Path(ns)    Netlist Resource(s)
  -------------------------------------------------------------------    -------------------
                         (clock clk rise edge)        0.000     0.000 r  
                                                      0.000     0.000 r  clk (IN)
                         net (fo=2808, unset)         0.973     0.973    u_icg_compute/clk
    SLICE_X39Y56         LUT2 (Prop_lut2_I0_O)        0.124     1.097 r  u_icg_compute/row_d1[7][0][7]_i_2/O
                         net (fo=15740, routed)       2.753     3.850    u_requant/clk_compute
    SLICE_X65Y101        FDRE                                         r  u_requant/n_shift_s1b_reg[7][2]/C
  -------------------------------------------------------------------    -------------------
    SLICE_X65Y101        FDRE (Prop_fdre_C_Q)         0.456     4.306 r  u_requant/n_shift_s1b_reg[7][2]/Q
                         net (fo=566, routed)         0.961     5.267    u_requant/n_shift_s1b_reg[7]_1[2]
    SLICE_X64Y101        LUT3 (Prop_lut3_I0_O)        0.124     5.391 r  u_requant/shifted_result[0][32]_i_10/O
                         net (fo=52, routed)          0.371     5.762    u_requant/shifted_result[0][32]_i_10_n_0
    SLICE_X64Y100        LUT4 (Prop_lut4_I2_O)        0.124     5.886 r  u_requant/shifted_result[0][7]_i_12/O
                         net (fo=48, routed)          1.017     6.903    u_requant/shifted_result[0][7]_i_12_n_0
    SLICE_X52Y100        LUT5 (Prop_lut5_I1_O)        0.124     7.027 r  u_requant/shifted_result[4][7]_i_16/O
                         net (fo=1, routed)           0.000     7.027    u_requant/shifted_result[4][7]_i_16_n_0
    SLICE_X52Y100        CARRY4 (Prop_carry4_S[0]_CO[3])
                                                      0.532     7.559 r  u_requant/shifted_result_reg[4][7]_i_8/CO[3]
                         net (fo=1, routed)           0.000     7.559    u_requant/shifted_result_reg[4][7]_i_8_n_0
    SLICE_X52Y101        CARRY4 (Prop_carry4_CI_CO[3])
                                                      0.114     7.673 r  u_requant/shifted_result_reg[4][7]_i_7/CO[3]
                         net (fo=1, routed)           0.000     7.673    u_requant/shifted_result_reg[4][7]_i_7_n_0
    SLICE_X52Y102        CARRY4 (Prop_carry4_CI_CO[3])
                                                      0.114     7.787 r  u_requant/shifted_result_reg[4][15]_i_5/CO[3]
                         net (fo=1, routed)           0.000     7.787    u_requant/shifted_result_reg[4][15]_i_5_n_0
    SLICE_X52Y103        CARRY4 (Prop_carry4_CI_CO[3])
                                                      0.114     7.901 r  u_requant/shifted_result_reg[4][19]_i_9/CO[3]
                         net (fo=1, routed)           0.000     7.901    u_requant/shifted_result_reg[4][19]_i_9_n_0
    SLICE_X52Y104        CARRY4 (Prop_carry4_CI_CO[3])
                                                      0.114     8.015 r  u_requant/shifted_result_reg[4][23]_i_10/CO[3]
                         net (fo=1, routed)           0.000     8.015    u_requant/shifted_result_reg[4][23]_i_10_n_0
    SLICE_X52Y105        CARRY4 (Prop_carry4_CI_CO[3])
                                                      0.114     8.129 r  u_requant/shifted_result_reg[4][27]_i_10/CO[3]
                         net (fo=1, routed)           0.000     8.129    u_requant/shifted_result_reg[4][27]_i_10_n_0
    SLICE_X52Y106        CARRY4 (Prop_carry4_CI_CO[3])
                                                      0.114     8.243 r  u_requant/shifted_result_reg[4][31]_i_10/CO[3]
                         net (fo=1, routed)           0.000     8.243    u_requant/shifted_result_reg[4][31]_i_10_n_0
    SLICE_X52Y107        CARRY4 (Prop_carry4_CI_CO[3])
                                                      0.114     8.357 r  u_requant/shifted_result_reg[4][32]_i_33/CO[3]
                         net (fo=1, routed)           0.000     8.357    u_requant/shifted_result_reg[4][32]_i_33_n_0
    SLICE_X52Y108        CARRY4 (Prop_carry4_CI_CO[3])
                                                      0.114     8.471 r  u_requant/shifted_result_reg[4][32]_i_37/CO[3]
                         net (fo=1, routed)           0.000     8.471    u_requant/shifted_result_reg[4][32]_i_37_n_0
    SLICE_X52Y109        CARRY4 (Prop_carry4_CI_CO[3])
                                                      0.114     8.585 r  u_requant/shifted_result_reg[4][32]_i_31/CO[3]
                         net (fo=1, routed)           0.000     8.585    u_requant/shifted_result_reg[4][32]_i_31_n_0
    SLICE_X52Y110        CARRY4 (Prop_carry4_CI_CO[3])
                                                      0.114     8.699 r  u_requant/shifted_result_reg[4][32]_i_35/CO[3]
                         net (fo=1, routed)           0.000     8.699    u_requant/shifted_result_reg[4][32]_i_35_n_0
    SLICE_X52Y111        CARRY4 (Prop_carry4_CI_CO[3])
                                                      0.114     8.813 r  u_requant/shifted_result_reg[4][32]_i_32/CO[3]
                         net (fo=1, routed)           0.000     8.813    u_requant/shifted_result_reg[4][32]_i_32_n_0
    SLICE_X52Y112        CARRY4 (Prop_carry4_CI_CO[3])
                                                      0.114     8.927 r  u_requant/shifted_result_reg[4][32]_i_36/CO[3]
                         net (fo=1, routed)           0.000     8.927    u_requant/shifted_result_reg[4][32]_i_36_n_0
    SLICE_X52Y113        CARRY4 (Prop_carry4_CI_CO[3])
                                                      0.114     9.041 r  u_requant/shifted_result_reg[4][32]_i_29/CO[3]
                         net (fo=1, routed)           0.000     9.041    u_requant/shifted_result_reg[4][32]_i_29_n_0
    SLICE_X52Y114        CARRY4 (Prop_carry4_CI_CO[3])
                                                      0.114     9.155 r  u_requant/shifted_result_reg[4][32]_i_34/CO[3]
                         net (fo=1, routed)           0.000     9.155    u_requant/shifted_result_reg[4][32]_i_34_n_0
    SLICE_X52Y115        CARRY4 (Prop_carry4_CI_O[0])
                                                      0.222     9.377 r  u_requant/shifted_result_reg[4][32]_i_30/O[0]
                         net (fo=32, routed)          0.880    10.256    u_requant/shifted_result_reg[4][32]_i_30_n_7
    SLICE_X51Y112        LUT5 (Prop_lut5_I2_O)        0.299    10.555 r  u_requant/shifted_result[4][32]_i_22/O
                         net (fo=4, routed)           0.612    11.167    u_requant/shifted_result[4][32]_i_22_n_0
    SLICE_X50Y113        LUT6 (Prop_lut6_I3_O)        0.124    11.291 r  u_requant/shifted_result[4][26]_i_3/O
                         net (fo=2, routed)           0.806    12.097    u_requant/shifted_result[4][26]_i_3_n_0
    SLICE_X54Y113        LUT3 (Prop_lut3_I0_O)        0.117    12.214 r  u_requant/shifted_result[4][24]_i_2/O
                         net (fo=2, routed)           0.678    12.892    u_requant/shifted_result[4][24]_i_2_n_0
    SLICE_X51Y112        LUT5 (Prop_lut5_I4_O)        0.348    13.240 r  u_requant/shifted_result[4][24]_i_1/O
                         net (fo=1, routed)           0.000    13.240    u_requant/shifted_result[4][24]_i_1_n_0
    SLICE_X51Y112        FDRE                                         r  u_requant/shifted_result_reg[4][24]/D
  -------------------------------------------------------------------    -------------------

                         (clock clk rise edge)       10.000    10.000 r  
                                                      0.000    10.000 r  clk (IN)
                         net (fo=2808, unset)         0.924    10.924    u_icg_compute/clk
    SLICE_X39Y56         LUT2 (Prop_lut2_I0_O)        0.100    11.024 r  u_icg_compute/row_d1[7][0][7]_i_2/O
                         net (fo=15740, routed)       2.051    13.075    u_requant/clk_compute
    SLICE_X51Y112        FDRE                                         r  u_requant/shifted_result_reg[4][24]/C
                         clock pessimism              0.073    13.148    
                         clock uncertainty           -0.035    13.113    
    SLICE_X51Y112        FDRE (Setup_fdre_C_D)        0.029    13.142    u_requant/shifted_result_reg[4][24]
  -------------------------------------------------------------------
                         required time                         13.142    
                         arrival time                         -13.240    
  -------------------------------------------------------------------
                         slack                                 -0.098    

Slack (VIOLATED) :        -0.097ns  (required time - arrival time)
  Source:                 u_requant/n_shift_s1b_reg[7][2]/C
                            (rising edge-triggered cell FDRE clocked by clk  {rise@0.000ns fall@5.000ns period=10.000ns})
  Destination:            u_requant/shifted_result_reg[7][13]/D
                            (rising edge-triggered cell FDRE clocked by clk  {rise@0.000ns fall@5.000ns period=10.000ns})
  Path Group:             clk
  Path Type:              Setup (Max at Slow Process Corner)
  Requirement:            10.000ns  (clk rise@10.000ns - clk rise@0.000ns)
  Data Path Delay:        9.772ns  (logic 4.062ns (41.569%)  route 5.710ns (58.431%))
  Logic Levels:           24  (CARRY4=17 LUT3=2 LUT4=1 LUT5=2 LUT6=2)
  Clock Path Skew:        -0.319ns (DCD - SCD + CPR)
    Destination Clock Delay (DCD):    3.458ns = ( 13.458 - 10.000 ) 
    Source Clock Delay      (SCD):    3.850ns
    Clock Pessimism Removal (CPR):    0.073ns
  Clock Uncertainty:      0.035ns  ((TSJ^2 + TIJ^2)^1/2 + DJ) / 2 + PE
    Total System Jitter     (TSJ):    0.071ns
    Total Input Jitter      (TIJ):    0.000ns
    Discrete Jitter          (DJ):    0.000ns
    Phase Error              (PE):    0.000ns

    Location             Delay type                Incr(ns)  Path(ns)    Netlist Resource(s)
  -------------------------------------------------------------------    -------------------
                         (clock clk rise edge)        0.000     0.000 r  
                                                      0.000     0.000 r  clk (IN)
                         net (fo=2808, unset)         0.973     0.973    u_icg_compute/clk
    SLICE_X39Y56         LUT2 (Prop_lut2_I0_O)        0.124     1.097 r  u_icg_compute/row_d1[7][0][7]_i_2/O
                         net (fo=15740, routed)       2.753     3.850    u_requant/clk_compute
    SLICE_X65Y101        FDRE                                         r  u_requant/n_shift_s1b_reg[7][2]/C
  -------------------------------------------------------------------    -------------------
    SLICE_X65Y101        FDRE (Prop_fdre_C_Q)         0.456     4.306 r  u_requant/n_shift_s1b_reg[7][2]/Q
                         net (fo=566, routed)         0.961     5.267    u_requant/n_shift_s1b_reg[7]_1[2]
    SLICE_X64Y101        LUT3 (Prop_lut3_I0_O)        0.124     5.391 r  u_requant/shifted_result[0][32]_i_10/O
                         net (fo=52, routed)          0.371     5.762    u_requant/shifted_result[0][32]_i_10_n_0
    SLICE_X64Y100        LUT4 (Prop_lut4_I2_O)        0.124     5.886 r  u_requant/shifted_result[0][7]_i_12/O
                         net (fo=48, routed)          1.315     7.201    u_requant/shifted_result[0][7]_i_12_n_0
    SLICE_X53Y108        LUT5 (Prop_lut5_I1_O)        0.124     7.325 r  u_requant/shifted_result[7][3]_i_6/O
                         net (fo=1, routed)           0.000     7.325    u_requant/shifted_result[7][3]_i_6_n_0
    SLICE_X53Y108        CARRY4 (Prop_carry4_S[3]_CO[3])
                                                      0.401     7.726 r  u_requant/shifted_result_reg[7][3]_i_5/CO[3]
                         net (fo=1, routed)           0.000     7.726    u_requant/shifted_result_reg[7][3]_i_5_n_0
    SLICE_X53Y109        CARRY4 (Prop_carry4_CI_CO[3])
                                                      0.114     7.840 r  u_requant/shifted_result_reg[7][7]_i_8/CO[3]
                         net (fo=1, routed)           0.000     7.840    u_requant/shifted_result_reg[7][7]_i_8_n_0
    SLICE_X53Y110        CARRY4 (Prop_carry4_CI_CO[3])
                                                      0.114     7.954 r  u_requant/shifted_result_reg[7][7]_i_7/CO[3]
                         net (fo=1, routed)           0.000     7.954    u_requant/shifted_result_reg[7][7]_i_7_n_0
    SLICE_X53Y111        CARRY4 (Prop_carry4_CI_CO[3])
                                                      0.114     8.068 r  u_requant/shifted_result_reg[7][15]_i_5/CO[3]
                         net (fo=1, routed)           0.000     8.068    u_requant/shifted_result_reg[7][15]_i_5_n_0
    SLICE_X53Y112        CARRY4 (Prop_carry4_CI_CO[3])
                                                      0.114     8.182 r  u_requant/shifted_result_reg[7][19]_i_9/CO[3]
                         net (fo=1, routed)           0.000     8.182    u_requant/shifted_result_reg[7][19]_i_9_n_0
    SLICE_X53Y113        CARRY4 (Prop_carry4_CI_CO[3])
                                                      0.114     8.296 r  u_requant/shifted_result_reg[7][23]_i_10/CO[3]
                         net (fo=1, routed)           0.000     8.296    u_requant/shifted_result_reg[7][23]_i_10_n_0
    SLICE_X53Y114        CARRY4 (Prop_carry4_CI_CO[3])
                                                      0.114     8.410 r  u_requant/shifted_result_reg[7][27]_i_10/CO[3]
                         net (fo=1, routed)           0.000     8.410    u_requant/shifted_result_reg[7][27]_i_10_n_0
    SLICE_X53Y115        CARRY4 (Prop_carry4_CI_CO[3])
                                                      0.114     8.524 r  u_requant/shifted_result_reg[7][31]_i_10/CO[3]
                         net (fo=1, routed)           0.000     8.524    u_requant/shifted_result_reg[7][31]_i_10_n_0
    SLICE_X53Y116        CARRY4 (Prop_carry4_CI_CO[3])
                                                      0.114     8.638 r  u_requant/shifted_result_reg[7][32]_i_31/CO[3]
                         net (fo=1, routed)           0.000     8.638    u_requant/shifted_result_reg[7][32]_i_31_n_0
    SLICE_X53Y117        CARRY4 (Prop_carry4_CI_CO[3])
                                                      0.114     8.752 r  u_requant/shifted_result_reg[7][32]_i_35/CO[3]
                         net (fo=1, routed)           0.000     8.752    u_requant/shifted_result_reg[7][32]_i_35_n_0
    SLICE_X53Y118        CARRY4 (Prop_carry4_CI_CO[3])
                                                      0.114     8.866 r  u_requant/shifted_result_reg[7][32]_i_29/CO[3]
                         net (fo=1, routed)           0.000     8.866    u_requant/shifted_result_reg[7][32]_i_29_n_0
    SLICE_X53Y119        CARRY4 (Prop_carry4_CI_CO[3])
                                                      0.114     8.980 r  u_requant/shifted_result_reg[7][32]_i_33/CO[3]
                         net (fo=1, routed)           0.000     8.980    u_requant/shifted_result_reg[7][32]_i_33_n_0
    SLICE_X53Y120        CARRY4 (Prop_carry4_CI_CO[3])
                                                      0.114     9.094 r  u_requant/shifted_result_reg[7][32]_i_30/CO[3]
                         net (fo=1, routed)           0.000     9.094    u_requant/shifted_result_reg[7][32]_i_30_n_0
    SLICE_X53Y121        CARRY4 (Prop_carry4_CI_CO[3])
                                                      0.114     9.208 r  u_requant/shifted_result_reg[7][32]_i_34/CO[3]
                         net (fo=1, routed)           0.000     9.208    u_requant/shifted_result_reg[7][32]_i_34_n_0
    SLICE_X53Y122        CARRY4 (Prop_carry4_CI_CO[3])
                                                      0.114     9.322 r  u_requant/shifted_result_reg[7][32]_i_27/CO[3]
                         net (fo=1, routed)           0.000     9.322    u_requant/shifted_result_reg[7][32]_i_27_n_0
    SLICE_X53Y123        CARRY4 (Prop_carry4_CI_CO[3])
                                                      0.114     9.436 r  u_requant/shifted_result_reg[7][32]_i_32/CO[3]
                         net (fo=1, routed)           0.000     9.436    u_requant/shifted_result_reg[7][32]_i_32_n_0
    SLICE_X53Y124        CARRY4 (Prop_carry4_CI_O[0])
                                                      0.222     9.658 r  u_requant/shifted_result_reg[7][32]_i_28/O[0]
                         net (fo=32, routed)          0.956    10.614    u_requant/shifted_result_reg[7][32]_i_28_n_7
    SLICE_X54Y115        LUT6 (Prop_lut6_I0_O)        0.299    10.913 r  u_requant/shifted_result[7][21]_i_4/O
                         net (fo=4, routed)           0.667    11.580    u_requant/shifted_result[7][21]_i_4_n_0
    SLICE_X57Y116        LUT6 (Prop_lut6_I3_O)        0.124    11.704 r  u_requant/shifted_result[7][13]_i_3/O
                         net (fo=2, routed)           0.811    12.515    u_requant/shifted_result[7][13]_i_3_n_0
    SLICE_X56Y114        LUT3 (Prop_lut3_I2_O)        0.152    12.667 r  u_requant/shifted_result[7][13]_i_2/O
                         net (fo=2, routed)           0.628    13.295    u_requant/shifted_result[7][13]_i_2_n_0
    SLICE_X56Y117        LUT5 (Prop_lut5_I4_O)        0.326    13.621 r  u_requant/shifted_result[7][13]_i_1/O
                         net (fo=1, routed)           0.000    13.621    u_requant/shifted_result[7][13]_i_1_n_0
    SLICE_X56Y117        FDRE                                         r  u_requant/shifted_result_reg[7][13]/D
  -------------------------------------------------------------------    -------------------

                         (clock clk rise edge)       10.000    10.000 r  
                                                      0.000    10.000 r  clk (IN)
                         net (fo=2808, unset)         0.924    10.924    u_icg_compute/clk
    SLICE_X39Y56         LUT2 (Prop_lut2_I0_O)        0.100    11.024 r  u_icg_compute/row_d1[7][0][7]_i_2/O
                         net (fo=15740, routed)       2.434    13.458    u_requant/clk_compute
    SLICE_X56Y117        FDRE                                         r  u_requant/shifted_result_reg[7][13]/C
                         clock pessimism              0.073    13.531    
                         clock uncertainty           -0.035    13.496    
    SLICE_X56Y117        FDRE (Setup_fdre_C_D)        0.029    13.525    u_requant/shifted_result_reg[7][13]
  -------------------------------------------------------------------
                         required time                         13.525    
                         arrival time                         -13.621    
  -------------------------------------------------------------------
                         slack                                 -0.097    

Slack (VIOLATED) :        -0.090ns  (required time - arrival time)
  Source:                 u_requant/n_shift_s1b_reg[7][2]/C
                            (rising edge-triggered cell FDRE clocked by clk  {rise@0.000ns fall@5.000ns period=10.000ns})
  Destination:            u_requant/shifted_result_reg[1][9]/D
                            (rising edge-triggered cell FDRE clocked by clk  {rise@0.000ns fall@5.000ns period=10.000ns})
  Path Group:             clk
  Path Type:              Setup (Max at Slow Process Corner)
  Requirement:            10.000ns  (clk rise@10.000ns - clk rise@0.000ns)
  Data Path Delay:        9.739ns  (logic 4.106ns (42.162%)  route 5.633ns (57.838%))
  Logic Levels:           25  (CARRY4=17 LUT3=3 LUT4=1 LUT5=3 LUT6=1)
  Clock Path Skew:        -0.397ns (DCD - SCD + CPR)
    Destination Clock Delay (DCD):    3.380ns = ( 13.380 - 10.000 ) 
    Source Clock Delay      (SCD):    3.850ns
    Clock Pessimism Removal (CPR):    0.073ns
  Clock Uncertainty:      0.035ns  ((TSJ^2 + TIJ^2)^1/2 + DJ) / 2 + PE
    Total System Jitter     (TSJ):    0.071ns
    Total Input Jitter      (TIJ):    0.000ns
    Discrete Jitter          (DJ):    0.000ns
    Phase Error              (PE):    0.000ns

    Location             Delay type                Incr(ns)  Path(ns)    Netlist Resource(s)
  -------------------------------------------------------------------    -------------------
                         (clock clk rise edge)        0.000     0.000 r  
                                                      0.000     0.000 r  clk (IN)
                         net (fo=2808, unset)         0.973     0.973    u_icg_compute/clk
    SLICE_X39Y56         LUT2 (Prop_lut2_I0_O)        0.124     1.097 r  u_icg_compute/row_d1[7][0][7]_i_2/O
                         net (fo=15740, routed)       2.753     3.850    u_requant/clk_compute
    SLICE_X65Y101        FDRE                                         r  u_requant/n_shift_s1b_reg[7][2]/C
  -------------------------------------------------------------------    -------------------
    SLICE_X65Y101        FDRE (Prop_fdre_C_Q)         0.456     4.306 r  u_requant/n_shift_s1b_reg[7][2]/Q
                         net (fo=566, routed)         0.961     5.267    u_requant/n_shift_s1b_reg[7]_1[2]
    SLICE_X64Y101        LUT3 (Prop_lut3_I0_O)        0.124     5.391 r  u_requant/shifted_result[0][32]_i_10/O
                         net (fo=52, routed)          0.371     5.762    u_requant/shifted_result[0][32]_i_10_n_0
    SLICE_X64Y100        LUT4 (Prop_lut4_I2_O)        0.124     5.886 r  u_requant/shifted_result[0][7]_i_12/O
                         net (fo=48, routed)          1.008     6.894    u_requant/shifted_result[0][7]_i_12_n_0
    SLICE_X54Y92         LUT5 (Prop_lut5_I1_O)        0.124     7.018 r  u_requant/shifted_result[1][3]_i_9/O
                         net (fo=1, routed)           0.000     7.018    u_requant/shifted_result[1][3]_i_9_n_0
    SLICE_X54Y92         CARRY4 (Prop_carry4_S[0]_CO[3])
                                                      0.513     7.531 r  u_requant/shifted_result_reg[1][3]_i_5/CO[3]
                         net (fo=1, routed)           0.000     7.531    u_requant/shifted_result_reg[1][3]_i_5_n_0
    SLICE_X54Y93         CARRY4 (Prop_carry4_CI_CO[3])
                                                      0.117     7.648 r  u_requant/shifted_result_reg[1][7]_i_7/CO[3]
                         net (fo=1, routed)           0.000     7.648    u_requant/shifted_result_reg[1][7]_i_7_n_0
    SLICE_X54Y94         CARRY4 (Prop_carry4_CI_CO[3])
                                                      0.117     7.765 r  u_requant/shifted_result_reg[1][10]_i_5/CO[3]
                         net (fo=1, routed)           0.000     7.765    u_requant/shifted_result_reg[1][10]_i_5_n_0
    SLICE_X54Y95         CARRY4 (Prop_carry4_CI_CO[3])
                                                      0.117     7.882 r  u_requant/shifted_result_reg[1][15]_i_5/CO[3]
                         net (fo=1, routed)           0.000     7.882    u_requant/shifted_result_reg[1][15]_i_5_n_0
    SLICE_X54Y96         CARRY4 (Prop_carry4_CI_CO[3])
                                                      0.117     7.999 r  u_requant/shifted_result_reg[1][19]_i_9/CO[3]
                         net (fo=1, routed)           0.000     7.999    u_requant/shifted_result_reg[1][19]_i_9_n_0
    SLICE_X54Y97         CARRY4 (Prop_carry4_CI_CO[3])
                                                      0.117     8.116 r  u_requant/shifted_result_reg[1][23]_i_10/CO[3]
                         net (fo=1, routed)           0.000     8.116    u_requant/shifted_result_reg[1][23]_i_10_n_0
    SLICE_X54Y98         CARRY4 (Prop_carry4_CI_CO[3])
                                                      0.117     8.233 r  u_requant/shifted_result_reg[1][27]_i_10/CO[3]
                         net (fo=1, routed)           0.000     8.233    u_requant/shifted_result_reg[1][27]_i_10_n_0
    SLICE_X54Y99         CARRY4 (Prop_carry4_CI_CO[3])
                                                      0.117     8.350 r  u_requant/shifted_result_reg[1][31]_i_10/CO[3]
                         net (fo=1, routed)           0.001     8.350    u_requant/shifted_result_reg[1][31]_i_10_n_0
    SLICE_X54Y100        CARRY4 (Prop_carry4_CI_CO[3])
                                                      0.117     8.467 r  u_requant/shifted_result_reg[1][32]_i_33/CO[3]
                         net (fo=1, routed)           0.000     8.467    u_requant/shifted_result_reg[1][32]_i_33_n_0
    SLICE_X54Y101        CARRY4 (Prop_carry4_CI_CO[3])
                                                      0.117     8.584 r  u_requant/shifted_result_reg[1][32]_i_37/CO[3]
                         net (fo=1, routed)           0.000     8.584    u_requant/shifted_result_reg[1][32]_i_37_n_0
    SLICE_X54Y102        CARRY4 (Prop_carry4_CI_CO[3])
                                                      0.117     8.701 r  u_requant/shifted_result_reg[1][32]_i_31/CO[3]
                         net (fo=1, routed)           0.000     8.701    u_requant/shifted_result_reg[1][32]_i_31_n_0
    SLICE_X54Y103        CARRY4 (Prop_carry4_CI_CO[3])
                                                      0.117     8.818 r  u_requant/shifted_result_reg[1][32]_i_35/CO[3]
                         net (fo=1, routed)           0.000     8.818    u_requant/shifted_result_reg[1][32]_i_35_n_0
    SLICE_X54Y104        CARRY4 (Prop_carry4_CI_CO[3])
                                                      0.117     8.935 r  u_requant/shifted_result_reg[1][32]_i_32/CO[3]
                         net (fo=1, routed)           0.000     8.935    u_requant/shifted_result_reg[1][32]_i_32_n_0
    SLICE_X54Y105        CARRY4 (Prop_carry4_CI_CO[3])
                                                      0.117     9.052 r  u_requant/shifted_result_reg[1][32]_i_36/CO[3]
                         net (fo=1, routed)           0.000     9.052    u_requant/shifted_result_reg[1][32]_i_36_n_0
    SLICE_X54Y106        CARRY4 (Prop_carry4_CI_CO[3])
                                                      0.117     9.169 r  u_requant/shifted_result_reg[1][32]_i_29/CO[3]
                         net (fo=1, routed)           0.000     9.169    u_requant/shifted_result_reg[1][32]_i_29_n_0
    SLICE_X54Y107        CARRY4 (Prop_carry4_CI_CO[3])
                                                      0.117     9.286 r  u_requant/shifted_result_reg[1][32]_i_34/CO[3]
                         net (fo=1, routed)           0.000     9.286    u_requant/shifted_result_reg[1][32]_i_34_n_0
    SLICE_X54Y108        CARRY4 (Prop_carry4_CI_O[0])
                                                      0.219     9.505 r  u_requant/shifted_result_reg[1][32]_i_30/O[0]
                         net (fo=32, routed)          0.868    10.373    u_requant/shifted_result_reg[1][32]_i_30_n_7
    SLICE_X56Y105        LUT6 (Prop_lut6_I0_O)        0.295    10.668 r  u_requant/shifted_result[1][19]_i_8/O
                         net (fo=3, routed)           0.477    11.145    u_requant/shifted_result[1][19]_i_8_n_0
    SLICE_X60Y104        LUT3 (Prop_lut3_I0_O)        0.124    11.269 r  u_requant/shifted_result[1][7]_i_3/O
                         net (fo=3, routed)           0.950    12.219    u_requant/shifted_result[1][7]_i_3_n_0
    SLICE_X60Y104        LUT5 (Prop_lut5_I4_O)        0.124    12.343 r  u_requant/shifted_result[1][11]_i_3/O
                         net (fo=2, routed)           0.421    12.764    u_requant/shifted_result[1][11]_i_3_n_0
    SLICE_X59Y104        LUT3 (Prop_lut3_I0_O)        0.124    12.888 r  u_requant/shifted_result[1][9]_i_2/O
                         net (fo=2, routed)           0.576    13.464    u_requant/shifted_result[1][9]_i_2_n_0
    SLICE_X58Y104        LUT5 (Prop_lut5_I4_O)        0.124    13.588 r  u_requant/shifted_result[1][9]_i_1/O
                         net (fo=1, routed)           0.000    13.588    u_requant/shifted_result[1][9]_i_1_n_0
    SLICE_X58Y104        FDRE                                         r  u_requant/shifted_result_reg[1][9]/D
  -------------------------------------------------------------------    -------------------

                         (clock clk rise edge)       10.000    10.000 r  
                                                      0.000    10.000 r  clk (IN)
                         net (fo=2808, unset)         0.924    10.924    u_icg_compute/clk
    SLICE_X39Y56         LUT2 (Prop_lut2_I0_O)        0.100    11.024 r  u_icg_compute/row_d1[7][0][7]_i_2/O
                         net (fo=15740, routed)       2.355    13.380    u_requant/clk_compute
    SLICE_X58Y104        FDRE                                         r  u_requant/shifted_result_reg[1][9]/C
                         clock pessimism              0.073    13.452    
                         clock uncertainty           -0.035    13.417    
    SLICE_X58Y104        FDRE (Setup_fdre_C_D)        0.081    13.498    u_requant/shifted_result_reg[1][9]
  -------------------------------------------------------------------
                         required time                         13.498    
                         arrival time                         -13.588    
  -------------------------------------------------------------------
                         slack                                 -0.090    

Slack (VIOLATED) :        -0.088ns  (required time - arrival time)
  Source:                 u_requant/n_shift_s1b_reg[7][2]/C
                            (rising edge-triggered cell FDRE clocked by clk  {rise@0.000ns fall@5.000ns period=10.000ns})
  Destination:            u_requant/shifted_result_reg[4][22]/D
                            (rising edge-triggered cell FDRE clocked by clk  {rise@0.000ns fall@5.000ns period=10.000ns})
  Path Group:             clk
  Path Type:              Setup (Max at Slow Process Corner)
  Requirement:            10.000ns  (clk rise@10.000ns - clk rise@0.000ns)
  Data Path Delay:        9.808ns  (logic 3.849ns (39.242%)  route 5.959ns (60.758%))
  Logic Levels:           23  (CARRY4=16 LUT3=2 LUT4=1 LUT5=3 LUT6=1)
  Clock Path Skew:        -0.322ns (DCD - SCD + CPR)
    Destination Clock Delay (DCD):    3.455ns = ( 13.455 - 10.000 ) 
    Source Clock Delay      (SCD):    3.850ns
    Clock Pessimism Removal (CPR):    0.073ns
  Clock Uncertainty:      0.035ns  ((TSJ^2 + TIJ^2)^1/2 + DJ) / 2 + PE
    Total System Jitter     (TSJ):    0.071ns
    Total Input Jitter      (TIJ):    0.000ns
    Discrete Jitter          (DJ):    0.000ns
    Phase Error              (PE):    0.000ns

    Location             Delay type                Incr(ns)  Path(ns)    Netlist Resource(s)
  -------------------------------------------------------------------    -------------------
                         (clock clk rise edge)        0.000     0.000 r  
                                                      0.000     0.000 r  clk (IN)
                         net (fo=2808, unset)         0.973     0.973    u_icg_compute/clk
    SLICE_X39Y56         LUT2 (Prop_lut2_I0_O)        0.124     1.097 r  u_icg_compute/row_d1[7][0][7]_i_2/O
                         net (fo=15740, routed)       2.753     3.850    u_requant/clk_compute
    SLICE_X65Y101        FDRE                                         r  u_requant/n_shift_s1b_reg[7][2]/C
  -------------------------------------------------------------------    -------------------
    SLICE_X65Y101        FDRE (Prop_fdre_C_Q)         0.456     4.306 r  u_requant/n_shift_s1b_reg[7][2]/Q
                         net (fo=566, routed)         0.961     5.267    u_requant/n_shift_s1b_reg[7]_1[2]
    SLICE_X64Y101        LUT3 (Prop_lut3_I0_O)        0.124     5.391 r  u_requant/shifted_result[0][32]_i_10/O
                         net (fo=52, routed)          0.371     5.762    u_requant/shifted_result[0][32]_i_10_n_0
    SLICE_X64Y100        LUT4 (Prop_lut4_I2_O)        0.124     5.886 r  u_requant/shifted_result[0][7]_i_12/O
                         net (fo=48, routed)          1.017     6.903    u_requant/shifted_result[0][7]_i_12_n_0
    SLICE_X52Y100        LUT5 (Prop_lut5_I1_O)        0.124     7.027 r  u_requant/shifted_result[4][7]_i_16/O
                         net (fo=1, routed)           0.000     7.027    u_requant/shifted_result[4][7]_i_16_n_0
    SLICE_X52Y100        CARRY4 (Prop_carry4_S[0]_CO[3])
                                                      0.532     7.559 r  u_requant/shifted_result_reg[4][7]_i_8/CO[3]
                         net (fo=1, routed)           0.000     7.559    u_requant/shifted_result_reg[4][7]_i_8_n_0
    SLICE_X52Y101        CARRY4 (Prop_carry4_CI_CO[3])
                                                      0.114     7.673 r  u_requant/shifted_result_reg[4][7]_i_7/CO[3]
                         net (fo=1, routed)           0.000     7.673    u_requant/shifted_result_reg[4][7]_i_7_n_0
    SLICE_X52Y102        CARRY4 (Prop_carry4_CI_CO[3])
                                                      0.114     7.787 r  u_requant/shifted_result_reg[4][15]_i_5/CO[3]
                         net (fo=1, routed)           0.000     7.787    u_requant/shifted_result_reg[4][15]_i_5_n_0
    SLICE_X52Y103        CARRY4 (Prop_carry4_CI_CO[3])
                                                      0.114     7.901 r  u_requant/shifted_result_reg[4][19]_i_9/CO[3]
                         net (fo=1, routed)           0.000     7.901    u_requant/shifted_result_reg[4][19]_i_9_n_0
    SLICE_X52Y104        CARRY4 (Prop_carry4_CI_CO[3])
                                                      0.114     8.015 r  u_requant/shifted_result_reg[4][23]_i_10/CO[3]
                         net (fo=1, routed)           0.000     8.015    u_requant/shifted_result_reg[4][23]_i_10_n_0
    SLICE_X52Y105        CARRY4 (Prop_carry4_CI_CO[3])
                                                      0.114     8.129 r  u_requant/shifted_result_reg[4][27]_i_10/CO[3]
                         net (fo=1, routed)           0.000     8.129    u_requant/shifted_result_reg[4][27]_i_10_n_0
    SLICE_X52Y106        CARRY4 (Prop_carry4_CI_CO[3])
                                                      0.114     8.243 r  u_requant/shifted_result_reg[4][31]_i_10/CO[3]
                         net (fo=1, routed)           0.000     8.243    u_requant/shifted_result_reg[4][31]_i_10_n_0
    SLICE_X52Y107        CARRY4 (Prop_carry4_CI_CO[3])
                                                      0.114     8.357 r  u_requant/shifted_result_reg[4][32]_i_33/CO[3]
                         net (fo=1, routed)           0.000     8.357    u_requant/shifted_result_reg[4][32]_i_33_n_0
    SLICE_X52Y108        CARRY4 (Prop_carry4_CI_CO[3])
                                                      0.114     8.471 r  u_requant/shifted_result_reg[4][32]_i_37/CO[3]
                         net (fo=1, routed)           0.000     8.471    u_requant/shifted_result_reg[4][32]_i_37_n_0
    SLICE_X52Y109        CARRY4 (Prop_carry4_CI_CO[3])
                                                      0.114     8.585 r  u_requant/shifted_result_reg[4][32]_i_31/CO[3]
                         net (fo=1, routed)           0.000     8.585    u_requant/shifted_result_reg[4][32]_i_31_n_0
    SLICE_X52Y110        CARRY4 (Prop_carry4_CI_CO[3])
                                                      0.114     8.699 r  u_requant/shifted_result_reg[4][32]_i_35/CO[3]
                         net (fo=1, routed)           0.000     8.699    u_requant/shifted_result_reg[4][32]_i_35_n_0
    SLICE_X52Y111        CARRY4 (Prop_carry4_CI_CO[3])
                                                      0.114     8.813 r  u_requant/shifted_result_reg[4][32]_i_32/CO[3]
                         net (fo=1, routed)           0.000     8.813    u_requant/shifted_result_reg[4][32]_i_32_n_0
    SLICE_X52Y112        CARRY4 (Prop_carry4_CI_CO[3])
                                                      0.114     8.927 r  u_requant/shifted_result_reg[4][32]_i_36/CO[3]
                         net (fo=1, routed)           0.000     8.927    u_requant/shifted_result_reg[4][32]_i_36_n_0
    SLICE_X52Y113        CARRY4 (Prop_carry4_CI_CO[3])
                                                      0.114     9.041 r  u_requant/shifted_result_reg[4][32]_i_29/CO[3]
                         net (fo=1, routed)           0.000     9.041    u_requant/shifted_result_reg[4][32]_i_29_n_0
    SLICE_X52Y114        CARRY4 (Prop_carry4_CI_CO[3])
                                                      0.114     9.155 r  u_requant/shifted_result_reg[4][32]_i_34/CO[3]
                         net (fo=1, routed)           0.000     9.155    u_requant/shifted_result_reg[4][32]_i_34_n_0
    SLICE_X52Y115        CARRY4 (Prop_carry4_CI_O[0])
                                                      0.222     9.377 r  u_requant/shifted_result_reg[4][32]_i_30/O[0]
                         net (fo=32, routed)          0.905    10.282    u_requant/shifted_result_reg[4][32]_i_30_n_7
    SLICE_X51Y110        LUT5 (Prop_lut5_I2_O)        0.299    10.581 r  u_requant/shifted_result[4][32]_i_14/O
                         net (fo=4, routed)           1.128    11.708    u_requant/shifted_result[4][32]_i_14_n_0
    SLICE_X64Y114        LUT6 (Prop_lut6_I0_O)        0.124    11.832 r  u_requant/shifted_result[4][23]_i_8/O
                         net (fo=2, routed)           0.898    12.730    u_requant/shifted_result[4][23]_i_8_n_0
    SLICE_X50Y111        LUT3 (Prop_lut3_I2_O)        0.124    12.854 r  u_requant/shifted_result[4][23]_i_3/O
                         net (fo=2, routed)           0.680    13.534    u_requant/shifted_result[4][23]_i_3_n_0
    SLICE_X54Y113        LUT5 (Prop_lut5_I2_O)        0.124    13.658 r  u_requant/shifted_result[4][22]_i_1/O
                         net (fo=1, routed)           0.000    13.658    u_requant/shifted_result[4][22]_i_1_n_0
    SLICE_X54Y113        FDRE                                         r  u_requant/shifted_result_reg[4][22]/D
  -------------------------------------------------------------------    -------------------

                         (clock clk rise edge)       10.000    10.000 r  
                                                      0.000    10.000 r  clk (IN)
                         net (fo=2808, unset)         0.924    10.924    u_icg_compute/clk
    SLICE_X39Y56         LUT2 (Prop_lut2_I0_O)        0.100    11.024 r  u_icg_compute/row_d1[7][0][7]_i_2/O
                         net (fo=15740, routed)       2.431    13.455    u_requant/clk_compute
    SLICE_X54Y113        FDRE                                         r  u_requant/shifted_result_reg[4][22]/C
                         clock pessimism              0.073    13.528    
                         clock uncertainty           -0.035    13.493    
    SLICE_X54Y113        FDRE (Setup_fdre_C_D)        0.077    13.570    u_requant/shifted_result_reg[4][22]
  -------------------------------------------------------------------
                         required time                         13.570    
                         arrival time                         -13.658    
  -------------------------------------------------------------------
                         slack                                 -0.088    

Slack (VIOLATED) :        -0.082ns  (required time - arrival time)
  Source:                 u_requant/n_shift_s1b_reg[7][2]/C
                            (rising edge-triggered cell FDRE clocked by clk  {rise@0.000ns fall@5.000ns period=10.000ns})
  Destination:            u_requant/shifted_result_reg[4][23]/D
                            (rising edge-triggered cell FDRE clocked by clk  {rise@0.000ns fall@5.000ns period=10.000ns})
  Path Group:             clk
  Path Type:              Setup (Max at Slow Process Corner)
  Requirement:            10.000ns  (clk rise@10.000ns - clk rise@0.000ns)
  Data Path Delay:        9.804ns  (logic 3.849ns (39.258%)  route 5.955ns (60.742%))
  Logic Levels:           23  (CARRY4=16 LUT3=2 LUT4=1 LUT5=3 LUT6=1)
  Clock Path Skew:        -0.322ns (DCD - SCD + CPR)
    Destination Clock Delay (DCD):    3.455ns = ( 13.455 - 10.000 ) 
    Source Clock Delay      (SCD):    3.850ns
    Clock Pessimism Removal (CPR):    0.073ns
  Clock Uncertainty:      0.035ns  ((TSJ^2 + TIJ^2)^1/2 + DJ) / 2 + PE
    Total System Jitter     (TSJ):    0.071ns
    Total Input Jitter      (TIJ):    0.000ns
    Discrete Jitter          (DJ):    0.000ns
    Phase Error              (PE):    0.000ns

    Location             Delay type                Incr(ns)  Path(ns)    Netlist Resource(s)
  -------------------------------------------------------------------    -------------------
                         (clock clk rise edge)        0.000     0.000 r  
                                                      0.000     0.000 r  clk (IN)
                         net (fo=2808, unset)         0.973     0.973    u_icg_compute/clk
    SLICE_X39Y56         LUT2 (Prop_lut2_I0_O)        0.124     1.097 r  u_icg_compute/row_d1[7][0][7]_i_2/O
                         net (fo=15740, routed)       2.753     3.850    u_requant/clk_compute
    SLICE_X65Y101        FDRE                                         r  u_requant/n_shift_s1b_reg[7][2]/C
  -------------------------------------------------------------------    -------------------
    SLICE_X65Y101        FDRE (Prop_fdre_C_Q)         0.456     4.306 r  u_requant/n_shift_s1b_reg[7][2]/Q
                         net (fo=566, routed)         0.961     5.267    u_requant/n_shift_s1b_reg[7]_1[2]
    SLICE_X64Y101        LUT3 (Prop_lut3_I0_O)        0.124     5.391 r  u_requant/shifted_result[0][32]_i_10/O
                         net (fo=52, routed)          0.371     5.762    u_requant/shifted_result[0][32]_i_10_n_0
    SLICE_X64Y100        LUT4 (Prop_lut4_I2_O)        0.124     5.886 r  u_requant/shifted_result[0][7]_i_12/O
                         net (fo=48, routed)          1.017     6.903    u_requant/shifted_result[0][7]_i_12_n_0
    SLICE_X52Y100        LUT5 (Prop_lut5_I1_O)        0.124     7.027 r  u_requant/shifted_result[4][7]_i_16/O
                         net (fo=1, routed)           0.000     7.027    u_requant/shifted_result[4][7]_i_16_n_0
    SLICE_X52Y100        CARRY4 (Prop_carry4_S[0]_CO[3])
                                                      0.532     7.559 r  u_requant/shifted_result_reg[4][7]_i_8/CO[3]
                         net (fo=1, routed)           0.000     7.559    u_requant/shifted_result_reg[4][7]_i_8_n_0
    SLICE_X52Y101        CARRY4 (Prop_carry4_CI_CO[3])
                                                      0.114     7.673 r  u_requant/shifted_result_reg[4][7]_i_7/CO[3]
                         net (fo=1, routed)           0.000     7.673    u_requant/shifted_result_reg[4][7]_i_7_n_0
    SLICE_X52Y102        CARRY4 (Prop_carry4_CI_CO[3])
                                                      0.114     7.787 r  u_requant/shifted_result_reg[4][15]_i_5/CO[3]
                         net (fo=1, routed)           0.000     7.787    u_requant/shifted_result_reg[4][15]_i_5_n_0
    SLICE_X52Y103        CARRY4 (Prop_carry4_CI_CO[3])
                                                      0.114     7.901 r  u_requant/shifted_result_reg[4][19]_i_9/CO[3]
                         net (fo=1, routed)           0.000     7.901    u_requant/shifted_result_reg[4][19]_i_9_n_0
    SLICE_X52Y104        CARRY4 (Prop_carry4_CI_CO[3])
                                                      0.114     8.015 r  u_requant/shifted_result_reg[4][23]_i_10/CO[3]
                         net (fo=1, routed)           0.000     8.015    u_requant/shifted_result_reg[4][23]_i_10_n_0
    SLICE_X52Y105        CARRY4 (Prop_carry4_CI_CO[3])
                                                      0.114     8.129 r  u_requant/shifted_result_reg[4][27]_i_10/CO[3]
                         net (fo=1, routed)           0.000     8.129    u_requant/shifted_result_reg[4][27]_i_10_n_0
    SLICE_X52Y106        CARRY4 (Prop_carry4_CI_CO[3])
                                                      0.114     8.243 r  u_requant/shifted_result_reg[4][31]_i_10/CO[3]
                         net (fo=1, routed)           0.000     8.243    u_requant/shifted_result_reg[4][31]_i_10_n_0
    SLICE_X52Y107        CARRY4 (Prop_carry4_CI_CO[3])
                                                      0.114     8.357 r  u_requant/shifted_result_reg[4][32]_i_33/CO[3]
                         net (fo=1, routed)           0.000     8.357    u_requant/shifted_result_reg[4][32]_i_33_n_0
    SLICE_X52Y108        CARRY4 (Prop_carry4_CI_CO[3])
                                                      0.114     8.471 r  u_requant/shifted_result_reg[4][32]_i_37/CO[3]
                         net (fo=1, routed)           0.000     8.471    u_requant/shifted_result_reg[4][32]_i_37_n_0
    SLICE_X52Y109        CARRY4 (Prop_carry4_CI_CO[3])
                                                      0.114     8.585 r  u_requant/shifted_result_reg[4][32]_i_31/CO[3]
                         net (fo=1, routed)           0.000     8.585    u_requant/shifted_result_reg[4][32]_i_31_n_0
    SLICE_X52Y110        CARRY4 (Prop_carry4_CI_CO[3])
                                                      0.114     8.699 r  u_requant/shifted_result_reg[4][32]_i_35/CO[3]
                         net (fo=1, routed)           0.000     8.699    u_requant/shifted_result_reg[4][32]_i_35_n_0
    SLICE_X52Y111        CARRY4 (Prop_carry4_CI_CO[3])
                                                      0.114     8.813 r  u_requant/shifted_result_reg[4][32]_i_32/CO[3]
                         net (fo=1, routed)           0.000     8.813    u_requant/shifted_result_reg[4][32]_i_32_n_0
    SLICE_X52Y112        CARRY4 (Prop_carry4_CI_CO[3])
                                                      0.114     8.927 r  u_requant/shifted_result_reg[4][32]_i_36/CO[3]
                         net (fo=1, routed)           0.000     8.927    u_requant/shifted_result_reg[4][32]_i_36_n_0
    SLICE_X52Y113        CARRY4 (Prop_carry4_CI_CO[3])
                                                      0.114     9.041 r  u_requant/shifted_result_reg[4][32]_i_29/CO[3]
                         net (fo=1, routed)           0.000     9.041    u_requant/shifted_result_reg[4][32]_i_29_n_0
    SLICE_X52Y114        CARRY4 (Prop_carry4_CI_CO[3])
                                                      0.114     9.155 r  u_requant/shifted_result_reg[4][32]_i_34/CO[3]
                         net (fo=1, routed)           0.000     9.155    u_requant/shifted_result_reg[4][32]_i_34_n_0
    SLICE_X52Y115        CARRY4 (Prop_carry4_CI_O[0])
                                                      0.222     9.377 r  u_requant/shifted_result_reg[4][32]_i_30/O[0]
                         net (fo=32, routed)          0.905    10.282    u_requant/shifted_result_reg[4][32]_i_30_n_7
    SLICE_X51Y110        LUT5 (Prop_lut5_I2_O)        0.299    10.581 r  u_requant/shifted_result[4][32]_i_14/O
                         net (fo=4, routed)           1.128    11.708    u_requant/shifted_result[4][32]_i_14_n_0
    SLICE_X64Y114        LUT6 (Prop_lut6_I0_O)        0.124    11.832 r  u_requant/shifted_result[4][23]_i_8/O
                         net (fo=2, routed)           0.898    12.730    u_requant/shifted_result[4][23]_i_8_n_0
    SLICE_X50Y111        LUT3 (Prop_lut3_I2_O)        0.124    12.854 r  u_requant/shifted_result[4][23]_i_3/O
                         net (fo=2, routed)           0.676    13.530    u_requant/shifted_result[4][23]_i_3_n_0
    SLICE_X54Y113        LUT5 (Prop_lut5_I4_O)        0.124    13.654 r  u_requant/shifted_result[4][23]_i_1/O
                         net (fo=1, routed)           0.000    13.654    u_requant/shifted_result[4][23]_i_1_n_0
    SLICE_X54Y113        FDRE                                         r  u_requant/shifted_result_reg[4][23]/D
  -------------------------------------------------------------------    -------------------

                         (clock clk rise edge)       10.000    10.000 r  
                                                      0.000    10.000 r  clk (IN)
                         net (fo=2808, unset)         0.924    10.924    u_icg_compute/clk
    SLICE_X39Y56         LUT2 (Prop_lut2_I0_O)        0.100    11.024 r  u_icg_compute/row_d1[7][0][7]_i_2/O
                         net (fo=15740, routed)       2.431    13.455    u_requant/clk_compute
    SLICE_X54Y113        FDRE                                         r  u_requant/shifted_result_reg[4][23]/C
                         clock pessimism              0.073    13.528    
                         clock uncertainty           -0.035    13.493    
    SLICE_X54Y113        FDRE (Setup_fdre_C_D)        0.079    13.572    u_requant/shifted_result_reg[4][23]
  -------------------------------------------------------------------
                         required time                         13.572    
                         arrival time                         -13.654    
  -------------------------------------------------------------------
                         slack                                 -0.082    

Slack (VIOLATED) :        -0.076ns  (required time - arrival time)
  Source:                 u_requant/n_shift_s1b_reg[7][2]/C
                            (rising edge-triggered cell FDRE clocked by clk  {rise@0.000ns fall@5.000ns period=10.000ns})
  Destination:            u_requant/shifted_result_reg[4][32]/D
                            (rising edge-triggered cell FDRE clocked by clk  {rise@0.000ns fall@5.000ns period=10.000ns})
  Path Group:             clk
  Path Type:              Setup (Max at Slow Process Corner)
  Requirement:            10.000ns  (clk rise@10.000ns - clk rise@0.000ns)
  Data Path Delay:        9.654ns  (logic 4.079ns (42.251%)  route 5.575ns (57.749%))
  Logic Levels:           23  (CARRY4=16 LUT3=2 LUT4=1 LUT5=3 LUT6=1)
  Clock Path Skew:        -0.418ns (DCD - SCD + CPR)
    Destination Clock Delay (DCD):    3.359ns = ( 13.359 - 10.000 ) 
    Source Clock Delay      (SCD):    3.850ns
    Clock Pessimism Removal (CPR):    0.073ns
  Clock Uncertainty:      0.035ns  ((TSJ^2 + TIJ^2)^1/2 + DJ) / 2 + PE
    Total System Jitter     (TSJ):    0.071ns
    Total Input Jitter      (TIJ):    0.000ns
    Discrete Jitter          (DJ):    0.000ns
    Phase Error              (PE):    0.000ns

    Location             Delay type                Incr(ns)  Path(ns)    Netlist Resource(s)
  -------------------------------------------------------------------    -------------------
                         (clock clk rise edge)        0.000     0.000 r  
                                                      0.000     0.000 r  clk (IN)
                         net (fo=2808, unset)         0.973     0.973    u_icg_compute/clk
    SLICE_X39Y56         LUT2 (Prop_lut2_I0_O)        0.124     1.097 r  u_icg_compute/row_d1[7][0][7]_i_2/O
                         net (fo=15740, routed)       2.753     3.850    u_requant/clk_compute
    SLICE_X65Y101        FDRE                                         r  u_requant/n_shift_s1b_reg[7][2]/C
  -------------------------------------------------------------------    -------------------
    SLICE_X65Y101        FDRE (Prop_fdre_C_Q)         0.456     4.306 r  u_requant/n_shift_s1b_reg[7][2]/Q
                         net (fo=566, routed)         0.961     5.267    u_requant/n_shift_s1b_reg[7]_1[2]
    SLICE_X64Y101        LUT3 (Prop_lut3_I0_O)        0.124     5.391 r  u_requant/shifted_result[0][32]_i_10/O
                         net (fo=52, routed)          0.371     5.762    u_requant/shifted_result[0][32]_i_10_n_0
    SLICE_X64Y100        LUT4 (Prop_lut4_I2_O)        0.124     5.886 r  u_requant/shifted_result[0][7]_i_12/O
                         net (fo=48, routed)          1.017     6.903    u_requant/shifted_result[0][7]_i_12_n_0
    SLICE_X52Y100        LUT5 (Prop_lut5_I1_O)        0.124     7.027 r  u_requant/shifted_result[4][7]_i_16/O
                         net (fo=1, routed)           0.000     7.027    u_requant/shifted_result[4][7]_i_16_n_0
    SLICE_X52Y100        CARRY4 (Prop_carry4_S[0]_CO[3])
                                                      0.532     7.559 r  u_requant/shifted_result_reg[4][7]_i_8/CO[3]
                         net (fo=1, routed)           0.000     7.559    u_requant/shifted_result_reg[4][7]_i_8_n_0
    SLICE_X52Y101        CARRY4 (Prop_carry4_CI_CO[3])
                                                      0.114     7.673 r  u_requant/shifted_result_reg[4][7]_i_7/CO[3]
                         net (fo=1, routed)           0.000     7.673    u_requant/shifted_result_reg[4][7]_i_7_n_0
    SLICE_X52Y102        CARRY4 (Prop_carry4_CI_CO[3])
                                                      0.114     7.787 r  u_requant/shifted_result_reg[4][15]_i_5/CO[3]
                         net (fo=1, routed)           0.000     7.787    u_requant/shifted_result_reg[4][15]_i_5_n_0
    SLICE_X52Y103        CARRY4 (Prop_carry4_CI_CO[3])
                                                      0.114     7.901 r  u_requant/shifted_result_reg[4][19]_i_9/CO[3]
                         net (fo=1, routed)           0.000     7.901    u_requant/shifted_result_reg[4][19]_i_9_n_0
    SLICE_X52Y104        CARRY4 (Prop_carry4_CI_CO[3])
                                                      0.114     8.015 r  u_requant/shifted_result_reg[4][23]_i_10/CO[3]
                         net (fo=1, routed)           0.000     8.015    u_requant/shifted_result_reg[4][23]_i_10_n_0
    SLICE_X52Y105        CARRY4 (Prop_carry4_CI_CO[3])
                                                      0.114     8.129 r  u_requant/shifted_result_reg[4][27]_i_10/CO[3]
                         net (fo=1, routed)           0.000     8.129    u_requant/shifted_result_reg[4][27]_i_10_n_0
    SLICE_X52Y106        CARRY4 (Prop_carry4_CI_CO[3])
                                                      0.114     8.243 r  u_requant/shifted_result_reg[4][31]_i_10/CO[3]
                         net (fo=1, routed)           0.000     8.243    u_requant/shifted_result_reg[4][31]_i_10_n_0
    SLICE_X52Y107        CARRY4 (Prop_carry4_CI_CO[3])
                                                      0.114     8.357 r  u_requant/shifted_result_reg[4][32]_i_33/CO[3]
                         net (fo=1, routed)           0.000     8.357    u_requant/shifted_result_reg[4][32]_i_33_n_0
    SLICE_X52Y108        CARRY4 (Prop_carry4_CI_CO[3])
                                                      0.114     8.471 r  u_requant/shifted_result_reg[4][32]_i_37/CO[3]
                         net (fo=1, routed)           0.000     8.471    u_requant/shifted_result_reg[4][32]_i_37_n_0
    SLICE_X52Y109        CARRY4 (Prop_carry4_CI_CO[3])
                                                      0.114     8.585 r  u_requant/shifted_result_reg[4][32]_i_31/CO[3]
                         net (fo=1, routed)           0.000     8.585    u_requant/shifted_result_reg[4][32]_i_31_n_0
    SLICE_X52Y110        CARRY4 (Prop_carry4_CI_CO[3])
                                                      0.114     8.699 r  u_requant/shifted_result_reg[4][32]_i_35/CO[3]
                         net (fo=1, routed)           0.000     8.699    u_requant/shifted_result_reg[4][32]_i_35_n_0
    SLICE_X52Y111        CARRY4 (Prop_carry4_CI_CO[3])
                                                      0.114     8.813 r  u_requant/shifted_result_reg[4][32]_i_32/CO[3]
                         net (fo=1, routed)           0.000     8.813    u_requant/shifted_result_reg[4][32]_i_32_n_0
    SLICE_X52Y112        CARRY4 (Prop_carry4_CI_CO[3])
                                                      0.114     8.927 r  u_requant/shifted_result_reg[4][32]_i_36/CO[3]
                         net (fo=1, routed)           0.000     8.927    u_requant/shifted_result_reg[4][32]_i_36_n_0
    SLICE_X52Y113        CARRY4 (Prop_carry4_CI_CO[3])
                                                      0.114     9.041 r  u_requant/shifted_result_reg[4][32]_i_29/CO[3]
                         net (fo=1, routed)           0.000     9.041    u_requant/shifted_result_reg[4][32]_i_29_n_0
    SLICE_X52Y114        CARRY4 (Prop_carry4_CI_CO[3])
                                                      0.114     9.155 r  u_requant/shifted_result_reg[4][32]_i_34/CO[3]
                         net (fo=1, routed)           0.000     9.155    u_requant/shifted_result_reg[4][32]_i_34_n_0
    SLICE_X52Y115        CARRY4 (Prop_carry4_CI_O[0])
                                                      0.222     9.377 r  u_requant/shifted_result_reg[4][32]_i_30/O[0]
                         net (fo=32, routed)          0.896    10.273    u_requant/shifted_result_reg[4][32]_i_30_n_7
    SLICE_X51Y109        LUT5 (Prop_lut5_I2_O)        0.299    10.572 r  u_requant/shifted_result[4][32]_i_16/O
                         net (fo=3, routed)           1.041    11.613    u_requant/shifted_result[4][32]_i_16_n_0
    SLICE_X52Y116        LUT6 (Prop_lut6_I4_O)        0.124    11.737 r  u_requant/shifted_result[4][32]_i_9/O
                         net (fo=1, routed)           0.798    12.535    u_requant/shifted_result[4][32]_i_9_n_0
    SLICE_X52Y117        LUT3 (Prop_lut3_I0_O)        0.152    12.687 r  u_requant/shifted_result[4][32]_i_3/O
                         net (fo=1, routed)           0.491    13.178    u_requant/shifted_result[4][32]_i_3_n_0
    SLICE_X52Y118        LUT5 (Prop_lut5_I2_O)        0.326    13.504 r  u_requant/shifted_result[4][32]_i_1/O
                         net (fo=1, routed)           0.000    13.504    u_requant/shifted_result[4][32]_i_1_n_0
    SLICE_X52Y118        FDRE                                         r  u_requant/shifted_result_reg[4][32]/D
  -------------------------------------------------------------------    -------------------

                         (clock clk rise edge)       10.000    10.000 r  
                                                      0.000    10.000 r  clk (IN)
                         net (fo=2808, unset)         0.924    10.924    u_icg_compute/clk
    SLICE_X39Y56         LUT2 (Prop_lut2_I0_O)        0.100    11.024 r  u_icg_compute/row_d1[7][0][7]_i_2/O
                         net (fo=15740, routed)       2.335    13.359    u_requant/clk_compute
    SLICE_X52Y118        FDRE                                         r  u_requant/shifted_result_reg[4][32]/C
                         clock pessimism              0.073    13.432    
                         clock uncertainty           -0.035    13.397    
    SLICE_X52Y118        FDRE (Setup_fdre_C_D)        0.031    13.428    u_requant/shifted_result_reg[4][32]
  -------------------------------------------------------------------
                         required time                         13.428    
                         arrival time                         -13.504    
  -------------------------------------------------------------------
                         slack                                 -0.076    

Slack (VIOLATED) :        -0.064ns  (required time - arrival time)
  Source:                 u_requant/n_shift_s1b_reg[7][2]/C
                            (rising edge-triggered cell FDRE clocked by clk  {rise@0.000ns fall@5.000ns period=10.000ns})
  Destination:            u_requant/shifted_result_reg[4][27]/D
                            (rising edge-triggered cell FDRE clocked by clk  {rise@0.000ns fall@5.000ns period=10.000ns})
  Path Group:             clk
  Path Type:              Setup (Max at Slow Process Corner)
  Requirement:            10.000ns  (clk rise@10.000ns - clk rise@0.000ns)
  Data Path Delay:        9.475ns  (logic 4.077ns (43.031%)  route 5.398ns (56.969%))
  Logic Levels:           23  (CARRY4=16 LUT3=2 LUT4=1 LUT5=3 LUT6=1)
  Clock Path Skew:        -0.631ns (DCD - SCD + CPR)
    Destination Clock Delay (DCD):    3.146ns = ( 13.146 - 10.000 ) 
    Source Clock Delay      (SCD):    3.850ns
    Clock Pessimism Removal (CPR):    0.073ns
  Clock Uncertainty:      0.035ns  ((TSJ^2 + TIJ^2)^1/2 + DJ) / 2 + PE
    Total System Jitter     (TSJ):    0.071ns
    Total Input Jitter      (TIJ):    0.000ns
    Discrete Jitter          (DJ):    0.000ns
    Phase Error              (PE):    0.000ns

    Location             Delay type                Incr(ns)  Path(ns)    Netlist Resource(s)
  -------------------------------------------------------------------    -------------------
                         (clock clk rise edge)        0.000     0.000 r  
                                                      0.000     0.000 r  clk (IN)
                         net (fo=2808, unset)         0.973     0.973    u_icg_compute/clk
    SLICE_X39Y56         LUT2 (Prop_lut2_I0_O)        0.124     1.097 r  u_icg_compute/row_d1[7][0][7]_i_2/O
                         net (fo=15740, routed)       2.753     3.850    u_requant/clk_compute
    SLICE_X65Y101        FDRE                                         r  u_requant/n_shift_s1b_reg[7][2]/C
  -------------------------------------------------------------------    -------------------
    SLICE_X65Y101        FDRE (Prop_fdre_C_Q)         0.456     4.306 r  u_requant/n_shift_s1b_reg[7][2]/Q
                         net (fo=566, routed)         0.961     5.267    u_requant/n_shift_s1b_reg[7]_1[2]
    SLICE_X64Y101        LUT3 (Prop_lut3_I0_O)        0.124     5.391 r  u_requant/shifted_result[0][32]_i_10/O
                         net (fo=52, routed)          0.371     5.762    u_requant/shifted_result[0][32]_i_10_n_0
    SLICE_X64Y100        LUT4 (Prop_lut4_I2_O)        0.124     5.886 r  u_requant/shifted_result[0][7]_i_12/O
                         net (fo=48, routed)          1.017     6.903    u_requant/shifted_result[0][7]_i_12_n_0
    SLICE_X52Y100        LUT5 (Prop_lut5_I1_O)        0.124     7.027 r  u_requant/shifted_result[4][7]_i_16/O
                         net (fo=1, routed)           0.000     7.027    u_requant/shifted_result[4][7]_i_16_n_0
    SLICE_X52Y100        CARRY4 (Prop_carry4_S[0]_CO[3])
                                                      0.532     7.559 r  u_requant/shifted_result_reg[4][7]_i_8/CO[3]
                         net (fo=1, routed)           0.000     7.559    u_requant/shifted_result_reg[4][7]_i_8_n_0
    SLICE_X52Y101        CARRY4 (Prop_carry4_CI_CO[3])
                                                      0.114     7.673 r  u_requant/shifted_result_reg[4][7]_i_7/CO[3]
                         net (fo=1, routed)           0.000     7.673    u_requant/shifted_result_reg[4][7]_i_7_n_0
    SLICE_X52Y102        CARRY4 (Prop_carry4_CI_CO[3])
                                                      0.114     7.787 r  u_requant/shifted_result_reg[4][15]_i_5/CO[3]
                         net (fo=1, routed)           0.000     7.787    u_requant/shifted_result_reg[4][15]_i_5_n_0
    SLICE_X52Y103        CARRY4 (Prop_carry4_CI_CO[3])
                                                      0.114     7.901 r  u_requant/shifted_result_reg[4][19]_i_9/CO[3]
                         net (fo=1, routed)           0.000     7.901    u_requant/shifted_result_reg[4][19]_i_9_n_0
    SLICE_X52Y104        CARRY4 (Prop_carry4_CI_CO[3])
                                                      0.114     8.015 r  u_requant/shifted_result_reg[4][23]_i_10/CO[3]
                         net (fo=1, routed)           0.000     8.015    u_requant/shifted_result_reg[4][23]_i_10_n_0
    SLICE_X52Y105        CARRY4 (Prop_carry4_CI_CO[3])
                                                      0.114     8.129 r  u_requant/shifted_result_reg[4][27]_i_10/CO[3]
                         net (fo=1, routed)           0.000     8.129    u_requant/shifted_result_reg[4][27]_i_10_n_0
    SLICE_X52Y106        CARRY4 (Prop_carry4_CI_CO[3])
                                                      0.114     8.243 r  u_requant/shifted_result_reg[4][31]_i_10/CO[3]
                         net (fo=1, routed)           0.000     8.243    u_requant/shifted_result_reg[4][31]_i_10_n_0
    SLICE_X52Y107        CARRY4 (Prop_carry4_CI_CO[3])
                                                      0.114     8.357 r  u_requant/shifted_result_reg[4][32]_i_33/CO[3]
                         net (fo=1, routed)           0.000     8.357    u_requant/shifted_result_reg[4][32]_i_33_n_0
    SLICE_X52Y108        CARRY4 (Prop_carry4_CI_CO[3])
                                                      0.114     8.471 r  u_requant/shifted_result_reg[4][32]_i_37/CO[3]
                         net (fo=1, routed)           0.000     8.471    u_requant/shifted_result_reg[4][32]_i_37_n_0
    SLICE_X52Y109        CARRY4 (Prop_carry4_CI_CO[3])
                                                      0.114     8.585 r  u_requant/shifted_result_reg[4][32]_i_31/CO[3]
                         net (fo=1, routed)           0.000     8.585    u_requant/shifted_result_reg[4][32]_i_31_n_0
    SLICE_X52Y110        CARRY4 (Prop_carry4_CI_CO[3])
                                                      0.114     8.699 r  u_requant/shifted_result_reg[4][32]_i_35/CO[3]
                         net (fo=1, routed)           0.000     8.699    u_requant/shifted_result_reg[4][32]_i_35_n_0
    SLICE_X52Y111        CARRY4 (Prop_carry4_CI_CO[3])
                                                      0.114     8.813 r  u_requant/shifted_result_reg[4][32]_i_32/CO[3]
                         net (fo=1, routed)           0.000     8.813    u_requant/shifted_result_reg[4][32]_i_32_n_0
    SLICE_X52Y112        CARRY4 (Prop_carry4_CI_CO[3])
                                                      0.114     8.927 r  u_requant/shifted_result_reg[4][32]_i_36/CO[3]
                         net (fo=1, routed)           0.000     8.927    u_requant/shifted_result_reg[4][32]_i_36_n_0
    SLICE_X52Y113        CARRY4 (Prop_carry4_CI_CO[3])
                                                      0.114     9.041 r  u_requant/shifted_result_reg[4][32]_i_29/CO[3]
                         net (fo=1, routed)           0.000     9.041    u_requant/shifted_result_reg[4][32]_i_29_n_0
    SLICE_X52Y114        CARRY4 (Prop_carry4_CI_CO[3])
                                                      0.114     9.155 r  u_requant/shifted_result_reg[4][32]_i_34/CO[3]
                         net (fo=1, routed)           0.000     9.155    u_requant/shifted_result_reg[4][32]_i_34_n_0
    SLICE_X52Y115        CARRY4 (Prop_carry4_CI_O[0])
                                                      0.222     9.377 r  u_requant/shifted_result_reg[4][32]_i_30/O[0]
                         net (fo=32, routed)          0.999    10.376    u_requant/shifted_result_reg[4][32]_i_30_n_7
    SLICE_X54Y113        LUT5 (Prop_lut5_I2_O)        0.299    10.675 r  u_requant/shifted_result[4][32]_i_25/O
                         net (fo=2, routed)           0.890    11.565    u_requant/shifted_result[4][32]_i_25_n_0
    SLICE_X51Y113        LUT6 (Prop_lut6_I0_O)        0.124    11.689 r  u_requant/shifted_result[4][28]_i_3/O
                         net (fo=2, routed)           0.433    12.122    u_requant/shifted_result[4][28]_i_3_n_0
    SLICE_X51Y113        LUT3 (Prop_lut3_I2_O)        0.150    12.272 r  u_requant/shifted_result[4][28]_i_2/O
                         net (fo=2, routed)           0.727    12.998    u_requant/shifted_result[4][28]_i_2_n_0
    SLICE_X50Y110        LUT5 (Prop_lut5_I2_O)        0.326    13.324 r  u_requant/shifted_result[4][27]_i_1/O
                         net (fo=1, routed)           0.000    13.324    u_requant/shifted_result[4][27]_i_1_n_0
    SLICE_X50Y110        FDRE                                         r  u_requant/shifted_result_reg[4][27]/D
  -------------------------------------------------------------------    -------------------

                         (clock clk rise edge)       10.000    10.000 r  
                                                      0.000    10.000 r  clk (IN)
                         net (fo=2808, unset)         0.924    10.924    u_icg_compute/clk
    SLICE_X39Y56         LUT2 (Prop_lut2_I0_O)        0.100    11.024 r  u_icg_compute/row_d1[7][0][7]_i_2/O
                         net (fo=15740, routed)       2.122    13.146    u_requant/clk_compute
    SLICE_X50Y110        FDRE                                         r  u_requant/shifted_result_reg[4][27]/C
                         clock pessimism              0.073    13.219    
                         clock uncertainty           -0.035    13.183    
    SLICE_X50Y110        FDRE (Setup_fdre_C_D)        0.077    13.260    u_requant/shifted_result_reg[4][27]
  -------------------------------------------------------------------
                         required time                         13.260    
                         arrival time                         -13.324    
  -------------------------------------------------------------------
                         slack                                 -0.064    

Slack (VIOLATED) :        -0.063ns  (required time - arrival time)
  Source:                 u_requant/mul_result_reg[0][3]/C
                            (rising edge-triggered cell FDRE clocked by clk  {rise@0.000ns fall@5.000ns period=10.000ns})
  Destination:            u_requant/shifted_result_reg[0][8]/D
                            (rising edge-triggered cell FDRE clocked by clk  {rise@0.000ns fall@5.000ns period=10.000ns})
  Path Group:             clk
  Path Type:              Setup (Max at Slow Process Corner)
  Requirement:            10.000ns  (clk rise@10.000ns - clk rise@0.000ns)
  Data Path Delay:        9.837ns  (logic 4.404ns (44.768%)  route 5.433ns (55.232%))
  Logic Levels:           20  (CARRY4=13 LUT2=1 LUT3=2 LUT5=3 LUT6=1)
  Clock Path Skew:        -0.222ns (DCD - SCD + CPR)
    Destination Clock Delay (DCD):    3.560ns = ( 13.560 - 10.000 ) 
    Source Clock Delay      (SCD):    3.855ns
    Clock Pessimism Removal (CPR):    0.073ns
  Clock Uncertainty:      0.035ns  ((TSJ^2 + TIJ^2)^1/2 + DJ) / 2 + PE
    Total System Jitter     (TSJ):    0.071ns
    Total Input Jitter      (TIJ):    0.000ns
    Discrete Jitter          (DJ):    0.000ns
    Phase Error              (PE):    0.000ns

    Location             Delay type                Incr(ns)  Path(ns)    Netlist Resource(s)
  -------------------------------------------------------------------    -------------------
                         (clock clk rise edge)        0.000     0.000 r  
                                                      0.000     0.000 r  clk (IN)
                         net (fo=2808, unset)         0.973     0.973    u_icg_compute/clk
    SLICE_X39Y56         LUT2 (Prop_lut2_I0_O)        0.124     1.097 r  u_icg_compute/row_d1[7][0][7]_i_2/O
                         net (fo=15740, routed)       2.758     3.855    u_requant/clk_compute
    SLICE_X86Y99         FDRE                                         r  u_requant/mul_result_reg[0][3]/C
  -------------------------------------------------------------------    -------------------
    SLICE_X86Y99         FDRE (Prop_fdre_C_Q)         0.518     4.373 r  u_requant/mul_result_reg[0][3]/Q
                         net (fo=1, routed)           1.415     5.787    u_requant/mul_result_reg_n_0_[0][3]
    SLICE_X85Y99         LUT2 (Prop_lut2_I1_O)        0.124     5.911 r  u_requant/shifted_result[0][23]_i_7/O
                         net (fo=1, routed)           0.000     5.911    u_requant/shifted_result[0][23]_i_7_n_0
    SLICE_X85Y99         CARRY4 (Prop_carry4_S[0]_CO[3])
                                                      0.532     6.443 r  u_requant/shifted_result_reg[0][23]_i_2/CO[3]
                         net (fo=1, routed)           0.001     6.444    u_requant/shifted_result_reg[0][23]_i_2_n_0
    SLICE_X85Y100        CARRY4 (Prop_carry4_CI_CO[3])
                                                      0.114     6.558 r  u_requant/shifted_result_reg[0][27]_i_2/CO[3]
                         net (fo=1, routed)           0.000     6.558    u_requant/shifted_result_reg[0][27]_i_2_n_0
    SLICE_X85Y101        CARRY4 (Prop_carry4_CI_CO[3])
                                                      0.114     6.672 r  u_requant/shifted_result_reg[0][31]_i_2/CO[3]
                         net (fo=1, routed)           0.000     6.672    u_requant/shifted_result_reg[0][31]_i_2_n_0
    SLICE_X85Y102        CARRY4 (Prop_carry4_CI_CO[3])
                                                      0.114     6.786 r  u_requant/shifted_result_reg[0][32]_i_2/CO[3]
                         net (fo=1, routed)           0.000     6.786    u_requant/shifted_result_reg[0][32]_i_2_n_0
    SLICE_X85Y103        CARRY4 (Prop_carry4_CI_CO[3])
                                                      0.114     6.900 r  u_requant/shifted_result_reg[0][32]_i_75/CO[3]
                         net (fo=1, routed)           0.000     6.900    u_requant/shifted_result_reg[0][32]_i_75_n_0
    SLICE_X85Y104        CARRY4 (Prop_carry4_CI_CO[3])
                                                      0.114     7.014 r  u_requant/shifted_result_reg[0][32]_i_46/CO[3]
                         net (fo=1, routed)           0.000     7.014    u_requant/shifted_result_reg[0][32]_i_46_n_0
    SLICE_X85Y105        CARRY4 (Prop_carry4_CI_CO[3])
                                                      0.114     7.128 r  u_requant/shifted_result_reg[0][32]_i_65/CO[3]
                         net (fo=1, routed)           0.000     7.128    u_requant/shifted_result_reg[0][32]_i_65_n_0
    SLICE_X85Y106        CARRY4 (Prop_carry4_CI_CO[3])
                                                      0.114     7.242 r  u_requant/shifted_result_reg[0][32]_i_51/CO[3]
                         net (fo=1, routed)           0.000     7.242    u_requant/shifted_result_reg[0][32]_i_51_n_0
    SLICE_X85Y107        CARRY4 (Prop_carry4_CI_CO[3])
                                                      0.114     7.356 r  u_requant/shifted_result_reg[0][32]_i_70/CO[3]
                         net (fo=1, routed)           0.000     7.356    u_requant/shifted_result_reg[0][32]_i_70_n_0
    SLICE_X85Y108        CARRY4 (Prop_carry4_CI_O[1])
                                                      0.334     7.690 r  u_requant/shifted_result_reg[0][32]_i_40/O[1]
                         net (fo=2, routed)           0.627     8.317    u_requant/mul_result_reg[0]__1[57]
    SLICE_X81Y108        LUT5 (Prop_lut5_I0_O)        0.303     8.620 r  u_requant/shifted_result[0][32]_i_43/O
                         net (fo=1, routed)           0.000     8.620    u_requant/shifted_result[0][32]_i_43_n_0
    SLICE_X81Y108        CARRY4 (Prop_carry4_S[1]_CO[3])
                                                      0.550     9.170 r  u_requant/shifted_result_reg[0][32]_i_31/CO[3]
                         net (fo=1, routed)           0.000     9.170    u_requant/shifted_result_reg[0][32]_i_31_n_0
    SLICE_X81Y109        CARRY4 (Prop_carry4_CI_CO[3])
                                                      0.114     9.284 r  u_requant/shifted_result_reg[0][32]_i_36/CO[3]
                         net (fo=1, routed)           0.000     9.284    u_requant/shifted_result_reg[0][32]_i_36_n_0
    SLICE_X81Y110        CARRY4 (Prop_carry4_CI_O[0])
                                                      0.222     9.506 r  u_requant/shifted_result_reg[0][32]_i_32/O[0]
                         net (fo=32, routed)          0.947    10.453    u_requant/shifted_result_reg[0][32]_i_32_n_7
    SLICE_X83Y100        LUT6 (Prop_lut6_I0_O)        0.299    10.752 r  u_requant/shifted_result[0][19]_i_8/O
                         net (fo=3, routed)           0.543    11.295    u_requant/shifted_result[0][19]_i_8_n_0
    SLICE_X82Y100        LUT3 (Prop_lut3_I0_O)        0.124    11.419 r  u_requant/shifted_result[0][7]_i_3/O
                         net (fo=3, routed)           0.762    12.181    u_requant/shifted_result[0][7]_i_3_n_0
    SLICE_X65Y102        LUT5 (Prop_lut5_I4_O)        0.124    12.305 r  u_requant/shifted_result[0][11]_i_3/O
                         net (fo=2, routed)           0.545    12.850    u_requant/shifted_result[0][11]_i_3_n_0
    SLICE_X65Y102        LUT3 (Prop_lut3_I0_O)        0.124    12.974 r  u_requant/shifted_result[0][9]_i_2/O
                         net (fo=2, routed)           0.594    13.568    u_requant/shifted_result[0][9]_i_2_n_0
    SLICE_X67Y103        LUT5 (Prop_lut5_I2_O)        0.124    13.692 r  u_requant/shifted_result[0][8]_i_1/O
                         net (fo=1, routed)           0.000    13.692    u_requant/shifted_result[8]
    SLICE_X67Y103        FDRE                                         r  u_requant/shifted_result_reg[0][8]/D
  -------------------------------------------------------------------    -------------------

                         (clock clk rise edge)       10.000    10.000 r  
                                                      0.000    10.000 r  clk (IN)
                         net (fo=2808, unset)         0.924    10.924    u_icg_compute/clk
    SLICE_X39Y56         LUT2 (Prop_lut2_I0_O)        0.100    11.024 r  u_icg_compute/row_d1[7][0][7]_i_2/O
                         net (fo=15740, routed)       2.536    13.560    u_requant/clk_compute
    SLICE_X67Y103        FDRE                                         r  u_requant/shifted_result_reg[0][8]/C
                         clock pessimism              0.073    13.633    
                         clock uncertainty           -0.035    13.597    
    SLICE_X67Y103        FDRE (Setup_fdre_C_D)        0.032    13.629    u_requant/shifted_result_reg[0][8]
  -------------------------------------------------------------------
                         required time                         13.629    
                         arrival time                         -13.692    
  -------------------------------------------------------------------
                         slack                                 -0.063    

Slack (VIOLATED) :        -0.060ns  (required time - arrival time)
  Source:                 u_requant/n_shift_s1b_reg[7][2]/C
                            (rising edge-triggered cell FDRE clocked by clk  {rise@0.000ns fall@5.000ns period=10.000ns})
  Destination:            u_requant/shifted_result_reg[1][23]/D
                            (rising edge-triggered cell FDRE clocked by clk  {rise@0.000ns fall@5.000ns period=10.000ns})
  Path Group:             clk
  Path Type:              Setup (Max at Slow Process Corner)
  Requirement:            10.000ns  (clk rise@10.000ns - clk rise@0.000ns)
  Data Path Delay:        9.520ns  (logic 4.210ns (44.222%)  route 5.310ns (55.778%))
  Logic Levels:           24  (CARRY4=17 LUT3=2 LUT4=1 LUT5=2 LUT6=2)
  Clock Path Skew:        -0.536ns (DCD - SCD + CPR)
    Destination Clock Delay (DCD):    3.241ns = ( 13.241 - 10.000 ) 
    Source Clock Delay      (SCD):    3.850ns
    Clock Pessimism Removal (CPR):    0.073ns
  Clock Uncertainty:      0.035ns  ((TSJ^2 + TIJ^2)^1/2 + DJ) / 2 + PE
    Total System Jitter     (TSJ):    0.071ns
    Total Input Jitter      (TIJ):    0.000ns
    Discrete Jitter          (DJ):    0.000ns
    Phase Error              (PE):    0.000ns

    Location             Delay type                Incr(ns)  Path(ns)    Netlist Resource(s)
  -------------------------------------------------------------------    -------------------
                         (clock clk rise edge)        0.000     0.000 r  
                                                      0.000     0.000 r  clk (IN)
                         net (fo=2808, unset)         0.973     0.973    u_icg_compute/clk
    SLICE_X39Y56         LUT2 (Prop_lut2_I0_O)        0.124     1.097 r  u_icg_compute/row_d1[7][0][7]_i_2/O
                         net (fo=15740, routed)       2.753     3.850    u_requant/clk_compute
    SLICE_X65Y101        FDRE                                         r  u_requant/n_shift_s1b_reg[7][2]/C
  -------------------------------------------------------------------    -------------------
    SLICE_X65Y101        FDRE (Prop_fdre_C_Q)         0.456     4.306 r  u_requant/n_shift_s1b_reg[7][2]/Q
                         net (fo=566, routed)         0.961     5.267    u_requant/n_shift_s1b_reg[7]_1[2]
    SLICE_X64Y101        LUT3 (Prop_lut3_I0_O)        0.124     5.391 r  u_requant/shifted_result[0][32]_i_10/O
                         net (fo=52, routed)          0.371     5.762    u_requant/shifted_result[0][32]_i_10_n_0
    SLICE_X64Y100        LUT4 (Prop_lut4_I2_O)        0.124     5.886 r  u_requant/shifted_result[0][7]_i_12/O
                         net (fo=48, routed)          1.008     6.894    u_requant/shifted_result[0][7]_i_12_n_0
    SLICE_X54Y92         LUT5 (Prop_lut5_I1_O)        0.124     7.018 r  u_requant/shifted_result[1][3]_i_9/O
                         net (fo=1, routed)           0.000     7.018    u_requant/shifted_result[1][3]_i_9_n_0
    SLICE_X54Y92         CARRY4 (Prop_carry4_S[0]_CO[3])
                                                      0.513     7.531 r  u_requant/shifted_result_reg[1][3]_i_5/CO[3]
                         net (fo=1, routed)           0.000     7.531    u_requant/shifted_result_reg[1][3]_i_5_n_0
    SLICE_X54Y93         CARRY4 (Prop_carry4_CI_CO[3])
                                                      0.117     7.648 r  u_requant/shifted_result_reg[1][7]_i_7/CO[3]
                         net (fo=1, routed)           0.000     7.648    u_requant/shifted_result_reg[1][7]_i_7_n_0
    SLICE_X54Y94         CARRY4 (Prop_carry4_CI_CO[3])
                                                      0.117     7.765 r  u_requant/shifted_result_reg[1][10]_i_5/CO[3]
                         net (fo=1, routed)           0.000     7.765    u_requant/shifted_result_reg[1][10]_i_5_n_0
    SLICE_X54Y95         CARRY4 (Prop_carry4_CI_CO[3])
                                                      0.117     7.882 r  u_requant/shifted_result_reg[1][15]_i_5/CO[3]
                         net (fo=1, routed)           0.000     7.882    u_requant/shifted_result_reg[1][15]_i_5_n_0
    SLICE_X54Y96         CARRY4 (Prop_carry4_CI_CO[3])
                                                      0.117     7.999 r  u_requant/shifted_result_reg[1][19]_i_9/CO[3]
                         net (fo=1, routed)           0.000     7.999    u_requant/shifted_result_reg[1][19]_i_9_n_0
    SLICE_X54Y97         CARRY4 (Prop_carry4_CI_CO[3])
                                                      0.117     8.116 r  u_requant/shifted_result_reg[1][23]_i_10/CO[3]
                         net (fo=1, routed)           0.000     8.116    u_requant/shifted_result_reg[1][23]_i_10_n_0
    SLICE_X54Y98         CARRY4 (Prop_carry4_CI_CO[3])
                                                      0.117     8.233 r  u_requant/shifted_result_reg[1][27]_i_10/CO[3]
                         net (fo=1, routed)           0.000     8.233    u_requant/shifted_result_reg[1][27]_i_10_n_0
    SLICE_X54Y99         CARRY4 (Prop_carry4_CI_CO[3])
                                                      0.117     8.350 r  u_requant/shifted_result_reg[1][31]_i_10/CO[3]
                         net (fo=1, routed)           0.001     8.350    u_requant/shifted_result_reg[1][31]_i_10_n_0
    SLICE_X54Y100        CARRY4 (Prop_carry4_CI_CO[3])
                                                      0.117     8.467 r  u_requant/shifted_result_reg[1][32]_i_33/CO[3]
                         net (fo=1, routed)           0.000     8.467    u_requant/shifted_result_reg[1][32]_i_33_n_0
    SLICE_X54Y101        CARRY4 (Prop_carry4_CI_CO[3])
                                                      0.117     8.584 r  u_requant/shifted_result_reg[1][32]_i_37/CO[3]
                         net (fo=1, routed)           0.000     8.584    u_requant/shifted_result_reg[1][32]_i_37_n_0
    SLICE_X54Y102        CARRY4 (Prop_carry4_CI_CO[3])
                                                      0.117     8.701 r  u_requant/shifted_result_reg[1][32]_i_31/CO[3]
                         net (fo=1, routed)           0.000     8.701    u_requant/shifted_result_reg[1][32]_i_31_n_0
    SLICE_X54Y103        CARRY4 (Prop_carry4_CI_CO[3])
                                                      0.117     8.818 r  u_requant/shifted_result_reg[1][32]_i_35/CO[3]
                         net (fo=1, routed)           0.000     8.818    u_requant/shifted_result_reg[1][32]_i_35_n_0
    SLICE_X54Y104        CARRY4 (Prop_carry4_CI_CO[3])
                                                      0.117     8.935 r  u_requant/shifted_result_reg[1][32]_i_32/CO[3]
                         net (fo=1, routed)           0.000     8.935    u_requant/shifted_result_reg[1][32]_i_32_n_0
    SLICE_X54Y105        CARRY4 (Prop_carry4_CI_CO[3])
                                                      0.117     9.052 r  u_requant/shifted_result_reg[1][32]_i_36/CO[3]
                         net (fo=1, routed)           0.000     9.052    u_requant/shifted_result_reg[1][32]_i_36_n_0
    SLICE_X54Y106        CARRY4 (Prop_carry4_CI_CO[3])
                                                      0.117     9.169 r  u_requant/shifted_result_reg[1][32]_i_29/CO[3]
                         net (fo=1, routed)           0.000     9.169    u_requant/shifted_result_reg[1][32]_i_29_n_0
    SLICE_X54Y107        CARRY4 (Prop_carry4_CI_CO[3])
                                                      0.117     9.286 r  u_requant/shifted_result_reg[1][32]_i_34/CO[3]
                         net (fo=1, routed)           0.000     9.286    u_requant/shifted_result_reg[1][32]_i_34_n_0
    SLICE_X54Y108        CARRY4 (Prop_carry4_CI_O[0])
                                                      0.219     9.505 r  u_requant/shifted_result_reg[1][32]_i_30/O[0]
                         net (fo=32, routed)          0.752    10.257    u_requant/shifted_result_reg[1][32]_i_30_n_7
    SLICE_X57Y104        LUT6 (Prop_lut6_I0_O)        0.295    10.552 r  u_requant/shifted_result[1][24]_i_4/O
                         net (fo=4, routed)           0.827    11.379    u_requant/shifted_result[1][24]_i_4_n_0
    SLICE_X58Y106        LUT6 (Prop_lut6_I5_O)        0.124    11.503 r  u_requant/shifted_result[1][24]_i_3/O
                         net (fo=2, routed)           0.793    12.295    u_requant/shifted_result[1][24]_i_3_n_0
    SLICE_X55Y105        LUT3 (Prop_lut3_I2_O)        0.150    12.445 r  u_requant/shifted_result[1][24]_i_2/O
                         net (fo=2, routed)           0.598    13.044    u_requant/shifted_result[1][24]_i_2_n_0
    SLICE_X56Y104        LUT5 (Prop_lut5_I2_O)        0.326    13.370 r  u_requant/shifted_result[1][23]_i_1/O
                         net (fo=1, routed)           0.000    13.370    u_requant/shifted_result[1][23]_i_1_n_0
    SLICE_X56Y104        FDRE                                         r  u_requant/shifted_result_reg[1][23]/D
  -------------------------------------------------------------------    -------------------

                         (clock clk rise edge)       10.000    10.000 r  
                                                      0.000    10.000 r  clk (IN)
                         net (fo=2808, unset)         0.924    10.924    u_icg_compute/clk
    SLICE_X39Y56         LUT2 (Prop_lut2_I0_O)        0.100    11.024 r  u_icg_compute/row_d1[7][0][7]_i_2/O
                         net (fo=15740, routed)       2.217    13.241    u_requant/clk_compute
    SLICE_X56Y104        FDRE                                         r  u_requant/shifted_result_reg[1][23]/C
                         clock pessimism              0.073    13.314    
                         clock uncertainty           -0.035    13.279    
    SLICE_X56Y104        FDRE (Setup_fdre_C_D)        0.031    13.310    u_requant/shifted_result_reg[1][23]
  -------------------------------------------------------------------
                         required time                         13.310    
                         arrival time                         -13.370    
  -------------------------------------------------------------------
                         slack                                 -0.060    





Min Delay Paths
--------------------------------------------------------------------------------------
Slack (VIOLATED) :        -1.166ns  (arrival time - required time)
  Source:                 m_axi_rdata[5]
                            (input port clocked by clk  {rise@0.000ns fall@5.000ns period=10.000ns})
  Destination:            u_dma/wgt_buf_wr_data_reg[5]/D
                            (rising edge-triggered cell FDRE clocked by clk  {rise@0.000ns fall@5.000ns period=10.000ns})
  Path Group:             clk
  Path Type:              Hold (Min at Slow Process Corner)
  Requirement:            0.000ns  (clk rise@0.000ns - clk rise@0.000ns)
  Data Path Delay:        0.924ns  (logic 0.000ns (0.000%)  route 0.924ns (100.000%))
  Logic Levels:           0  
  Input Delay:            0.500ns
  Clock Path Skew:        2.359ns (DCD - SCD - CPR)
    Destination Clock Delay (DCD):    2.359ns
    Source Clock Delay      (SCD):    0.000ns
    Clock Pessimism Removal (CPR):    -0.000ns
  Clock Uncertainty:      0.035ns  ((TSJ^2 + TIJ^2)^1/2 + DJ) / 2 + PE
    Total System Jitter     (TSJ):    0.071ns
    Total Input Jitter      (TIJ):    0.000ns
    Discrete Jitter          (DJ):    0.000ns
    Phase Error              (PE):    0.000ns

    Location             Delay type                Incr(ns)  Path(ns)    Netlist Resource(s)
  -------------------------------------------------------------------    -------------------
                         (clock clk rise edge)        0.000     0.000 r  
                         input delay                  0.500     0.500    
                                                      0.000     0.500 r  m_axi_rdata[5] (IN)
                         net (fo=0)                   0.924     1.424    u_dma/m_axi_rdata[5]
    SLICE_X33Y70         FDRE                                         r  u_dma/wgt_buf_wr_data_reg[5]/D
  -------------------------------------------------------------------    -------------------

                         (clock clk rise edge)        0.000     0.000 r  
                                                      0.000     0.000 r  clk (IN)
                         net (fo=2808, unset)         0.973     0.973    u_icg_dma/clk
    SLICE_X52Y73         LUT2 (Prop_lut2_I0_O)        0.124     1.097 r  u_icg_dma/m_axi_awaddr[31]_i_2/O
                         net (fo=128, routed)         1.262     2.359    u_dma/CLK
    SLICE_X33Y70         FDRE                                         r  u_dma/wgt_buf_wr_data_reg[5]/C
                         clock pessimism              0.000     2.359    
                         clock uncertainty            0.035     2.394    
    SLICE_X33Y70         FDRE (Hold_fdre_C_D)         0.196     2.590    u_dma/wgt_buf_wr_data_reg[5]
  -------------------------------------------------------------------
                         required time                         -2.590    
                         arrival time                           1.424    
  -------------------------------------------------------------------
                         slack                                 -1.166    

Slack (VIOLATED) :        -1.162ns  (arrival time - required time)
  Source:                 m_axi_rdata[3]
                            (input port clocked by clk  {rise@0.000ns fall@5.000ns period=10.000ns})
  Destination:            u_dma/wgt_buf_wr_data_reg[3]/D
                            (rising edge-triggered cell FDRE clocked by clk  {rise@0.000ns fall@5.000ns period=10.000ns})
  Path Group:             clk
  Path Type:              Hold (Min at Slow Process Corner)
  Requirement:            0.000ns  (clk rise@0.000ns - clk rise@0.000ns)
  Data Path Delay:        0.924ns  (logic 0.000ns (0.000%)  route 0.924ns (100.000%))
  Logic Levels:           0  
  Input Delay:            0.500ns
  Clock Path Skew:        2.359ns (DCD - SCD - CPR)
    Destination Clock Delay (DCD):    2.359ns
    Source Clock Delay      (SCD):    0.000ns
    Clock Pessimism Removal (CPR):    -0.000ns
  Clock Uncertainty:      0.035ns  ((TSJ^2 + TIJ^2)^1/2 + DJ) / 2 + PE
    Total System Jitter     (TSJ):    0.071ns
    Total Input Jitter      (TIJ):    0.000ns
    Discrete Jitter          (DJ):    0.000ns
    Phase Error              (PE):    0.000ns

    Location             Delay type                Incr(ns)  Path(ns)    Netlist Resource(s)
  -------------------------------------------------------------------    -------------------
                         (clock clk rise edge)        0.000     0.000 r  
                         input delay                  0.500     0.500    
                                                      0.000     0.500 r  m_axi_rdata[3] (IN)
                         net (fo=0)                   0.924     1.424    u_dma/m_axi_rdata[3]
    SLICE_X33Y70         FDRE                                         r  u_dma/wgt_buf_wr_data_reg[3]/D
  -------------------------------------------------------------------    -------------------

                         (clock clk rise edge)        0.000     0.000 r  
                                                      0.000     0.000 r  clk (IN)
                         net (fo=2808, unset)         0.973     0.973    u_icg_dma/clk
    SLICE_X52Y73         LUT2 (Prop_lut2_I0_O)        0.124     1.097 r  u_icg_dma/m_axi_awaddr[31]_i_2/O
                         net (fo=128, routed)         1.262     2.359    u_dma/CLK
    SLICE_X33Y70         FDRE                                         r  u_dma/wgt_buf_wr_data_reg[3]/C
                         clock pessimism              0.000     2.359    
                         clock uncertainty            0.035     2.394    
    SLICE_X33Y70         FDRE (Hold_fdre_C_D)         0.192     2.586    u_dma/wgt_buf_wr_data_reg[3]
  -------------------------------------------------------------------
                         required time                         -2.586    
                         arrival time                           1.424    
  -------------------------------------------------------------------
                         slack                                 -1.162    

Slack (VIOLATED) :        -1.150ns  (arrival time - required time)
  Source:                 m_axi_rdata[4]
                            (input port clocked by clk  {rise@0.000ns fall@5.000ns period=10.000ns})
  Destination:            u_dma/wgt_buf_wr_data_reg[4]/D
                            (rising edge-triggered cell FDRE clocked by clk  {rise@0.000ns fall@5.000ns period=10.000ns})
  Path Group:             clk
  Path Type:              Hold (Min at Slow Process Corner)
  Requirement:            0.000ns  (clk rise@0.000ns - clk rise@0.000ns)
  Data Path Delay:        0.924ns  (logic 0.000ns (0.000%)  route 0.924ns (100.000%))
  Logic Levels:           0  
  Input Delay:            0.500ns
  Clock Path Skew:        2.359ns (DCD - SCD - CPR)
    Destination Clock Delay (DCD):    2.359ns
    Source Clock Delay      (SCD):    0.000ns
    Clock Pessimism Removal (CPR):    -0.000ns
  Clock Uncertainty:      0.035ns  ((TSJ^2 + TIJ^2)^1/2 + DJ) / 2 + PE
    Total System Jitter     (TSJ):    0.071ns
    Total Input Jitter      (TIJ):    0.000ns
    Discrete Jitter          (DJ):    0.000ns
    Phase Error              (PE):    0.000ns

    Location             Delay type                Incr(ns)  Path(ns)    Netlist Resource(s)
  -------------------------------------------------------------------    -------------------
                         (clock clk rise edge)        0.000     0.000 r  
                         input delay                  0.500     0.500    
                                                      0.000     0.500 r  m_axi_rdata[4] (IN)
                         net (fo=0)                   0.924     1.424    u_dma/m_axi_rdata[4]
    SLICE_X33Y70         FDRE                                         r  u_dma/wgt_buf_wr_data_reg[4]/D
  -------------------------------------------------------------------    -------------------

                         (clock clk rise edge)        0.000     0.000 r  
                                                      0.000     0.000 r  clk (IN)
                         net (fo=2808, unset)         0.973     0.973    u_icg_dma/clk
    SLICE_X52Y73         LUT2 (Prop_lut2_I0_O)        0.124     1.097 r  u_icg_dma/m_axi_awaddr[31]_i_2/O
                         net (fo=128, routed)         1.262     2.359    u_dma/CLK
    SLICE_X33Y70         FDRE                                         r  u_dma/wgt_buf_wr_data_reg[4]/C
                         clock pessimism              0.000     2.359    
                         clock uncertainty            0.035     2.394    
    SLICE_X33Y70         FDRE (Hold_fdre_C_D)         0.180     2.574    u_dma/wgt_buf_wr_data_reg[4]
  -------------------------------------------------------------------
                         required time                         -2.574    
                         arrival time                           1.424    
  -------------------------------------------------------------------
                         slack                                 -1.150    

Slack (VIOLATED) :        -1.149ns  (arrival time - required time)
  Source:                 m_axi_rdata[6]
                            (input port clocked by clk  {rise@0.000ns fall@5.000ns period=10.000ns})
  Destination:            u_dma/wgt_buf_wr_data_reg[6]/D
                            (rising edge-triggered cell FDRE clocked by clk  {rise@0.000ns fall@5.000ns period=10.000ns})
  Path Group:             clk
  Path Type:              Hold (Min at Slow Process Corner)
  Requirement:            0.000ns  (clk rise@0.000ns - clk rise@0.000ns)
  Data Path Delay:        0.924ns  (logic 0.000ns (0.000%)  route 0.924ns (100.000%))
  Logic Levels:           0  
  Input Delay:            0.500ns
  Clock Path Skew:        2.346ns (DCD - SCD - CPR)
    Destination Clock Delay (DCD):    2.346ns
    Source Clock Delay      (SCD):    0.000ns
    Clock Pessimism Removal (CPR):    -0.000ns
  Clock Uncertainty:      0.035ns  ((TSJ^2 + TIJ^2)^1/2 + DJ) / 2 + PE
    Total System Jitter     (TSJ):    0.071ns
    Total Input Jitter      (TIJ):    0.000ns
    Discrete Jitter          (DJ):    0.000ns
    Phase Error              (PE):    0.000ns

    Location             Delay type                Incr(ns)  Path(ns)    Netlist Resource(s)
  -------------------------------------------------------------------    -------------------
                         (clock clk rise edge)        0.000     0.000 r  
                         input delay                  0.500     0.500    
                                                      0.000     0.500 r  m_axi_rdata[6] (IN)
                         net (fo=0)                   0.924     1.424    u_dma/m_axi_rdata[6]
    SLICE_X33Y69         FDRE                                         r  u_dma/wgt_buf_wr_data_reg[6]/D
  -------------------------------------------------------------------    -------------------

                         (clock clk rise edge)        0.000     0.000 r  
                                                      0.000     0.000 r  clk (IN)
                         net (fo=2808, unset)         0.973     0.973    u_icg_dma/clk
    SLICE_X52Y73         LUT2 (Prop_lut2_I0_O)        0.124     1.097 r  u_icg_dma/m_axi_awaddr[31]_i_2/O
                         net (fo=128, routed)         1.249     2.346    u_dma/CLK
    SLICE_X33Y69         FDRE                                         r  u_dma/wgt_buf_wr_data_reg[6]/C
                         clock pessimism              0.000     2.346    
                         clock uncertainty            0.035     2.382    
    SLICE_X33Y69         FDRE (Hold_fdre_C_D)         0.192     2.574    u_dma/wgt_buf_wr_data_reg[6]
  -------------------------------------------------------------------
                         required time                         -2.574    
                         arrival time                           1.424    
  -------------------------------------------------------------------
                         slack                                 -1.149    

Slack (VIOLATED) :        -1.137ns  (arrival time - required time)
  Source:                 m_axi_rdata[7]
                            (input port clocked by clk  {rise@0.000ns fall@5.000ns period=10.000ns})
  Destination:            u_dma/wgt_buf_wr_data_reg[7]/D
                            (rising edge-triggered cell FDRE clocked by clk  {rise@0.000ns fall@5.000ns period=10.000ns})
  Path Group:             clk
  Path Type:              Hold (Min at Slow Process Corner)
  Requirement:            0.000ns  (clk rise@0.000ns - clk rise@0.000ns)
  Data Path Delay:        0.924ns  (logic 0.000ns (0.000%)  route 0.924ns (100.000%))
  Logic Levels:           0  
  Input Delay:            0.500ns
  Clock Path Skew:        2.346ns (DCD - SCD - CPR)
    Destination Clock Delay (DCD):    2.346ns
    Source Clock Delay      (SCD):    0.000ns
    Clock Pessimism Removal (CPR):    -0.000ns
  Clock Uncertainty:      0.035ns  ((TSJ^2 + TIJ^2)^1/2 + DJ) / 2 + PE
    Total System Jitter     (TSJ):    0.071ns
    Total Input Jitter      (TIJ):    0.000ns
    Discrete Jitter          (DJ):    0.000ns
    Phase Error              (PE):    0.000ns

    Location             Delay type                Incr(ns)  Path(ns)    Netlist Resource(s)
  -------------------------------------------------------------------    -------------------
                         (clock clk rise edge)        0.000     0.000 r  
                         input delay                  0.500     0.500    
                                                      0.000     0.500 r  m_axi_rdata[7] (IN)
                         net (fo=0)                   0.924     1.424    u_dma/m_axi_rdata[7]
    SLICE_X33Y69         FDRE                                         r  u_dma/wgt_buf_wr_data_reg[7]/D
  -------------------------------------------------------------------    -------------------

                         (clock clk rise edge)        0.000     0.000 r  
                                                      0.000     0.000 r  clk (IN)
                         net (fo=2808, unset)         0.973     0.973    u_icg_dma/clk
    SLICE_X52Y73         LUT2 (Prop_lut2_I0_O)        0.124     1.097 r  u_icg_dma/m_axi_awaddr[31]_i_2/O
                         net (fo=128, routed)         1.249     2.346    u_dma/CLK
    SLICE_X33Y69         FDRE                                         r  u_dma/wgt_buf_wr_data_reg[7]/C
                         clock pessimism              0.000     2.346    
                         clock uncertainty            0.035     2.382    
    SLICE_X33Y69         FDRE (Hold_fdre_C_D)         0.180     2.562    u_dma/wgt_buf_wr_data_reg[7]
  -------------------------------------------------------------------
                         required time                         -2.562    
                         arrival time                           1.424    
  -------------------------------------------------------------------
                         slack                                 -1.137    

Slack (VIOLATED) :        -0.944ns  (arrival time - required time)
  Source:                 m_axi_rdata[2]
                            (input port clocked by clk  {rise@0.000ns fall@5.000ns period=10.000ns})
  Destination:            u_dma/wgt_buf_wr_data_reg[2]/D
                            (rising edge-triggered cell FDRE clocked by clk  {rise@0.000ns fall@5.000ns period=10.000ns})
  Path Group:             clk
  Path Type:              Hold (Min at Slow Process Corner)
  Requirement:            0.000ns  (clk rise@0.000ns - clk rise@0.000ns)
  Data Path Delay:        0.924ns  (logic 0.000ns (0.000%)  route 0.924ns (100.000%))
  Logic Levels:           0  
  Input Delay:            0.500ns
  Clock Path Skew:        2.137ns (DCD - SCD - CPR)
    Destination Clock Delay (DCD):    2.137ns
    Source Clock Delay      (SCD):    0.000ns
    Clock Pessimism Removal (CPR):    -0.000ns
  Clock Uncertainty:      0.035ns  ((TSJ^2 + TIJ^2)^1/2 + DJ) / 2 + PE
    Total System Jitter     (TSJ):    0.071ns
    Total Input Jitter      (TIJ):    0.000ns
    Discrete Jitter          (DJ):    0.000ns
    Phase Error              (PE):    0.000ns

    Location             Delay type                Incr(ns)  Path(ns)    Netlist Resource(s)
  -------------------------------------------------------------------    -------------------
                         (clock clk rise edge)        0.000     0.000 r  
                         input delay                  0.500     0.500    
                                                      0.000     0.500 r  m_axi_rdata[2] (IN)
                         net (fo=0)                   0.924     1.424    u_dma/m_axi_rdata[2]
    SLICE_X35Y69         FDRE                                         r  u_dma/wgt_buf_wr_data_reg[2]/D
  -------------------------------------------------------------------    -------------------

                         (clock clk rise edge)        0.000     0.000 r  
                                                      0.000     0.000 r  clk (IN)
                         net (fo=2808, unset)         0.973     0.973    u_icg_dma/clk
    SLICE_X52Y73         LUT2 (Prop_lut2_I0_O)        0.124     1.097 r  u_icg_dma/m_axi_awaddr[31]_i_2/O
                         net (fo=128, routed)         1.040     2.137    u_dma/CLK
    SLICE_X35Y69         FDRE                                         r  u_dma/wgt_buf_wr_data_reg[2]/C
                         clock pessimism              0.000     2.137    
                         clock uncertainty            0.035     2.172    
    SLICE_X35Y69         FDRE (Hold_fdre_C_D)         0.196     2.368    u_dma/wgt_buf_wr_data_reg[2]
  -------------------------------------------------------------------
                         required time                         -2.368    
                         arrival time                           1.424    
  -------------------------------------------------------------------
                         slack                                 -0.944    

Slack (VIOLATED) :        -0.940ns  (arrival time - required time)
  Source:                 m_axi_rdata[0]
                            (input port clocked by clk  {rise@0.000ns fall@5.000ns period=10.000ns})
  Destination:            u_dma/wgt_buf_wr_data_reg[0]/D
                            (rising edge-triggered cell FDRE clocked by clk  {rise@0.000ns fall@5.000ns period=10.000ns})
  Path Group:             clk
  Path Type:              Hold (Min at Slow Process Corner)
  Requirement:            0.000ns  (clk rise@0.000ns - clk rise@0.000ns)
  Data Path Delay:        0.924ns  (logic 0.000ns (0.000%)  route 0.924ns (100.000%))
  Logic Levels:           0  
  Input Delay:            0.500ns
  Clock Path Skew:        2.137ns (DCD - SCD - CPR)
    Destination Clock Delay (DCD):    2.137ns
    Source Clock Delay      (SCD):    0.000ns
    Clock Pessimism Removal (CPR):    -0.000ns
  Clock Uncertainty:      0.035ns  ((TSJ^2 + TIJ^2)^1/2 + DJ) / 2 + PE
    Total System Jitter     (TSJ):    0.071ns
    Total Input Jitter      (TIJ):    0.000ns
    Discrete Jitter          (DJ):    0.000ns
    Phase Error              (PE):    0.000ns

    Location             Delay type                Incr(ns)  Path(ns)    Netlist Resource(s)
  -------------------------------------------------------------------    -------------------
                         (clock clk rise edge)        0.000     0.000 r  
                         input delay                  0.500     0.500    
                                                      0.000     0.500 r  m_axi_rdata[0] (IN)
                         net (fo=0)                   0.924     1.424    u_dma/m_axi_rdata[0]
    SLICE_X35Y69         FDRE                                         r  u_dma/wgt_buf_wr_data_reg[0]/D
  -------------------------------------------------------------------    -------------------

                         (clock clk rise edge)        0.000     0.000 r  
                                                      0.000     0.000 r  clk (IN)
                         net (fo=2808, unset)         0.973     0.973    u_icg_dma/clk
    SLICE_X52Y73         LUT2 (Prop_lut2_I0_O)        0.124     1.097 r  u_icg_dma/m_axi_awaddr[31]_i_2/O
                         net (fo=128, routed)         1.040     2.137    u_dma/CLK
    SLICE_X35Y69         FDRE                                         r  u_dma/wgt_buf_wr_data_reg[0]/C
                         clock pessimism              0.000     2.137    
                         clock uncertainty            0.035     2.172    
    SLICE_X35Y69         FDRE (Hold_fdre_C_D)         0.192     2.364    u_dma/wgt_buf_wr_data_reg[0]
  -------------------------------------------------------------------
                         required time                         -2.364    
                         arrival time                           1.424    
  -------------------------------------------------------------------
                         slack                                 -0.940    

Slack (VIOLATED) :        -0.928ns  (arrival time - required time)
  Source:                 m_axi_rdata[1]
                            (input port clocked by clk  {rise@0.000ns fall@5.000ns period=10.000ns})
  Destination:            u_dma/wgt_buf_wr_data_reg[1]/D
                            (rising edge-triggered cell FDRE clocked by clk  {rise@0.000ns fall@5.000ns period=10.000ns})
  Path Group:             clk
  Path Type:              Hold (Min at Slow Process Corner)
  Requirement:            0.000ns  (clk rise@0.000ns - clk rise@0.000ns)
  Data Path Delay:        0.924ns  (logic 0.000ns (0.000%)  route 0.924ns (100.000%))
  Logic Levels:           0  
  Input Delay:            0.500ns
  Clock Path Skew:        2.137ns (DCD - SCD - CPR)
    Destination Clock Delay (DCD):    2.137ns
    Source Clock Delay      (SCD):    0.000ns
    Clock Pessimism Removal (CPR):    -0.000ns
  Clock Uncertainty:      0.035ns  ((TSJ^2 + TIJ^2)^1/2 + DJ) / 2 + PE
    Total System Jitter     (TSJ):    0.071ns
    Total Input Jitter      (TIJ):    0.000ns
    Discrete Jitter          (DJ):    0.000ns
    Phase Error              (PE):    0.000ns

    Location             Delay type                Incr(ns)  Path(ns)    Netlist Resource(s)
  -------------------------------------------------------------------    -------------------
                         (clock clk rise edge)        0.000     0.000 r  
                         input delay                  0.500     0.500    
                                                      0.000     0.500 r  m_axi_rdata[1] (IN)
                         net (fo=0)                   0.924     1.424    u_dma/m_axi_rdata[1]
    SLICE_X35Y69         FDRE                                         r  u_dma/wgt_buf_wr_data_reg[1]/D
  -------------------------------------------------------------------    -------------------

                         (clock clk rise edge)        0.000     0.000 r  
                                                      0.000     0.000 r  clk (IN)
                         net (fo=2808, unset)         0.973     0.973    u_icg_dma/clk
    SLICE_X52Y73         LUT2 (Prop_lut2_I0_O)        0.124     1.097 r  u_icg_dma/m_axi_awaddr[31]_i_2/O
                         net (fo=128, routed)         1.040     2.137    u_dma/CLK
    SLICE_X35Y69         FDRE                                         r  u_dma/wgt_buf_wr_data_reg[1]/C
                         clock pessimism              0.000     2.137    
                         clock uncertainty            0.035     2.172    
    SLICE_X35Y69         FDRE (Hold_fdre_C_D)         0.180     2.352    u_dma/wgt_buf_wr_data_reg[1]
  -------------------------------------------------------------------
                         required time                         -2.352    
                         arrival time                           1.424    
  -------------------------------------------------------------------
                         slack                                 -0.928    

Slack (VIOLATED) :        -0.417ns  (arrival time - required time)
  Source:                 m_axi_bvalid
                            (input port clocked by clk  {rise@0.000ns fall@5.000ns period=10.000ns})
  Destination:            u_dma/out_store_done_reg/D
                            (rising edge-triggered cell FDRE clocked by clk  {rise@0.000ns fall@5.000ns period=10.000ns})
  Path Group:             clk
  Path Type:              Hold (Min at Slow Process Corner)
  Requirement:            0.000ns  (clk rise@0.000ns - clk rise@0.000ns)
  Data Path Delay:        1.357ns  (logic 0.094ns (6.927%)  route 1.263ns (93.073%))
  Logic Levels:           1  (LUT2=1)
  Input Delay:            0.500ns
  Clock Path Skew:        2.217ns (DCD - SCD - CPR)
    Destination Clock Delay (DCD):    2.217ns
    Source Clock Delay      (SCD):    0.000ns
    Clock Pessimism Removal (CPR):    -0.000ns
  Clock Uncertainty:      0.035ns  ((TSJ^2 + TIJ^2)^1/2 + DJ) / 2 + PE
    Total System Jitter     (TSJ):    0.071ns
    Total Input Jitter      (TIJ):    0.000ns
    Discrete Jitter          (DJ):    0.000ns
    Phase Error              (PE):    0.000ns

    Location             Delay type                Incr(ns)  Path(ns)    Netlist Resource(s)
  -------------------------------------------------------------------    -------------------
                         (clock clk rise edge)        0.000     0.000 r  
                         input delay                  0.500     0.500    
                                                      0.000     0.500 r  m_axi_bvalid (IN)
                         net (fo=1, unset)            0.924     1.424    u_dma/m_axi_bvalid
    SLICE_X34Y73         LUT2 (Prop_lut2_I0_O)        0.094     1.518 r  u_dma/out_store_done_i_1/O
                         net (fo=1, routed)           0.339     1.857    u_dma/out_store_done_i_1_n_0
    SLICE_X35Y74         FDRE                                         r  u_dma/out_store_done_reg/D
  -------------------------------------------------------------------    -------------------

                         (clock clk rise edge)        0.000     0.000 r  
                                                      0.000     0.000 r  clk (IN)
                         net (fo=2808, unset)         0.973     0.973    u_icg_dma/clk
    SLICE_X52Y73         LUT2 (Prop_lut2_I0_O)        0.124     1.097 r  u_icg_dma/m_axi_awaddr[31]_i_2/O
                         net (fo=128, routed)         1.120     2.217    u_dma/CLK
    SLICE_X35Y74         FDRE                                         r  u_dma/out_store_done_reg/C
                         clock pessimism              0.000     2.217    
                         clock uncertainty            0.035     2.253    
    SLICE_X35Y74         FDRE (Hold_fdre_C_D)         0.021     2.274    u_dma/out_store_done_reg
  -------------------------------------------------------------------
                         required time                         -2.274    
                         arrival time                           1.857    
  -------------------------------------------------------------------
                         slack                                 -0.417    

Slack (VIOLATED) :        -0.159ns  (arrival time - required time)
  Source:                 m_axi_rvalid
                            (input port clocked by clk  {rise@0.000ns fall@5.000ns period=10.000ns})
  Destination:            u_dma/wgt_buf_wr_data_reg[3]/CE
                            (rising edge-triggered cell FDRE clocked by clk  {rise@0.000ns fall@5.000ns period=10.000ns})
  Path Group:             clk
  Path Type:              Hold (Min at Slow Process Corner)
  Requirement:            0.000ns  (clk rise@0.000ns - clk rise@0.000ns)
  Data Path Delay:        1.690ns  (logic 0.100ns (5.917%)  route 1.590ns (94.083%))
  Logic Levels:           1  (LUT2=1)
  Input Delay:            0.500ns
  Clock Path Skew:        2.359ns (DCD - SCD - CPR)
    Destination Clock Delay (DCD):    2.359ns
    Source Clock Delay      (SCD):    0.000ns
    Clock Pessimism Removal (CPR):    -0.000ns
  Clock Uncertainty:      0.035ns  ((TSJ^2 + TIJ^2)^1/2 + DJ) / 2 + PE
    Total System Jitter     (TSJ):    0.071ns
    Total Input Jitter      (TIJ):    0.000ns
    Discrete Jitter          (DJ):    0.000ns
    Phase Error              (PE):    0.000ns

    Location             Delay type                Incr(ns)  Path(ns)    Netlist Resource(s)
  -------------------------------------------------------------------    -------------------
                         (clock clk rise edge)        0.000     0.000 r  
                         input delay                  0.500     0.500    
                                                      0.000     0.500 r  m_axi_rvalid (IN)
                         net (fo=3, unset)            0.924     1.424    u_dma/m_axi_rvalid
    SLICE_X34Y73         LUT2 (Prop_lut2_I0_O)        0.100     1.524 r  u_dma/wgt_buf_wr_en_i_1/O
                         net (fo=18, routed)          0.666     2.190    u_dma/wgt_buf_wr_en_i_1_n_0
    SLICE_X33Y70         FDRE                                         r  u_dma/wgt_buf_wr_data_reg[3]/CE
  -------------------------------------------------------------------    -------------------

                         (clock clk rise edge)        0.000     0.000 r  
                                                      0.000     0.000 r  clk (IN)
                         net (fo=2808, unset)         0.973     0.973    u_icg_dma/clk
    SLICE_X52Y73         LUT2 (Prop_lut2_I0_O)        0.124     1.097 r  u_icg_dma/m_axi_awaddr[31]_i_2/O
                         net (fo=128, routed)         1.262     2.359    u_dma/CLK
    SLICE_X33Y70         FDRE                                         r  u_dma/wgt_buf_wr_data_reg[3]/C
                         clock pessimism              0.000     2.359    
                         clock uncertainty            0.035     2.394    
    SLICE_X33Y70         FDRE (Hold_fdre_C_CE)       -0.045     2.349    u_dma/wgt_buf_wr_data_reg[3]
  -------------------------------------------------------------------
                         required time                         -2.349    
                         arrival time                           2.190    
  -------------------------------------------------------------------
                         slack                                 -0.159    

Slack (VIOLATED) :        -0.159ns  (arrival time - required time)
  Source:                 m_axi_rvalid
                            (input port clocked by clk  {rise@0.000ns fall@5.000ns period=10.000ns})
  Destination:            u_dma/wgt_buf_wr_data_reg[4]/CE
                            (rising edge-triggered cell FDRE clocked by clk  {rise@0.000ns fall@5.000ns period=10.000ns})
  Path Group:             clk
  Path Type:              Hold (Min at Slow Process Corner)
  Requirement:            0.000ns  (clk rise@0.000ns - clk rise@0.000ns)
  Data Path Delay:        1.690ns  (logic 0.100ns (5.917%)  route 1.590ns (94.083%))
  Logic Levels:           1  (LUT2=1)
  Input Delay:            0.500ns
  Clock Path Skew:        2.359ns (DCD - SCD - CPR)
    Destination Clock Delay (DCD):    2.359ns
    Source Clock Delay      (SCD):    0.000ns
    Clock Pessimism Removal (CPR):    -0.000ns
  Clock Uncertainty:      0.035ns  ((TSJ^2 + TIJ^2)^1/2 + DJ) / 2 + PE
    Total System Jitter     (TSJ):    0.071ns
    Total Input Jitter      (TIJ):    0.000ns
    Discrete Jitter          (DJ):    0.000ns
    Phase Error              (PE):    0.000ns

    Location             Delay type                Incr(ns)  Path(ns)    Netlist Resource(s)
  -------------------------------------------------------------------    -------------------
                         (clock clk rise edge)        0.000     0.000 r  
                         input delay                  0.500     0.500    
                                                      0.000     0.500 r  m_axi_rvalid (IN)
                         net (fo=3, unset)            0.924     1.424    u_dma/m_axi_rvalid
    SLICE_X34Y73         LUT2 (Prop_lut2_I0_O)        0.100     1.524 r  u_dma/wgt_buf_wr_en_i_1/O
                         net (fo=18, routed)          0.666     2.190    u_dma/wgt_buf_wr_en_i_1_n_0
    SLICE_X33Y70         FDRE                                         r  u_dma/wgt_buf_wr_data_reg[4]/CE
  -------------------------------------------------------------------    -------------------

                         (clock clk rise edge)        0.000     0.000 r  
                                                      0.000     0.000 r  clk (IN)
                         net (fo=2808, unset)         0.973     0.973    u_icg_dma/clk
    SLICE_X52Y73         LUT2 (Prop_lut2_I0_O)        0.124     1.097 r  u_icg_dma/m_axi_awaddr[31]_i_2/O
                         net (fo=128, routed)         1.262     2.359    u_dma/CLK
    SLICE_X33Y70         FDRE                                         r  u_dma/wgt_buf_wr_data_reg[4]/C
                         clock pessimism              0.000     2.359    
                         clock uncertainty            0.035     2.394    
    SLICE_X33Y70         FDRE (Hold_fdre_C_CE)       -0.045     2.349    u_dma/wgt_buf_wr_data_reg[4]
  -------------------------------------------------------------------
                         required time                         -2.349    
                         arrival time                           2.190    
  -------------------------------------------------------------------
                         slack                                 -0.159    

Slack (VIOLATED) :        -0.159ns  (arrival time - required time)
  Source:                 m_axi_rvalid
                            (input port clocked by clk  {rise@0.000ns fall@5.000ns period=10.000ns})
  Destination:            u_dma/wgt_buf_wr_data_reg[5]/CE
                            (rising edge-triggered cell FDRE clocked by clk  {rise@0.000ns fall@5.000ns period=10.000ns})
  Path Group:             clk
  Path Type:              Hold (Min at Slow Process Corner)
  Requirement:            0.000ns  (clk rise@0.000ns - clk rise@0.000ns)
  Data Path Delay:        1.690ns  (logic 0.100ns (5.917%)  route 1.590ns (94.083%))
  Logic Levels:           1  (LUT2=1)
  Input Delay:            0.500ns
  Clock Path Skew:        2.359ns (DCD - SCD - CPR)
    Destination Clock Delay (DCD):    2.359ns
    Source Clock Delay      (SCD):    0.000ns
    Clock Pessimism Removal (CPR):    -0.000ns
  Clock Uncertainty:      0.035ns  ((TSJ^2 + TIJ^2)^1/2 + DJ) / 2 + PE
    Total System Jitter     (TSJ):    0.071ns
    Total Input Jitter      (TIJ):    0.000ns
    Discrete Jitter          (DJ):    0.000ns
    Phase Error              (PE):    0.000ns

    Location             Delay type                Incr(ns)  Path(ns)    Netlist Resource(s)
  -------------------------------------------------------------------    -------------------
                         (clock clk rise edge)        0.000     0.000 r  
                         input delay                  0.500     0.500    
                                                      0.000     0.500 r  m_axi_rvalid (IN)
                         net (fo=3, unset)            0.924     1.424    u_dma/m_axi_rvalid
    SLICE_X34Y73         LUT2 (Prop_lut2_I0_O)        0.100     1.524 r  u_dma/wgt_buf_wr_en_i_1/O
                         net (fo=18, routed)          0.666     2.190    u_dma/wgt_buf_wr_en_i_1_n_0
    SLICE_X33Y70         FDRE                                         r  u_dma/wgt_buf_wr_data_reg[5]/CE
  -------------------------------------------------------------------    -------------------

                         (clock clk rise edge)        0.000     0.000 r  
                                                      0.000     0.000 r  clk (IN)
                         net (fo=2808, unset)         0.973     0.973    u_icg_dma/clk
    SLICE_X52Y73         LUT2 (Prop_lut2_I0_O)        0.124     1.097 r  u_icg_dma/m_axi_awaddr[31]_i_2/O
                         net (fo=128, routed)         1.262     2.359    u_dma/CLK
    SLICE_X33Y70         FDRE                                         r  u_dma/wgt_buf_wr_data_reg[5]/C
                         clock pessimism              0.000     2.359    
                         clock uncertainty            0.035     2.394    
    SLICE_X33Y70         FDRE (Hold_fdre_C_CE)       -0.045     2.349    u_dma/wgt_buf_wr_data_reg[5]
  -------------------------------------------------------------------
                         required time                         -2.349    
                         arrival time                           2.190    
  -------------------------------------------------------------------
                         slack                                 -0.159    

Slack (VIOLATED) :        -0.154ns  (arrival time - required time)
  Source:                 m_axi_rvalid
                            (input port clocked by clk  {rise@0.000ns fall@5.000ns period=10.000ns})
  Destination:            u_dma/wgt_buf_wr_addr_reg[0]/CE
                            (rising edge-triggered cell FDRE clocked by clk  {rise@0.000ns fall@5.000ns period=10.000ns})
  Path Group:             clk
  Path Type:              Hold (Min at Slow Process Corner)
  Requirement:            0.000ns  (clk rise@0.000ns - clk rise@0.000ns)
  Data Path Delay:        1.545ns  (logic 0.100ns (6.472%)  route 1.445ns (93.528%))
  Logic Levels:           1  (LUT2=1)
  Input Delay:            0.500ns
  Clock Path Skew:        2.209ns (DCD - SCD - CPR)
    Destination Clock Delay (DCD):    2.209ns
    Source Clock Delay      (SCD):    0.000ns
    Clock Pessimism Removal (CPR):    -0.000ns
  Clock Uncertainty:      0.035ns  ((TSJ^2 + TIJ^2)^1/2 + DJ) / 2 + PE
    Total System Jitter     (TSJ):    0.071ns
    Total Input Jitter      (TIJ):    0.000ns
    Discrete Jitter          (DJ):    0.000ns
    Phase Error              (PE):    0.000ns

    Location             Delay type                Incr(ns)  Path(ns)    Netlist Resource(s)
  -------------------------------------------------------------------    -------------------
                         (clock clk rise edge)        0.000     0.000 r  
                         input delay                  0.500     0.500    
                                                      0.000     0.500 r  m_axi_rvalid (IN)
                         net (fo=3, unset)            0.924     1.424    u_dma/m_axi_rvalid
    SLICE_X34Y73         LUT2 (Prop_lut2_I0_O)        0.100     1.524 r  u_dma/wgt_buf_wr_en_i_1/O
                         net (fo=18, routed)          0.521     2.045    u_dma/wgt_buf_wr_en_i_1_n_0
    SLICE_X35Y71         FDRE                                         r  u_dma/wgt_buf_wr_addr_reg[0]/CE
  -------------------------------------------------------------------    -------------------

                         (clock clk rise edge)        0.000     0.000 r  
                                                      0.000     0.000 r  clk (IN)
                         net (fo=2808, unset)         0.973     0.973    u_icg_dma/clk
    SLICE_X52Y73         LUT2 (Prop_lut2_I0_O)        0.124     1.097 r  u_icg_dma/m_axi_awaddr[31]_i_2/O
                         net (fo=128, routed)         1.112     2.209    u_dma/CLK
    SLICE_X35Y71         FDRE                                         r  u_dma/wgt_buf_wr_addr_reg[0]/C
                         clock pessimism              0.000     2.209    
                         clock uncertainty            0.035     2.244    
    SLICE_X35Y71         FDRE (Hold_fdre_C_CE)       -0.045     2.199    u_dma/wgt_buf_wr_addr_reg[0]
  -------------------------------------------------------------------
                         required time                         -2.199    
                         arrival time                           2.045    
  -------------------------------------------------------------------
                         slack                                 -0.154    

Slack (VIOLATED) :        -0.154ns  (arrival time - required time)
  Source:                 m_axi_rvalid
                            (input port clocked by clk  {rise@0.000ns fall@5.000ns period=10.000ns})
  Destination:            u_dma/wgt_buf_wr_addr_reg[2]/CE
                            (rising edge-triggered cell FDRE clocked by clk  {rise@0.000ns fall@5.000ns period=10.000ns})
  Path Group:             clk
  Path Type:              Hold (Min at Slow Process Corner)
  Requirement:            0.000ns  (clk rise@0.000ns - clk rise@0.000ns)
  Data Path Delay:        1.545ns  (logic 0.100ns (6.472%)  route 1.445ns (93.528%))
  Logic Levels:           1  (LUT2=1)
  Input Delay:            0.500ns
  Clock Path Skew:        2.209ns (DCD - SCD - CPR)
    Destination Clock Delay (DCD):    2.209ns
    Source Clock Delay      (SCD):    0.000ns
    Clock Pessimism Removal (CPR):    -0.000ns
  Clock Uncertainty:      0.035ns  ((TSJ^2 + TIJ^2)^1/2 + DJ) / 2 + PE
    Total System Jitter     (TSJ):    0.071ns
    Total Input Jitter      (TIJ):    0.000ns
    Discrete Jitter          (DJ):    0.000ns
    Phase Error              (PE):    0.000ns

    Location             Delay type                Incr(ns)  Path(ns)    Netlist Resource(s)
  -------------------------------------------------------------------    -------------------
                         (clock clk rise edge)        0.000     0.000 r  
                         input delay                  0.500     0.500    
                                                      0.000     0.500 r  m_axi_rvalid (IN)
                         net (fo=3, unset)            0.924     1.424    u_dma/m_axi_rvalid
    SLICE_X34Y73         LUT2 (Prop_lut2_I0_O)        0.100     1.524 r  u_dma/wgt_buf_wr_en_i_1/O
                         net (fo=18, routed)          0.521     2.045    u_dma/wgt_buf_wr_en_i_1_n_0
    SLICE_X35Y71         FDRE                                         r  u_dma/wgt_buf_wr_addr_reg[2]/CE
  -------------------------------------------------------------------    -------------------

                         (clock clk rise edge)        0.000     0.000 r  
                                                      0.000     0.000 r  clk (IN)
                         net (fo=2808, unset)         0.973     0.973    u_icg_dma/clk
    SLICE_X52Y73         LUT2 (Prop_lut2_I0_O)        0.124     1.097 r  u_icg_dma/m_axi_awaddr[31]_i_2/O
                         net (fo=128, routed)         1.112     2.209    u_dma/CLK
    SLICE_X35Y71         FDRE                                         r  u_dma/wgt_buf_wr_addr_reg[2]/C
                         clock pessimism              0.000     2.209    
                         clock uncertainty            0.035     2.244    
    SLICE_X35Y71         FDRE (Hold_fdre_C_CE)       -0.045     2.199    u_dma/wgt_buf_wr_addr_reg[2]
  -------------------------------------------------------------------
                         required time                         -2.199    
                         arrival time                           2.045    
  -------------------------------------------------------------------
                         slack                                 -0.154    

Slack (VIOLATED) :        -0.154ns  (arrival time - required time)
  Source:                 m_axi_rvalid
                            (input port clocked by clk  {rise@0.000ns fall@5.000ns period=10.000ns})
  Destination:            u_dma/wgt_buf_wr_en_reg/D
                            (rising edge-triggered cell FDRE clocked by clk  {rise@0.000ns fall@5.000ns period=10.000ns})
  Path Group:             clk
  Path Type:              Hold (Min at Slow Process Corner)
  Requirement:            0.000ns  (clk rise@0.000ns - clk rise@0.000ns)
  Data Path Delay:        1.949ns  (logic 0.100ns (5.130%)  route 1.849ns (94.870%))
  Logic Levels:           1  (LUT2=1)
  Input Delay:            0.500ns
  Clock Path Skew:        2.324ns (DCD - SCD - CPR)
    Destination Clock Delay (DCD):    2.324ns
    Source Clock Delay      (SCD):    0.000ns
    Clock Pessimism Removal (CPR):    -0.000ns
  Clock Uncertainty:      0.035ns  ((TSJ^2 + TIJ^2)^1/2 + DJ) / 2 + PE
    Total System Jitter     (TSJ):    0.071ns
    Total Input Jitter      (TIJ):    0.000ns
    Discrete Jitter          (DJ):    0.000ns
    Phase Error              (PE):    0.000ns

    Location             Delay type                Incr(ns)  Path(ns)    Netlist Resource(s)
  -------------------------------------------------------------------    -------------------
                         (clock clk rise edge)        0.000     0.000 r  
                         input delay                  0.500     0.500    
                                                      0.000     0.500 r  m_axi_rvalid (IN)
                         net (fo=3, unset)            0.924     1.424    u_dma/m_axi_rvalid
    SLICE_X34Y73         LUT2 (Prop_lut2_I0_O)        0.100     1.524 r  u_dma/wgt_buf_wr_en_i_1/O
                         net (fo=18, routed)          0.925     2.449    u_dma/wgt_buf_wr_en_i_1_n_0
    SLICE_X34Y70         FDRE                                         r  u_dma/wgt_buf_wr_en_reg/D
  -------------------------------------------------------------------    -------------------

                         (clock clk rise edge)        0.000     0.000 r  
                                                      0.000     0.000 r  clk (IN)
                         net (fo=2808, unset)         0.973     0.973    u_icg_dma/clk
    SLICE_X52Y73         LUT2 (Prop_lut2_I0_O)        0.124     1.097 r  u_icg_dma/m_axi_awaddr[31]_i_2/O
                         net (fo=128, routed)         1.227     2.324    u_dma/CLK
    SLICE_X34Y70         FDRE                                         r  u_dma/wgt_buf_wr_en_reg/C
                         clock pessimism              0.000     2.324    
                         clock uncertainty            0.035     2.360    
    SLICE_X34Y70         FDRE (Hold_fdre_C_D)         0.243     2.603    u_dma/wgt_buf_wr_en_reg
  -------------------------------------------------------------------
                         required time                         -2.603    
                         arrival time                           2.449    
  -------------------------------------------------------------------
                         slack                                 -0.154    

Slack (VIOLATED) :        -0.044ns  (arrival time - required time)
  Source:                 m_axi_rvalid
                            (input port clocked by clk  {rise@0.000ns fall@5.000ns period=10.000ns})
  Destination:            u_dma/bytes_transferred_reg[10]/CE
                            (rising edge-triggered cell FDRE clocked by clk  {rise@0.000ns fall@5.000ns period=10.000ns})
  Path Group:             clk
  Path Type:              Hold (Min at Slow Process Corner)
  Requirement:            0.000ns  (clk rise@0.000ns - clk rise@0.000ns)
  Data Path Delay:        1.524ns  (logic 0.120ns (7.874%)  route 1.404ns (92.126%))
  Logic Levels:           1  (LUT4=1)
  Input Delay:            0.500ns
  Clock Path Skew:        2.217ns (DCD - SCD - CPR)
    Destination Clock Delay (DCD):    2.217ns
    Source Clock Delay      (SCD):    0.000ns
    Clock Pessimism Removal (CPR):    -0.000ns
  Clock Uncertainty:      0.035ns  ((TSJ^2 + TIJ^2)^1/2 + DJ) / 2 + PE
    Total System Jitter     (TSJ):    0.071ns
    Total Input Jitter      (TIJ):    0.000ns
    Discrete Jitter          (DJ):    0.000ns
    Phase Error              (PE):    0.000ns

    Location             Delay type                Incr(ns)  Path(ns)    Netlist Resource(s)
  -------------------------------------------------------------------    -------------------
                         (clock clk rise edge)        0.000     0.000 r  
                         input delay                  0.500     0.500    
                                                      0.000     0.500 r  m_axi_rvalid (IN)
                         net (fo=3, unset)            0.924     1.424    u_dma/m_axi_rvalid
    SLICE_X34Y73         LUT4 (Prop_lut4_I0_O)        0.120     1.544 r  u_dma/bytes_transferred[15]_i_1/O
                         net (fo=16, routed)          0.480     2.024    u_dma/bytes_transferred[15]_i_1_n_0
    SLICE_X34Y74         FDRE                                         r  u_dma/bytes_transferred_reg[10]/CE
  -------------------------------------------------------------------    -------------------

                         (clock clk rise edge)        0.000     0.000 r  
                                                      0.000     0.000 r  clk (IN)
                         net (fo=2808, unset)         0.973     0.973    u_icg_dma/clk
    SLICE_X52Y73         LUT2 (Prop_lut2_I0_O)        0.124     1.097 r  u_icg_dma/m_axi_awaddr[31]_i_2/O
                         net (fo=128, routed)         1.120     2.217    u_dma/CLK
    SLICE_X34Y74         FDRE                                         r  u_dma/bytes_transferred_reg[10]/C
                         clock pessimism              0.000     2.217    
                         clock uncertainty            0.035     2.253    
    SLICE_X34Y74         FDRE (Hold_fdre_C_CE)       -0.185     2.068    u_dma/bytes_transferred_reg[10]
  -------------------------------------------------------------------
                         required time                         -2.068    
                         arrival time                           2.024    
  -------------------------------------------------------------------
                         slack                                 -0.044    

Slack (VIOLATED) :        -0.044ns  (arrival time - required time)
  Source:                 m_axi_rvalid
                            (input port clocked by clk  {rise@0.000ns fall@5.000ns period=10.000ns})
  Destination:            u_dma/bytes_transferred_reg[13]/CE
                            (rising edge-triggered cell FDRE clocked by clk  {rise@0.000ns fall@5.000ns period=10.000ns})
  Path Group:             clk
  Path Type:              Hold (Min at Slow Process Corner)
  Requirement:            0.000ns  (clk rise@0.000ns - clk rise@0.000ns)
  Data Path Delay:        1.524ns  (logic 0.120ns (7.874%)  route 1.404ns (92.126%))
  Logic Levels:           1  (LUT4=1)
  Input Delay:            0.500ns
  Clock Path Skew:        2.217ns (DCD - SCD - CPR)
    Destination Clock Delay (DCD):    2.217ns
    Source Clock Delay      (SCD):    0.000ns
    Clock Pessimism Removal (CPR):    -0.000ns
  Clock Uncertainty:      0.035ns  ((TSJ^2 + TIJ^2)^1/2 + DJ) / 2 + PE
    Total System Jitter     (TSJ):    0.071ns
    Total Input Jitter      (TIJ):    0.000ns
    Discrete Jitter          (DJ):    0.000ns
    Phase Error              (PE):    0.000ns

    Location             Delay type                Incr(ns)  Path(ns)    Netlist Resource(s)
  -------------------------------------------------------------------    -------------------
                         (clock clk rise edge)        0.000     0.000 r  
                         input delay                  0.500     0.500    
                                                      0.000     0.500 r  m_axi_rvalid (IN)
                         net (fo=3, unset)            0.924     1.424    u_dma/m_axi_rvalid
    SLICE_X34Y73         LUT4 (Prop_lut4_I0_O)        0.120     1.544 r  u_dma/bytes_transferred[15]_i_1/O
                         net (fo=16, routed)          0.480     2.024    u_dma/bytes_transferred[15]_i_1_n_0
    SLICE_X34Y74         FDRE                                         r  u_dma/bytes_transferred_reg[13]/CE
  -------------------------------------------------------------------    -------------------

                         (clock clk rise edge)        0.000     0.000 r  
                                                      0.000     0.000 r  clk (IN)
                         net (fo=2808, unset)         0.973     0.973    u_icg_dma/clk
    SLICE_X52Y73         LUT2 (Prop_lut2_I0_O)        0.124     1.097 r  u_icg_dma/m_axi_awaddr[31]_i_2/O
                         net (fo=128, routed)         1.120     2.217    u_dma/CLK
    SLICE_X34Y74         FDRE                                         r  u_dma/bytes_transferred_reg[13]/C
                         clock pessimism              0.000     2.217    
                         clock uncertainty            0.035     2.253    
    SLICE_X34Y74         FDRE (Hold_fdre_C_CE)       -0.185     2.068    u_dma/bytes_transferred_reg[13]
  -------------------------------------------------------------------
                         required time                         -2.068    
                         arrival time                           2.024    
  -------------------------------------------------------------------
                         slack                                 -0.044    

Slack (VIOLATED) :        -0.044ns  (arrival time - required time)
  Source:                 m_axi_rvalid
                            (input port clocked by clk  {rise@0.000ns fall@5.000ns period=10.000ns})
  Destination:            u_dma/bytes_transferred_reg[14]/CE
                            (rising edge-triggered cell FDRE clocked by clk  {rise@0.000ns fall@5.000ns period=10.000ns})
  Path Group:             clk
  Path Type:              Hold (Min at Slow Process Corner)
  Requirement:            0.000ns  (clk rise@0.000ns - clk rise@0.000ns)
  Data Path Delay:        1.524ns  (logic 0.120ns (7.874%)  route 1.404ns (92.126%))
  Logic Levels:           1  (LUT4=1)
  Input Delay:            0.500ns
  Clock Path Skew:        2.217ns (DCD - SCD - CPR)
    Destination Clock Delay (DCD):    2.217ns
    Source Clock Delay      (SCD):    0.000ns
    Clock Pessimism Removal (CPR):    -0.000ns
  Clock Uncertainty:      0.035ns  ((TSJ^2 + TIJ^2)^1/2 + DJ) / 2 + PE
    Total System Jitter     (TSJ):    0.071ns
    Total Input Jitter      (TIJ):    0.000ns
    Discrete Jitter          (DJ):    0.000ns
    Phase Error              (PE):    0.000ns

    Location             Delay type                Incr(ns)  Path(ns)    Netlist Resource(s)
  -------------------------------------------------------------------    -------------------
                         (clock clk rise edge)        0.000     0.000 r  
                         input delay                  0.500     0.500    
                                                      0.000     0.500 r  m_axi_rvalid (IN)
                         net (fo=3, unset)            0.924     1.424    u_dma/m_axi_rvalid
    SLICE_X34Y73         LUT4 (Prop_lut4_I0_O)        0.120     1.544 r  u_dma/bytes_transferred[15]_i_1/O
                         net (fo=16, routed)          0.480     2.024    u_dma/bytes_transferred[15]_i_1_n_0
    SLICE_X34Y74         FDRE                                         r  u_dma/bytes_transferred_reg[14]/CE
  -------------------------------------------------------------------    -------------------

                         (clock clk rise edge)        0.000     0.000 r  
                                                      0.000     0.000 r  clk (IN)
                         net (fo=2808, unset)         0.973     0.973    u_icg_dma/clk
    SLICE_X52Y73         LUT2 (Prop_lut2_I0_O)        0.124     1.097 r  u_icg_dma/m_axi_awaddr[31]_i_2/O
                         net (fo=128, routed)         1.120     2.217    u_dma/CLK
    SLICE_X34Y74         FDRE                                         r  u_dma/bytes_transferred_reg[14]/C
                         clock pessimism              0.000     2.217    
                         clock uncertainty            0.035     2.253    
    SLICE_X34Y74         FDRE (Hold_fdre_C_CE)       -0.185     2.068    u_dma/bytes_transferred_reg[14]
  -------------------------------------------------------------------
                         required time                         -2.068    
                         arrival time                           2.024    
  -------------------------------------------------------------------
                         slack                                 -0.044    

Slack (VIOLATED) :        -0.044ns  (arrival time - required time)
  Source:                 m_axi_rvalid
                            (input port clocked by clk  {rise@0.000ns fall@5.000ns period=10.000ns})
  Destination:            u_dma/bytes_transferred_reg[15]/CE
                            (rising edge-triggered cell FDRE clocked by clk  {rise@0.000ns fall@5.000ns period=10.000ns})
  Path Group:             clk
  Path Type:              Hold (Min at Slow Process Corner)
  Requirement:            0.000ns  (clk rise@0.000ns - clk rise@0.000ns)
  Data Path Delay:        1.524ns  (logic 0.120ns (7.874%)  route 1.404ns (92.126%))
  Logic Levels:           1  (LUT4=1)
  Input Delay:            0.500ns
  Clock Path Skew:        2.217ns (DCD - SCD - CPR)
    Destination Clock Delay (DCD):    2.217ns
    Source Clock Delay      (SCD):    0.000ns
    Clock Pessimism Removal (CPR):    -0.000ns
  Clock Uncertainty:      0.035ns  ((TSJ^2 + TIJ^2)^1/2 + DJ) / 2 + PE
    Total System Jitter     (TSJ):    0.071ns
    Total Input Jitter      (TIJ):    0.000ns
    Discrete Jitter          (DJ):    0.000ns
    Phase Error              (PE):    0.000ns

    Location             Delay type                Incr(ns)  Path(ns)    Netlist Resource(s)
  -------------------------------------------------------------------    -------------------
                         (clock clk rise edge)        0.000     0.000 r  
                         input delay                  0.500     0.500    
                                                      0.000     0.500 r  m_axi_rvalid (IN)
                         net (fo=3, unset)            0.924     1.424    u_dma/m_axi_rvalid
    SLICE_X34Y73         LUT4 (Prop_lut4_I0_O)        0.120     1.544 r  u_dma/bytes_transferred[15]_i_1/O
                         net (fo=16, routed)          0.480     2.024    u_dma/bytes_transferred[15]_i_1_n_0
    SLICE_X34Y74         FDRE                                         r  u_dma/bytes_transferred_reg[15]/CE
  -------------------------------------------------------------------    -------------------

                         (clock clk rise edge)        0.000     0.000 r  
                                                      0.000     0.000 r  clk (IN)
                         net (fo=2808, unset)         0.973     0.973    u_icg_dma/clk
    SLICE_X52Y73         LUT2 (Prop_lut2_I0_O)        0.124     1.097 r  u_icg_dma/m_axi_awaddr[31]_i_2/O
                         net (fo=128, routed)         1.120     2.217    u_dma/CLK
    SLICE_X34Y74         FDRE                                         r  u_dma/bytes_transferred_reg[15]/C
                         clock pessimism              0.000     2.217    
                         clock uncertainty            0.035     2.253    
    SLICE_X34Y74         FDRE (Hold_fdre_C_CE)       -0.185     2.068    u_dma/bytes_transferred_reg[15]
  -------------------------------------------------------------------
                         required time                         -2.068    
                         arrival time                           2.024    
  -------------------------------------------------------------------
                         slack                                 -0.044    

Slack (VIOLATED) :        -0.043ns  (arrival time - required time)
  Source:                 m_axi_rlast
                            (input port clocked by clk  {rise@0.000ns fall@5.000ns period=10.000ns})
  Destination:            u_dma/weight_load_done_reg/D
                            (rising edge-triggered cell FDRE clocked by clk  {rise@0.000ns fall@5.000ns period=10.000ns})
  Path Group:             clk
  Path Type:              Hold (Min at Slow Process Corner)
  Requirement:            0.000ns  (clk rise@0.000ns - clk rise@0.000ns)
  Data Path Delay:        1.720ns  (logic 0.122ns (7.095%)  route 1.598ns (92.905%))
  Logic Levels:           1  (LUT4=1)
  Input Delay:            0.500ns
  Clock Path Skew:        2.199ns (DCD - SCD - CPR)
    Destination Clock Delay (DCD):    2.199ns
    Source Clock Delay      (SCD):    0.000ns
    Clock Pessimism Removal (CPR):    -0.000ns
  Clock Uncertainty:      0.035ns  ((TSJ^2 + TIJ^2)^1/2 + DJ) / 2 + PE
    Total System Jitter     (TSJ):    0.071ns
    Total Input Jitter      (TIJ):    0.000ns
    Discrete Jitter          (DJ):    0.000ns
    Phase Error              (PE):    0.000ns

    Location             Delay type                Incr(ns)  Path(ns)    Netlist Resource(s)
  -------------------------------------------------------------------    -------------------
                         (clock clk rise edge)        0.000     0.000 r  
                         input delay                  0.500     0.500    
                                                      0.000     0.500 r  m_axi_rlast (IN)
                         net (fo=1, unset)            0.924     1.424    u_dma/m_axi_rlast
    SLICE_X33Y73         LUT4 (Prop_lut4_I2_O)        0.122     1.546 r  u_dma/weight_load_done_i_1/O
                         net (fo=1, routed)           0.673     2.220    u_dma/weight_load_done_i_1_n_0
    SLICE_X35Y77         FDRE                                         r  u_dma/weight_load_done_reg/D
  -------------------------------------------------------------------    -------------------

                         (clock clk rise edge)        0.000     0.000 r  
                                                      0.000     0.000 r  clk (IN)
                         net (fo=2808, unset)         0.973     0.973    u_icg_dma/clk
    SLICE_X52Y73         LUT2 (Prop_lut2_I0_O)        0.124     1.097 r  u_icg_dma/m_axi_awaddr[31]_i_2/O
                         net (fo=128, routed)         1.102     2.199    u_dma/CLK
    SLICE_X35Y77         FDRE                                         r  u_dma/weight_load_done_reg/C
                         clock pessimism              0.000     2.199    
                         clock uncertainty            0.035     2.234    
    SLICE_X35Y77         FDRE (Hold_fdre_C_D)         0.029     2.263    u_dma/weight_load_done_reg
  -------------------------------------------------------------------
                         required time                         -2.263    
                         arrival time                           2.220    
  -------------------------------------------------------------------
                         slack                                 -0.043    





Pulse Width Checks
--------------------------------------------------------------------------------------
Clock Name:         clk
Waveform(ns):       { 0.000 5.000 }
Period(ns):         10.000
Sources:            { clk }

Check Type        Corner  Lib Pin      Reference Pin  Required(ns)  Actual(ns)  Slack(ns)  Location      Pin
Min Period        n/a     DSP48E1/CLK  n/a            3.884         10.000      6.116      DSP48_X2Y53   u_bbox_decoder/cx_reg/CLK
Min Period        n/a     DSP48E1/CLK  n/a            3.884         10.000      6.116      DSP48_X3Y50   u_bbox_decoder/cy_reg/CLK
Min Period        n/a     DSP48E1/CLK  n/a            3.884         10.000      6.116      DSP48_X1Y6    u_dw/mult_reg_reg[0][0]/CLK
Min Period        n/a     DSP48E1/CLK  n/a            3.884         10.000      6.116      DSP48_X1Y4    u_dw/mult_reg_reg[0][1]/CLK
Min Period        n/a     DSP48E1/CLK  n/a            3.884         10.000      6.116      DSP48_X1Y5    u_dw/mult_reg_reg[0][2]/CLK
Min Period        n/a     DSP48E1/CLK  n/a            3.884         10.000      6.116      DSP48_X0Y4    u_dw/mult_reg_reg[0][3]/CLK
Min Period        n/a     DSP48E1/CLK  n/a            3.884         10.000      6.116      DSP48_X0Y5    u_dw/mult_reg_reg[0][4]/CLK
Min Period        n/a     DSP48E1/CLK  n/a            3.884         10.000      6.116      DSP48_X0Y3    u_dw/mult_reg_reg[0][5]/CLK
Min Period        n/a     DSP48E1/CLK  n/a            3.884         10.000      6.116      DSP48_X0Y16   u_dw/mult_reg_reg[0][6]/CLK
Min Period        n/a     DSP48E1/CLK  n/a            3.884         10.000      6.116      DSP48_X0Y17   u_dw/mult_reg_reg[0][7]/CLK
Min Period        n/a     DSP48E1/CLK  n/a            3.884         10.000      6.116      DSP48_X0Y15   u_dw/mult_reg_reg[0][8]/CLK
Min Period        n/a     DSP48E1/CLK  n/a            3.884         10.000      6.116      DSP48_X1Y11   u_dw/mult_reg_reg[1][0]/CLK
Min Period        n/a     DSP48E1/CLK  n/a            3.884         10.000      6.116      DSP48_X1Y8    u_dw/mult_reg_reg[1][1]/CLK
Min Period        n/a     DSP48E1/CLK  n/a            3.884         10.000      6.116      DSP48_X1Y10   u_dw/mult_reg_reg[1][2]/CLK
Min Period        n/a     DSP48E1/CLK  n/a            3.884         10.000      6.116      DSP48_X0Y14   u_dw/mult_reg_reg[1][3]/CLK
Min Period        n/a     DSP48E1/CLK  n/a            3.884         10.000      6.116      DSP48_X0Y12   u_dw/mult_reg_reg[1][4]/CLK
Min Period        n/a     DSP48E1/CLK  n/a            3.884         10.000      6.116      DSP48_X0Y13   u_dw/mult_reg_reg[1][5]/CLK
Min Period        n/a     DSP48E1/CLK  n/a            3.884         10.000      6.116      DSP48_X2Y14   u_dw/mult_reg_reg[1][6]/CLK
Min Period        n/a     DSP48E1/CLK  n/a            3.884         10.000      6.116      DSP48_X2Y12   u_dw/mult_reg_reg[1][7]/CLK
Min Period        n/a     DSP48E1/CLK  n/a            3.884         10.000      6.116      DSP48_X2Y13   u_dw/mult_reg_reg[1][8]/CLK
Low Pulse Width   Slow    RAMD64E/CLK  n/a            1.250         5.000       3.750      SLICE_X42Y35  gen_act_buf[0].u_act_buf/bank_a_reg_0_63_0_2/RAMA/CLK
Low Pulse Width   Fast    RAMD64E/CLK  n/a            1.250         5.000       3.750      SLICE_X42Y35  gen_act_buf[0].u_act_buf/bank_a_reg_0_63_0_2/RAMA/CLK
Low Pulse Width   Slow    RAMD64E/CLK  n/a            1.250         5.000       3.750      SLICE_X42Y35  gen_act_buf[0].u_act_buf/bank_a_reg_0_63_0_2/RAMB/CLK
Low Pulse Width   Fast    RAMD64E/CLK  n/a            1.250         5.000       3.750      SLICE_X42Y35  gen_act_buf[0].u_act_buf/bank_a_reg_0_63_0_2/RAMB/CLK
Low Pulse Width   Slow    RAMD64E/CLK  n/a            1.250         5.000       3.750      SLICE_X42Y35  gen_act_buf[0].u_act_buf/bank_a_reg_0_63_0_2/RAMC/CLK
Low Pulse Width   Fast    RAMD64E/CLK  n/a            1.250         5.000       3.750      SLICE_X42Y35  gen_act_buf[0].u_act_buf/bank_a_reg_0_63_0_2/RAMC/CLK
Low Pulse Width   Slow    RAMD64E/CLK  n/a            1.250         5.000       3.750      SLICE_X42Y35  gen_act_buf[0].u_act_buf/bank_a_reg_0_63_0_2/RAMD/CLK
Low Pulse Width   Fast    RAMD64E/CLK  n/a            1.250         5.000       3.750      SLICE_X42Y35  gen_act_buf[0].u_act_buf/bank_a_reg_0_63_0_2/RAMD/CLK
Low Pulse Width   Slow    RAMD64E/CLK  n/a            1.250         5.000       3.750      SLICE_X42Y39  gen_act_buf[0].u_act_buf/bank_a_reg_0_63_3_5/RAMA/CLK
Low Pulse Width   Fast    RAMD64E/CLK  n/a            1.250         5.000       3.750      SLICE_X42Y39  gen_act_buf[0].u_act_buf/bank_a_reg_0_63_3_5/RAMA/CLK
Low Pulse Width   Slow    RAMD64E/CLK  n/a            1.250         5.000       3.750      SLICE_X42Y39  gen_act_buf[0].u_act_buf/bank_a_reg_0_63_3_5/RAMB/CLK
Low Pulse Width   Fast    RAMD64E/CLK  n/a            1.250         5.000       3.750      SLICE_X42Y39  gen_act_buf[0].u_act_buf/bank_a_reg_0_63_3_5/RAMB/CLK
Low Pulse Width   Slow    RAMD64E/CLK  n/a            1.250         5.000       3.750      SLICE_X42Y39  gen_act_buf[0].u_act_buf/bank_a_reg_0_63_3_5/RAMC/CLK
Low Pulse Width   Fast    RAMD64E/CLK  n/a            1.250         5.000       3.750      SLICE_X42Y39  gen_act_buf[0].u_act_buf/bank_a_reg_0_63_3_5/RAMC/CLK
Low Pulse Width   Slow    RAMD64E/CLK  n/a            1.250         5.000       3.750      SLICE_X42Y39  gen_act_buf[0].u_act_buf/bank_a_reg_0_63_3_5/RAMD/CLK
Low Pulse Width   Fast    RAMD64E/CLK  n/a            1.250         5.000       3.750      SLICE_X42Y39  gen_act_buf[0].u_act_buf/bank_a_reg_0_63_3_5/RAMD/CLK
Low Pulse Width   Slow    RAMD64E/CLK  n/a            1.250         5.000       3.750      SLICE_X42Y38  gen_act_buf[0].u_act_buf/bank_a_reg_0_63_6_7/RAMA/CLK
Low Pulse Width   Fast    RAMD64E/CLK  n/a            1.250         5.000       3.750      SLICE_X42Y38  gen_act_buf[0].u_act_buf/bank_a_reg_0_63_6_7/RAMA/CLK
Low Pulse Width   Slow    RAMD64E/CLK  n/a            1.250         5.000       3.750      SLICE_X42Y38  gen_act_buf[0].u_act_buf/bank_a_reg_0_63_6_7/RAMB/CLK
Low Pulse Width   Fast    RAMD64E/CLK  n/a            1.250         5.000       3.750      SLICE_X42Y38  gen_act_buf[0].u_act_buf/bank_a_reg_0_63_6_7/RAMB/CLK
High Pulse Width  Slow    RAMD64E/CLK  n/a            1.250         5.000       3.750      SLICE_X42Y35  gen_act_buf[0].u_act_buf/bank_a_reg_0_63_0_2/RAMA/CLK
High Pulse Width  Fast    RAMD64E/CLK  n/a            1.250         5.000       3.750      SLICE_X42Y35  gen_act_buf[0].u_act_buf/bank_a_reg_0_63_0_2/RAMA/CLK
High Pulse Width  Slow    RAMD64E/CLK  n/a            1.250         5.000       3.750      SLICE_X42Y35  gen_act_buf[0].u_act_buf/bank_a_reg_0_63_0_2/RAMB/CLK
High Pulse Width  Fast    RAMD64E/CLK  n/a            1.250         5.000       3.750      SLICE_X42Y35  gen_act_buf[0].u_act_buf/bank_a_reg_0_63_0_2/RAMB/CLK
High Pulse Width  Slow    RAMD64E/CLK  n/a            1.250         5.000       3.750      SLICE_X42Y35  gen_act_buf[0].u_act_buf/bank_a_reg_0_63_0_2/RAMC/CLK
High Pulse Width  Fast    RAMD64E/CLK  n/a            1.250         5.000       3.750      SLICE_X42Y35  gen_act_buf[0].u_act_buf/bank_a_reg_0_63_0_2/RAMC/CLK
High Pulse Width  Slow    RAMD64E/CLK  n/a            1.250         5.000       3.750      SLICE_X42Y35  gen_act_buf[0].u_act_buf/bank_a_reg_0_63_0_2/RAMD/CLK
High Pulse Width  Fast    RAMD64E/CLK  n/a            1.250         5.000       3.750      SLICE_X42Y35  gen_act_buf[0].u_act_buf/bank_a_reg_0_63_0_2/RAMD/CLK
High Pulse Width  Slow    RAMD64E/CLK  n/a            1.250         5.000       3.750      SLICE_X42Y39  gen_act_buf[0].u_act_buf/bank_a_reg_0_63_3_5/RAMA/CLK
High Pulse Width  Fast    RAMD64E/CLK  n/a            1.250         5.000       3.750      SLICE_X42Y39  gen_act_buf[0].u_act_buf/bank_a_reg_0_63_3_5/RAMA/CLK
High Pulse Width  Slow    RAMD64E/CLK  n/a            1.250         5.000       3.750      SLICE_X42Y39  gen_act_buf[0].u_act_buf/bank_a_reg_0_63_3_5/RAMB/CLK
High Pulse Width  Fast    RAMD64E/CLK  n/a            1.250         5.000       3.750      SLICE_X42Y39  gen_act_buf[0].u_act_buf/bank_a_reg_0_63_3_5/RAMB/CLK
High Pulse Width  Slow    RAMD64E/CLK  n/a            1.250         5.000       3.750      SLICE_X42Y39  gen_act_buf[0].u_act_buf/bank_a_reg_0_63_3_5/RAMC/CLK
High Pulse Width  Fast    RAMD64E/CLK  n/a            1.250         5.000       3.750      SLICE_X42Y39  gen_act_buf[0].u_act_buf/bank_a_reg_0_63_3_5/RAMC/CLK
High Pulse Width  Slow    RAMD64E/CLK  n/a            1.250         5.000       3.750      SLICE_X42Y39  gen_act_buf[0].u_act_buf/bank_a_reg_0_63_3_5/RAMD/CLK
High Pulse Width  Fast    RAMD64E/CLK  n/a            1.250         5.000       3.750      SLICE_X42Y39  gen_act_buf[0].u_act_buf/bank_a_reg_0_63_3_5/RAMD/CLK
High Pulse Width  Slow    RAMD64E/CLK  n/a            1.250         5.000       3.750      SLICE_X42Y38  gen_act_buf[0].u_act_buf/bank_a_reg_0_63_6_7/RAMA/CLK
High Pulse Width  Fast    RAMD64E/CLK  n/a            1.250         5.000       3.750      SLICE_X42Y38  gen_act_buf[0].u_act_buf/bank_a_reg_0_63_6_7/RAMA/CLK
High Pulse Width  Slow    RAMD64E/CLK  n/a            1.250         5.000       3.750      SLICE_X42Y38  gen_act_buf[0].u_act_buf/bank_a_reg_0_63_6_7/RAMB/CLK
High Pulse Width  Fast    RAMD64E/CLK  n/a            1.250         5.000       3.750      SLICE_X42Y38  gen_act_buf[0].u_act_buf/bank_a_reg_0_63_6_7/RAMB/CLK



