Copyright 1986-2022 Xilinx, Inc. All Rights Reserved. Copyright 2022-2025 Advanced Micro Devices, Inc. All Rights Reserved.
---------------------------------------------------------------------------------------------------------------------------------------------
| Tool Version : Vivado v.2025.1 (win64) Build 6140274 Thu May 22 00:12:29 MDT 2025
| Date         : Thu Sep  3 15:41:57 2026
| Host         : TMP215-54 running 64-bit major release  (build 9200)
| Command      : report_timing_summary -max_paths 20 -file {D:/Final year project/npu200jpmax/reports/impl_timing.rpt} -warn_on_violation
| Design       : npu_system_wrapper
| Device       : 7z020-clg400
| Speed File   : -1  PRODUCTION 1.12 2019-11-22
| Design State : Routed
---------------------------------------------------------------------------------------------------------------------------------------------

Timing Summary Report

------------------------------------------------------------------------------------------------
| Timer Settings
| --------------
------------------------------------------------------------------------------------------------

  Enable Multi Corner Analysis               :  Yes
  Enable Pessimism Removal                   :  Yes
  Pessimism Removal Resolution               :  Nearest Common Node
  Enable Input Delay Default Clock           :  No
  Enable Preset / Clear Arcs                 :  No
  Disable Flight Delays                      :  No
  Ignore I/O Paths                           :  No
  Timing Early Launch at Borrowing Latches   :  No
  Borrow Time for Max Delay Exceptions       :  Yes
  Merge Timing Exceptions                    :  Yes
  Inter-SLR Compensation                     :  Conservative

  Corner  Analyze    Analyze    
  Name    Max Paths  Min Paths  
  ------  ---------  ---------  
  Slow    Yes        Yes        
  Fast    Yes        Yes        


------------------------------------------------------------------------------------------------
| Report Methodology
| ------------------
------------------------------------------------------------------------------------------------

Rule       Severity          Description                                  Violations  
---------  ----------------  -------------------------------------------  ----------  
TIMING-17  Critical Warning  Non-clocked sequential cell                  1000        
CKBF-1     Warning           connects_I_driver_BUFR                       1           
DPIR-1     Warning           Asynchronous driver check                    5856        
LUTAR-1    Warning           LUT drives async reset alert                 3           
TIMING-18  Warning           Missing input or output delay                3           
XDCB-5     Warning           Runtime inefficient way to find pin objects  2           

Note: This report is based on the most recent report_methodology run and may not be up-to-date. Run report_methodology on the current design for the latest report.



check_timing report

Table of Contents
-----------------
1. checking no_clock (2462)
2. checking constant_clock (0)
3. checking pulse_width_clock (0)
4. checking unconstrained_internal_endpoints (5639)
5. checking no_input_delay (5)
6. checking no_output_delay (5)
7. checking multiple_clock (0)
8. checking generated_clocks (0)
9. checking loops (0)
10. checking partial_input_delay (0)
11. checking partial_output_delay (0)
12. checking latch_loops (0)

1. checking no_clock (2462)
---------------------------
 There are 2462 register/latch pins with no clock driven by root clock pin: TMDS_RX_clk_p (HIGH)


2. checking constant_clock (0)
------------------------------
 There are 0 register/latch pins with constant_clock.


3. checking pulse_width_clock (0)
---------------------------------
 There are 0 register/latch pins which need pulse_width check


4. checking unconstrained_internal_endpoints (5639)
---------------------------------------------------
 There are 5633 pins that are not constrained for maximum delay. (HIGH)

 There are 6 pins that are not constrained for maximum delay due to constant clock. (MEDIUM)


5. checking no_input_delay (5)
------------------------------
 There are 5 input ports with no input delay specified. (HIGH)

 There are 0 input ports with no input delay but user has a false path constraint.


6. checking no_output_delay (5)
-------------------------------
 There are 5 ports with no output delay specified. (HIGH)

 There are 0 ports with no output delay but user has a false path constraint

 There are 0 ports with no output delay but with a timing clock defined on it or propagating through it


7. checking multiple_clock (0)
------------------------------
 There are 0 register/latch pins with multiple clocks.


8. checking generated_clocks (0)
--------------------------------
 There are 0 generated clocks that are not connected to a clock source.


9. checking loops (0)
---------------------
 There are 0 combinational loops in the design.


10. checking partial_input_delay (0)
------------------------------------
 There are 0 input ports with partial input delay specified.


11. checking partial_output_delay (0)
-------------------------------------
 There are 0 ports with partial output delay specified.


12. checking latch_loops (0)
----------------------------
 There are 0 combinational latch loops in the design through latch input



------------------------------------------------------------------------------------------------
| Design Timing Summary
| ---------------------
------------------------------------------------------------------------------------------------

    WNS(ns)      TNS(ns)  TNS Failing Endpoints  TNS Total Endpoints      WHS(ns)      THS(ns)  THS Failing Endpoints  THS Total Endpoints     WPWS(ns)     TPWS(ns)  TPWS Failing Endpoints  TPWS Total Endpoints  
    -------      -------  ---------------------  -------------------      -------      -------  ---------------------  -------------------     --------     --------  ----------------------  --------------------  
      0.116        0.000                      0               106400        0.050        0.000                      0               106316        0.264        0.000                       0                 51774  


All user specified timing constraints are met.


------------------------------------------------------------------------------------------------
| Clock Summary
| -------------
------------------------------------------------------------------------------------------------

Clock       Waveform(ns)         Period(ns)      Frequency(MHz)
-----       ------------         ----------      --------------
clk_fpga_0  {0.000 4.000}        8.000           125.000         
clk_fpga_1  {0.000 2.500}        5.000           200.000         


------------------------------------------------------------------------------------------------
| Intra Clock Table
| -----------------
------------------------------------------------------------------------------------------------

Clock             WNS(ns)      TNS(ns)  TNS Failing Endpoints  TNS Total Endpoints      WHS(ns)      THS(ns)  THS Failing Endpoints  THS Total Endpoints     WPWS(ns)     TPWS(ns)  TPWS Failing Endpoints  TPWS Total Endpoints  
-----             -------      -------  ---------------------  -------------------      -------      -------  ---------------------  -------------------     --------     --------  ----------------------  --------------------  
clk_fpga_0          0.116        0.000                      0               105878        0.050        0.000                      0               105878        2.750        0.000                       0                 51615  
clk_fpga_1          0.824        0.000                      0                  339        0.122        0.000                      0                  339        0.264        0.000                       0                   159  


------------------------------------------------------------------------------------------------
| Inter Clock Table
| -----------------
------------------------------------------------------------------------------------------------

From Clock    To Clock          WNS(ns)      TNS(ns)  TNS Failing Endpoints  TNS Total Endpoints      WHS(ns)      THS(ns)  THS Failing Endpoints  THS Total Endpoints  
----------    --------          -------      -------  ---------------------  -------------------      -------      -------  ---------------------  -------------------  
              clk_fpga_0        997.708        0.000                      0                   42                                                                        


------------------------------------------------------------------------------------------------
| Other Path Groups Table
| -----------------------
------------------------------------------------------------------------------------------------

Path Group         From Clock         To Clock               WNS(ns)      TNS(ns)  TNS Failing Endpoints  TNS Total Endpoints      WHS(ns)      THS(ns)  THS Failing Endpoints  THS Total Endpoints  
----------         ----------         --------               -------      -------  ---------------------  -------------------      -------      -------  ---------------------  -------------------  
**async_default**  clk_fpga_0         clk_fpga_0               3.809        0.000                      0                   96        0.620        0.000                      0                   96  
**async_default**  clk_fpga_1         clk_fpga_1               3.306        0.000                      0                    3        0.446        0.000                      0                    3  
**default**        clk_fpga_0                                  6.239        0.000                      0                   42                                                                        


------------------------------------------------------------------------------------------------
| Timing Details
| --------------
------------------------------------------------------------------------------------------------


---------------------------------------------------------------------------------------------------
From Clock:  clk_fpga_0
  To Clock:  clk_fpga_0

Setup :            0  Failing Endpoints,  Worst Slack        0.116ns,  Total Violation        0.000ns
Hold  :            0  Failing Endpoints,  Worst Slack        0.050ns,  Total Violation        0.000ns
PW    :            0  Failing Endpoints,  Worst Slack        2.750ns,  Total Violation        0.000ns
---------------------------------------------------------------------------------------------------


Max Delay Paths
--------------------------------------------------------------------------------------
Slack (MET) :             0.116ns  (required time - arrival time)
  Source:                 npu_system_i/tinynpu_0/inst/u_weight_buf/rd_data_reg_reg[5]/C
                            (rising edge-triggered cell FDRE clocked by clk_fpga_0  {rise@0.000ns fall@4.000ns period=8.000ns})
  Destination:            npu_system_i/tinynpu_0/inst/u_weight_buf/weight_data_reg[14][2][5]/D
                            (rising edge-triggered cell FDRE clocked by clk_fpga_0  {rise@0.000ns fall@4.000ns period=8.000ns})
  Path Group:             clk_fpga_0
  Path Type:              Setup (Max at Slow Process Corner)
  Requirement:            8.000ns  (clk_fpga_0 rise@8.000ns - clk_fpga_0 rise@0.000ns)
  Data Path Delay:        7.572ns  (logic 0.456ns (6.022%)  route 7.116ns (93.978%))
  Logic Levels:           0  
  Clock Path Skew:        -0.156ns (DCD - SCD + CPR)
    Destination Clock Delay (DCD):    2.858ns = ( 10.858 - 8.000 ) 
    Source Clock Delay      (SCD):    3.129ns
    Clock Pessimism Removal (CPR):    0.115ns
  Clock Uncertainty:      0.125ns  ((TSJ^2 + TIJ^2)^1/2 + DJ) / 2 + PE
    Total System Jitter     (TSJ):    0.071ns
    Total Input Jitter      (TIJ):    0.240ns
    Discrete Jitter          (DJ):    0.000ns
    Phase Error              (PE):    0.000ns

    Location             Delay type                Incr(ns)  Path(ns)    Netlist Resource(s)
  -------------------------------------------------------------------    -------------------
                         (clock clk_fpga_0 rise edge)
                                                      0.000     0.000 r  
    PS7_X0Y0             PS7                          0.000     0.000 r  npu_system_i/ps7/inst/PS7_i/FCLKCLK[0]
                         net (fo=1, routed)           1.193     1.193    npu_system_i/ps7/inst/FCLK_CLK_unbuffered[0]
    BUFGCTRL_X0Y16       BUFG (Prop_bufg_I_O)         0.101     1.294 r  npu_system_i/ps7/inst/buffer_fclk_clk_0.FCLK_CLK_0_BUFG/O
                         net (fo=6213, routed)        1.835     3.129    npu_system_i/tinynpu_0/inst/u_weight_buf/aclk
    SLICE_X7Y40          FDRE                                         r  npu_system_i/tinynpu_0/inst/u_weight_buf/rd_data_reg_reg[5]/C
  -------------------------------------------------------------------    -------------------
    SLICE_X7Y40          FDRE (Prop_fdre_C_Q)         0.456     3.585 r  npu_system_i/tinynpu_0/inst/u_weight_buf/rd_data_reg_reg[5]/Q
                         net (fo=155, routed)         7.116    10.701    npu_system_i/tinynpu_0/inst/u_weight_buf/rd_data_reg[5]
    SLICE_X108Y62        FDRE                                         r  npu_system_i/tinynpu_0/inst/u_weight_buf/weight_data_reg[14][2][5]/D
  -------------------------------------------------------------------    -------------------

                         (clock clk_fpga_0 rise edge)
                                                      8.000     8.000 r  
    PS7_X0Y0             PS7                          0.000     8.000 r  npu_system_i/ps7/inst/PS7_i/FCLKCLK[0]
                         net (fo=1, routed)           1.088     9.088    npu_system_i/ps7/inst/FCLK_CLK_unbuffered[0]
    BUFGCTRL_X0Y16       BUFG (Prop_bufg_I_O)         0.091     9.179 r  npu_system_i/ps7/inst/buffer_fclk_clk_0.FCLK_CLK_0_BUFG/O
                         net (fo=6213, routed)        1.679    10.858    npu_system_i/tinynpu_0/inst/u_weight_buf/aclk
    SLICE_X108Y62        FDRE                                         r  npu_system_i/tinynpu_0/inst/u_weight_buf/weight_data_reg[14][2][5]/C
                         clock pessimism              0.115    10.973    
                         clock uncertainty           -0.125    10.848    
    SLICE_X108Y62        FDRE (Setup_fdre_C_D)       -0.030    10.818    npu_system_i/tinynpu_0/inst/u_weight_buf/weight_data_reg[14][2][5]
  -------------------------------------------------------------------
                         required time                         10.818    
                         arrival time                         -10.701    
  -------------------------------------------------------------------
                         slack                                  0.116    

Slack (MET) :             0.139ns  (required time - arrival time)
  Source:                 npu_system_i/tinynpu_0/inst/u_weight_buf/rd_data_reg_reg[4]/C
                            (rising edge-triggered cell FDRE clocked by clk_fpga_0  {rise@0.000ns fall@4.000ns period=8.000ns})
  Destination:            npu_system_i/tinynpu_0/inst/u_weight_buf/weight_data_reg[19][1][4]/D
                            (rising edge-triggered cell FDRE clocked by clk_fpga_0  {rise@0.000ns fall@4.000ns period=8.000ns})
  Path Group:             clk_fpga_0
  Path Type:              Setup (Max at Slow Process Corner)
  Requirement:            8.000ns  (clk_fpga_0 rise@8.000ns - clk_fpga_0 rise@0.000ns)
  Data Path Delay:        7.790ns  (logic 0.456ns (5.854%)  route 7.334ns (94.146%))
  Logic Levels:           0  
  Clock Path Skew:        0.101ns (DCD - SCD + CPR)
    Destination Clock Delay (DCD):    3.035ns = ( 11.035 - 8.000 ) 
    Source Clock Delay      (SCD):    3.049ns
    Clock Pessimism Removal (CPR):    0.115ns
  Clock Uncertainty:      0.125ns  ((TSJ^2 + TIJ^2)^1/2 + DJ) / 2 + PE
    Total System Jitter     (TSJ):    0.071ns
    Total Input Jitter      (TIJ):    0.240ns
    Discrete Jitter          (DJ):    0.000ns
    Phase Error              (PE):    0.000ns

    Location             Delay type                Incr(ns)  Path(ns)    Netlist Resource(s)
  -------------------------------------------------------------------    -------------------
                         (clock clk_fpga_0 rise edge)
                                                      0.000     0.000 r  
    PS7_X0Y0             PS7                          0.000     0.000 r  npu_system_i/ps7/inst/PS7_i/FCLKCLK[0]
                         net (fo=1, routed)           1.193     1.193    npu_system_i/ps7/inst/FCLK_CLK_unbuffered[0]
    BUFGCTRL_X0Y16       BUFG (Prop_bufg_I_O)         0.101     1.294 r  npu_system_i/ps7/inst/buffer_fclk_clk_0.FCLK_CLK_0_BUFG/O
                         net (fo=6213, routed)        1.755     3.049    npu_system_i/tinynpu_0/inst/u_weight_buf/aclk
    SLICE_X17Y41         FDRE                                         r  npu_system_i/tinynpu_0/inst/u_weight_buf/rd_data_reg_reg[4]/C
  -------------------------------------------------------------------    -------------------
    SLICE_X17Y41         FDRE (Prop_fdre_C_Q)         0.456     3.505 r  npu_system_i/tinynpu_0/inst/u_weight_buf/rd_data_reg_reg[4]/Q
                         net (fo=155, routed)         7.334    10.839    npu_system_i/tinynpu_0/inst/u_weight_buf/rd_data_reg[4]
    SLICE_X106Y142       FDRE                                         r  npu_system_i/tinynpu_0/inst/u_weight_buf/weight_data_reg[19][1][4]/D
  -------------------------------------------------------------------    -------------------

                         (clock clk_fpga_0 rise edge)
                                                      8.000     8.000 r  
    PS7_X0Y0             PS7                          0.000     8.000 r  npu_system_i/ps7/inst/PS7_i/FCLKCLK[0]
                         net (fo=1, routed)           1.088     9.088    npu_system_i/ps7/inst/FCLK_CLK_unbuffered[0]
    BUFGCTRL_X0Y16       BUFG (Prop_bufg_I_O)         0.091     9.179 r  npu_system_i/ps7/inst/buffer_fclk_clk_0.FCLK_CLK_0_BUFG/O
                         net (fo=6213, routed)        1.856    11.035    npu_system_i/tinynpu_0/inst/u_weight_buf/aclk
    SLICE_X106Y142       FDRE                                         r  npu_system_i/tinynpu_0/inst/u_weight_buf/weight_data_reg[19][1][4]/C
                         clock pessimism              0.115    11.150    
                         clock uncertainty           -0.125    11.025    
    SLICE_X106Y142       FDRE (Setup_fdre_C_D)       -0.047    10.978    npu_system_i/tinynpu_0/inst/u_weight_buf/weight_data_reg[19][1][4]
  -------------------------------------------------------------------
                         required time                         10.978    
                         arrival time                         -10.839    
  -------------------------------------------------------------------
                         slack                                  0.139    

Slack (MET) :             0.143ns  (required time - arrival time)
  Source:                 npu_system_i/tinynpu_0/inst/u_weight_buf/rd_data_reg_reg[5]/C
                            (rising edge-triggered cell FDRE clocked by clk_fpga_0  {rise@0.000ns fall@4.000ns period=8.000ns})
  Destination:            npu_system_i/tinynpu_0/inst/u_weight_buf/weight_data_reg[3][2][5]/D
                            (rising edge-triggered cell FDRE clocked by clk_fpga_0  {rise@0.000ns fall@4.000ns period=8.000ns})
  Path Group:             clk_fpga_0
  Path Type:              Setup (Max at Slow Process Corner)
  Requirement:            8.000ns  (clk_fpga_0 rise@8.000ns - clk_fpga_0 rise@0.000ns)
  Data Path Delay:        7.505ns  (logic 0.456ns (6.076%)  route 7.049ns (93.924%))
  Logic Levels:           0  
  Clock Path Skew:        -0.199ns (DCD - SCD + CPR)
    Destination Clock Delay (DCD):    2.801ns = ( 10.801 - 8.000 ) 
    Source Clock Delay      (SCD):    3.129ns
    Clock Pessimism Removal (CPR):    0.129ns
  Clock Uncertainty:      0.125ns  ((TSJ^2 + TIJ^2)^1/2 + DJ) / 2 + PE
    Total System Jitter     (TSJ):    0.071ns
    Total Input Jitter      (TIJ):    0.240ns
    Discrete Jitter          (DJ):    0.000ns
    Phase Error              (PE):    0.000ns

    Location             Delay type                Incr(ns)  Path(ns)    Netlist Resource(s)
  -------------------------------------------------------------------    -------------------
                         (clock clk_fpga_0 rise edge)
                                                      0.000     0.000 r  
    PS7_X0Y0             PS7                          0.000     0.000 r  npu_system_i/ps7/inst/PS7_i/FCLKCLK[0]
                         net (fo=1, routed)           1.193     1.193    npu_system_i/ps7/inst/FCLK_CLK_unbuffered[0]
    BUFGCTRL_X0Y16       BUFG (Prop_bufg_I_O)         0.101     1.294 r  npu_system_i/ps7/inst/buffer_fclk_clk_0.FCLK_CLK_0_BUFG/O
                         net (fo=6213, routed)        1.835     3.129    npu_system_i/tinynpu_0/inst/u_weight_buf/aclk
    SLICE_X7Y40          FDRE                                         r  npu_system_i/tinynpu_0/inst/u_weight_buf/rd_data_reg_reg[5]/C
  -------------------------------------------------------------------    -------------------
    SLICE_X7Y40          FDRE (Prop_fdre_C_Q)         0.456     3.585 r  npu_system_i/tinynpu_0/inst/u_weight_buf/rd_data_reg_reg[5]/Q
                         net (fo=155, routed)         7.049    10.634    npu_system_i/tinynpu_0/inst/u_weight_buf/rd_data_reg[5]
    SLICE_X92Y4          FDRE                                         r  npu_system_i/tinynpu_0/inst/u_weight_buf/weight_data_reg[3][2][5]/D
  -------------------------------------------------------------------    -------------------

                         (clock clk_fpga_0 rise edge)
                                                      8.000     8.000 r  
    PS7_X0Y0             PS7                          0.000     8.000 r  npu_system_i/ps7/inst/PS7_i/FCLKCLK[0]
                         net (fo=1, routed)           1.088     9.088    npu_system_i/ps7/inst/FCLK_CLK_unbuffered[0]
    BUFGCTRL_X0Y16       BUFG (Prop_bufg_I_O)         0.091     9.179 r  npu_system_i/ps7/inst/buffer_fclk_clk_0.FCLK_CLK_0_BUFG/O
                         net (fo=6213, routed)        1.622    10.802    npu_system_i/tinynpu_0/inst/u_weight_buf/aclk
    SLICE_X92Y4          FDRE                                         r  npu_system_i/tinynpu_0/inst/u_weight_buf/weight_data_reg[3][2][5]/C
                         clock pessimism              0.129    10.930    
                         clock uncertainty           -0.125    10.805    
    SLICE_X92Y4          FDRE (Setup_fdre_C_D)       -0.028    10.777    npu_system_i/tinynpu_0/inst/u_weight_buf/weight_data_reg[3][2][5]
  -------------------------------------------------------------------
                         required time                         10.777    
                         arrival time                         -10.634    
  -------------------------------------------------------------------
                         slack                                  0.143    

Slack (MET) :             0.145ns  (required time - arrival time)
  Source:                 npu_system_i/tinynpu_0/inst/u_weight_buf/rd_data_reg_reg[5]/C
                            (rising edge-triggered cell FDRE clocked by clk_fpga_0  {rise@0.000ns fall@4.000ns period=8.000ns})
  Destination:            npu_system_i/tinynpu_0/inst/u_weight_buf/weight_data_reg[0][2][5]/D
                            (rising edge-triggered cell FDRE clocked by clk_fpga_0  {rise@0.000ns fall@4.000ns period=8.000ns})
  Path Group:             clk_fpga_0
  Path Type:              Setup (Max at Slow Process Corner)
  Requirement:            8.000ns  (clk_fpga_0 rise@8.000ns - clk_fpga_0 rise@0.000ns)
  Data Path Delay:        7.501ns  (logic 0.456ns (6.079%)  route 7.045ns (93.921%))
  Logic Levels:           0  
  Clock Path Skew:        -0.199ns (DCD - SCD + CPR)
    Destination Clock Delay (DCD):    2.801ns = ( 10.801 - 8.000 ) 
    Source Clock Delay      (SCD):    3.129ns
    Clock Pessimism Removal (CPR):    0.129ns
  Clock Uncertainty:      0.125ns  ((TSJ^2 + TIJ^2)^1/2 + DJ) / 2 + PE
    Total System Jitter     (TSJ):    0.071ns
    Total Input Jitter      (TIJ):    0.240ns
    Discrete Jitter          (DJ):    0.000ns
    Phase Error              (PE):    0.000ns

    Location             Delay type                Incr(ns)  Path(ns)    Netlist Resource(s)
  -------------------------------------------------------------------    -------------------
                         (clock clk_fpga_0 rise edge)
                                                      0.000     0.000 r  
    PS7_X0Y0             PS7                          0.000     0.000 r  npu_system_i/ps7/inst/PS7_i/FCLKCLK[0]
                         net (fo=1, routed)           1.193     1.193    npu_system_i/ps7/inst/FCLK_CLK_unbuffered[0]
    BUFGCTRL_X0Y16       BUFG (Prop_bufg_I_O)         0.101     1.294 r  npu_system_i/ps7/inst/buffer_fclk_clk_0.FCLK_CLK_0_BUFG/O
                         net (fo=6213, routed)        1.835     3.129    npu_system_i/tinynpu_0/inst/u_weight_buf/aclk
    SLICE_X7Y40          FDRE                                         r  npu_system_i/tinynpu_0/inst/u_weight_buf/rd_data_reg_reg[5]/C
  -------------------------------------------------------------------    -------------------
    SLICE_X7Y40          FDRE (Prop_fdre_C_Q)         0.456     3.585 r  npu_system_i/tinynpu_0/inst/u_weight_buf/rd_data_reg_reg[5]/Q
                         net (fo=155, routed)         7.045    10.630    npu_system_i/tinynpu_0/inst/u_weight_buf/rd_data_reg[5]
    SLICE_X90Y5          FDRE                                         r  npu_system_i/tinynpu_0/inst/u_weight_buf/weight_data_reg[0][2][5]/D
  -------------------------------------------------------------------    -------------------

                         (clock clk_fpga_0 rise edge)
                                                      8.000     8.000 r  
    PS7_X0Y0             PS7                          0.000     8.000 r  npu_system_i/ps7/inst/PS7_i/FCLKCLK[0]
                         net (fo=1, routed)           1.088     9.088    npu_system_i/ps7/inst/FCLK_CLK_unbuffered[0]
    BUFGCTRL_X0Y16       BUFG (Prop_bufg_I_O)         0.091     9.179 r  npu_system_i/ps7/inst/buffer_fclk_clk_0.FCLK_CLK_0_BUFG/O
                         net (fo=6213, routed)        1.622    10.802    npu_system_i/tinynpu_0/inst/u_weight_buf/aclk
    SLICE_X90Y5          FDRE                                         r  npu_system_i/tinynpu_0/inst/u_weight_buf/weight_data_reg[0][2][5]/C
                         clock pessimism              0.129    10.930    
                         clock uncertainty           -0.125    10.805    
    SLICE_X90Y5          FDRE (Setup_fdre_C_D)       -0.030    10.775    npu_system_i/tinynpu_0/inst/u_weight_buf/weight_data_reg[0][2][5]
  -------------------------------------------------------------------
                         required time                         10.775    
                         arrival time                         -10.630    
  -------------------------------------------------------------------
                         slack                                  0.145    

Slack (MET) :             0.163ns  (required time - arrival time)
  Source:                 npu_system_i/tinynpu_0/inst/u_weight_buf/rd_data_reg_reg[5]/C
                            (rising edge-triggered cell FDRE clocked by clk_fpga_0  {rise@0.000ns fall@4.000ns period=8.000ns})
  Destination:            npu_system_i/tinynpu_0/inst/u_weight_buf/weight_data_reg[12][0][5]/D
                            (rising edge-triggered cell FDRE clocked by clk_fpga_0  {rise@0.000ns fall@4.000ns period=8.000ns})
  Path Group:             clk_fpga_0
  Path Type:              Setup (Max at Slow Process Corner)
  Requirement:            8.000ns  (clk_fpga_0 rise@8.000ns - clk_fpga_0 rise@0.000ns)
  Data Path Delay:        7.532ns  (logic 0.456ns (6.054%)  route 7.076ns (93.946%))
  Logic Levels:           0  
  Clock Path Skew:        -0.118ns (DCD - SCD + CPR)
    Destination Clock Delay (DCD):    2.882ns = ( 10.882 - 8.000 ) 
    Source Clock Delay      (SCD):    3.129ns
    Clock Pessimism Removal (CPR):    0.129ns
  Clock Uncertainty:      0.125ns  ((TSJ^2 + TIJ^2)^1/2 + DJ) / 2 + PE
    Total System Jitter     (TSJ):    0.071ns
    Total Input Jitter      (TIJ):    0.240ns
    Discrete Jitter          (DJ):    0.000ns
    Phase Error              (PE):    0.000ns

    Location             Delay type                Incr(ns)  Path(ns)    Netlist Resource(s)
  -------------------------------------------------------------------    -------------------
                         (clock clk_fpga_0 rise edge)
                                                      0.000     0.000 r  
    PS7_X0Y0             PS7                          0.000     0.000 r  npu_system_i/ps7/inst/PS7_i/FCLKCLK[0]
                         net (fo=1, routed)           1.193     1.193    npu_system_i/ps7/inst/FCLK_CLK_unbuffered[0]
    BUFGCTRL_X0Y16       BUFG (Prop_bufg_I_O)         0.101     1.294 r  npu_system_i/ps7/inst/buffer_fclk_clk_0.FCLK_CLK_0_BUFG/O
                         net (fo=6213, routed)        1.835     3.129    npu_system_i/tinynpu_0/inst/u_weight_buf/aclk
    SLICE_X7Y40          FDRE                                         r  npu_system_i/tinynpu_0/inst/u_weight_buf/rd_data_reg_reg[5]/C
  -------------------------------------------------------------------    -------------------
    SLICE_X7Y40          FDRE (Prop_fdre_C_Q)         0.456     3.585 r  npu_system_i/tinynpu_0/inst/u_weight_buf/rd_data_reg_reg[5]/Q
                         net (fo=155, routed)         7.076    10.661    npu_system_i/tinynpu_0/inst/u_weight_buf/rd_data_reg[5]
    SLICE_X110Y48        FDRE                                         r  npu_system_i/tinynpu_0/inst/u_weight_buf/weight_data_reg[12][0][5]/D
  -------------------------------------------------------------------    -------------------

                         (clock clk_fpga_0 rise edge)
                                                      8.000     8.000 r  
    PS7_X0Y0             PS7                          0.000     8.000 r  npu_system_i/ps7/inst/PS7_i/FCLKCLK[0]
                         net (fo=1, routed)           1.088     9.088    npu_system_i/ps7/inst/FCLK_CLK_unbuffered[0]
    BUFGCTRL_X0Y16       BUFG (Prop_bufg_I_O)         0.091     9.179 r  npu_system_i/ps7/inst/buffer_fclk_clk_0.FCLK_CLK_0_BUFG/O
                         net (fo=6213, routed)        1.703    10.882    npu_system_i/tinynpu_0/inst/u_weight_buf/aclk
    SLICE_X110Y48        FDRE                                         r  npu_system_i/tinynpu_0/inst/u_weight_buf/weight_data_reg[12][0][5]/C
                         clock pessimism              0.129    11.011    
                         clock uncertainty           -0.125    10.886    
    SLICE_X110Y48        FDRE (Setup_fdre_C_D)       -0.062    10.824    npu_system_i/tinynpu_0/inst/u_weight_buf/weight_data_reg[12][0][5]
  -------------------------------------------------------------------
                         required time                         10.824    
                         arrival time                         -10.661    
  -------------------------------------------------------------------
                         slack                                  0.163    

Slack (MET) :             0.181ns  (required time - arrival time)
  Source:                 npu_system_i/tinynpu_0/inst/u_weight_buf/rd_data_reg_reg[3]/C
                            (rising edge-triggered cell FDRE clocked by clk_fpga_0  {rise@0.000ns fall@4.000ns period=8.000ns})
  Destination:            npu_system_i/tinynpu_0/inst/u_weight_buf/weight_data_reg[19][6][3]/D
                            (rising edge-triggered cell FDRE clocked by clk_fpga_0  {rise@0.000ns fall@4.000ns period=8.000ns})
  Path Group:             clk_fpga_0
  Path Type:              Setup (Max at Slow Process Corner)
  Requirement:            8.000ns  (clk_fpga_0 rise@8.000ns - clk_fpga_0 rise@0.000ns)
  Data Path Delay:        7.388ns  (logic 0.456ns (6.172%)  route 6.932ns (93.828%))
  Logic Levels:           0  
  Clock Path Skew:        -0.210ns (DCD - SCD + CPR)
    Destination Clock Delay (DCD):    2.724ns = ( 10.724 - 8.000 ) 
    Source Clock Delay      (SCD):    3.049ns
    Clock Pessimism Removal (CPR):    0.115ns
  Clock Uncertainty:      0.125ns  ((TSJ^2 + TIJ^2)^1/2 + DJ) / 2 + PE
    Total System Jitter     (TSJ):    0.071ns
    Total Input Jitter      (TIJ):    0.240ns
    Discrete Jitter          (DJ):    0.000ns
    Phase Error              (PE):    0.000ns

    Location             Delay type                Incr(ns)  Path(ns)    Netlist Resource(s)
  -------------------------------------------------------------------    -------------------
                         (clock clk_fpga_0 rise edge)
                                                      0.000     0.000 r  
    PS7_X0Y0             PS7                          0.000     0.000 r  npu_system_i/ps7/inst/PS7_i/FCLKCLK[0]
                         net (fo=1, routed)           1.193     1.193    npu_system_i/ps7/inst/FCLK_CLK_unbuffered[0]
    BUFGCTRL_X0Y16       BUFG (Prop_bufg_I_O)         0.101     1.294 r  npu_system_i/ps7/inst/buffer_fclk_clk_0.FCLK_CLK_0_BUFG/O
                         net (fo=6213, routed)        1.755     3.049    npu_system_i/tinynpu_0/inst/u_weight_buf/aclk
    SLICE_X17Y41         FDRE                                         r  npu_system_i/tinynpu_0/inst/u_weight_buf/rd_data_reg_reg[3]/C
  -------------------------------------------------------------------    -------------------
    SLICE_X17Y41         FDRE (Prop_fdre_C_Q)         0.456     3.505 r  npu_system_i/tinynpu_0/inst/u_weight_buf/rd_data_reg_reg[3]/Q
                         net (fo=155, routed)         6.932    10.437    npu_system_i/tinynpu_0/inst/u_weight_buf/rd_data_reg[3]
    SLICE_X81Y93         FDRE                                         r  npu_system_i/tinynpu_0/inst/u_weight_buf/weight_data_reg[19][6][3]/D
  -------------------------------------------------------------------    -------------------

                         (clock clk_fpga_0 rise edge)
                                                      8.000     8.000 r  
    PS7_X0Y0             PS7                          0.000     8.000 r  npu_system_i/ps7/inst/PS7_i/FCLKCLK[0]
                         net (fo=1, routed)           1.088     9.088    npu_system_i/ps7/inst/FCLK_CLK_unbuffered[0]
    BUFGCTRL_X0Y16       BUFG (Prop_bufg_I_O)         0.091     9.179 r  npu_system_i/ps7/inst/buffer_fclk_clk_0.FCLK_CLK_0_BUFG/O
                         net (fo=6213, routed)        1.545    10.724    npu_system_i/tinynpu_0/inst/u_weight_buf/aclk
    SLICE_X81Y93         FDRE                                         r  npu_system_i/tinynpu_0/inst/u_weight_buf/weight_data_reg[19][6][3]/C
                         clock pessimism              0.115    10.839    
                         clock uncertainty           -0.125    10.714    
    SLICE_X81Y93         FDRE (Setup_fdre_C_D)       -0.095    10.619    npu_system_i/tinynpu_0/inst/u_weight_buf/weight_data_reg[19][6][3]
  -------------------------------------------------------------------
                         required time                         10.619    
                         arrival time                         -10.437    
  -------------------------------------------------------------------
                         slack                                  0.181    

Slack (MET) :             0.188ns  (required time - arrival time)
  Source:                 npu_system_i/tinynpu_0/inst/gen_act_buf[0].u_act_buf/rd_data_reg[3]/C
                            (rising edge-triggered cell FDRE clocked by clk_fpga_0  {rise@0.000ns fall@4.000ns period=8.000ns})
  Destination:            npu_system_i/tinynpu_0/inst/u_dw/row_d1_reg[0][13][3]/D
                            (rising edge-triggered cell FDRE clocked by clk_fpga_0  {rise@0.000ns fall@4.000ns period=8.000ns})
  Path Group:             clk_fpga_0
  Path Type:              Setup (Max at Slow Process Corner)
  Requirement:            8.000ns  (clk_fpga_0 rise@8.000ns - clk_fpga_0 rise@0.000ns)
  Data Path Delay:        10.020ns  (logic 0.456ns (4.551%)  route 9.564ns (95.449%))
  Logic Levels:           0  
  Clock Path Skew:        2.428ns (DCD - SCD + CPR)
    Destination Clock Delay (DCD):    5.347ns = ( 13.347 - 8.000 ) 
    Source Clock Delay      (SCD):    3.034ns
    Clock Pessimism Removal (CPR):    0.115ns
  Clock Uncertainty:      0.125ns  ((TSJ^2 + TIJ^2)^1/2 + DJ) / 2 + PE
    Total System Jitter     (TSJ):    0.071ns
    Total Input Jitter      (TIJ):    0.240ns
    Discrete Jitter          (DJ):    0.000ns
    Phase Error              (PE):    0.000ns

    Location             Delay type                Incr(ns)  Path(ns)    Netlist Resource(s)
  -------------------------------------------------------------------    -------------------
                         (clock clk_fpga_0 rise edge)
                                                      0.000     0.000 r  
    PS7_X0Y0             PS7                          0.000     0.000 r  npu_system_i/ps7/inst/PS7_i/FCLKCLK[0]
                         net (fo=1, routed)           1.193     1.193    npu_system_i/ps7/inst/FCLK_CLK_unbuffered[0]
    BUFGCTRL_X0Y16       BUFG (Prop_bufg_I_O)         0.101     1.294 r  npu_system_i/ps7/inst/buffer_fclk_clk_0.FCLK_CLK_0_BUFG/O
                         net (fo=6213, routed)        1.740     3.034    npu_system_i/tinynpu_0/inst/gen_act_buf[0].u_act_buf/aclk
    SLICE_X83Y47         FDRE                                         r  npu_system_i/tinynpu_0/inst/gen_act_buf[0].u_act_buf/rd_data_reg[3]/C
  -------------------------------------------------------------------    -------------------
    SLICE_X83Y47         FDRE (Prop_fdre_C_Q)         0.456     3.490 r  npu_system_i/tinynpu_0/inst/gen_act_buf[0].u_act_buf/rd_data_reg[3]/Q
                         net (fo=130, routed)         9.564    13.054    npu_system_i/tinynpu_0/inst/u_dw/act_rd_data_flat[3]
    SLICE_X63Y99         FDRE                                         r  npu_system_i/tinynpu_0/inst/u_dw/row_d1_reg[0][13][3]/D
  -------------------------------------------------------------------    -------------------

                         (clock clk_fpga_0 rise edge)
                                                      8.000     8.000 r  
    PS7_X0Y0             PS7                          0.000     8.000 r  npu_system_i/ps7/inst/PS7_i/FCLKCLK[0]
                         net (fo=1, routed)           1.088     9.088    npu_system_i/ps7/inst/FCLK_CLK_unbuffered[0]
    BUFGCTRL_X0Y16       BUFG (Prop_bufg_I_O)         0.091     9.179 r  npu_system_i/ps7/inst/buffer_fclk_clk_0.FCLK_CLK_0_BUFG/O
                         net (fo=6213, routed)        2.533    11.713    npu_system_i/tinynpu_0/inst/u_icg_compute/aclk
    BUFGCTRL_X0Y2        BUFGCTRL (Prop_bufgctrl_I0_O)
                                                      0.091    11.804 r  npu_system_i/tinynpu_0/inst/u_icg_compute/u_bufgce/O
                         net (fo=44557, routed)       1.544    13.347    npu_system_i/tinynpu_0/inst/u_dw/p_reg[15]
    SLICE_X63Y99         FDRE                                         r  npu_system_i/tinynpu_0/inst/u_dw/row_d1_reg[0][13][3]/C
                         clock pessimism              0.115    13.462    
                         clock uncertainty           -0.125    13.337    
    SLICE_X63Y99         FDRE (Setup_fdre_C_D)       -0.095    13.242    npu_system_i/tinynpu_0/inst/u_dw/row_d1_reg[0][13][3]
  -------------------------------------------------------------------
                         required time                         13.242    
                         arrival time                         -13.054    
  -------------------------------------------------------------------
                         slack                                  0.188    

Slack (MET) :             0.197ns  (required time - arrival time)
  Source:                 npu_system_i/tinynpu_0/inst/u_weight_buf/rd_data_reg_reg[5]/C
                            (rising edge-triggered cell FDRE clocked by clk_fpga_0  {rise@0.000ns fall@4.000ns period=8.000ns})
  Destination:            npu_system_i/tinynpu_0/inst/u_weight_buf/weight_data_reg[10][1][5]/D
                            (rising edge-triggered cell FDRE clocked by clk_fpga_0  {rise@0.000ns fall@4.000ns period=8.000ns})
  Path Group:             clk_fpga_0
  Path Type:              Setup (Max at Slow Process Corner)
  Requirement:            8.000ns  (clk_fpga_0 rise@8.000ns - clk_fpga_0 rise@0.000ns)
  Data Path Delay:        7.420ns  (logic 0.456ns (6.145%)  route 6.964ns (93.855%))
  Logic Levels:           0  
  Clock Path Skew:        -0.196ns (DCD - SCD + CPR)
    Destination Clock Delay (DCD):    2.804ns = ( 10.804 - 8.000 ) 
    Source Clock Delay      (SCD):    3.129ns
    Clock Pessimism Removal (CPR):    0.129ns
  Clock Uncertainty:      0.125ns  ((TSJ^2 + TIJ^2)^1/2 + DJ) / 2 + PE
    Total System Jitter     (TSJ):    0.071ns
    Total Input Jitter      (TIJ):    0.240ns
    Discrete Jitter          (DJ):    0.000ns
    Phase Error              (PE):    0.000ns

    Location             Delay type                Incr(ns)  Path(ns)    Netlist Resource(s)
  -------------------------------------------------------------------    -------------------
                         (clock clk_fpga_0 rise edge)
                                                      0.000     0.000 r  
    PS7_X0Y0             PS7                          0.000     0.000 r  npu_system_i/ps7/inst/PS7_i/FCLKCLK[0]
                         net (fo=1, routed)           1.193     1.193    npu_system_i/ps7/inst/FCLK_CLK_unbuffered[0]
    BUFGCTRL_X0Y16       BUFG (Prop_bufg_I_O)         0.101     1.294 r  npu_system_i/ps7/inst/buffer_fclk_clk_0.FCLK_CLK_0_BUFG/O
                         net (fo=6213, routed)        1.835     3.129    npu_system_i/tinynpu_0/inst/u_weight_buf/aclk
    SLICE_X7Y40          FDRE                                         r  npu_system_i/tinynpu_0/inst/u_weight_buf/rd_data_reg_reg[5]/C
  -------------------------------------------------------------------    -------------------
    SLICE_X7Y40          FDRE (Prop_fdre_C_Q)         0.456     3.585 r  npu_system_i/tinynpu_0/inst/u_weight_buf/rd_data_reg_reg[5]/Q
                         net (fo=155, routed)         6.964    10.549    npu_system_i/tinynpu_0/inst/u_weight_buf/rd_data_reg[5]
    SLICE_X103Y4         FDRE                                         r  npu_system_i/tinynpu_0/inst/u_weight_buf/weight_data_reg[10][1][5]/D
  -------------------------------------------------------------------    -------------------

                         (clock clk_fpga_0 rise edge)
                                                      8.000     8.000 r  
    PS7_X0Y0             PS7                          0.000     8.000 r  npu_system_i/ps7/inst/PS7_i/FCLKCLK[0]
                         net (fo=1, routed)           1.088     9.088    npu_system_i/ps7/inst/FCLK_CLK_unbuffered[0]
    BUFGCTRL_X0Y16       BUFG (Prop_bufg_I_O)         0.091     9.179 r  npu_system_i/ps7/inst/buffer_fclk_clk_0.FCLK_CLK_0_BUFG/O
                         net (fo=6213, routed)        1.625    10.804    npu_system_i/tinynpu_0/inst/u_weight_buf/aclk
    SLICE_X103Y4         FDRE                                         r  npu_system_i/tinynpu_0/inst/u_weight_buf/weight_data_reg[10][1][5]/C
                         clock pessimism              0.129    10.933    
                         clock uncertainty           -0.125    10.808    
    SLICE_X103Y4         FDRE (Setup_fdre_C_D)       -0.062    10.746    npu_system_i/tinynpu_0/inst/u_weight_buf/weight_data_reg[10][1][5]
  -------------------------------------------------------------------
                         required time                         10.746    
                         arrival time                         -10.549    
  -------------------------------------------------------------------
                         slack                                  0.197    

Slack (MET) :             0.202ns  (required time - arrival time)
  Source:                 npu_system_i/tinynpu_0/inst/u_ctrl/array_en_reg/C
                            (rising edge-triggered cell FDRE clocked by clk_fpga_0  {rise@0.000ns fall@4.000ns period=8.000ns})
  Destination:            npu_system_i/tinynpu_0/inst/u_systolic/row[18].col[2].pe_inst/psum_out_reg[0]/CE
                            (rising edge-triggered cell FDCE clocked by clk_fpga_0  {rise@0.000ns fall@4.000ns period=8.000ns})
  Path Group:             clk_fpga_0
  Path Type:              Setup (Max at Slow Process Corner)
  Requirement:            8.000ns  (clk_fpga_0 rise@8.000ns - clk_fpga_0 rise@0.000ns)
  Data Path Delay:        10.208ns  (logic 0.456ns (4.467%)  route 9.752ns (95.533%))
  Logic Levels:           0  
  Clock Path Skew:        2.704ns (DCD - SCD + CPR)
    Destination Clock Delay (DCD):    5.583ns = ( 13.583 - 8.000 ) 
    Source Clock Delay      (SCD):    2.994ns
    Clock Pessimism Removal (CPR):    0.115ns
  Clock Uncertainty:      0.125ns  ((TSJ^2 + TIJ^2)^1/2 + DJ) / 2 + PE
    Total System Jitter     (TSJ):    0.071ns
    Total Input Jitter      (TIJ):    0.240ns
    Discrete Jitter          (DJ):    0.000ns
    Phase Error              (PE):    0.000ns

    Location             Delay type                Incr(ns)  Path(ns)    Netlist Resource(s)
  -------------------------------------------------------------------    -------------------
                         (clock clk_fpga_0 rise edge)
                                                      0.000     0.000 r  
    PS7_X0Y0             PS7                          0.000     0.000 r  npu_system_i/ps7/inst/PS7_i/FCLKCLK[0]
                         net (fo=1, routed)           1.193     1.193    npu_system_i/ps7/inst/FCLK_CLK_unbuffered[0]
    BUFGCTRL_X0Y16       BUFG (Prop_bufg_I_O)         0.101     1.294 r  npu_system_i/ps7/inst/buffer_fclk_clk_0.FCLK_CLK_0_BUFG/O
                         net (fo=6213, routed)        1.700     2.994    npu_system_i/tinynpu_0/inst/u_ctrl/aclk
    SLICE_X29Y50         FDRE                                         r  npu_system_i/tinynpu_0/inst/u_ctrl/array_en_reg/C
  -------------------------------------------------------------------    -------------------
    SLICE_X29Y50         FDRE (Prop_fdre_C_Q)         0.456     3.450 r  npu_system_i/tinynpu_0/inst/u_ctrl/array_en_reg/Q
                         net (fo=8933, routed)        9.752    13.202    npu_system_i/tinynpu_0/inst/u_systolic/row[18].col[2].pe_inst/mul_s10_0
    SLICE_X92Y112        FDCE                                         r  npu_system_i/tinynpu_0/inst/u_systolic/row[18].col[2].pe_inst/psum_out_reg[0]/CE
  -------------------------------------------------------------------    -------------------

                         (clock clk_fpga_0 rise edge)
                                                      8.000     8.000 r  
    PS7_X0Y0             PS7                          0.000     8.000 r  npu_system_i/ps7/inst/PS7_i/FCLKCLK[0]
                         net (fo=1, routed)           1.088     9.088    npu_system_i/ps7/inst/FCLK_CLK_unbuffered[0]
    BUFGCTRL_X0Y16       BUFG (Prop_bufg_I_O)         0.091     9.179 r  npu_system_i/ps7/inst/buffer_fclk_clk_0.FCLK_CLK_0_BUFG/O
                         net (fo=6213, routed)        2.533    11.713    npu_system_i/tinynpu_0/inst/u_icg_compute/aclk
    BUFGCTRL_X0Y2        BUFGCTRL (Prop_bufgctrl_I0_O)
                                                      0.091    11.804 r  npu_system_i/tinynpu_0/inst/u_icg_compute/u_bufgce/O
                         net (fo=44557, routed)       1.779    13.583    npu_system_i/tinynpu_0/inst/u_systolic/row[18].col[2].pe_inst/mul_s10_1
    SLICE_X92Y112        FDCE                                         r  npu_system_i/tinynpu_0/inst/u_systolic/row[18].col[2].pe_inst/psum_out_reg[0]/C
                         clock pessimism              0.115    13.698    
                         clock uncertainty           -0.125    13.572    
    SLICE_X92Y112        FDCE (Setup_fdce_C_CE)      -0.169    13.403    npu_system_i/tinynpu_0/inst/u_systolic/row[18].col[2].pe_inst/psum_out_reg[0]
  -------------------------------------------------------------------
                         required time                         13.403    
                         arrival time                         -13.202    
  -------------------------------------------------------------------
                         slack                                  0.202    

Slack (MET) :             0.202ns  (required time - arrival time)
  Source:                 npu_system_i/tinynpu_0/inst/u_ctrl/array_en_reg/C
                            (rising edge-triggered cell FDRE clocked by clk_fpga_0  {rise@0.000ns fall@4.000ns period=8.000ns})
  Destination:            npu_system_i/tinynpu_0/inst/u_systolic/row[18].col[2].pe_inst/psum_out_reg[1]/CE
                            (rising edge-triggered cell FDCE clocked by clk_fpga_0  {rise@0.000ns fall@4.000ns period=8.000ns})
  Path Group:             clk_fpga_0
  Path Type:              Setup (Max at Slow Process Corner)
  Requirement:            8.000ns  (clk_fpga_0 rise@8.000ns - clk_fpga_0 rise@0.000ns)
  Data Path Delay:        10.208ns  (logic 0.456ns (4.467%)  route 9.752ns (95.533%))
  Logic Levels:           0  
  Clock Path Skew:        2.704ns (DCD - SCD + CPR)
    Destination Clock Delay (DCD):    5.583ns = ( 13.583 - 8.000 ) 
    Source Clock Delay      (SCD):    2.994ns
    Clock Pessimism Removal (CPR):    0.115ns
  Clock Uncertainty:      0.125ns  ((TSJ^2 + TIJ^2)^1/2 + DJ) / 2 + PE
    Total System Jitter     (TSJ):    0.071ns
    Total Input Jitter      (TIJ):    0.240ns
    Discrete Jitter          (DJ):    0.000ns
    Phase Error              (PE):    0.000ns

    Location             Delay type                Incr(ns)  Path(ns)    Netlist Resource(s)
  -------------------------------------------------------------------    -------------------
                         (clock clk_fpga_0 rise edge)
                                                      0.000     0.000 r  
    PS7_X0Y0             PS7                          0.000     0.000 r  npu_system_i/ps7/inst/PS7_i/FCLKCLK[0]
                         net (fo=1, routed)           1.193     1.193    npu_system_i/ps7/inst/FCLK_CLK_unbuffered[0]
    BUFGCTRL_X0Y16       BUFG (Prop_bufg_I_O)         0.101     1.294 r  npu_system_i/ps7/inst/buffer_fclk_clk_0.FCLK_CLK_0_BUFG/O
                         net (fo=6213, routed)        1.700     2.994    npu_system_i/tinynpu_0/inst/u_ctrl/aclk
    SLICE_X29Y50         FDRE                                         r  npu_system_i/tinynpu_0/inst/u_ctrl/array_en_reg/C
  -------------------------------------------------------------------    -------------------
    SLICE_X29Y50         FDRE (Prop_fdre_C_Q)         0.456     3.450 r  npu_system_i/tinynpu_0/inst/u_ctrl/array_en_reg/Q
                         net (fo=8933, routed)        9.752    13.202    npu_system_i/tinynpu_0/inst/u_systolic/row[18].col[2].pe_inst/mul_s10_0
    SLICE_X92Y112        FDCE                                         r  npu_system_i/tinynpu_0/inst/u_systolic/row[18].col[2].pe_inst/psum_out_reg[1]/CE
  -------------------------------------------------------------------    -------------------

                         (clock clk_fpga_0 rise edge)
                                                      8.000     8.000 r  
    PS7_X0Y0             PS7                          0.000     8.000 r  npu_system_i/ps7/inst/PS7_i/FCLKCLK[0]
                         net (fo=1, routed)           1.088     9.088    npu_system_i/ps7/inst/FCLK_CLK_unbuffered[0]
    BUFGCTRL_X0Y16       BUFG (Prop_bufg_I_O)         0.091     9.179 r  npu_system_i/ps7/inst/buffer_fclk_clk_0.FCLK_CLK_0_BUFG/O
                         net (fo=6213, routed)        2.533    11.713    npu_system_i/tinynpu_0/inst/u_icg_compute/aclk
    BUFGCTRL_X0Y2        BUFGCTRL (Prop_bufgctrl_I0_O)
                                                      0.091    11.804 r  npu_system_i/tinynpu_0/inst/u_icg_compute/u_bufgce/O
                         net (fo=44557, routed)       1.779    13.583    npu_system_i/tinynpu_0/inst/u_systolic/row[18].col[2].pe_inst/mul_s10_1
    SLICE_X92Y112        FDCE                                         r  npu_system_i/tinynpu_0/inst/u_systolic/row[18].col[2].pe_inst/psum_out_reg[1]/C
                         clock pessimism              0.115    13.698    
                         clock uncertainty           -0.125    13.572    
    SLICE_X92Y112        FDCE (Setup_fdce_C_CE)      -0.169    13.403    npu_system_i/tinynpu_0/inst/u_systolic/row[18].col[2].pe_inst/psum_out_reg[1]
  -------------------------------------------------------------------
                         required time                         13.403    
                         arrival time                         -13.202    
  -------------------------------------------------------------------
                         slack                                  0.202    

Slack (MET) :             0.202ns  (required time - arrival time)
  Source:                 npu_system_i/tinynpu_0/inst/u_ctrl/array_en_reg/C
                            (rising edge-triggered cell FDRE clocked by clk_fpga_0  {rise@0.000ns fall@4.000ns period=8.000ns})
  Destination:            npu_system_i/tinynpu_0/inst/u_systolic/row[18].col[2].pe_inst/psum_out_reg[2]/CE
                            (rising edge-triggered cell FDCE clocked by clk_fpga_0  {rise@0.000ns fall@4.000ns period=8.000ns})
  Path Group:             clk_fpga_0
  Path Type:              Setup (Max at Slow Process Corner)
  Requirement:            8.000ns  (clk_fpga_0 rise@8.000ns - clk_fpga_0 rise@0.000ns)
  Data Path Delay:        10.208ns  (logic 0.456ns (4.467%)  route 9.752ns (95.533%))
  Logic Levels:           0  
  Clock Path Skew:        2.704ns (DCD - SCD + CPR)
    Destination Clock Delay (DCD):    5.583ns = ( 13.583 - 8.000 ) 
    Source Clock Delay      (SCD):    2.994ns
    Clock Pessimism Removal (CPR):    0.115ns
  Clock Uncertainty:      0.125ns  ((TSJ^2 + TIJ^2)^1/2 + DJ) / 2 + PE
    Total System Jitter     (TSJ):    0.071ns
    Total Input Jitter      (TIJ):    0.240ns
    Discrete Jitter          (DJ):    0.000ns
    Phase Error              (PE):    0.000ns

    Location             Delay type                Incr(ns)  Path(ns)    Netlist Resource(s)
  -------------------------------------------------------------------    -------------------
                         (clock clk_fpga_0 rise edge)
                                                      0.000     0.000 r  
    PS7_X0Y0             PS7                          0.000     0.000 r  npu_system_i/ps7/inst/PS7_i/FCLKCLK[0]
                         net (fo=1, routed)           1.193     1.193    npu_system_i/ps7/inst/FCLK_CLK_unbuffered[0]
    BUFGCTRL_X0Y16       BUFG (Prop_bufg_I_O)         0.101     1.294 r  npu_system_i/ps7/inst/buffer_fclk_clk_0.FCLK_CLK_0_BUFG/O
                         net (fo=6213, routed)        1.700     2.994    npu_system_i/tinynpu_0/inst/u_ctrl/aclk
    SLICE_X29Y50         FDRE                                         r  npu_system_i/tinynpu_0/inst/u_ctrl/array_en_reg/C
  -------------------------------------------------------------------    -------------------
    SLICE_X29Y50         FDRE (Prop_fdre_C_Q)         0.456     3.450 r  npu_system_i/tinynpu_0/inst/u_ctrl/array_en_reg/Q
                         net (fo=8933, routed)        9.752    13.202    npu_system_i/tinynpu_0/inst/u_systolic/row[18].col[2].pe_inst/mul_s10_0
    SLICE_X92Y112        FDCE                                         r  npu_system_i/tinynpu_0/inst/u_systolic/row[18].col[2].pe_inst/psum_out_reg[2]/CE
  -------------------------------------------------------------------    -------------------

                         (clock clk_fpga_0 rise edge)
                                                      8.000     8.000 r  
    PS7_X0Y0             PS7                          0.000     8.000 r  npu_system_i/ps7/inst/PS7_i/FCLKCLK[0]
                         net (fo=1, routed)           1.088     9.088    npu_system_i/ps7/inst/FCLK_CLK_unbuffered[0]
    BUFGCTRL_X0Y16       BUFG (Prop_bufg_I_O)         0.091     9.179 r  npu_system_i/ps7/inst/buffer_fclk_clk_0.FCLK_CLK_0_BUFG/O
                         net (fo=6213, routed)        2.533    11.713    npu_system_i/tinynpu_0/inst/u_icg_compute/aclk
    BUFGCTRL_X0Y2        BUFGCTRL (Prop_bufgctrl_I0_O)
                                                      0.091    11.804 r  npu_system_i/tinynpu_0/inst/u_icg_compute/u_bufgce/O
                         net (fo=44557, routed)       1.779    13.583    npu_system_i/tinynpu_0/inst/u_systolic/row[18].col[2].pe_inst/mul_s10_1
    SLICE_X92Y112        FDCE                                         r  npu_system_i/tinynpu_0/inst/u_systolic/row[18].col[2].pe_inst/psum_out_reg[2]/C
                         clock pessimism              0.115    13.698    
                         clock uncertainty           -0.125    13.572    
    SLICE_X92Y112        FDCE (Setup_fdce_C_CE)      -0.169    13.403    npu_system_i/tinynpu_0/inst/u_systolic/row[18].col[2].pe_inst/psum_out_reg[2]
  -------------------------------------------------------------------
                         required time                         13.403    
                         arrival time                         -13.202    
  -------------------------------------------------------------------
                         slack                                  0.202    

Slack (MET) :             0.202ns  (required time - arrival time)
  Source:                 npu_system_i/tinynpu_0/inst/u_ctrl/array_en_reg/C
                            (rising edge-triggered cell FDRE clocked by clk_fpga_0  {rise@0.000ns fall@4.000ns period=8.000ns})
  Destination:            npu_system_i/tinynpu_0/inst/u_systolic/row[18].col[2].pe_inst/psum_out_reg[3]/CE
                            (rising edge-triggered cell FDCE clocked by clk_fpga_0  {rise@0.000ns fall@4.000ns period=8.000ns})
  Path Group:             clk_fpga_0
  Path Type:              Setup (Max at Slow Process Corner)
  Requirement:            8.000ns  (clk_fpga_0 rise@8.000ns - clk_fpga_0 rise@0.000ns)
  Data Path Delay:        10.208ns  (logic 0.456ns (4.467%)  route 9.752ns (95.533%))
  Logic Levels:           0  
  Clock Path Skew:        2.704ns (DCD - SCD + CPR)
    Destination Clock Delay (DCD):    5.583ns = ( 13.583 - 8.000 ) 
    Source Clock Delay      (SCD):    2.994ns
    Clock Pessimism Removal (CPR):    0.115ns
  Clock Uncertainty:      0.125ns  ((TSJ^2 + TIJ^2)^1/2 + DJ) / 2 + PE
    Total System Jitter     (TSJ):    0.071ns
    Total Input Jitter      (TIJ):    0.240ns
    Discrete Jitter          (DJ):    0.000ns
    Phase Error              (PE):    0.000ns

    Location             Delay type                Incr(ns)  Path(ns)    Netlist Resource(s)
  -------------------------------------------------------------------    -------------------
                         (clock clk_fpga_0 rise edge)
                                                      0.000     0.000 r  
    PS7_X0Y0             PS7                          0.000     0.000 r  npu_system_i/ps7/inst/PS7_i/FCLKCLK[0]
                         net (fo=1, routed)           1.193     1.193    npu_system_i/ps7/inst/FCLK_CLK_unbuffered[0]
    BUFGCTRL_X0Y16       BUFG (Prop_bufg_I_O)         0.101     1.294 r  npu_system_i/ps7/inst/buffer_fclk_clk_0.FCLK_CLK_0_BUFG/O
                         net (fo=6213, routed)        1.700     2.994    npu_system_i/tinynpu_0/inst/u_ctrl/aclk
    SLICE_X29Y50         FDRE                                         r  npu_system_i/tinynpu_0/inst/u_ctrl/array_en_reg/C
  -------------------------------------------------------------------    -------------------
    SLICE_X29Y50         FDRE (Prop_fdre_C_Q)         0.456     3.450 r  npu_system_i/tinynpu_0/inst/u_ctrl/array_en_reg/Q
                         net (fo=8933, routed)        9.752    13.202    npu_system_i/tinynpu_0/inst/u_systolic/row[18].col[2].pe_inst/mul_s10_0
    SLICE_X92Y112        FDCE                                         r  npu_system_i/tinynpu_0/inst/u_systolic/row[18].col[2].pe_inst/psum_out_reg[3]/CE
  -------------------------------------------------------------------    -------------------

                         (clock clk_fpga_0 rise edge)
                                                      8.000     8.000 r  
    PS7_X0Y0             PS7                          0.000     8.000 r  npu_system_i/ps7/inst/PS7_i/FCLKCLK[0]
                         net (fo=1, routed)           1.088     9.088    npu_system_i/ps7/inst/FCLK_CLK_unbuffered[0]
    BUFGCTRL_X0Y16       BUFG (Prop_bufg_I_O)         0.091     9.179 r  npu_system_i/ps7/inst/buffer_fclk_clk_0.FCLK_CLK_0_BUFG/O
                         net (fo=6213, routed)        2.533    11.713    npu_system_i/tinynpu_0/inst/u_icg_compute/aclk
    BUFGCTRL_X0Y2        BUFGCTRL (Prop_bufgctrl_I0_O)
                                                      0.091    11.804 r  npu_system_i/tinynpu_0/inst/u_icg_compute/u_bufgce/O
                         net (fo=44557, routed)       1.779    13.583    npu_system_i/tinynpu_0/inst/u_systolic/row[18].col[2].pe_inst/mul_s10_1
    SLICE_X92Y112        FDCE                                         r  npu_system_i/tinynpu_0/inst/u_systolic/row[18].col[2].pe_inst/psum_out_reg[3]/C
                         clock pessimism              0.115    13.698    
                         clock uncertainty           -0.125    13.572    
    SLICE_X92Y112        FDCE (Setup_fdce_C_CE)      -0.169    13.403    npu_system_i/tinynpu_0/inst/u_systolic/row[18].col[2].pe_inst/psum_out_reg[3]
  -------------------------------------------------------------------
                         required time                         13.403    
                         arrival time                         -13.202    
  -------------------------------------------------------------------
                         slack                                  0.202    

Slack (MET) :             0.203ns  (required time - arrival time)
  Source:                 npu_system_i/tinynpu_0/inst/u_ctrl/array_en_reg/C
                            (rising edge-triggered cell FDRE clocked by clk_fpga_0  {rise@0.000ns fall@4.000ns period=8.000ns})
  Destination:            npu_system_i/tinynpu_0/inst/u_systolic/row[18].col[0].pe_inst/mul_s2_reg[14]/CE
                            (rising edge-triggered cell FDCE clocked by clk_fpga_0  {rise@0.000ns fall@4.000ns period=8.000ns})
  Path Group:             clk_fpga_0
  Path Type:              Setup (Max at Slow Process Corner)
  Requirement:            8.000ns  (clk_fpga_0 rise@8.000ns - clk_fpga_0 rise@0.000ns)
  Data Path Delay:        10.207ns  (logic 0.456ns (4.467%)  route 9.751ns (95.533%))
  Logic Levels:           0  
  Clock Path Skew:        2.705ns (DCD - SCD + CPR)
    Destination Clock Delay (DCD):    5.584ns = ( 13.584 - 8.000 ) 
    Source Clock Delay      (SCD):    2.994ns
    Clock Pessimism Removal (CPR):    0.115ns
  Clock Uncertainty:      0.125ns  ((TSJ^2 + TIJ^2)^1/2 + DJ) / 2 + PE
    Total System Jitter     (TSJ):    0.071ns
    Total Input Jitter      (TIJ):    0.240ns
    Discrete Jitter          (DJ):    0.000ns
    Phase Error              (PE):    0.000ns

    Location             Delay type                Incr(ns)  Path(ns)    Netlist Resource(s)
  -------------------------------------------------------------------    -------------------
                         (clock clk_fpga_0 rise edge)
                                                      0.000     0.000 r  
    PS7_X0Y0             PS7                          0.000     0.000 r  npu_system_i/ps7/inst/PS7_i/FCLKCLK[0]
                         net (fo=1, routed)           1.193     1.193    npu_system_i/ps7/inst/FCLK_CLK_unbuffered[0]
    BUFGCTRL_X0Y16       BUFG (Prop_bufg_I_O)         0.101     1.294 r  npu_system_i/ps7/inst/buffer_fclk_clk_0.FCLK_CLK_0_BUFG/O
                         net (fo=6213, routed)        1.700     2.994    npu_system_i/tinynpu_0/inst/u_ctrl/aclk
    SLICE_X29Y50         FDRE                                         r  npu_system_i/tinynpu_0/inst/u_ctrl/array_en_reg/C
  -------------------------------------------------------------------    -------------------
    SLICE_X29Y50         FDRE (Prop_fdre_C_Q)         0.456     3.450 r  npu_system_i/tinynpu_0/inst/u_ctrl/array_en_reg/Q
                         net (fo=8933, routed)        9.751    13.201    npu_system_i/tinynpu_0/inst/u_systolic/row[18].col[0].pe_inst/mul_s10_0
    SLICE_X92Y111        FDCE                                         r  npu_system_i/tinynpu_0/inst/u_systolic/row[18].col[0].pe_inst/mul_s2_reg[14]/CE
  -------------------------------------------------------------------    -------------------

                         (clock clk_fpga_0 rise edge)
                                                      8.000     8.000 r  
    PS7_X0Y0             PS7                          0.000     8.000 r  npu_system_i/ps7/inst/PS7_i/FCLKCLK[0]
                         net (fo=1, routed)           1.088     9.088    npu_system_i/ps7/inst/FCLK_CLK_unbuffered[0]
    BUFGCTRL_X0Y16       BUFG (Prop_bufg_I_O)         0.091     9.179 r  npu_system_i/ps7/inst/buffer_fclk_clk_0.FCLK_CLK_0_BUFG/O
                         net (fo=6213, routed)        2.533    11.713    npu_system_i/tinynpu_0/inst/u_icg_compute/aclk
    BUFGCTRL_X0Y2        BUFGCTRL (Prop_bufgctrl_I0_O)
                                                      0.091    11.804 r  npu_system_i/tinynpu_0/inst/u_icg_compute/u_bufgce/O
                         net (fo=44557, routed)       1.780    13.584    npu_system_i/tinynpu_0/inst/u_systolic/row[18].col[0].pe_inst/mul_s10_1
    SLICE_X92Y111        FDCE                                         r  npu_system_i/tinynpu_0/inst/u_systolic/row[18].col[0].pe_inst/mul_s2_reg[14]/C
                         clock pessimism              0.115    13.699    
                         clock uncertainty           -0.125    13.573    
    SLICE_X92Y111        FDCE (Setup_fdce_C_CE)      -0.169    13.404    npu_system_i/tinynpu_0/inst/u_systolic/row[18].col[0].pe_inst/mul_s2_reg[14]
  -------------------------------------------------------------------
                         required time                         13.405    
                         arrival time                         -13.201    
  -------------------------------------------------------------------
                         slack                                  0.203    

Slack (MET) :             0.203ns  (required time - arrival time)
  Source:                 npu_system_i/tinynpu_0/inst/u_ctrl/array_en_reg/C
                            (rising edge-triggered cell FDRE clocked by clk_fpga_0  {rise@0.000ns fall@4.000ns period=8.000ns})
  Destination:            npu_system_i/tinynpu_0/inst/u_systolic/row[18].col[0].pe_inst/mul_s2_reg[31]/CE
                            (rising edge-triggered cell FDCE clocked by clk_fpga_0  {rise@0.000ns fall@4.000ns period=8.000ns})
  Path Group:             clk_fpga_0
  Path Type:              Setup (Max at Slow Process Corner)
  Requirement:            8.000ns  (clk_fpga_0 rise@8.000ns - clk_fpga_0 rise@0.000ns)
  Data Path Delay:        10.207ns  (logic 0.456ns (4.467%)  route 9.751ns (95.533%))
  Logic Levels:           0  
  Clock Path Skew:        2.705ns (DCD - SCD + CPR)
    Destination Clock Delay (DCD):    5.584ns = ( 13.584 - 8.000 ) 
    Source Clock Delay      (SCD):    2.994ns
    Clock Pessimism Removal (CPR):    0.115ns
  Clock Uncertainty:      0.125ns  ((TSJ^2 + TIJ^2)^1/2 + DJ) / 2 + PE
    Total System Jitter     (TSJ):    0.071ns
    Total Input Jitter      (TIJ):    0.240ns
    Discrete Jitter          (DJ):    0.000ns
    Phase Error              (PE):    0.000ns

    Location             Delay type                Incr(ns)  Path(ns)    Netlist Resource(s)
  -------------------------------------------------------------------    -------------------
                         (clock clk_fpga_0 rise edge)
                                                      0.000     0.000 r  
    PS7_X0Y0             PS7                          0.000     0.000 r  npu_system_i/ps7/inst/PS7_i/FCLKCLK[0]
                         net (fo=1, routed)           1.193     1.193    npu_system_i/ps7/inst/FCLK_CLK_unbuffered[0]
    BUFGCTRL_X0Y16       BUFG (Prop_bufg_I_O)         0.101     1.294 r  npu_system_i/ps7/inst/buffer_fclk_clk_0.FCLK_CLK_0_BUFG/O
                         net (fo=6213, routed)        1.700     2.994    npu_system_i/tinynpu_0/inst/u_ctrl/aclk
    SLICE_X29Y50         FDRE                                         r  npu_system_i/tinynpu_0/inst/u_ctrl/array_en_reg/C
  -------------------------------------------------------------------    -------------------
    SLICE_X29Y50         FDRE (Prop_fdre_C_Q)         0.456     3.450 r  npu_system_i/tinynpu_0/inst/u_ctrl/array_en_reg/Q
                         net (fo=8933, routed)        9.751    13.201    npu_system_i/tinynpu_0/inst/u_systolic/row[18].col[0].pe_inst/mul_s10_0
    SLICE_X92Y111        FDCE                                         r  npu_system_i/tinynpu_0/inst/u_systolic/row[18].col[0].pe_inst/mul_s2_reg[31]/CE
  -------------------------------------------------------------------    -------------------

                         (clock clk_fpga_0 rise edge)
                                                      8.000     8.000 r  
    PS7_X0Y0             PS7                          0.000     8.000 r  npu_system_i/ps7/inst/PS7_i/FCLKCLK[0]
                         net (fo=1, routed)           1.088     9.088    npu_system_i/ps7/inst/FCLK_CLK_unbuffered[0]
    BUFGCTRL_X0Y16       BUFG (Prop_bufg_I_O)         0.091     9.179 r  npu_system_i/ps7/inst/buffer_fclk_clk_0.FCLK_CLK_0_BUFG/O
                         net (fo=6213, routed)        2.533    11.713    npu_system_i/tinynpu_0/inst/u_icg_compute/aclk
    BUFGCTRL_X0Y2        BUFGCTRL (Prop_bufgctrl_I0_O)
                                                      0.091    11.804 r  npu_system_i/tinynpu_0/inst/u_icg_compute/u_bufgce/O
                         net (fo=44557, routed)       1.780    13.584    npu_system_i/tinynpu_0/inst/u_systolic/row[18].col[0].pe_inst/mul_s10_1
    SLICE_X92Y111        FDCE                                         r  npu_system_i/tinynpu_0/inst/u_systolic/row[18].col[0].pe_inst/mul_s2_reg[31]/C
                         clock pessimism              0.115    13.699    
                         clock uncertainty           -0.125    13.573    
    SLICE_X92Y111        FDCE (Setup_fdce_C_CE)      -0.169    13.404    npu_system_i/tinynpu_0/inst/u_systolic/row[18].col[0].pe_inst/mul_s2_reg[31]
  -------------------------------------------------------------------
                         required time                         13.405    
                         arrival time                         -13.201    
  -------------------------------------------------------------------
                         slack                                  0.203    

Slack (MET) :             0.206ns  (required time - arrival time)
  Source:                 npu_system_i/tinynpu_0/inst/u_weight_buf/rd_data_reg_reg[5]/C
                            (rising edge-triggered cell FDRE clocked by clk_fpga_0  {rise@0.000ns fall@4.000ns period=8.000ns})
  Destination:            npu_system_i/tinynpu_0/inst/u_weight_buf/weight_data_reg[11][1][5]/D
                            (rising edge-triggered cell FDRE clocked by clk_fpga_0  {rise@0.000ns fall@4.000ns period=8.000ns})
  Path Group:             clk_fpga_0
  Path Type:              Setup (Max at Slow Process Corner)
  Requirement:            8.000ns  (clk_fpga_0 rise@8.000ns - clk_fpga_0 rise@0.000ns)
  Data Path Delay:        7.413ns  (logic 0.456ns (6.152%)  route 6.957ns (93.848%))
  Logic Levels:           0  
  Clock Path Skew:        -0.195ns (DCD - SCD + CPR)
    Destination Clock Delay (DCD):    2.805ns = ( 10.806 - 8.000 ) 
    Source Clock Delay      (SCD):    3.129ns
    Clock Pessimism Removal (CPR):    0.129ns
  Clock Uncertainty:      0.125ns  ((TSJ^2 + TIJ^2)^1/2 + DJ) / 2 + PE
    Total System Jitter     (TSJ):    0.071ns
    Total Input Jitter      (TIJ):    0.240ns
    Discrete Jitter          (DJ):    0.000ns
    Phase Error              (PE):    0.000ns

    Location             Delay type                Incr(ns)  Path(ns)    Netlist Resource(s)
  -------------------------------------------------------------------    -------------------
                         (clock clk_fpga_0 rise edge)
                                                      0.000     0.000 r  
    PS7_X0Y0             PS7                          0.000     0.000 r  npu_system_i/ps7/inst/PS7_i/FCLKCLK[0]
                         net (fo=1, routed)           1.193     1.193    npu_system_i/ps7/inst/FCLK_CLK_unbuffered[0]
    BUFGCTRL_X0Y16       BUFG (Prop_bufg_I_O)         0.101     1.294 r  npu_system_i/ps7/inst/buffer_fclk_clk_0.FCLK_CLK_0_BUFG/O
                         net (fo=6213, routed)        1.835     3.129    npu_system_i/tinynpu_0/inst/u_weight_buf/aclk
    SLICE_X7Y40          FDRE                                         r  npu_system_i/tinynpu_0/inst/u_weight_buf/rd_data_reg_reg[5]/C
  -------------------------------------------------------------------    -------------------
    SLICE_X7Y40          FDRE (Prop_fdre_C_Q)         0.456     3.585 r  npu_system_i/tinynpu_0/inst/u_weight_buf/rd_data_reg_reg[5]/Q
                         net (fo=155, routed)         6.957    10.542    npu_system_i/tinynpu_0/inst/u_weight_buf/rd_data_reg[5]
    SLICE_X103Y2         FDRE                                         r  npu_system_i/tinynpu_0/inst/u_weight_buf/weight_data_reg[11][1][5]/D
  -------------------------------------------------------------------    -------------------

                         (clock clk_fpga_0 rise edge)
                                                      8.000     8.000 r  
    PS7_X0Y0             PS7                          0.000     8.000 r  npu_system_i/ps7/inst/PS7_i/FCLKCLK[0]
                         net (fo=1, routed)           1.088     9.088    npu_system_i/ps7/inst/FCLK_CLK_unbuffered[0]
    BUFGCTRL_X0Y16       BUFG (Prop_bufg_I_O)         0.091     9.179 r  npu_system_i/ps7/inst/buffer_fclk_clk_0.FCLK_CLK_0_BUFG/O
                         net (fo=6213, routed)        1.626    10.806    npu_system_i/tinynpu_0/inst/u_weight_buf/aclk
    SLICE_X103Y2         FDRE                                         r  npu_system_i/tinynpu_0/inst/u_weight_buf/weight_data_reg[11][1][5]/C
                         clock pessimism              0.129    10.934    
                         clock uncertainty           -0.125    10.809    
    SLICE_X103Y2         FDRE (Setup_fdre_C_D)       -0.062    10.747    npu_system_i/tinynpu_0/inst/u_weight_buf/weight_data_reg[11][1][5]
  -------------------------------------------------------------------
                         required time                         10.747    
                         arrival time                         -10.542    
  -------------------------------------------------------------------
                         slack                                  0.206    

Slack (MET) :             0.218ns  (required time - arrival time)
  Source:                 npu_system_i/tinynpu_0/inst/gen_act_buf[0].u_act_buf/rd_data_reg[3]/C
                            (rising edge-triggered cell FDRE clocked by clk_fpga_0  {rise@0.000ns fall@4.000ns period=8.000ns})
  Destination:            npu_system_i/tinynpu_0/inst/u_dw/row_d1_reg[0][104][3]/D
                            (rising edge-triggered cell FDRE clocked by clk_fpga_0  {rise@0.000ns fall@4.000ns period=8.000ns})
  Path Group:             clk_fpga_0
  Path Type:              Setup (Max at Slow Process Corner)
  Requirement:            8.000ns  (clk_fpga_0 rise@8.000ns - clk_fpga_0 rise@0.000ns)
  Data Path Delay:        10.166ns  (logic 0.456ns (4.486%)  route 9.710ns (95.514%))
  Logic Levels:           0  
  Clock Path Skew:        2.604ns (DCD - SCD + CPR)
    Destination Clock Delay (DCD):    5.523ns = ( 13.523 - 8.000 ) 
    Source Clock Delay      (SCD):    3.034ns
    Clock Pessimism Removal (CPR):    0.115ns
  Clock Uncertainty:      0.125ns  ((TSJ^2 + TIJ^2)^1/2 + DJ) / 2 + PE
    Total System Jitter     (TSJ):    0.071ns
    Total Input Jitter      (TIJ):    0.240ns
    Discrete Jitter          (DJ):    0.000ns
    Phase Error              (PE):    0.000ns

    Location             Delay type                Incr(ns)  Path(ns)    Netlist Resource(s)
  -------------------------------------------------------------------    -------------------
                         (clock clk_fpga_0 rise edge)
                                                      0.000     0.000 r  
    PS7_X0Y0             PS7                          0.000     0.000 r  npu_system_i/ps7/inst/PS7_i/FCLKCLK[0]
                         net (fo=1, routed)           1.193     1.193    npu_system_i/ps7/inst/FCLK_CLK_unbuffered[0]
    BUFGCTRL_X0Y16       BUFG (Prop_bufg_I_O)         0.101     1.294 r  npu_system_i/ps7/inst/buffer_fclk_clk_0.FCLK_CLK_0_BUFG/O
                         net (fo=6213, routed)        1.740     3.034    npu_system_i/tinynpu_0/inst/gen_act_buf[0].u_act_buf/aclk
    SLICE_X83Y47         FDRE                                         r  npu_system_i/tinynpu_0/inst/gen_act_buf[0].u_act_buf/rd_data_reg[3]/C
  -------------------------------------------------------------------    -------------------
    SLICE_X83Y47         FDRE (Prop_fdre_C_Q)         0.456     3.490 r  npu_system_i/tinynpu_0/inst/gen_act_buf[0].u_act_buf/rd_data_reg[3]/Q
                         net (fo=130, routed)         9.710    13.200    npu_system_i/tinynpu_0/inst/u_dw/act_rd_data_flat[3]
    SLICE_X65Y100        FDRE                                         r  npu_system_i/tinynpu_0/inst/u_dw/row_d1_reg[0][104][3]/D
  -------------------------------------------------------------------    -------------------

                         (clock clk_fpga_0 rise edge)
                                                      8.000     8.000 r  
    PS7_X0Y0             PS7                          0.000     8.000 r  npu_system_i/ps7/inst/PS7_i/FCLKCLK[0]
                         net (fo=1, routed)           1.088     9.088    npu_system_i/ps7/inst/FCLK_CLK_unbuffered[0]
    BUFGCTRL_X0Y16       BUFG (Prop_bufg_I_O)         0.091     9.179 r  npu_system_i/ps7/inst/buffer_fclk_clk_0.FCLK_CLK_0_BUFG/O
                         net (fo=6213, routed)        2.533    11.713    npu_system_i/tinynpu_0/inst/u_icg_compute/aclk
    BUFGCTRL_X0Y2        BUFGCTRL (Prop_bufgctrl_I0_O)
                                                      0.091    11.804 r  npu_system_i/tinynpu_0/inst/u_icg_compute/u_bufgce/O
                         net (fo=44557, routed)       1.719    13.523    npu_system_i/tinynpu_0/inst/u_dw/p_reg[15]
    SLICE_X65Y100        FDRE                                         r  npu_system_i/tinynpu_0/inst/u_dw/row_d1_reg[0][104][3]/C
                         clock pessimism              0.115    13.638    
                         clock uncertainty           -0.125    13.512    
    SLICE_X65Y100        FDRE (Setup_fdre_C_D)       -0.095    13.417    npu_system_i/tinynpu_0/inst/u_dw/row_d1_reg[0][104][3]
  -------------------------------------------------------------------
                         required time                         13.417    
                         arrival time                         -13.200    
  -------------------------------------------------------------------
                         slack                                  0.218    

Slack (MET) :             0.220ns  (required time - arrival time)
  Source:                 npu_system_i/tinynpu_0/inst/u_weight_buf/rd_data_reg_reg[4]/C
                            (rising edge-triggered cell FDRE clocked by clk_fpga_0  {rise@0.000ns fall@4.000ns period=8.000ns})
  Destination:            npu_system_i/tinynpu_0/inst/u_weight_buf/weight_data_reg[19][2][4]/D
                            (rising edge-triggered cell FDRE clocked by clk_fpga_0  {rise@0.000ns fall@4.000ns period=8.000ns})
  Path Group:             clk_fpga_0
  Path Type:              Setup (Max at Slow Process Corner)
  Requirement:            8.000ns  (clk_fpga_0 rise@8.000ns - clk_fpga_0 rise@0.000ns)
  Data Path Delay:        7.634ns  (logic 0.456ns (5.973%)  route 7.178ns (94.027%))
  Logic Levels:           0  
  Clock Path Skew:        0.026ns (DCD - SCD + CPR)
    Destination Clock Delay (DCD):    2.960ns = ( 10.960 - 8.000 ) 
    Source Clock Delay      (SCD):    3.049ns
    Clock Pessimism Removal (CPR):    0.115ns
  Clock Uncertainty:      0.125ns  ((TSJ^2 + TIJ^2)^1/2 + DJ) / 2 + PE
    Total System Jitter     (TSJ):    0.071ns
    Total Input Jitter      (TIJ):    0.240ns
    Discrete Jitter          (DJ):    0.000ns
    Phase Error              (PE):    0.000ns

    Location             Delay type                Incr(ns)  Path(ns)    Netlist Resource(s)
  -------------------------------------------------------------------    -------------------
                         (clock clk_fpga_0 rise edge)
                                                      0.000     0.000 r  
    PS7_X0Y0             PS7                          0.000     0.000 r  npu_system_i/ps7/inst/PS7_i/FCLKCLK[0]
                         net (fo=1, routed)           1.193     1.193    npu_system_i/ps7/inst/FCLK_CLK_unbuffered[0]
    BUFGCTRL_X0Y16       BUFG (Prop_bufg_I_O)         0.101     1.294 r  npu_system_i/ps7/inst/buffer_fclk_clk_0.FCLK_CLK_0_BUFG/O
                         net (fo=6213, routed)        1.755     3.049    npu_system_i/tinynpu_0/inst/u_weight_buf/aclk
    SLICE_X17Y41         FDRE                                         r  npu_system_i/tinynpu_0/inst/u_weight_buf/rd_data_reg_reg[4]/C
  -------------------------------------------------------------------    -------------------
    SLICE_X17Y41         FDRE (Prop_fdre_C_Q)         0.456     3.505 r  npu_system_i/tinynpu_0/inst/u_weight_buf/rd_data_reg_reg[4]/Q
                         net (fo=155, routed)         7.178    10.683    npu_system_i/tinynpu_0/inst/u_weight_buf/rd_data_reg[4]
    SLICE_X101Y141       FDRE                                         r  npu_system_i/tinynpu_0/inst/u_weight_buf/weight_data_reg[19][2][4]/D
  -------------------------------------------------------------------    -------------------

                         (clock clk_fpga_0 rise edge)
                                                      8.000     8.000 r  
    PS7_X0Y0             PS7                          0.000     8.000 r  npu_system_i/ps7/inst/PS7_i/FCLKCLK[0]
                         net (fo=1, routed)           1.088     9.088    npu_system_i/ps7/inst/FCLK_CLK_unbuffered[0]
    BUFGCTRL_X0Y16       BUFG (Prop_bufg_I_O)         0.091     9.179 r  npu_system_i/ps7/inst/buffer_fclk_clk_0.FCLK_CLK_0_BUFG/O
                         net (fo=6213, routed)        1.781    10.960    npu_system_i/tinynpu_0/inst/u_weight_buf/aclk
    SLICE_X101Y141       FDRE                                         r  npu_system_i/tinynpu_0/inst/u_weight_buf/weight_data_reg[19][2][4]/C
                         clock pessimism              0.115    11.075    
                         clock uncertainty           -0.125    10.950    
    SLICE_X101Y141       FDRE (Setup_fdre_C_D)       -0.047    10.903    npu_system_i/tinynpu_0/inst/u_weight_buf/weight_data_reg[19][2][4]
  -------------------------------------------------------------------
                         required time                         10.903    
                         arrival time                         -10.683    
  -------------------------------------------------------------------
                         slack                                  0.220    

Slack (MET) :             0.222ns  (required time - arrival time)
  Source:                 npu_system_i/tinynpu_0/inst/u_weight_buf/rd_data_reg_reg[5]/C
                            (rising edge-triggered cell FDRE clocked by clk_fpga_0  {rise@0.000ns fall@4.000ns period=8.000ns})
  Destination:            npu_system_i/tinynpu_0/inst/u_weight_buf/weight_data_reg[4][2][5]/D
                            (rising edge-triggered cell FDRE clocked by clk_fpga_0  {rise@0.000ns fall@4.000ns period=8.000ns})
  Path Group:             clk_fpga_0
  Path Type:              Setup (Max at Slow Process Corner)
  Requirement:            8.000ns  (clk_fpga_0 rise@8.000ns - clk_fpga_0 rise@0.000ns)
  Data Path Delay:        7.425ns  (logic 0.456ns (6.141%)  route 6.969ns (93.859%))
  Logic Levels:           0  
  Clock Path Skew:        -0.198ns (DCD - SCD + CPR)
    Destination Clock Delay (DCD):    2.802ns = ( 10.802 - 8.000 ) 
    Source Clock Delay      (SCD):    3.129ns
    Clock Pessimism Removal (CPR):    0.129ns
  Clock Uncertainty:      0.125ns  ((TSJ^2 + TIJ^2)^1/2 + DJ) / 2 + PE
    Total System Jitter     (TSJ):    0.071ns
    Total Input Jitter      (TIJ):    0.240ns
    Discrete Jitter          (DJ):    0.000ns
    Phase Error              (PE):    0.000ns

    Location             Delay type                Incr(ns)  Path(ns)    Netlist Resource(s)
  -------------------------------------------------------------------    -------------------
                         (clock clk_fpga_0 rise edge)
                                                      0.000     0.000 r  
    PS7_X0Y0             PS7                          0.000     0.000 r  npu_system_i/ps7/inst/PS7_i/FCLKCLK[0]
                         net (fo=1, routed)           1.193     1.193    npu_system_i/ps7/inst/FCLK_CLK_unbuffered[0]
    BUFGCTRL_X0Y16       BUFG (Prop_bufg_I_O)         0.101     1.294 r  npu_system_i/ps7/inst/buffer_fclk_clk_0.FCLK_CLK_0_BUFG/O
                         net (fo=6213, routed)        1.835     3.129    npu_system_i/tinynpu_0/inst/u_weight_buf/aclk
    SLICE_X7Y40          FDRE                                         r  npu_system_i/tinynpu_0/inst/u_weight_buf/rd_data_reg_reg[5]/C
  -------------------------------------------------------------------    -------------------
    SLICE_X7Y40          FDRE (Prop_fdre_C_Q)         0.456     3.585 r  npu_system_i/tinynpu_0/inst/u_weight_buf/rd_data_reg_reg[5]/Q
                         net (fo=155, routed)         6.969    10.554    npu_system_i/tinynpu_0/inst/u_weight_buf/rd_data_reg[5]
    SLICE_X92Y1          FDRE                                         r  npu_system_i/tinynpu_0/inst/u_weight_buf/weight_data_reg[4][2][5]/D
  -------------------------------------------------------------------    -------------------

                         (clock clk_fpga_0 rise edge)
                                                      8.000     8.000 r  
    PS7_X0Y0             PS7                          0.000     8.000 r  npu_system_i/ps7/inst/PS7_i/FCLKCLK[0]
                         net (fo=1, routed)           1.088     9.088    npu_system_i/ps7/inst/FCLK_CLK_unbuffered[0]
    BUFGCTRL_X0Y16       BUFG (Prop_bufg_I_O)         0.091     9.179 r  npu_system_i/ps7/inst/buffer_fclk_clk_0.FCLK_CLK_0_BUFG/O
                         net (fo=6213, routed)        1.623    10.802    npu_system_i/tinynpu_0/inst/u_weight_buf/aclk
    SLICE_X92Y1          FDRE                                         r  npu_system_i/tinynpu_0/inst/u_weight_buf/weight_data_reg[4][2][5]/C
                         clock pessimism              0.129    10.931    
                         clock uncertainty           -0.125    10.806    
    SLICE_X92Y1          FDRE (Setup_fdre_C_D)       -0.030    10.776    npu_system_i/tinynpu_0/inst/u_weight_buf/weight_data_reg[4][2][5]
  -------------------------------------------------------------------
                         required time                         10.776    
                         arrival time                         -10.554    
  -------------------------------------------------------------------
                         slack                                  0.222    

Slack (MET) :             0.229ns  (required time - arrival time)
  Source:                 npu_system_i/tinynpu_0/inst/u_ctrl/array_en_reg/C
                            (rising edge-triggered cell FDRE clocked by clk_fpga_0  {rise@0.000ns fall@4.000ns period=8.000ns})
  Destination:            npu_system_i/tinynpu_0/inst/u_systolic/row[18].col[1].pe_inst/act_out_reg[1]/CE
                            (rising edge-triggered cell FDCE clocked by clk_fpga_0  {rise@0.000ns fall@4.000ns period=8.000ns})
  Path Group:             clk_fpga_0
  Path Type:              Setup (Max at Slow Process Corner)
  Requirement:            8.000ns  (clk_fpga_0 rise@8.000ns - clk_fpga_0 rise@0.000ns)
  Data Path Delay:        10.143ns  (logic 0.456ns (4.496%)  route 9.687ns (95.504%))
  Logic Levels:           0  
  Clock Path Skew:        2.702ns (DCD - SCD + CPR)
    Destination Clock Delay (DCD):    5.581ns = ( 13.581 - 8.000 ) 
    Source Clock Delay      (SCD):    2.994ns
    Clock Pessimism Removal (CPR):    0.115ns
  Clock Uncertainty:      0.125ns  ((TSJ^2 + TIJ^2)^1/2 + DJ) / 2 + PE
    Total System Jitter     (TSJ):    0.071ns
    Total Input Jitter      (TIJ):    0.240ns
    Discrete Jitter          (DJ):    0.000ns
    Phase Error              (PE):    0.000ns

    Location             Delay type                Incr(ns)  Path(ns)    Netlist Resource(s)
  -------------------------------------------------------------------    -------------------
                         (clock clk_fpga_0 rise edge)
                                                      0.000     0.000 r  
    PS7_X0Y0             PS7                          0.000     0.000 r  npu_system_i/ps7/inst/PS7_i/FCLKCLK[0]
                         net (fo=1, routed)           1.193     1.193    npu_system_i/ps7/inst/FCLK_CLK_unbuffered[0]
    BUFGCTRL_X0Y16       BUFG (Prop_bufg_I_O)         0.101     1.294 r  npu_system_i/ps7/inst/buffer_fclk_clk_0.FCLK_CLK_0_BUFG/O
                         net (fo=6213, routed)        1.700     2.994    npu_system_i/tinynpu_0/inst/u_ctrl/aclk
    SLICE_X29Y50         FDRE                                         r  npu_system_i/tinynpu_0/inst/u_ctrl/array_en_reg/C
  -------------------------------------------------------------------    -------------------
    SLICE_X29Y50         FDRE (Prop_fdre_C_Q)         0.456     3.450 r  npu_system_i/tinynpu_0/inst/u_ctrl/array_en_reg/Q
                         net (fo=8933, routed)        9.687    13.137    npu_system_i/tinynpu_0/inst/u_systolic/row[18].col[1].pe_inst/mul_s10_0
    SLICE_X97Y117        FDCE                                         r  npu_system_i/tinynpu_0/inst/u_systolic/row[18].col[1].pe_inst/act_out_reg[1]/CE
  -------------------------------------------------------------------    -------------------

                         (clock clk_fpga_0 rise edge)
                                                      8.000     8.000 r  
    PS7_X0Y0             PS7                          0.000     8.000 r  npu_system_i/ps7/inst/PS7_i/FCLKCLK[0]
                         net (fo=1, routed)           1.088     9.088    npu_system_i/ps7/inst/FCLK_CLK_unbuffered[0]
    BUFGCTRL_X0Y16       BUFG (Prop_bufg_I_O)         0.091     9.179 r  npu_system_i/ps7/inst/buffer_fclk_clk_0.FCLK_CLK_0_BUFG/O
                         net (fo=6213, routed)        2.533    11.713    npu_system_i/tinynpu_0/inst/u_icg_compute/aclk
    BUFGCTRL_X0Y2        BUFGCTRL (Prop_bufgctrl_I0_O)
                                                      0.091    11.804 r  npu_system_i/tinynpu_0/inst/u_icg_compute/u_bufgce/O
                         net (fo=44557, routed)       1.777    13.581    npu_system_i/tinynpu_0/inst/u_systolic/row[18].col[1].pe_inst/mul_s10_1
    SLICE_X97Y117        FDCE                                         r  npu_system_i/tinynpu_0/inst/u_systolic/row[18].col[1].pe_inst/act_out_reg[1]/C
                         clock pessimism              0.115    13.696    
                         clock uncertainty           -0.125    13.570    
    SLICE_X97Y117        FDCE (Setup_fdce_C_CE)      -0.205    13.365    npu_system_i/tinynpu_0/inst/u_systolic/row[18].col[1].pe_inst/act_out_reg[1]
  -------------------------------------------------------------------
                         required time                         13.365    
                         arrival time                         -13.137    
  -------------------------------------------------------------------
                         slack                                  0.229    

Slack (MET) :             0.229ns  (required time - arrival time)
  Source:                 npu_system_i/tinynpu_0/inst/u_ctrl/array_en_reg/C
                            (rising edge-triggered cell FDRE clocked by clk_fpga_0  {rise@0.000ns fall@4.000ns period=8.000ns})
  Destination:            npu_system_i/tinynpu_0/inst/u_systolic/row[18].col[1].pe_inst/act_out_reg[3]/CE
                            (rising edge-triggered cell FDCE clocked by clk_fpga_0  {rise@0.000ns fall@4.000ns period=8.000ns})
  Path Group:             clk_fpga_0
  Path Type:              Setup (Max at Slow Process Corner)
  Requirement:            8.000ns  (clk_fpga_0 rise@8.000ns - clk_fpga_0 rise@0.000ns)
  Data Path Delay:        10.143ns  (logic 0.456ns (4.496%)  route 9.687ns (95.504%))
  Logic Levels:           0  
  Clock Path Skew:        2.702ns (DCD - SCD + CPR)
    Destination Clock Delay (DCD):    5.581ns = ( 13.581 - 8.000 ) 
    Source Clock Delay      (SCD):    2.994ns
    Clock Pessimism Removal (CPR):    0.115ns
  Clock Uncertainty:      0.125ns  ((TSJ^2 + TIJ^2)^1/2 + DJ) / 2 + PE
    Total System Jitter     (TSJ):    0.071ns
    Total Input Jitter      (TIJ):    0.240ns
    Discrete Jitter          (DJ):    0.000ns
    Phase Error              (PE):    0.000ns

    Location             Delay type                Incr(ns)  Path(ns)    Netlist Resource(s)
  -------------------------------------------------------------------    -------------------
                         (clock clk_fpga_0 rise edge)
                                                      0.000     0.000 r  
    PS7_X0Y0             PS7                          0.000     0.000 r  npu_system_i/ps7/inst/PS7_i/FCLKCLK[0]
                         net (fo=1, routed)           1.193     1.193    npu_system_i/ps7/inst/FCLK_CLK_unbuffered[0]
    BUFGCTRL_X0Y16       BUFG (Prop_bufg_I_O)         0.101     1.294 r  npu_system_i/ps7/inst/buffer_fclk_clk_0.FCLK_CLK_0_BUFG/O
                         net (fo=6213, routed)        1.700     2.994    npu_system_i/tinynpu_0/inst/u_ctrl/aclk
    SLICE_X29Y50         FDRE                                         r  npu_system_i/tinynpu_0/inst/u_ctrl/array_en_reg/C
  -------------------------------------------------------------------    -------------------
    SLICE_X29Y50         FDRE (Prop_fdre_C_Q)         0.456     3.450 r  npu_system_i/tinynpu_0/inst/u_ctrl/array_en_reg/Q
                         net (fo=8933, routed)        9.687    13.137    npu_system_i/tinynpu_0/inst/u_systolic/row[18].col[1].pe_inst/mul_s10_0
    SLICE_X97Y117        FDCE                                         r  npu_system_i/tinynpu_0/inst/u_systolic/row[18].col[1].pe_inst/act_out_reg[3]/CE
  -------------------------------------------------------------------    -------------------

                         (clock clk_fpga_0 rise edge)
                                                      8.000     8.000 r  
    PS7_X0Y0             PS7                          0.000     8.000 r  npu_system_i/ps7/inst/PS7_i/FCLKCLK[0]
                         net (fo=1, routed)           1.088     9.088    npu_system_i/ps7/inst/FCLK_CLK_unbuffered[0]
    BUFGCTRL_X0Y16       BUFG (Prop_bufg_I_O)         0.091     9.179 r  npu_system_i/ps7/inst/buffer_fclk_clk_0.FCLK_CLK_0_BUFG/O
                         net (fo=6213, routed)        2.533    11.713    npu_system_i/tinynpu_0/inst/u_icg_compute/aclk
    BUFGCTRL_X0Y2        BUFGCTRL (Prop_bufgctrl_I0_O)
                                                      0.091    11.804 r  npu_system_i/tinynpu_0/inst/u_icg_compute/u_bufgce/O
                         net (fo=44557, routed)       1.777    13.581    npu_system_i/tinynpu_0/inst/u_systolic/row[18].col[1].pe_inst/mul_s10_1
    SLICE_X97Y117        FDCE                                         r  npu_system_i/tinynpu_0/inst/u_systolic/row[18].col[1].pe_inst/act_out_reg[3]/C
                         clock pessimism              0.115    13.696    
                         clock uncertainty           -0.125    13.570    
    SLICE_X97Y117        FDCE (Setup_fdce_C_CE)      -0.205    13.365    npu_system_i/tinynpu_0/inst/u_systolic/row[18].col[1].pe_inst/act_out_reg[3]
  -------------------------------------------------------------------
                         required time                         13.365    
                         arrival time                         -13.137    
  -------------------------------------------------------------------
                         slack                                  0.229    





Min Delay Paths
--------------------------------------------------------------------------------------
Slack (MET) :             0.050ns  (arrival time - required time)
  Source:                 npu_system_i/tinynpu_0/inst/u_weight_buf/weight_data_reg[15][6][4]/C
                            (rising edge-triggered cell FDRE clocked by clk_fpga_0  {rise@0.000ns fall@4.000ns period=8.000ns})
  Destination:            npu_system_i/tinynpu_0/inst/u_dw/w_reg_reg[14][0][4]/D
                            (rising edge-triggered cell FDRE clocked by clk_fpga_0  {rise@0.000ns fall@4.000ns period=8.000ns})
  Path Group:             clk_fpga_0
  Path Type:              Hold (Min at Slow Process Corner)
  Requirement:            0.000ns  (clk_fpga_0 rise@0.000ns - clk_fpga_0 rise@0.000ns)
  Data Path Delay:        3.143ns  (logic 0.337ns (10.721%)  route 2.806ns (89.279%))
  Logic Levels:           0  
  Clock Path Skew:        3.012ns (DCD - SCD - CPR)
    Destination Clock Delay (DCD):    5.843ns
    Source Clock Delay      (SCD):    2.716ns
    Clock Pessimism Removal (CPR):    0.115ns

    Location             Delay type                Incr(ns)  Path(ns)    Netlist Resource(s)
  -------------------------------------------------------------------    -------------------
                         (clock clk_fpga_0 rise edge)
                                                      0.000     0.000 r  
    PS7_X0Y0             PS7                          0.000     0.000 r  npu_system_i/ps7/inst/PS7_i/FCLKCLK[0]
                         net (fo=1, routed)           1.088     1.088    npu_system_i/ps7/inst/FCLK_CLK_unbuffered[0]
    BUFGCTRL_X0Y16       BUFG (Prop_bufg_I_O)         0.091     1.179 r  npu_system_i/ps7/inst/buffer_fclk_clk_0.FCLK_CLK_0_BUFG/O
                         net (fo=6213, routed)        1.537     2.716    npu_system_i/tinynpu_0/inst/u_weight_buf/aclk
    SLICE_X55Y51         FDRE                                         r  npu_system_i/tinynpu_0/inst/u_weight_buf/weight_data_reg[15][6][4]/C
  -------------------------------------------------------------------    -------------------
    SLICE_X55Y51         FDRE (Prop_fdre_C_Q)         0.337     3.053 r  npu_system_i/tinynpu_0/inst/u_weight_buf/weight_data_reg[15][6][4]/Q
                         net (fo=2, routed)           2.806     5.859    npu_system_i/tinynpu_0/inst/u_dw/weight_data_flat[710]
    SLICE_X50Y85         FDRE                                         r  npu_system_i/tinynpu_0/inst/u_dw/w_reg_reg[14][0][4]/D
  -------------------------------------------------------------------    -------------------

                         (clock clk_fpga_0 rise edge)
                                                      0.000     0.000 r  
    PS7_X0Y0             PS7                          0.000     0.000 r  npu_system_i/ps7/inst/PS7_i/FCLKCLK[0]
                         net (fo=1, routed)           1.193     1.193    npu_system_i/ps7/inst/FCLK_CLK_unbuffered[0]
    BUFGCTRL_X0Y16       BUFG (Prop_bufg_I_O)         0.101     1.294 r  npu_system_i/ps7/inst/buffer_fclk_clk_0.FCLK_CLK_0_BUFG/O
                         net (fo=6213, routed)        2.811     4.105    npu_system_i/tinynpu_0/inst/u_icg_compute/aclk
    BUFGCTRL_X0Y2        BUFGCTRL (Prop_bufgctrl_I0_O)
                                                      0.101     4.206 r  npu_system_i/tinynpu_0/inst/u_icg_compute/u_bufgce/O
                         net (fo=44557, routed)       1.637     5.843    npu_system_i/tinynpu_0/inst/u_dw/p_reg[15]
    SLICE_X50Y85         FDRE                                         r  npu_system_i/tinynpu_0/inst/u_dw/w_reg_reg[14][0][4]/C
                         clock pessimism             -0.115     5.728    
    SLICE_X50Y85         FDRE (Hold_fdre_C_D)         0.081     5.809    npu_system_i/tinynpu_0/inst/u_dw/w_reg_reg[14][0][4]
  -------------------------------------------------------------------
                         required time                         -5.809    
                         arrival time                           5.859    
  -------------------------------------------------------------------
                         slack                                  0.050    

Slack (MET) :             0.050ns  (arrival time - required time)
  Source:                 npu_system_i/tinynpu_0/inst/u_weight_buf/weight_data_reg[16][0][5]/C
                            (rising edge-triggered cell FDRE clocked by clk_fpga_0  {rise@0.000ns fall@4.000ns period=8.000ns})
  Destination:            npu_system_i/tinynpu_0/inst/u_systolic/row[16].col[0].pe_inst/weight_reg_reg[5]/D
                            (rising edge-triggered cell FDCE clocked by clk_fpga_0  {rise@0.000ns fall@4.000ns period=8.000ns})
  Path Group:             clk_fpga_0
  Path Type:              Hold (Min at Slow Process Corner)
  Requirement:            0.000ns  (clk_fpga_0 rise@0.000ns - clk_fpga_0 rise@0.000ns)
  Data Path Delay:        3.186ns  (logic 0.337ns (10.579%)  route 2.849ns (89.421%))
  Logic Levels:           0  
  Clock Path Skew:        3.078ns (DCD - SCD - CPR)
    Destination Clock Delay (DCD):    5.848ns
    Source Clock Delay      (SCD):    2.655ns
    Clock Pessimism Removal (CPR):    0.115ns

    Location             Delay type                Incr(ns)  Path(ns)    Netlist Resource(s)
  -------------------------------------------------------------------    -------------------
                         (clock clk_fpga_0 rise edge)
                                                      0.000     0.000 r  
    PS7_X0Y0             PS7                          0.000     0.000 r  npu_system_i/ps7/inst/PS7_i/FCLKCLK[0]
                         net (fo=1, routed)           1.088     1.088    npu_system_i/ps7/inst/FCLK_CLK_unbuffered[0]
    BUFGCTRL_X0Y16       BUFG (Prop_bufg_I_O)         0.091     1.179 r  npu_system_i/ps7/inst/buffer_fclk_clk_0.FCLK_CLK_0_BUFG/O
                         net (fo=6213, routed)        1.476     2.655    npu_system_i/tinynpu_0/inst/u_weight_buf/aclk
    SLICE_X48Y92         FDRE                                         r  npu_system_i/tinynpu_0/inst/u_weight_buf/weight_data_reg[16][0][5]/C
  -------------------------------------------------------------------    -------------------
    SLICE_X48Y92         FDRE (Prop_fdre_C_Q)         0.337     2.992 r  npu_system_i/tinynpu_0/inst/u_weight_buf/weight_data_reg[16][0][5]/Q
                         net (fo=2, routed)           2.849     5.840    npu_system_i/tinynpu_0/inst/u_systolic/row[16].col[0].pe_inst/weight_data_flat[5]
    SLICE_X51Y93         FDCE                                         r  npu_system_i/tinynpu_0/inst/u_systolic/row[16].col[0].pe_inst/weight_reg_reg[5]/D
  -------------------------------------------------------------------    -------------------

                         (clock clk_fpga_0 rise edge)
                                                      0.000     0.000 r  
    PS7_X0Y0             PS7                          0.000     0.000 r  npu_system_i/ps7/inst/PS7_i/FCLKCLK[0]
                         net (fo=1, routed)           1.193     1.193    npu_system_i/ps7/inst/FCLK_CLK_unbuffered[0]
    BUFGCTRL_X0Y16       BUFG (Prop_bufg_I_O)         0.101     1.294 r  npu_system_i/ps7/inst/buffer_fclk_clk_0.FCLK_CLK_0_BUFG/O
                         net (fo=6213, routed)        2.811     4.105    npu_system_i/tinynpu_0/inst/u_icg_compute/aclk
    BUFGCTRL_X0Y2        BUFGCTRL (Prop_bufgctrl_I0_O)
                                                      0.101     4.206 r  npu_system_i/tinynpu_0/inst/u_icg_compute/u_bufgce/O
                         net (fo=44557, routed)       1.642     5.848    npu_system_i/tinynpu_0/inst/u_systolic/row[16].col[0].pe_inst/mul_s10_1
    SLICE_X51Y93         FDCE                                         r  npu_system_i/tinynpu_0/inst/u_systolic/row[16].col[0].pe_inst/weight_reg_reg[5]/C
                         clock pessimism             -0.115     5.733    
    SLICE_X51Y93         FDCE (Hold_fdce_C_D)         0.057     5.790    npu_system_i/tinynpu_0/inst/u_systolic/row[16].col[0].pe_inst/weight_reg_reg[5]
  -------------------------------------------------------------------
                         required time                         -5.790    
                         arrival time                           5.840    
  -------------------------------------------------------------------
                         slack                                  0.050    

Slack (MET) :             0.051ns  (arrival time - required time)
  Source:                 npu_system_i/tinynpu_0/inst/u_weight_buf/weight_data_reg[3][2][3]/C
                            (rising edge-triggered cell FDRE clocked by clk_fpga_0  {rise@0.000ns fall@4.000ns period=8.000ns})
  Destination:            npu_system_i/tinynpu_0/inst/u_systolic/row[3].col[2].pe_inst/weight_reg_reg[3]/D
                            (rising edge-triggered cell FDCE clocked by clk_fpga_0  {rise@0.000ns fall@4.000ns period=8.000ns})
  Path Group:             clk_fpga_0
  Path Type:              Hold (Min at Slow Process Corner)
  Requirement:            0.000ns  (clk_fpga_0 rise@0.000ns - clk_fpga_0 rise@0.000ns)
  Data Path Delay:        3.308ns  (logic 0.418ns (12.634%)  route 2.890ns (87.366%))
  Logic Levels:           0  
  Clock Path Skew:        3.088ns (DCD - SCD - CPR)
    Destination Clock Delay (DCD):    6.004ns
    Source Clock Delay      (SCD):    2.801ns
    Clock Pessimism Removal (CPR):    0.115ns

    Location             Delay type                Incr(ns)  Path(ns)    Netlist Resource(s)
  -------------------------------------------------------------------    -------------------
                         (clock clk_fpga_0 rise edge)
                                                      0.000     0.000 r  
    PS7_X0Y0             PS7                          0.000     0.000 r  npu_system_i/ps7/inst/PS7_i/FCLKCLK[0]
                         net (fo=1, routed)           1.088     1.088    npu_system_i/ps7/inst/FCLK_CLK_unbuffered[0]
    BUFGCTRL_X0Y16       BUFG (Prop_bufg_I_O)         0.091     1.179 r  npu_system_i/ps7/inst/buffer_fclk_clk_0.FCLK_CLK_0_BUFG/O
                         net (fo=6213, routed)        1.622     2.801    npu_system_i/tinynpu_0/inst/u_weight_buf/aclk
    SLICE_X92Y4          FDRE                                         r  npu_system_i/tinynpu_0/inst/u_weight_buf/weight_data_reg[3][2][3]/C
  -------------------------------------------------------------------    -------------------
    SLICE_X92Y4          FDRE (Prop_fdre_C_Q)         0.418     3.219 r  npu_system_i/tinynpu_0/inst/u_weight_buf/weight_data_reg[3][2][3]/Q
                         net (fo=2, routed)           2.890     6.110    npu_system_i/tinynpu_0/inst/u_systolic/row[3].col[2].pe_inst/weight_data_flat[3]
    SLICE_X93Y1          FDCE                                         r  npu_system_i/tinynpu_0/inst/u_systolic/row[3].col[2].pe_inst/weight_reg_reg[3]/D
  -------------------------------------------------------------------    -------------------

                         (clock clk_fpga_0 rise edge)
                                                      0.000     0.000 r  
    PS7_X0Y0             PS7                          0.000     0.000 r  npu_system_i/ps7/inst/PS7_i/FCLKCLK[0]
                         net (fo=1, routed)           1.193     1.193    npu_system_i/ps7/inst/FCLK_CLK_unbuffered[0]
    BUFGCTRL_X0Y16       BUFG (Prop_bufg_I_O)         0.101     1.294 r  npu_system_i/ps7/inst/buffer_fclk_clk_0.FCLK_CLK_0_BUFG/O
                         net (fo=6213, routed)        2.811     4.105    npu_system_i/tinynpu_0/inst/u_icg_compute/aclk
    BUFGCTRL_X0Y2        BUFGCTRL (Prop_bufgctrl_I0_O)
                                                      0.101     4.206 r  npu_system_i/tinynpu_0/inst/u_icg_compute/u_bufgce/O
                         net (fo=44557, routed)       1.798     6.004    npu_system_i/tinynpu_0/inst/u_systolic/row[3].col[2].pe_inst/mul_s10_0
    SLICE_X93Y1          FDCE                                         r  npu_system_i/tinynpu_0/inst/u_systolic/row[3].col[2].pe_inst/weight_reg_reg[3]/C
                         clock pessimism             -0.115     5.889    
    SLICE_X93Y1          FDCE (Hold_fdce_C_D)         0.170     6.059    npu_system_i/tinynpu_0/inst/u_systolic/row[3].col[2].pe_inst/weight_reg_reg[3]
  -------------------------------------------------------------------
                         required time                         -6.059    
                         arrival time                           6.110    
  -------------------------------------------------------------------
                         slack                                  0.051    

Slack (MET) :             0.051ns  (arrival time - required time)
  Source:                 npu_system_i/tinynpu_0/inst/u_dw/gen_mult_ch[0].gen_mult_k[0].u_mult/sum_low_reg[7]/C
                            (rising edge-triggered cell FDRE clocked by clk_fpga_0  {rise@0.000ns fall@4.000ns period=8.000ns})
  Destination:            npu_system_i/tinynpu_0/inst/u_dw/gen_mult_ch[0].gen_mult_k[0].u_mult/p_reg[8]/D
                            (rising edge-triggered cell FDRE clocked by clk_fpga_0  {rise@0.000ns fall@4.000ns period=8.000ns})
  Path Group:             clk_fpga_0
  Path Type:              Hold (Min at Fast Process Corner)
  Requirement:            0.000ns  (clk_fpga_0 rise@0.000ns - clk_fpga_0 rise@0.000ns)
  Data Path Delay:        0.441ns  (logic 0.311ns (70.464%)  route 0.130ns (29.536%))
  Logic Levels:           2  (CARRY4=2)
  Clock Path Skew:        0.256ns (DCD - SCD - CPR)
    Destination Clock Delay (DCD):    2.347ns
    Source Clock Delay      (SCD):    1.766ns
    Clock Pessimism Removal (CPR):    0.325ns

    Location             Delay type                Incr(ns)  Path(ns)    Netlist Resource(s)
  -------------------------------------------------------------------    -------------------
                         (clock clk_fpga_0 rise edge)
                                                      0.000     0.000 r  
    PS7_X0Y0             PS7                          0.000     0.000 r  npu_system_i/ps7/inst/PS7_i/FCLKCLK[0]
                         net (fo=1, routed)           0.310     0.310    npu_system_i/ps7/inst/FCLK_CLK_unbuffered[0]
    BUFGCTRL_X0Y16       BUFG (Prop_bufg_I_O)         0.026     0.336 r  npu_system_i/ps7/inst/buffer_fclk_clk_0.FCLK_CLK_0_BUFG/O
                         net (fo=6213, routed)        0.855     1.191    npu_system_i/tinynpu_0/inst/u_icg_compute/aclk
    BUFGCTRL_X0Y2        BUFGCTRL (Prop_bufgctrl_I0_O)
                                                      0.026     1.217 r  npu_system_i/tinynpu_0/inst/u_icg_compute/u_bufgce/O
                         net (fo=44557, routed)       0.549     1.766    npu_system_i/tinynpu_0/inst/u_dw/gen_mult_ch[0].gen_mult_k[0].u_mult/sum_low_reg[14]_0
    SLICE_X48Y21         FDRE                                         r  npu_system_i/tinynpu_0/inst/u_dw/gen_mult_ch[0].gen_mult_k[0].u_mult/sum_low_reg[7]/C
  -------------------------------------------------------------------    -------------------
    SLICE_X48Y21         FDRE (Prop_fdre_C_Q)         0.141     1.907 r  npu_system_i/tinynpu_0/inst/u_dw/gen_mult_ch[0].gen_mult_k[0].u_mult/sum_low_reg[7]/Q
                         net (fo=2, routed)           0.130     2.037    npu_system_i/tinynpu_0/u_dw/gen_mult_ch[0].gen_mult_k[0].u_mult/sum_low[7]
    SLICE_X50Y21         CARRY4 (Prop_carry4_DI[3]_CO[3])
                                                      0.117     2.154 r  npu_system_i/tinynpu_0/gen_mult_ch[0].gen_mult_k[0].u_mult/p_reg[7]_i_1/CO[3]
                         net (fo=1, routed)           0.000     2.154    npu_system_i/tinynpu_0/gen_mult_ch[0].gen_mult_k[0].u_mult/p_reg[7]_i_1_n_0
    SLICE_X50Y22         CARRY4 (Prop_carry4_CI_O[0])
                                                      0.053     2.207 r  npu_system_i/tinynpu_0/gen_mult_ch[0].gen_mult_k[0].u_mult/p_reg[11]_i_1/O[0]
                         net (fo=1, routed)           0.000     2.207    npu_system_i/tinynpu_0/inst/u_dw/gen_mult_ch[0].gen_mult_k[0].u_mult/p_reg[11]_0[4]
    SLICE_X50Y22         FDRE                                         r  npu_system_i/tinynpu_0/inst/u_dw/gen_mult_ch[0].gen_mult_k[0].u_mult/p_reg[8]/D
  -------------------------------------------------------------------    -------------------

                         (clock clk_fpga_0 rise edge)
                                                      0.000     0.000 r  
    PS7_X0Y0             PS7                          0.000     0.000 r  npu_system_i/ps7/inst/PS7_i/FCLKCLK[0]
                         net (fo=1, routed)           0.337     0.337    npu_system_i/ps7/inst/FCLK_CLK_unbuffered[0]
    BUFGCTRL_X0Y16       BUFG (Prop_bufg_I_O)         0.029     0.366 r  npu_system_i/ps7/inst/buffer_fclk_clk_0.FCLK_CLK_0_BUFG/O
                         net (fo=6213, routed)        1.142     1.508    npu_system_i/tinynpu_0/inst/u_icg_compute/aclk
    BUFGCTRL_X0Y2        BUFGCTRL (Prop_bufgctrl_I0_O)
                                                      0.029     1.537 r  npu_system_i/tinynpu_0/inst/u_icg_compute/u_bufgce/O
                         net (fo=44557, routed)       0.810     2.347    npu_system_i/tinynpu_0/inst/u_dw/gen_mult_ch[0].gen_mult_k[0].u_mult/sum_low_reg[14]_0
    SLICE_X50Y22         FDRE                                         r  npu_system_i/tinynpu_0/inst/u_dw/gen_mult_ch[0].gen_mult_k[0].u_mult/p_reg[8]/C
                         clock pessimism             -0.325     2.022    
    SLICE_X50Y22         FDRE (Hold_fdre_C_D)         0.134     2.156    npu_system_i/tinynpu_0/inst/u_dw/gen_mult_ch[0].gen_mult_k[0].u_mult/p_reg[8]
  -------------------------------------------------------------------
                         required time                         -2.156    
                         arrival time                           2.207    
  -------------------------------------------------------------------
                         slack                                  0.051    

Slack (MET) :             0.052ns  (arrival time - required time)
  Source:                 npu_system_i/tinynpu_0/inst/u_ctrl/dma_start_load_wgt_reg/C
                            (rising edge-triggered cell FDRE clocked by clk_fpga_0  {rise@0.000ns fall@4.000ns period=8.000ns})
  Destination:            npu_system_i/tinynpu_0/inst/u_dma/FSM_sequential_state_reg[1]/D
                            (rising edge-triggered cell FDRE clocked by clk_fpga_0  {rise@0.000ns fall@4.000ns period=8.000ns})
  Path Group:             clk_fpga_0
  Path Type:              Hold (Min at Slow Process Corner)
  Requirement:            0.000ns  (clk_fpga_0 rise@0.000ns - clk_fpga_0 rise@0.000ns)
  Data Path Delay:        3.454ns  (logic 0.567ns (16.416%)  route 2.887ns (83.584%))
  Logic Levels:           2  (LUT5=1 LUT6=1)
  Clock Path Skew:        3.133ns (DCD - SCD - CPR)
    Destination Clock Delay (DCD):    5.951ns
    Source Clock Delay      (SCD):    2.703ns
    Clock Pessimism Removal (CPR):    0.115ns

    Location             Delay type                Incr(ns)  Path(ns)    Netlist Resource(s)
  -------------------------------------------------------------------    -------------------
                         (clock clk_fpga_0 rise edge)
                                                      0.000     0.000 r  
    PS7_X0Y0             PS7                          0.000     0.000 r  npu_system_i/ps7/inst/PS7_i/FCLKCLK[0]
                         net (fo=1, routed)           1.088     1.088    npu_system_i/ps7/inst/FCLK_CLK_unbuffered[0]
    BUFGCTRL_X0Y16       BUFG (Prop_bufg_I_O)         0.091     1.179 r  npu_system_i/ps7/inst/buffer_fclk_clk_0.FCLK_CLK_0_BUFG/O
                         net (fo=6213, routed)        1.524     2.703    npu_system_i/tinynpu_0/inst/u_ctrl/aclk
    SLICE_X29Y58         FDRE                                         r  npu_system_i/tinynpu_0/inst/u_ctrl/dma_start_load_wgt_reg/C
  -------------------------------------------------------------------    -------------------
    SLICE_X29Y58         FDRE (Prop_fdre_C_Q)         0.367     3.070 r  npu_system_i/tinynpu_0/inst/u_ctrl/dma_start_load_wgt_reg/Q
                         net (fo=5, routed)           2.300     5.370    npu_system_i/tinynpu_0/inst/u_dma/dma_start_load_wgt
    SLICE_X26Y42         LUT5 (Prop_lut5_I4_O)        0.100     5.470 r  npu_system_i/tinynpu_0/inst/u_dma/FSM_sequential_state[2]_i_3/O
                         net (fo=3, routed)           0.587     6.057    npu_system_i/tinynpu_0/inst/u_dma/FSM_sequential_state[2]_i_3_n_0
    SLICE_X27Y42         LUT6 (Prop_lut6_I3_O)        0.100     6.157 r  npu_system_i/tinynpu_0/inst/u_dma/FSM_sequential_state[1]_i_1__0/O
                         net (fo=1, routed)           0.000     6.157    npu_system_i/tinynpu_0/inst/u_dma/FSM_sequential_state[1]_i_1__0_n_0
    SLICE_X27Y42         FDRE                                         r  npu_system_i/tinynpu_0/inst/u_dma/FSM_sequential_state_reg[1]/D
  -------------------------------------------------------------------    -------------------

                         (clock clk_fpga_0 rise edge)
                                                      0.000     0.000 r  
    PS7_X0Y0             PS7                          0.000     0.000 r  npu_system_i/ps7/inst/PS7_i/FCLKCLK[0]
                         net (fo=1, routed)           1.193     1.193    npu_system_i/ps7/inst/FCLK_CLK_unbuffered[0]
    BUFGCTRL_X0Y16       BUFG (Prop_bufg_I_O)         0.101     1.294 r  npu_system_i/ps7/inst/buffer_fclk_clk_0.FCLK_CLK_0_BUFG/O
                         net (fo=6213, routed)        2.811     4.105    npu_system_i/tinynpu_0/inst/u_icg_dma/aclk
    BUFGCTRL_X0Y4        BUFGCTRL (Prop_bufgctrl_I0_O)
                                                      0.101     4.206 r  npu_system_i/tinynpu_0/inst/u_icg_dma/u_bufgce/O
                         net (fo=125, routed)         1.745     5.951    npu_system_i/tinynpu_0/inst/u_dma/CLK
    SLICE_X27Y42         FDRE                                         r  npu_system_i/tinynpu_0/inst/u_dma/FSM_sequential_state_reg[1]/C
                         clock pessimism             -0.115     5.836    
    SLICE_X27Y42         FDRE (Hold_fdre_C_D)         0.269     6.105    npu_system_i/tinynpu_0/inst/u_dma/FSM_sequential_state_reg[1]
  -------------------------------------------------------------------
                         required time                         -6.105    
                         arrival time                           6.157    
  -------------------------------------------------------------------
                         slack                                  0.052    

Slack (MET) :             0.053ns  (arrival time - required time)
  Source:                 npu_system_i/tinynpu_0/inst/u_dw/gen_mult_ch[0].gen_mult_k[0].u_mult/sum_low_reg[11]/C
                            (rising edge-triggered cell FDRE clocked by clk_fpga_0  {rise@0.000ns fall@4.000ns period=8.000ns})
  Destination:            npu_system_i/tinynpu_0/inst/u_dw/gen_mult_ch[0].gen_mult_k[0].u_mult/p_reg[12]/D
                            (rising edge-triggered cell FDRE clocked by clk_fpga_0  {rise@0.000ns fall@4.000ns period=8.000ns})
  Path Group:             clk_fpga_0
  Path Type:              Hold (Min at Fast Process Corner)
  Requirement:            0.000ns  (clk_fpga_0 rise@0.000ns - clk_fpga_0 rise@0.000ns)
  Data Path Delay:        0.441ns  (logic 0.311ns (70.464%)  route 0.130ns (29.536%))
  Logic Levels:           2  (CARRY4=2)
  Clock Path Skew:        0.254ns (DCD - SCD - CPR)
    Destination Clock Delay (DCD):    2.345ns
    Source Clock Delay      (SCD):    1.766ns
    Clock Pessimism Removal (CPR):    0.325ns

    Location             Delay type                Incr(ns)  Path(ns)    Netlist Resource(s)
  -------------------------------------------------------------------    -------------------
                         (clock clk_fpga_0 rise edge)
                                                      0.000     0.000 r  
    PS7_X0Y0             PS7                          0.000     0.000 r  npu_system_i/ps7/inst/PS7_i/FCLKCLK[0]
                         net (fo=1, routed)           0.310     0.310    npu_system_i/ps7/inst/FCLK_CLK_unbuffered[0]
    BUFGCTRL_X0Y16       BUFG (Prop_bufg_I_O)         0.026     0.336 r  npu_system_i/ps7/inst/buffer_fclk_clk_0.FCLK_CLK_0_BUFG/O
                         net (fo=6213, routed)        0.855     1.191    npu_system_i/tinynpu_0/inst/u_icg_compute/aclk
    BUFGCTRL_X0Y2        BUFGCTRL (Prop_bufgctrl_I0_O)
                                                      0.026     1.217 r  npu_system_i/tinynpu_0/inst/u_icg_compute/u_bufgce/O
                         net (fo=44557, routed)       0.549     1.766    npu_system_i/tinynpu_0/inst/u_dw/gen_mult_ch[0].gen_mult_k[0].u_mult/sum_low_reg[14]_0
    SLICE_X48Y22         FDRE                                         r  npu_system_i/tinynpu_0/inst/u_dw/gen_mult_ch[0].gen_mult_k[0].u_mult/sum_low_reg[11]/C
  -------------------------------------------------------------------    -------------------
    SLICE_X48Y22         FDRE (Prop_fdre_C_Q)         0.141     1.907 r  npu_system_i/tinynpu_0/inst/u_dw/gen_mult_ch[0].gen_mult_k[0].u_mult/sum_low_reg[11]/Q
                         net (fo=2, routed)           0.130     2.037    npu_system_i/tinynpu_0/u_dw/gen_mult_ch[0].gen_mult_k[0].u_mult/sum_low[11]
    SLICE_X50Y22         CARRY4 (Prop_carry4_DI[3]_CO[3])
                                                      0.117     2.154 r  npu_system_i/tinynpu_0/gen_mult_ch[0].gen_mult_k[0].u_mult/p_reg[11]_i_1/CO[3]
                         net (fo=1, routed)           0.000     2.154    npu_system_i/tinynpu_0/inst/u_dw/gen_mult_ch[0].gen_mult_k[0].u_mult/CO[0]
    SLICE_X50Y23         CARRY4 (Prop_carry4_CI_O[0])
                                                      0.053     2.207 r  npu_system_i/tinynpu_0/inst/u_dw/gen_mult_ch[0].gen_mult_k[0].u_mult/p_reg[15]_i_1/O[0]
                         net (fo=1, routed)           0.000     2.207    npu_system_i/tinynpu_0/inst/u_dw/gen_mult_ch[0].gen_mult_k[0].u_mult/p_reg[15]_i_1_n_7
    SLICE_X50Y23         FDRE                                         r  npu_system_i/tinynpu_0/inst/u_dw/gen_mult_ch[0].gen_mult_k[0].u_mult/p_reg[12]/D
  -------------------------------------------------------------------    -------------------

                         (clock clk_fpga_0 rise edge)
                                                      0.000     0.000 r  
    PS7_X0Y0             PS7                          0.000     0.000 r  npu_system_i/ps7/inst/PS7_i/FCLKCLK[0]
                         net (fo=1, routed)           0.337     0.337    npu_system_i/ps7/inst/FCLK_CLK_unbuffered[0]
    BUFGCTRL_X0Y16       BUFG (Prop_bufg_I_O)         0.029     0.366 r  npu_system_i/ps7/inst/buffer_fclk_clk_0.FCLK_CLK_0_BUFG/O
                         net (fo=6213, routed)        1.142     1.508    npu_system_i/tinynpu_0/inst/u_icg_compute/aclk
    BUFGCTRL_X0Y2        BUFGCTRL (Prop_bufgctrl_I0_O)
                                                      0.029     1.537 r  npu_system_i/tinynpu_0/inst/u_icg_compute/u_bufgce/O
                         net (fo=44557, routed)       0.808     2.345    npu_system_i/tinynpu_0/inst/u_dw/gen_mult_ch[0].gen_mult_k[0].u_mult/sum_low_reg[14]_0
    SLICE_X50Y23         FDRE                                         r  npu_system_i/tinynpu_0/inst/u_dw/gen_mult_ch[0].gen_mult_k[0].u_mult/p_reg[12]/C
                         clock pessimism             -0.325     2.020    
    SLICE_X50Y23         FDRE (Hold_fdre_C_D)         0.134     2.154    npu_system_i/tinynpu_0/inst/u_dw/gen_mult_ch[0].gen_mult_k[0].u_mult/p_reg[12]
  -------------------------------------------------------------------
                         required time                         -2.154    
                         arrival time                           2.207    
  -------------------------------------------------------------------
                         slack                                  0.053    

Slack (MET) :             0.053ns  (arrival time - required time)
  Source:                 npu_system_i/tinynpu_0/inst/u_weight_buf/weight_data_reg[2][3][6]/C
                            (rising edge-triggered cell FDRE clocked by clk_fpga_0  {rise@0.000ns fall@4.000ns period=8.000ns})
  Destination:            npu_system_i/tinynpu_0/inst/u_systolic/row[2].col[3].pe_inst/weight_reg_reg[6]/D
                            (rising edge-triggered cell FDCE clocked by clk_fpga_0  {rise@0.000ns fall@4.000ns period=8.000ns})
  Path Group:             clk_fpga_0
  Path Type:              Hold (Min at Slow Process Corner)
  Requirement:            0.000ns  (clk_fpga_0 rise@0.000ns - clk_fpga_0 rise@0.000ns)
  Data Path Delay:        3.236ns  (logic 0.337ns (10.414%)  route 2.899ns (89.586%))
  Logic Levels:           0  
  Clock Path Skew:        3.144ns (DCD - SCD - CPR)
    Destination Clock Delay (DCD):    5.998ns
    Source Clock Delay      (SCD):    2.739ns
    Clock Pessimism Removal (CPR):    0.115ns

    Location             Delay type                Incr(ns)  Path(ns)    Netlist Resource(s)
  -------------------------------------------------------------------    -------------------
                         (clock clk_fpga_0 rise edge)
                                                      0.000     0.000 r  
    PS7_X0Y0             PS7                          0.000     0.000 r  npu_system_i/ps7/inst/PS7_i/FCLKCLK[0]
                         net (fo=1, routed)           1.088     1.088    npu_system_i/ps7/inst/FCLK_CLK_unbuffered[0]
    BUFGCTRL_X0Y16       BUFG (Prop_bufg_I_O)         0.091     1.179 r  npu_system_i/ps7/inst/buffer_fclk_clk_0.FCLK_CLK_0_BUFG/O
                         net (fo=6213, routed)        1.560     2.739    npu_system_i/tinynpu_0/inst/u_weight_buf/aclk
    SLICE_X81Y9          FDRE                                         r  npu_system_i/tinynpu_0/inst/u_weight_buf/weight_data_reg[2][3][6]/C
  -------------------------------------------------------------------    -------------------
    SLICE_X81Y9          FDRE (Prop_fdre_C_Q)         0.337     3.076 r  npu_system_i/tinynpu_0/inst/u_weight_buf/weight_data_reg[2][3][6]/Q
                         net (fo=2, routed)           2.899     5.975    npu_system_i/tinynpu_0/inst/u_systolic/row[2].col[3].pe_inst/weight_data_flat[6]
    SLICE_X91Y14         FDCE                                         r  npu_system_i/tinynpu_0/inst/u_systolic/row[2].col[3].pe_inst/weight_reg_reg[6]/D
  -------------------------------------------------------------------    -------------------

                         (clock clk_fpga_0 rise edge)
                                                      0.000     0.000 r  
    PS7_X0Y0             PS7                          0.000     0.000 r  npu_system_i/ps7/inst/PS7_i/FCLKCLK[0]
                         net (fo=1, routed)           1.193     1.193    npu_system_i/ps7/inst/FCLK_CLK_unbuffered[0]
    BUFGCTRL_X0Y16       BUFG (Prop_bufg_I_O)         0.101     1.294 r  npu_system_i/ps7/inst/buffer_fclk_clk_0.FCLK_CLK_0_BUFG/O
                         net (fo=6213, routed)        2.811     4.105    npu_system_i/tinynpu_0/inst/u_icg_compute/aclk
    BUFGCTRL_X0Y2        BUFGCTRL (Prop_bufgctrl_I0_O)
                                                      0.101     4.206 r  npu_system_i/tinynpu_0/inst/u_icg_compute/u_bufgce/O
                         net (fo=44557, routed)       1.792     5.998    npu_system_i/tinynpu_0/inst/u_systolic/row[2].col[3].pe_inst/mul_s10_1
    SLICE_X91Y14         FDCE                                         r  npu_system_i/tinynpu_0/inst/u_systolic/row[2].col[3].pe_inst/weight_reg_reg[6]/C
                         clock pessimism             -0.115     5.883    
    SLICE_X91Y14         FDCE (Hold_fdce_C_D)         0.039     5.922    npu_system_i/tinynpu_0/inst/u_systolic/row[2].col[3].pe_inst/weight_reg_reg[6]
  -------------------------------------------------------------------
                         required time                         -5.922    
                         arrival time                           5.975    
  -------------------------------------------------------------------
                         slack                                  0.053    

Slack (MET) :             0.053ns  (arrival time - required time)
  Source:                 npu_system_i/tinynpu_0/inst/u_weight_buf/weight_data_reg[19][5][6]/C
                            (rising edge-triggered cell FDRE clocked by clk_fpga_0  {rise@0.000ns fall@4.000ns period=8.000ns})
  Destination:            npu_system_i/tinynpu_0/inst/u_dw/w_reg_reg[17][4][6]/D
                            (rising edge-triggered cell FDRE clocked by clk_fpga_0  {rise@0.000ns fall@4.000ns period=8.000ns})
  Path Group:             clk_fpga_0
  Path Type:              Hold (Min at Slow Process Corner)
  Requirement:            0.000ns  (clk_fpga_0 rise@0.000ns - clk_fpga_0 rise@0.000ns)
  Data Path Delay:        3.219ns  (logic 0.337ns (10.468%)  route 2.882ns (89.532%))
  Logic Levels:           0  
  Clock Path Skew:        3.109ns (DCD - SCD - CPR)
    Destination Clock Delay (DCD):    6.184ns
    Source Clock Delay      (SCD):    2.960ns
    Clock Pessimism Removal (CPR):    0.115ns

    Location             Delay type                Incr(ns)  Path(ns)    Netlist Resource(s)
  -------------------------------------------------------------------    -------------------
                         (clock clk_fpga_0 rise edge)
                                                      0.000     0.000 r  
    PS7_X0Y0             PS7                          0.000     0.000 r  npu_system_i/ps7/inst/PS7_i/FCLKCLK[0]
                         net (fo=1, routed)           1.088     1.088    npu_system_i/ps7/inst/FCLK_CLK_unbuffered[0]
    BUFGCTRL_X0Y16       BUFG (Prop_bufg_I_O)         0.091     1.179 r  npu_system_i/ps7/inst/buffer_fclk_clk_0.FCLK_CLK_0_BUFG/O
                         net (fo=6213, routed)        1.781     2.960    npu_system_i/tinynpu_0/inst/u_weight_buf/aclk
    SLICE_X101Y142       FDRE                                         r  npu_system_i/tinynpu_0/inst/u_weight_buf/weight_data_reg[19][5][6]/C
  -------------------------------------------------------------------    -------------------
    SLICE_X101Y142       FDRE (Prop_fdre_C_Q)         0.337     3.297 r  npu_system_i/tinynpu_0/inst/u_weight_buf/weight_data_reg[19][5][6]/Q
                         net (fo=2, routed)           2.882     6.179    npu_system_i/tinynpu_0/inst/u_dw/weight_data_flat[953]
    SLICE_X97Y142        FDRE                                         r  npu_system_i/tinynpu_0/inst/u_dw/w_reg_reg[17][4][6]/D
  -------------------------------------------------------------------    -------------------

                         (clock clk_fpga_0 rise edge)
                                                      0.000     0.000 r  
    PS7_X0Y0             PS7                          0.000     0.000 r  npu_system_i/ps7/inst/PS7_i/FCLKCLK[0]
                         net (fo=1, routed)           1.193     1.193    npu_system_i/ps7/inst/FCLK_CLK_unbuffered[0]
    BUFGCTRL_X0Y16       BUFG (Prop_bufg_I_O)         0.101     1.294 r  npu_system_i/ps7/inst/buffer_fclk_clk_0.FCLK_CLK_0_BUFG/O
                         net (fo=6213, routed)        2.811     4.105    npu_system_i/tinynpu_0/inst/u_icg_compute/aclk
    BUFGCTRL_X0Y2        BUFGCTRL (Prop_bufgctrl_I0_O)
                                                      0.101     4.206 r  npu_system_i/tinynpu_0/inst/u_icg_compute/u_bufgce/O
                         net (fo=44557, routed)       1.978     6.184    npu_system_i/tinynpu_0/inst/u_dw/p_reg[15]
    SLICE_X97Y142        FDRE                                         r  npu_system_i/tinynpu_0/inst/u_dw/w_reg_reg[17][4][6]/C
                         clock pessimism             -0.115     6.069    
    SLICE_X97Y142        FDRE (Hold_fdre_C_D)         0.057     6.126    npu_system_i/tinynpu_0/inst/u_dw/w_reg_reg[17][4][6]
  -------------------------------------------------------------------
                         required time                         -6.126    
                         arrival time                           6.179    
  -------------------------------------------------------------------
                         slack                                  0.053    

Slack (MET) :             0.054ns  (arrival time - required time)
  Source:                 npu_system_i/tinynpu_0/inst/u_weight_buf/weight_data_reg[7][1][7]/C
                            (rising edge-triggered cell FDRE clocked by clk_fpga_0  {rise@0.000ns fall@4.000ns period=8.000ns})
  Destination:            npu_system_i/tinynpu_0/inst/u_systolic/row[7].col[1].pe_inst/weight_reg_reg[7]/D
                            (rising edge-triggered cell FDCE clocked by clk_fpga_0  {rise@0.000ns fall@4.000ns period=8.000ns})
  Path Group:             clk_fpga_0
  Path Type:              Hold (Min at Slow Process Corner)
  Requirement:            0.000ns  (clk_fpga_0 rise@0.000ns - clk_fpga_0 rise@0.000ns)
  Data Path Delay:        3.254ns  (logic 0.337ns (10.357%)  route 2.917ns (89.643%))
  Logic Levels:           0  
  Clock Path Skew:        3.144ns (DCD - SCD - CPR)
    Destination Clock Delay (DCD):    5.999ns
    Source Clock Delay      (SCD):    2.740ns
    Clock Pessimism Removal (CPR):    0.115ns

    Location             Delay type                Incr(ns)  Path(ns)    Netlist Resource(s)
  -------------------------------------------------------------------    -------------------
                         (clock clk_fpga_0 rise edge)
                                                      0.000     0.000 r  
    PS7_X0Y0             PS7                          0.000     0.000 r  npu_system_i/ps7/inst/PS7_i/FCLKCLK[0]
                         net (fo=1, routed)           1.088     1.088    npu_system_i/ps7/inst/FCLK_CLK_unbuffered[0]
    BUFGCTRL_X0Y16       BUFG (Prop_bufg_I_O)         0.091     1.179 r  npu_system_i/ps7/inst/buffer_fclk_clk_0.FCLK_CLK_0_BUFG/O
                         net (fo=6213, routed)        1.561     2.740    npu_system_i/tinynpu_0/inst/u_weight_buf/aclk
    SLICE_X84Y7          FDRE                                         r  npu_system_i/tinynpu_0/inst/u_weight_buf/weight_data_reg[7][1][7]/C
  -------------------------------------------------------------------    -------------------
    SLICE_X84Y7          FDRE (Prop_fdre_C_Q)         0.337     3.077 r  npu_system_i/tinynpu_0/inst/u_weight_buf/weight_data_reg[7][1][7]/Q
                         net (fo=2, routed)           2.917     5.994    npu_system_i/tinynpu_0/inst/u_systolic/row[7].col[1].pe_inst/weight_data_flat[7]
    SLICE_X93Y12         FDCE                                         r  npu_system_i/tinynpu_0/inst/u_systolic/row[7].col[1].pe_inst/weight_reg_reg[7]/D
  -------------------------------------------------------------------    -------------------

                         (clock clk_fpga_0 rise edge)
                                                      0.000     0.000 r  
    PS7_X0Y0             PS7                          0.000     0.000 r  npu_system_i/ps7/inst/PS7_i/FCLKCLK[0]
                         net (fo=1, routed)           1.193     1.193    npu_system_i/ps7/inst/FCLK_CLK_unbuffered[0]
    BUFGCTRL_X0Y16       BUFG (Prop_bufg_I_O)         0.101     1.294 r  npu_system_i/ps7/inst/buffer_fclk_clk_0.FCLK_CLK_0_BUFG/O
                         net (fo=6213, routed)        2.811     4.105    npu_system_i/tinynpu_0/inst/u_icg_compute/aclk
    BUFGCTRL_X0Y2        BUFGCTRL (Prop_bufgctrl_I0_O)
                                                      0.101     4.206 r  npu_system_i/tinynpu_0/inst/u_icg_compute/u_bufgce/O
                         net (fo=44557, routed)       1.793     5.999    npu_system_i/tinynpu_0/inst/u_systolic/row[7].col[1].pe_inst/mul_s10_0
    SLICE_X93Y12         FDCE                                         r  npu_system_i/tinynpu_0/inst/u_systolic/row[7].col[1].pe_inst/weight_reg_reg[7]/C
                         clock pessimism             -0.115     5.884    
    SLICE_X93Y12         FDCE (Hold_fdce_C_D)         0.056     5.940    npu_system_i/tinynpu_0/inst/u_systolic/row[7].col[1].pe_inst/weight_reg_reg[7]
  -------------------------------------------------------------------
                         required time                         -5.940    
                         arrival time                           5.994    
  -------------------------------------------------------------------
                         slack                                  0.054    

Slack (MET) :             0.055ns  (arrival time - required time)
  Source:                 npu_system_i/tinynpu_0/inst/u_weight_buf/weight_data_reg[15][7][0]/C
                            (rising edge-triggered cell FDRE clocked by clk_fpga_0  {rise@0.000ns fall@4.000ns period=8.000ns})
  Destination:            npu_system_i/tinynpu_0/inst/u_systolic/row[15].col[7].pe_inst/weight_reg_reg[0]/D
                            (rising edge-triggered cell FDCE clocked by clk_fpga_0  {rise@0.000ns fall@4.000ns period=8.000ns})
  Path Group:             clk_fpga_0
  Path Type:              Hold (Min at Slow Process Corner)
  Requirement:            0.000ns  (clk_fpga_0 rise@0.000ns - clk_fpga_0 rise@0.000ns)
  Data Path Delay:        3.298ns  (logic 0.418ns (12.676%)  route 2.880ns (87.324%))
  Logic Levels:           0  
  Clock Path Skew:        3.050ns (DCD - SCD - CPR)
    Destination Clock Delay (DCD):    5.860ns
    Source Clock Delay      (SCD):    2.695ns
    Clock Pessimism Removal (CPR):    0.115ns

    Location             Delay type                Incr(ns)  Path(ns)    Netlist Resource(s)
  -------------------------------------------------------------------    -------------------
                         (clock clk_fpga_0 rise edge)
                                                      0.000     0.000 r  
    PS7_X0Y0             PS7                          0.000     0.000 r  npu_system_i/ps7/inst/PS7_i/FCLKCLK[0]
                         net (fo=1, routed)           1.088     1.088    npu_system_i/ps7/inst/FCLK_CLK_unbuffered[0]
    BUFGCTRL_X0Y16       BUFG (Prop_bufg_I_O)         0.091     1.179 r  npu_system_i/ps7/inst/buffer_fclk_clk_0.FCLK_CLK_0_BUFG/O
                         net (fo=6213, routed)        1.516     2.695    npu_system_i/tinynpu_0/inst/u_weight_buf/aclk
    SLICE_X26Y85         FDRE                                         r  npu_system_i/tinynpu_0/inst/u_weight_buf/weight_data_reg[15][7][0]/C
  -------------------------------------------------------------------    -------------------
    SLICE_X26Y85         FDRE (Prop_fdre_C_Q)         0.418     3.113 r  npu_system_i/tinynpu_0/inst/u_weight_buf/weight_data_reg[15][7][0]/Q
                         net (fo=2, routed)           2.880     5.992    npu_system_i/tinynpu_0/inst/u_systolic/row[15].col[7].pe_inst/weight_data_flat[0]
    SLICE_X47Y94         FDCE                                         r  npu_system_i/tinynpu_0/inst/u_systolic/row[15].col[7].pe_inst/weight_reg_reg[0]/D
  -------------------------------------------------------------------    -------------------

                         (clock clk_fpga_0 rise edge)
                                                      0.000     0.000 r  
    PS7_X0Y0             PS7                          0.000     0.000 r  npu_system_i/ps7/inst/PS7_i/FCLKCLK[0]
                         net (fo=1, routed)           1.193     1.193    npu_system_i/ps7/inst/FCLK_CLK_unbuffered[0]
    BUFGCTRL_X0Y16       BUFG (Prop_bufg_I_O)         0.101     1.294 r  npu_system_i/ps7/inst/buffer_fclk_clk_0.FCLK_CLK_0_BUFG/O
                         net (fo=6213, routed)        2.811     4.105    npu_system_i/tinynpu_0/inst/u_icg_compute/aclk
    BUFGCTRL_X0Y2        BUFGCTRL (Prop_bufgctrl_I0_O)
                                                      0.101     4.206 r  npu_system_i/tinynpu_0/inst/u_icg_compute/u_bufgce/O
                         net (fo=44557, routed)       1.654     5.860    npu_system_i/tinynpu_0/inst/u_systolic/row[15].col[7].pe_inst/mul_s10_1
    SLICE_X47Y94         FDCE                                         r  npu_system_i/tinynpu_0/inst/u_systolic/row[15].col[7].pe_inst/weight_reg_reg[0]/C
                         clock pessimism             -0.115     5.745    
    SLICE_X47Y94         FDCE (Hold_fdce_C_D)         0.192     5.937    npu_system_i/tinynpu_0/inst/u_systolic/row[15].col[7].pe_inst/weight_reg_reg[0]
  -------------------------------------------------------------------
                         required time                         -5.937    
                         arrival time                           5.992    
  -------------------------------------------------------------------
                         slack                                  0.055    

Slack (MET) :             0.056ns  (arrival time - required time)
  Source:                 npu_system_i/tinynpu_0/inst/u_weight_buf/weight_data_reg[16][2][4]/C
                            (rising edge-triggered cell FDRE clocked by clk_fpga_0  {rise@0.000ns fall@4.000ns period=8.000ns})
  Destination:            npu_system_i/tinynpu_0/inst/u_dw/w_reg_reg[14][4][4]/D
                            (rising edge-triggered cell FDRE clocked by clk_fpga_0  {rise@0.000ns fall@4.000ns period=8.000ns})
  Path Group:             clk_fpga_0
  Path Type:              Hold (Min at Slow Process Corner)
  Requirement:            0.000ns  (clk_fpga_0 rise@0.000ns - clk_fpga_0 rise@0.000ns)
  Data Path Delay:        3.198ns  (logic 0.337ns (10.537%)  route 2.861ns (89.463%))
  Logic Levels:           0  
  Clock Path Skew:        3.089ns (DCD - SCD - CPR)
    Destination Clock Delay (DCD):    5.858ns
    Source Clock Delay      (SCD):    2.654ns
    Clock Pessimism Removal (CPR):    0.115ns

    Location             Delay type                Incr(ns)  Path(ns)    Netlist Resource(s)
  -------------------------------------------------------------------    -------------------
                         (clock clk_fpga_0 rise edge)
                                                      0.000     0.000 r  
    PS7_X0Y0             PS7                          0.000     0.000 r  npu_system_i/ps7/inst/PS7_i/FCLKCLK[0]
                         net (fo=1, routed)           1.088     1.088    npu_system_i/ps7/inst/FCLK_CLK_unbuffered[0]
    BUFGCTRL_X0Y16       BUFG (Prop_bufg_I_O)         0.091     1.179 r  npu_system_i/ps7/inst/buffer_fclk_clk_0.FCLK_CLK_0_BUFG/O
                         net (fo=6213, routed)        1.475     2.654    npu_system_i/tinynpu_0/inst/u_weight_buf/aclk
    SLICE_X49Y90         FDRE                                         r  npu_system_i/tinynpu_0/inst/u_weight_buf/weight_data_reg[16][2][4]/C
  -------------------------------------------------------------------    -------------------
    SLICE_X49Y90         FDRE (Prop_fdre_C_Q)         0.337     2.991 r  npu_system_i/tinynpu_0/inst/u_weight_buf/weight_data_reg[16][2][4]/Q
                         net (fo=2, routed)           2.861     5.852    npu_system_i/tinynpu_0/inst/u_dw/weight_data_flat[742]
    SLICE_X49Y91         FDRE                                         r  npu_system_i/tinynpu_0/inst/u_dw/w_reg_reg[14][4][4]/D
  -------------------------------------------------------------------    -------------------

                         (clock clk_fpga_0 rise edge)
                                                      0.000     0.000 r  
    PS7_X0Y0             PS7                          0.000     0.000 r  npu_system_i/ps7/inst/PS7_i/FCLKCLK[0]
                         net (fo=1, routed)           1.193     1.193    npu_system_i/ps7/inst/FCLK_CLK_unbuffered[0]
    BUFGCTRL_X0Y16       BUFG (Prop_bufg_I_O)         0.101     1.294 r  npu_system_i/ps7/inst/buffer_fclk_clk_0.FCLK_CLK_0_BUFG/O
                         net (fo=6213, routed)        2.811     4.105    npu_system_i/tinynpu_0/inst/u_icg_compute/aclk
    BUFGCTRL_X0Y2        BUFGCTRL (Prop_bufgctrl_I0_O)
                                                      0.101     4.206 r  npu_system_i/tinynpu_0/inst/u_icg_compute/u_bufgce/O
                         net (fo=44557, routed)       1.652     5.858    npu_system_i/tinynpu_0/inst/u_dw/p_reg[15]
    SLICE_X49Y91         FDRE                                         r  npu_system_i/tinynpu_0/inst/u_dw/w_reg_reg[14][4][4]/C
                         clock pessimism             -0.115     5.743    
    SLICE_X49Y91         FDRE (Hold_fdre_C_D)         0.053     5.796    npu_system_i/tinynpu_0/inst/u_dw/w_reg_reg[14][4][4]
  -------------------------------------------------------------------
                         required time                         -5.796    
                         arrival time                           5.852    
  -------------------------------------------------------------------
                         slack                                  0.056    

Slack (MET) :             0.058ns  (arrival time - required time)
  Source:                 npu_system_i/tinynpu_0/inst/u_weight_buf/weight_data_reg[8][1][3]/C
                            (rising edge-triggered cell FDRE clocked by clk_fpga_0  {rise@0.000ns fall@4.000ns period=8.000ns})
  Destination:            npu_system_i/tinynpu_0/inst/u_systolic/row[8].col[1].pe_inst/weight_reg_reg[3]/D
                            (rising edge-triggered cell FDCE clocked by clk_fpga_0  {rise@0.000ns fall@4.000ns period=8.000ns})
  Path Group:             clk_fpga_0
  Path Type:              Hold (Min at Slow Process Corner)
  Requirement:            0.000ns  (clk_fpga_0 rise@0.000ns - clk_fpga_0 rise@0.000ns)
  Data Path Delay:        3.380ns  (logic 0.418ns (12.368%)  route 2.962ns (87.632%))
  Logic Levels:           0  
  Clock Path Skew:        3.086ns (DCD - SCD - CPR)
    Destination Clock Delay (DCD):    6.005ns
    Source Clock Delay      (SCD):    2.804ns
    Clock Pessimism Removal (CPR):    0.115ns

    Location             Delay type                Incr(ns)  Path(ns)    Netlist Resource(s)
  -------------------------------------------------------------------    -------------------
                         (clock clk_fpga_0 rise edge)
                                                      0.000     0.000 r  
    PS7_X0Y0             PS7                          0.000     0.000 r  npu_system_i/ps7/inst/PS7_i/FCLKCLK[0]
                         net (fo=1, routed)           1.088     1.088    npu_system_i/ps7/inst/FCLK_CLK_unbuffered[0]
    BUFGCTRL_X0Y16       BUFG (Prop_bufg_I_O)         0.091     1.179 r  npu_system_i/ps7/inst/buffer_fclk_clk_0.FCLK_CLK_0_BUFG/O
                         net (fo=6213, routed)        1.625     2.804    npu_system_i/tinynpu_0/inst/u_weight_buf/aclk
    SLICE_X100Y4         FDRE                                         r  npu_system_i/tinynpu_0/inst/u_weight_buf/weight_data_reg[8][1][3]/C
  -------------------------------------------------------------------    -------------------
    SLICE_X100Y4         FDRE (Prop_fdre_C_Q)         0.418     3.222 r  npu_system_i/tinynpu_0/inst/u_weight_buf/weight_data_reg[8][1][3]/Q
                         net (fo=1, routed)           2.962     6.184    npu_system_i/tinynpu_0/inst/u_systolic/row[8].col[1].pe_inst/weight_data_flat[3]
    SLICE_X100Y5         FDCE                                         r  npu_system_i/tinynpu_0/inst/u_systolic/row[8].col[1].pe_inst/weight_reg_reg[3]/D
  -------------------------------------------------------------------    -------------------

                         (clock clk_fpga_0 rise edge)
                                                      0.000     0.000 r  
    PS7_X0Y0             PS7                          0.000     0.000 r  npu_system_i/ps7/inst/PS7_i/FCLKCLK[0]
                         net (fo=1, routed)           1.193     1.193    npu_system_i/ps7/inst/FCLK_CLK_unbuffered[0]
    BUFGCTRL_X0Y16       BUFG (Prop_bufg_I_O)         0.101     1.294 r  npu_system_i/ps7/inst/buffer_fclk_clk_0.FCLK_CLK_0_BUFG/O
                         net (fo=6213, routed)        2.811     4.105    npu_system_i/tinynpu_0/inst/u_icg_compute/aclk
    BUFGCTRL_X0Y2        BUFGCTRL (Prop_bufgctrl_I0_O)
                                                      0.101     4.206 r  npu_system_i/tinynpu_0/inst/u_icg_compute/u_bufgce/O
                         net (fo=44557, routed)       1.799     6.005    npu_system_i/tinynpu_0/inst/u_systolic/row[8].col[1].pe_inst/mul_s10_1
    SLICE_X100Y5         FDCE                                         r  npu_system_i/tinynpu_0/inst/u_systolic/row[8].col[1].pe_inst/weight_reg_reg[3]/C
                         clock pessimism             -0.115     5.890    
    SLICE_X100Y5         FDCE (Hold_fdce_C_D)         0.236     6.126    npu_system_i/tinynpu_0/inst/u_systolic/row[8].col[1].pe_inst/weight_reg_reg[3]
  -------------------------------------------------------------------
                         required time                         -6.126    
                         arrival time                           6.184    
  -------------------------------------------------------------------
                         slack                                  0.058    

Slack (MET) :             0.058ns  (arrival time - required time)
  Source:                 npu_system_i/tinynpu_0/inst/u_dw/gen_mult_ch[15].gen_mult_k[4].u_mult/sum_high_reg[15]/C
                            (rising edge-triggered cell FDRE clocked by clk_fpga_0  {rise@0.000ns fall@4.000ns period=8.000ns})
  Destination:            npu_system_i/tinynpu_0/inst/u_dw/gen_mult_ch[15].gen_mult_k[4].u_mult/p_reg[15]/D
                            (rising edge-triggered cell FDRE clocked by clk_fpga_0  {rise@0.000ns fall@4.000ns period=8.000ns})
  Path Group:             clk_fpga_0
  Path Type:              Hold (Min at Fast Process Corner)
  Requirement:            0.000ns  (clk_fpga_0 rise@0.000ns - clk_fpga_0 rise@0.000ns)
  Data Path Delay:        0.428ns  (logic 0.249ns (58.216%)  route 0.179ns (41.784%))
  Logic Levels:           2  (CARRY4=1 LUT2=1)
  Clock Path Skew:        0.264ns (DCD - SCD - CPR)
    Destination Clock Delay (DCD):    2.347ns
    Source Clock Delay      (SCD):    1.758ns
    Clock Pessimism Removal (CPR):    0.325ns

    Location             Delay type                Incr(ns)  Path(ns)    Netlist Resource(s)
  -------------------------------------------------------------------    -------------------
                         (clock clk_fpga_0 rise edge)
                                                      0.000     0.000 r  
    PS7_X0Y0             PS7                          0.000     0.000 r  npu_system_i/ps7/inst/PS7_i/FCLKCLK[0]
                         net (fo=1, routed)           0.310     0.310    npu_system_i/ps7/inst/FCLK_CLK_unbuffered[0]
    BUFGCTRL_X0Y16       BUFG (Prop_bufg_I_O)         0.026     0.336 r  npu_system_i/ps7/inst/buffer_fclk_clk_0.FCLK_CLK_0_BUFG/O
                         net (fo=6213, routed)        0.855     1.191    npu_system_i/tinynpu_0/inst/u_icg_compute/aclk
    BUFGCTRL_X0Y2        BUFGCTRL (Prop_bufgctrl_I0_O)
                                                      0.026     1.217 r  npu_system_i/tinynpu_0/inst/u_icg_compute/u_bufgce/O
                         net (fo=44557, routed)       0.541     1.758    npu_system_i/tinynpu_0/inst/u_dw/gen_mult_ch[15].gen_mult_k[4].u_mult/sum_low_reg[14]_0
    SLICE_X51Y75         FDRE                                         r  npu_system_i/tinynpu_0/inst/u_dw/gen_mult_ch[15].gen_mult_k[4].u_mult/sum_high_reg[15]/C
  -------------------------------------------------------------------    -------------------
    SLICE_X51Y75         FDRE (Prop_fdre_C_Q)         0.141     1.899 r  npu_system_i/tinynpu_0/inst/u_dw/gen_mult_ch[15].gen_mult_k[4].u_mult/sum_high_reg[15]/Q
                         net (fo=1, routed)           0.179     2.078    npu_system_i/tinynpu_0/inst/u_dw/gen_mult_ch[15].gen_mult_k[4].u_mult/sum_high[15]
    SLICE_X49Y74         LUT2 (Prop_lut2_I1_O)        0.045     2.123 r  npu_system_i/tinynpu_0/inst/u_dw/gen_mult_ch[15].gen_mult_k[4].u_mult/p[15]_i_2/O
                         net (fo=1, routed)           0.000     2.123    npu_system_i/tinynpu_0/inst/u_dw/gen_mult_ch[15].gen_mult_k[4].u_mult/p[15]_i_2_n_0
    SLICE_X49Y74         CARRY4 (Prop_carry4_S[3]_O[3])
                                                      0.063     2.186 r  npu_system_i/tinynpu_0/inst/u_dw/gen_mult_ch[15].gen_mult_k[4].u_mult/p_reg[15]_i_1/O[3]
                         net (fo=1, routed)           0.000     2.186    npu_system_i/tinynpu_0/inst/u_dw/gen_mult_ch[15].gen_mult_k[4].u_mult/p_reg[15]_i_1_n_4
    SLICE_X49Y74         FDRE                                         r  npu_system_i/tinynpu_0/inst/u_dw/gen_mult_ch[15].gen_mult_k[4].u_mult/p_reg[15]/D
  -------------------------------------------------------------------    -------------------

                         (clock clk_fpga_0 rise edge)
                                                      0.000     0.000 r  
    PS7_X0Y0             PS7                          0.000     0.000 r  npu_system_i/ps7/inst/PS7_i/FCLKCLK[0]
                         net (fo=1, routed)           0.337     0.337    npu_system_i/ps7/inst/FCLK_CLK_unbuffered[0]
    BUFGCTRL_X0Y16       BUFG (Prop_bufg_I_O)         0.029     0.366 r  npu_system_i/ps7/inst/buffer_fclk_clk_0.FCLK_CLK_0_BUFG/O
                         net (fo=6213, routed)        1.142     1.508    npu_system_i/tinynpu_0/inst/u_icg_compute/aclk
    BUFGCTRL_X0Y2        BUFGCTRL (Prop_bufgctrl_I0_O)
                                                      0.029     1.537 r  npu_system_i/tinynpu_0/inst/u_icg_compute/u_bufgce/O
                         net (fo=44557, routed)       0.810     2.347    npu_system_i/tinynpu_0/inst/u_dw/gen_mult_ch[15].gen_mult_k[4].u_mult/sum_low_reg[14]_0
    SLICE_X49Y74         FDRE                                         r  npu_system_i/tinynpu_0/inst/u_dw/gen_mult_ch[15].gen_mult_k[4].u_mult/p_reg[15]/C
                         clock pessimism             -0.325     2.022    
    SLICE_X49Y74         FDRE (Hold_fdre_C_D)         0.105     2.127    npu_system_i/tinynpu_0/inst/u_dw/gen_mult_ch[15].gen_mult_k[4].u_mult/p_reg[15]
  -------------------------------------------------------------------
                         required time                         -2.127    
                         arrival time                           2.186    
  -------------------------------------------------------------------
                         slack                                  0.058    

Slack (MET) :             0.059ns  (arrival time - required time)
  Source:                 npu_system_i/tinynpu_0/inst/u_dw/gen_mult_ch[13].gen_mult_k[6].u_mult/p_reg[11]/C
                            (rising edge-triggered cell FDRE clocked by clk_fpga_0  {rise@0.000ns fall@4.000ns period=8.000ns})
  Destination:            npu_system_i/tinynpu_0/inst/u_dw/psum9_reg[13][11]/D
                            (rising edge-triggered cell FDRE clocked by clk_fpga_0  {rise@0.000ns fall@4.000ns period=8.000ns})
  Path Group:             clk_fpga_0
  Path Type:              Hold (Min at Fast Process Corner)
  Requirement:            0.000ns  (clk_fpga_0 rise@0.000ns - clk_fpga_0 rise@0.000ns)
  Data Path Delay:        0.431ns  (logic 0.272ns (63.059%)  route 0.159ns (36.941%))
  Logic Levels:           2  (CARRY4=1 LUT4=1)
  Clock Path Skew:        0.267ns (DCD - SCD - CPR)
    Destination Clock Delay (DCD):    2.362ns
    Source Clock Delay      (SCD):    1.770ns
    Clock Pessimism Removal (CPR):    0.325ns

    Location             Delay type                Incr(ns)  Path(ns)    Netlist Resource(s)
  -------------------------------------------------------------------    -------------------
                         (clock clk_fpga_0 rise edge)
                                                      0.000     0.000 r  
    PS7_X0Y0             PS7                          0.000     0.000 r  npu_system_i/ps7/inst/PS7_i/FCLKCLK[0]
                         net (fo=1, routed)           0.310     0.310    npu_system_i/ps7/inst/FCLK_CLK_unbuffered[0]
    BUFGCTRL_X0Y16       BUFG (Prop_bufg_I_O)         0.026     0.336 r  npu_system_i/ps7/inst/buffer_fclk_clk_0.FCLK_CLK_0_BUFG/O
                         net (fo=6213, routed)        0.855     1.191    npu_system_i/tinynpu_0/inst/u_icg_compute/aclk
    BUFGCTRL_X0Y2        BUFGCTRL (Prop_bufgctrl_I0_O)
                                                      0.026     1.217 r  npu_system_i/tinynpu_0/inst/u_icg_compute/u_bufgce/O
                         net (fo=44557, routed)       0.553     1.770    npu_system_i/tinynpu_0/inst/u_dw/gen_mult_ch[13].gen_mult_k[6].u_mult/sum_low_reg[14]_0
    SLICE_X50Y58         FDRE                                         r  npu_system_i/tinynpu_0/inst/u_dw/gen_mult_ch[13].gen_mult_k[6].u_mult/p_reg[11]/C
  -------------------------------------------------------------------    -------------------
    SLICE_X50Y58         FDRE (Prop_fdre_C_Q)         0.164     1.934 r  npu_system_i/tinynpu_0/inst/u_dw/gen_mult_ch[13].gen_mult_k[6].u_mult/p_reg[11]/Q
                         net (fo=2, routed)           0.159     2.093    npu_system_i/tinynpu_0/inst/u_dw/gen_mult_ch[13].gen_mult_k[7].u_mult/psum9_reg[13][31]_1[11]
    SLICE_X48Y58         LUT4 (Prop_lut4_I2_O)        0.045     2.138 r  npu_system_i/tinynpu_0/inst/u_dw/gen_mult_ch[13].gen_mult_k[7].u_mult/psum9[13][11]_i_6/O
                         net (fo=1, routed)           0.000     2.138    npu_system_i/tinynpu_0/inst/u_dw/gen_mult_ch[13].gen_mult_k[7].u_mult/psum9[13][11]_i_6_n_0
    SLICE_X48Y58         CARRY4 (Prop_carry4_S[3]_O[3])
                                                      0.063     2.201 r  npu_system_i/tinynpu_0/inst/u_dw/gen_mult_ch[13].gen_mult_k[7].u_mult/psum9_reg[13][11]_i_1/O[3]
                         net (fo=1, routed)           0.000     2.201    npu_system_i/tinynpu_0/inst/u_dw/p_25_out[11]
    SLICE_X48Y58         FDRE                                         r  npu_system_i/tinynpu_0/inst/u_dw/psum9_reg[13][11]/D
  -------------------------------------------------------------------    -------------------

                         (clock clk_fpga_0 rise edge)
                                                      0.000     0.000 r  
    PS7_X0Y0             PS7                          0.000     0.000 r  npu_system_i/ps7/inst/PS7_i/FCLKCLK[0]
                         net (fo=1, routed)           0.337     0.337    npu_system_i/ps7/inst/FCLK_CLK_unbuffered[0]
    BUFGCTRL_X0Y16       BUFG (Prop_bufg_I_O)         0.029     0.366 r  npu_system_i/ps7/inst/buffer_fclk_clk_0.FCLK_CLK_0_BUFG/O
                         net (fo=6213, routed)        1.142     1.508    npu_system_i/tinynpu_0/inst/u_icg_compute/aclk
    BUFGCTRL_X0Y2        BUFGCTRL (Prop_bufgctrl_I0_O)
                                                      0.029     1.537 r  npu_system_i/tinynpu_0/inst/u_icg_compute/u_bufgce/O
                         net (fo=44557, routed)       0.825     2.362    npu_system_i/tinynpu_0/inst/u_dw/p_reg[15]
    SLICE_X48Y58         FDRE                                         r  npu_system_i/tinynpu_0/inst/u_dw/psum9_reg[13][11]/C
                         clock pessimism             -0.325     2.037    
    SLICE_X48Y58         FDRE (Hold_fdre_C_D)         0.105     2.142    npu_system_i/tinynpu_0/inst/u_dw/psum9_reg[13][11]
  -------------------------------------------------------------------
                         required time                         -2.142    
                         arrival time                           2.201    
  -------------------------------------------------------------------
                         slack                                  0.059    

Slack (MET) :             0.059ns  (arrival time - required time)
  Source:                 npu_system_i/tinynpu_0/inst/u_dw/gen_mult_ch[13].gen_mult_k[6].u_mult/p_reg[7]/C
                            (rising edge-triggered cell FDRE clocked by clk_fpga_0  {rise@0.000ns fall@4.000ns period=8.000ns})
  Destination:            npu_system_i/tinynpu_0/inst/u_dw/psum9_reg[13][7]/D
                            (rising edge-triggered cell FDRE clocked by clk_fpga_0  {rise@0.000ns fall@4.000ns period=8.000ns})
  Path Group:             clk_fpga_0
  Path Type:              Hold (Min at Fast Process Corner)
  Requirement:            0.000ns  (clk_fpga_0 rise@0.000ns - clk_fpga_0 rise@0.000ns)
  Data Path Delay:        0.431ns  (logic 0.272ns (63.059%)  route 0.159ns (36.941%))
  Logic Levels:           2  (CARRY4=1 LUT4=1)
  Clock Path Skew:        0.267ns (DCD - SCD - CPR)
    Destination Clock Delay (DCD):    2.362ns
    Source Clock Delay      (SCD):    1.770ns
    Clock Pessimism Removal (CPR):    0.325ns

    Location             Delay type                Incr(ns)  Path(ns)    Netlist Resource(s)
  -------------------------------------------------------------------    -------------------
                         (clock clk_fpga_0 rise edge)
                                                      0.000     0.000 r  
    PS7_X0Y0             PS7                          0.000     0.000 r  npu_system_i/ps7/inst/PS7_i/FCLKCLK[0]
                         net (fo=1, routed)           0.310     0.310    npu_system_i/ps7/inst/FCLK_CLK_unbuffered[0]
    BUFGCTRL_X0Y16       BUFG (Prop_bufg_I_O)         0.026     0.336 r  npu_system_i/ps7/inst/buffer_fclk_clk_0.FCLK_CLK_0_BUFG/O
                         net (fo=6213, routed)        0.855     1.191    npu_system_i/tinynpu_0/inst/u_icg_compute/aclk
    BUFGCTRL_X0Y2        BUFGCTRL (Prop_bufgctrl_I0_O)
                                                      0.026     1.217 r  npu_system_i/tinynpu_0/inst/u_icg_compute/u_bufgce/O
                         net (fo=44557, routed)       0.553     1.770    npu_system_i/tinynpu_0/inst/u_dw/gen_mult_ch[13].gen_mult_k[6].u_mult/sum_low_reg[14]_0
    SLICE_X50Y57         FDRE                                         r  npu_system_i/tinynpu_0/inst/u_dw/gen_mult_ch[13].gen_mult_k[6].u_mult/p_reg[7]/C
  -------------------------------------------------------------------    -------------------
    SLICE_X50Y57         FDRE (Prop_fdre_C_Q)         0.164     1.934 r  npu_system_i/tinynpu_0/inst/u_dw/gen_mult_ch[13].gen_mult_k[6].u_mult/p_reg[7]/Q
                         net (fo=2, routed)           0.159     2.093    npu_system_i/tinynpu_0/inst/u_dw/gen_mult_ch[13].gen_mult_k[7].u_mult/psum9_reg[13][31]_1[7]
    SLICE_X48Y57         LUT4 (Prop_lut4_I2_O)        0.045     2.138 r  npu_system_i/tinynpu_0/inst/u_dw/gen_mult_ch[13].gen_mult_k[7].u_mult/psum9[13][7]_i_6/O
                         net (fo=1, routed)           0.000     2.138    npu_system_i/tinynpu_0/inst/u_dw/gen_mult_ch[13].gen_mult_k[7].u_mult/psum9[13][7]_i_6_n_0
    SLICE_X48Y57         CARRY4 (Prop_carry4_S[3]_O[3])
                                                      0.063     2.201 r  npu_system_i/tinynpu_0/inst/u_dw/gen_mult_ch[13].gen_mult_k[7].u_mult/psum9_reg[13][7]_i_1/O[3]
                         net (fo=1, routed)           0.000     2.201    npu_system_i/tinynpu_0/inst/u_dw/p_25_out[7]
    SLICE_X48Y57         FDRE                                         r  npu_system_i/tinynpu_0/inst/u_dw/psum9_reg[13][7]/D
  -------------------------------------------------------------------    -------------------

                         (clock clk_fpga_0 rise edge)
                                                      0.000     0.000 r  
    PS7_X0Y0             PS7                          0.000     0.000 r  npu_system_i/ps7/inst/PS7_i/FCLKCLK[0]
                         net (fo=1, routed)           0.337     0.337    npu_system_i/ps7/inst/FCLK_CLK_unbuffered[0]
    BUFGCTRL_X0Y16       BUFG (Prop_bufg_I_O)         0.029     0.366 r  npu_system_i/ps7/inst/buffer_fclk_clk_0.FCLK_CLK_0_BUFG/O
                         net (fo=6213, routed)        1.142     1.508    npu_system_i/tinynpu_0/inst/u_icg_compute/aclk
    BUFGCTRL_X0Y2        BUFGCTRL (Prop_bufgctrl_I0_O)
                                                      0.029     1.537 r  npu_system_i/tinynpu_0/inst/u_icg_compute/u_bufgce/O
                         net (fo=44557, routed)       0.825     2.362    npu_system_i/tinynpu_0/inst/u_dw/p_reg[15]
    SLICE_X48Y57         FDRE                                         r  npu_system_i/tinynpu_0/inst/u_dw/psum9_reg[13][7]/C
                         clock pessimism             -0.325     2.037    
    SLICE_X48Y57         FDRE (Hold_fdre_C_D)         0.105     2.142    npu_system_i/tinynpu_0/inst/u_dw/psum9_reg[13][7]
  -------------------------------------------------------------------
                         required time                         -2.142    
                         arrival time                           2.201    
  -------------------------------------------------------------------
                         slack                                  0.059    

Slack (MET) :             0.060ns  (arrival time - required time)
  Source:                 npu_system_i/tinynpu_0/inst/u_dw/gen_mult_ch[7].gen_mult_k[0].u_mult/sum_high_reg[11]/C
                            (rising edge-triggered cell FDRE clocked by clk_fpga_0  {rise@0.000ns fall@4.000ns period=8.000ns})
  Destination:            npu_system_i/tinynpu_0/inst/u_dw/gen_mult_ch[7].gen_mult_k[0].u_mult/p_reg[11]/D
                            (rising edge-triggered cell FDRE clocked by clk_fpga_0  {rise@0.000ns fall@4.000ns period=8.000ns})
  Path Group:             clk_fpga_0
  Path Type:              Hold (Min at Fast Process Corner)
  Requirement:            0.000ns  (clk_fpga_0 rise@0.000ns - clk_fpga_0 rise@0.000ns)
  Data Path Delay:        0.430ns  (logic 0.272ns (63.279%)  route 0.158ns (36.721%))
  Logic Levels:           1  (CARRY4=1)
  Clock Path Skew:        0.265ns (DCD - SCD - CPR)
    Destination Clock Delay (DCD):    2.357ns
    Source Clock Delay      (SCD):    1.767ns
    Clock Pessimism Removal (CPR):    0.325ns

    Location             Delay type                Incr(ns)  Path(ns)    Netlist Resource(s)
  -------------------------------------------------------------------    -------------------
                         (clock clk_fpga_0 rise edge)
                                                      0.000     0.000 r  
    PS7_X0Y0             PS7                          0.000     0.000 r  npu_system_i/ps7/inst/PS7_i/FCLKCLK[0]
                         net (fo=1, routed)           0.310     0.310    npu_system_i/ps7/inst/FCLK_CLK_unbuffered[0]
    BUFGCTRL_X0Y16       BUFG (Prop_bufg_I_O)         0.026     0.336 r  npu_system_i/ps7/inst/buffer_fclk_clk_0.FCLK_CLK_0_BUFG/O
                         net (fo=6213, routed)        0.855     1.191    npu_system_i/tinynpu_0/inst/u_icg_compute/aclk
    BUFGCTRL_X0Y2        BUFGCTRL (Prop_bufgctrl_I0_O)
                                                      0.026     1.217 r  npu_system_i/tinynpu_0/inst/u_icg_compute/u_bufgce/O
                         net (fo=44557, routed)       0.550     1.767    npu_system_i/tinynpu_0/inst/u_dw/gen_mult_ch[7].gen_mult_k[0].u_mult/p_reg[15]_3
    SLICE_X50Y65         FDRE                                         r  npu_system_i/tinynpu_0/inst/u_dw/gen_mult_ch[7].gen_mult_k[0].u_mult/sum_high_reg[11]/C
  -------------------------------------------------------------------    -------------------
    SLICE_X50Y65         FDRE (Prop_fdre_C_Q)         0.164     1.931 r  npu_system_i/tinynpu_0/inst/u_dw/gen_mult_ch[7].gen_mult_k[0].u_mult/sum_high_reg[11]/Q
                         net (fo=1, routed)           0.158     2.089    npu_system_i/tinynpu_0/inst_n_2095
    SLICE_X48Y65         CARRY4 (Prop_carry4_S[3]_O[3])
                                                      0.108     2.197 r  npu_system_i/tinynpu_0/gen_mult_ch[7].gen_mult_k[0].u_mult/p_reg[11]_i_1/O[3]
                         net (fo=1, routed)           0.000     2.197    npu_system_i/tinynpu_0/inst/u_dw/gen_mult_ch[7].gen_mult_k[0].u_mult/p_reg[11]_0[7]
    SLICE_X48Y65         FDRE                                         r  npu_system_i/tinynpu_0/inst/u_dw/gen_mult_ch[7].gen_mult_k[0].u_mult/p_reg[11]/D
  -------------------------------------------------------------------    -------------------

                         (clock clk_fpga_0 rise edge)
                                                      0.000     0.000 r  
    PS7_X0Y0             PS7                          0.000     0.000 r  npu_system_i/ps7/inst/PS7_i/FCLKCLK[0]
                         net (fo=1, routed)           0.337     0.337    npu_system_i/ps7/inst/FCLK_CLK_unbuffered[0]
    BUFGCTRL_X0Y16       BUFG (Prop_bufg_I_O)         0.029     0.366 r  npu_system_i/ps7/inst/buffer_fclk_clk_0.FCLK_CLK_0_BUFG/O
                         net (fo=6213, routed)        1.142     1.508    npu_system_i/tinynpu_0/inst/u_icg_compute/aclk
    BUFGCTRL_X0Y2        BUFGCTRL (Prop_bufgctrl_I0_O)
                                                      0.029     1.537 r  npu_system_i/tinynpu_0/inst/u_icg_compute/u_bufgce/O
                         net (fo=44557, routed)       0.820     2.357    npu_system_i/tinynpu_0/inst/u_dw/gen_mult_ch[7].gen_mult_k[0].u_mult/p_reg[15]_3
    SLICE_X48Y65         FDRE                                         r  npu_system_i/tinynpu_0/inst/u_dw/gen_mult_ch[7].gen_mult_k[0].u_mult/p_reg[11]/C
                         clock pessimism             -0.325     2.032    
    SLICE_X48Y65         FDRE (Hold_fdre_C_D)         0.105     2.137    npu_system_i/tinynpu_0/inst/u_dw/gen_mult_ch[7].gen_mult_k[0].u_mult/p_reg[11]
  -------------------------------------------------------------------
                         required time                         -2.137    
                         arrival time                           2.197    
  -------------------------------------------------------------------
                         slack                                  0.060    

Slack (MET) :             0.060ns  (arrival time - required time)
  Source:                 npu_system_i/tinynpu_0/inst/u_systolic/row[14].col[3].pe_inst/act_out_reg[1]/C
                            (rising edge-triggered cell FDCE clocked by clk_fpga_0  {rise@0.000ns fall@4.000ns period=8.000ns})
  Destination:            npu_system_i/tinynpu_0/inst/u_systolic/row[14].col[4].pe_inst/act_out_reg[1]/D
                            (rising edge-triggered cell FDCE clocked by clk_fpga_0  {rise@0.000ns fall@4.000ns period=8.000ns})
  Path Group:             clk_fpga_0
  Path Type:              Hold (Min at Fast Process Corner)
  Requirement:            0.000ns  (clk_fpga_0 rise@0.000ns - clk_fpga_0 rise@0.000ns)
  Data Path Delay:        0.327ns  (logic 0.128ns (39.123%)  route 0.199ns (60.877%))
  Logic Levels:           0  
  Clock Path Skew:        0.268ns (DCD - SCD - CPR)
    Destination Clock Delay (DCD):    2.366ns
    Source Clock Delay      (SCD):    1.778ns
    Clock Pessimism Removal (CPR):    0.320ns

    Location             Delay type                Incr(ns)  Path(ns)    Netlist Resource(s)
  -------------------------------------------------------------------    -------------------
                         (clock clk_fpga_0 rise edge)
                                                      0.000     0.000 r  
    PS7_X0Y0             PS7                          0.000     0.000 r  npu_system_i/ps7/inst/PS7_i/FCLKCLK[0]
                         net (fo=1, routed)           0.310     0.310    npu_system_i/ps7/inst/FCLK_CLK_unbuffered[0]
    BUFGCTRL_X0Y16       BUFG (Prop_bufg_I_O)         0.026     0.336 r  npu_system_i/ps7/inst/buffer_fclk_clk_0.FCLK_CLK_0_BUFG/O
                         net (fo=6213, routed)        0.855     1.191    npu_system_i/tinynpu_0/inst/u_icg_compute/aclk
    BUFGCTRL_X0Y2        BUFGCTRL (Prop_bufgctrl_I0_O)
                                                      0.026     1.217 r  npu_system_i/tinynpu_0/inst/u_icg_compute/u_bufgce/O
                         net (fo=44557, routed)       0.561     1.778    npu_system_i/tinynpu_0/inst/u_systolic/row[14].col[3].pe_inst/mul_s10_1
    SLICE_X33Y51         FDCE                                         r  npu_system_i/tinynpu_0/inst/u_systolic/row[14].col[3].pe_inst/act_out_reg[1]/C
  -------------------------------------------------------------------    -------------------
    SLICE_X33Y51         FDCE (Prop_fdce_C_Q)         0.128     1.906 r  npu_system_i/tinynpu_0/inst/u_systolic/row[14].col[3].pe_inst/act_out_reg[1]/Q
                         net (fo=2, routed)           0.199     2.105    npu_system_i/tinynpu_0/inst/u_systolic/row[14].col[4].pe_inst/act_out_reg[7]_4[1]
    SLICE_X34Y47         FDCE                                         r  npu_system_i/tinynpu_0/inst/u_systolic/row[14].col[4].pe_inst/act_out_reg[1]/D
  -------------------------------------------------------------------    -------------------

                         (clock clk_fpga_0 rise edge)
                                                      0.000     0.000 r  
    PS7_X0Y0             PS7                          0.000     0.000 r  npu_system_i/ps7/inst/PS7_i/FCLKCLK[0]
                         net (fo=1, routed)           0.337     0.337    npu_system_i/ps7/inst/FCLK_CLK_unbuffered[0]
    BUFGCTRL_X0Y16       BUFG (Prop_bufg_I_O)         0.029     0.366 r  npu_system_i/ps7/inst/buffer_fclk_clk_0.FCLK_CLK_0_BUFG/O
                         net (fo=6213, routed)        1.142     1.508    npu_system_i/tinynpu_0/inst/u_icg_compute/aclk
    BUFGCTRL_X0Y2        BUFGCTRL (Prop_bufgctrl_I0_O)
                                                      0.029     1.537 r  npu_system_i/tinynpu_0/inst/u_icg_compute/u_bufgce/O
                         net (fo=44557, routed)       0.829     2.366    npu_system_i/tinynpu_0/inst/u_systolic/row[14].col[4].pe_inst/mul_s10_1
    SLICE_X34Y47         FDCE                                         r  npu_system_i/tinynpu_0/inst/u_systolic/row[14].col[4].pe_inst/act_out_reg[1]/C
                         clock pessimism             -0.320     2.046    
    SLICE_X34Y47         FDCE (Hold_fdce_C_D)        -0.001     2.045    npu_system_i/tinynpu_0/inst/u_systolic/row[14].col[4].pe_inst/act_out_reg[1]
  -------------------------------------------------------------------
                         required time                         -2.045    
                         arrival time                           2.105    
  -------------------------------------------------------------------
                         slack                                  0.060    

Slack (MET) :             0.061ns  (arrival time - required time)
  Source:                 npu_system_i/tinynpu_0/inst/gen_act_buf[16].u_act_buf/rd_data_reg[6]/C
                            (rising edge-triggered cell FDRE clocked by clk_fpga_0  {rise@0.000ns fall@4.000ns period=8.000ns})
  Destination:            npu_system_i/tinynpu_0/inst/u_dw/row_d1_reg[16][77][6]/D
                            (rising edge-triggered cell FDRE clocked by clk_fpga_0  {rise@0.000ns fall@4.000ns period=8.000ns})
  Path Group:             clk_fpga_0
  Path Type:              Hold (Min at Slow Process Corner)
  Requirement:            0.000ns  (clk_fpga_0 rise@0.000ns - clk_fpga_0 rise@0.000ns)
  Data Path Delay:        3.439ns  (logic 0.418ns (12.155%)  route 3.021ns (87.845%))
  Logic Levels:           0  
  Clock Path Skew:        3.146ns (DCD - SCD - CPR)
    Destination Clock Delay (DCD):    5.975ns
    Source Clock Delay      (SCD):    2.714ns
    Clock Pessimism Removal (CPR):    0.115ns

    Location             Delay type                Incr(ns)  Path(ns)    Netlist Resource(s)
  -------------------------------------------------------------------    -------------------
                         (clock clk_fpga_0 rise edge)
                                                      0.000     0.000 r  
    PS7_X0Y0             PS7                          0.000     0.000 r  npu_system_i/ps7/inst/PS7_i/FCLKCLK[0]
                         net (fo=1, routed)           1.088     1.088    npu_system_i/ps7/inst/FCLK_CLK_unbuffered[0]
    BUFGCTRL_X0Y16       BUFG (Prop_bufg_I_O)         0.091     1.179 r  npu_system_i/ps7/inst/buffer_fclk_clk_0.FCLK_CLK_0_BUFG/O
                         net (fo=6213, routed)        1.535     2.714    npu_system_i/tinynpu_0/inst/gen_act_buf[16].u_act_buf/aclk
    SLICE_X66Y65         FDRE                                         r  npu_system_i/tinynpu_0/inst/gen_act_buf[16].u_act_buf/rd_data_reg[6]/C
  -------------------------------------------------------------------    -------------------
    SLICE_X66Y65         FDRE (Prop_fdre_C_Q)         0.418     3.132 r  npu_system_i/tinynpu_0/inst/gen_act_buf[16].u_act_buf/rd_data_reg[6]/Q
                         net (fo=130, routed)         3.021     6.153    npu_system_i/tinynpu_0/inst/u_dw/act_rd_data_flat[78]
    SLICE_X94Y73         FDRE                                         r  npu_system_i/tinynpu_0/inst/u_dw/row_d1_reg[16][77][6]/D
  -------------------------------------------------------------------    -------------------

                         (clock clk_fpga_0 rise edge)
                                                      0.000     0.000 r  
    PS7_X0Y0             PS7                          0.000     0.000 r  npu_system_i/ps7/inst/PS7_i/FCLKCLK[0]
                         net (fo=1, routed)           1.193     1.193    npu_system_i/ps7/inst/FCLK_CLK_unbuffered[0]
    BUFGCTRL_X0Y16       BUFG (Prop_bufg_I_O)         0.101     1.294 r  npu_system_i/ps7/inst/buffer_fclk_clk_0.FCLK_CLK_0_BUFG/O
                         net (fo=6213, routed)        2.811     4.105    npu_system_i/tinynpu_0/inst/u_icg_compute/aclk
    BUFGCTRL_X0Y2        BUFGCTRL (Prop_bufgctrl_I0_O)
                                                      0.101     4.206 r  npu_system_i/tinynpu_0/inst/u_icg_compute/u_bufgce/O
                         net (fo=44557, routed)       1.769     5.975    npu_system_i/tinynpu_0/inst/u_dw/p_reg[15]
    SLICE_X94Y73         FDRE                                         r  npu_system_i/tinynpu_0/inst/u_dw/row_d1_reg[16][77][6]/C
                         clock pessimism             -0.115     5.860    
    SLICE_X94Y73         FDRE (Hold_fdre_C_D)         0.232     6.092    npu_system_i/tinynpu_0/inst/u_dw/row_d1_reg[16][77][6]
  -------------------------------------------------------------------
                         required time                         -6.092    
                         arrival time                           6.153    
  -------------------------------------------------------------------
                         slack                                  0.061    

Slack (MET) :             0.061ns  (arrival time - required time)
  Source:                 npu_system_i/tinynpu_0/inst/u_dw/gen_mult_ch[7].gen_mult_k[0].u_mult/sum_high_reg[9]/C
                            (rising edge-triggered cell FDRE clocked by clk_fpga_0  {rise@0.000ns fall@4.000ns period=8.000ns})
  Destination:            npu_system_i/tinynpu_0/inst/u_dw/gen_mult_ch[7].gen_mult_k[0].u_mult/p_reg[9]/D
                            (rising edge-triggered cell FDRE clocked by clk_fpga_0  {rise@0.000ns fall@4.000ns period=8.000ns})
  Path Group:             clk_fpga_0
  Path Type:              Hold (Min at Fast Process Corner)
  Requirement:            0.000ns  (clk_fpga_0 rise@0.000ns - clk_fpga_0 rise@0.000ns)
  Data Path Delay:        0.431ns  (logic 0.274ns (63.558%)  route 0.157ns (36.442%))
  Logic Levels:           1  (CARRY4=1)
  Clock Path Skew:        0.265ns (DCD - SCD - CPR)
    Destination Clock Delay (DCD):    2.357ns
    Source Clock Delay      (SCD):    1.767ns
    Clock Pessimism Removal (CPR):    0.325ns

    Location             Delay type                Incr(ns)  Path(ns)    Netlist Resource(s)
  -------------------------------------------------------------------    -------------------
                         (clock clk_fpga_0 rise edge)
                                                      0.000     0.000 r  
    PS7_X0Y0             PS7                          0.000     0.000 r  npu_system_i/ps7/inst/PS7_i/FCLKCLK[0]
                         net (fo=1, routed)           0.310     0.310    npu_system_i/ps7/inst/FCLK_CLK_unbuffered[0]
    BUFGCTRL_X0Y16       BUFG (Prop_bufg_I_O)         0.026     0.336 r  npu_system_i/ps7/inst/buffer_fclk_clk_0.FCLK_CLK_0_BUFG/O
                         net (fo=6213, routed)        0.855     1.191    npu_system_i/tinynpu_0/inst/u_icg_compute/aclk
    BUFGCTRL_X0Y2        BUFGCTRL (Prop_bufgctrl_I0_O)
                                                      0.026     1.217 r  npu_system_i/tinynpu_0/inst/u_icg_compute/u_bufgce/O
                         net (fo=44557, routed)       0.550     1.767    npu_system_i/tinynpu_0/inst/u_dw/gen_mult_ch[7].gen_mult_k[0].u_mult/p_reg[15]_3
    SLICE_X50Y65         FDRE                                         r  npu_system_i/tinynpu_0/inst/u_dw/gen_mult_ch[7].gen_mult_k[0].u_mult/sum_high_reg[9]/C
  -------------------------------------------------------------------    -------------------
    SLICE_X50Y65         FDRE (Prop_fdre_C_Q)         0.164     1.931 r  npu_system_i/tinynpu_0/inst/u_dw/gen_mult_ch[7].gen_mult_k[0].u_mult/sum_high_reg[9]/Q
                         net (fo=1, routed)           0.157     2.088    npu_system_i/tinynpu_0/inst_n_2097
    SLICE_X48Y65         CARRY4 (Prop_carry4_S[1]_O[1])
                                                      0.110     2.198 r  npu_system_i/tinynpu_0/gen_mult_ch[7].gen_mult_k[0].u_mult/p_reg[11]_i_1/O[1]
                         net (fo=1, routed)           0.000     2.198    npu_system_i/tinynpu_0/inst/u_dw/gen_mult_ch[7].gen_mult_k[0].u_mult/p_reg[11]_0[5]
    SLICE_X48Y65         FDRE                                         r  npu_system_i/tinynpu_0/inst/u_dw/gen_mult_ch[7].gen_mult_k[0].u_mult/p_reg[9]/D
  -------------------------------------------------------------------    -------------------

                         (clock clk_fpga_0 rise edge)
                                                      0.000     0.000 r  
    PS7_X0Y0             PS7                          0.000     0.000 r  npu_system_i/ps7/inst/PS7_i/FCLKCLK[0]
                         net (fo=1, routed)           0.337     0.337    npu_system_i/ps7/inst/FCLK_CLK_unbuffered[0]
    BUFGCTRL_X0Y16       BUFG (Prop_bufg_I_O)         0.029     0.366 r  npu_system_i/ps7/inst/buffer_fclk_clk_0.FCLK_CLK_0_BUFG/O
                         net (fo=6213, routed)        1.142     1.508    npu_system_i/tinynpu_0/inst/u_icg_compute/aclk
    BUFGCTRL_X0Y2        BUFGCTRL (Prop_bufgctrl_I0_O)
                                                      0.029     1.537 r  npu_system_i/tinynpu_0/inst/u_icg_compute/u_bufgce/O
                         net (fo=44557, routed)       0.820     2.357    npu_system_i/tinynpu_0/inst/u_dw/gen_mult_ch[7].gen_mult_k[0].u_mult/p_reg[15]_3
    SLICE_X48Y65         FDRE                                         r  npu_system_i/tinynpu_0/inst/u_dw/gen_mult_ch[7].gen_mult_k[0].u_mult/p_reg[9]/C
                         clock pessimism             -0.325     2.032    
    SLICE_X48Y65         FDRE (Hold_fdre_C_D)         0.105     2.137    npu_system_i/tinynpu_0/inst/u_dw/gen_mult_ch[7].gen_mult_k[0].u_mult/p_reg[9]
  -------------------------------------------------------------------
                         required time                         -2.137    
                         arrival time                           2.198    
  -------------------------------------------------------------------
                         slack                                  0.061    

Slack (MET) :             0.061ns  (arrival time - required time)
  Source:                 npu_system_i/tinynpu_0/inst/u_systolic/row[4].col[3].pe_inst/psum_out_reg[31]/C
                            (rising edge-triggered cell FDCE clocked by clk_fpga_0  {rise@0.000ns fall@4.000ns period=8.000ns})
  Destination:            npu_system_i/tinynpu_0/inst/u_systolic/row[5].col[3].pe_inst/psum_out_reg[31]/D
                            (rising edge-triggered cell FDCE clocked by clk_fpga_0  {rise@0.000ns fall@4.000ns period=8.000ns})
  Path Group:             clk_fpga_0
  Path Type:              Hold (Min at Fast Process Corner)
  Requirement:            0.000ns  (clk_fpga_0 rise@0.000ns - clk_fpga_0 rise@0.000ns)
  Data Path Delay:        0.452ns  (logic 0.250ns (55.279%)  route 0.202ns (44.721%))
  Logic Levels:           2  (CARRY4=1 LUT3=1)
  Clock Path Skew:        0.257ns (DCD - SCD - CPR)
    Destination Clock Delay (DCD):    2.352ns
    Source Clock Delay      (SCD):    1.770ns
    Clock Pessimism Removal (CPR):    0.325ns

    Location             Delay type                Incr(ns)  Path(ns)    Netlist Resource(s)
  -------------------------------------------------------------------    -------------------
                         (clock clk_fpga_0 rise edge)
                                                      0.000     0.000 r  
    PS7_X0Y0             PS7                          0.000     0.000 r  npu_system_i/ps7/inst/PS7_i/FCLKCLK[0]
                         net (fo=1, routed)           0.310     0.310    npu_system_i/ps7/inst/FCLK_CLK_unbuffered[0]
    BUFGCTRL_X0Y16       BUFG (Prop_bufg_I_O)         0.026     0.336 r  npu_system_i/ps7/inst/buffer_fclk_clk_0.FCLK_CLK_0_BUFG/O
                         net (fo=6213, routed)        0.855     1.191    npu_system_i/tinynpu_0/inst/u_icg_compute/aclk
    BUFGCTRL_X0Y2        BUFGCTRL (Prop_bufgctrl_I0_O)
                                                      0.026     1.217 r  npu_system_i/tinynpu_0/inst/u_icg_compute/u_bufgce/O
                         net (fo=44557, routed)       0.553     1.770    npu_system_i/tinynpu_0/inst/u_systolic/row[4].col[3].pe_inst/mul_s10_1
    SLICE_X48Y17         FDCE                                         r  npu_system_i/tinynpu_0/inst/u_systolic/row[4].col[3].pe_inst/psum_out_reg[31]/C
  -------------------------------------------------------------------    -------------------
    SLICE_X48Y17         FDCE (Prop_fdce_C_Q)         0.141     1.911 r  npu_system_i/tinynpu_0/inst/u_systolic/row[4].col[3].pe_inst/psum_out_reg[31]/Q
                         net (fo=1, routed)           0.202     2.113    npu_system_i/tinynpu_0/inst/u_systolic/row[5].col[3].pe_inst/psum_out[31]
    SLICE_X50Y17         LUT3 (Prop_lut3_I2_O)        0.045     2.158 r  npu_system_i/tinynpu_0/inst/u_systolic/row[5].col[3].pe_inst/psum_out[31]_i_5__84/O
                         net (fo=1, routed)           0.000     2.158    npu_system_i/tinynpu_0/inst/u_systolic/row[5].col[3].pe_inst/psum_out[31]_i_5__84_n_0
    SLICE_X50Y17         CARRY4 (Prop_carry4_S[3]_O[3])
                                                      0.064     2.222 r  npu_system_i/tinynpu_0/inst/u_systolic/row[5].col[3].pe_inst/psum_out_reg[31]_i_1__84/O[3]
                         net (fo=1, routed)           0.000     2.222    npu_system_i/tinynpu_0/inst/u_systolic/row[5].col[3].pe_inst/psum_out_reg[31]_i_1__84_n_4
    SLICE_X50Y17         FDCE                                         r  npu_system_i/tinynpu_0/inst/u_systolic/row[5].col[3].pe_inst/psum_out_reg[31]/D
  -------------------------------------------------------------------    -------------------

                         (clock clk_fpga_0 rise edge)
                                                      0.000     0.000 r  
    PS7_X0Y0             PS7                          0.000     0.000 r  npu_system_i/ps7/inst/PS7_i/FCLKCLK[0]
                         net (fo=1, routed)           0.337     0.337    npu_system_i/ps7/inst/FCLK_CLK_unbuffered[0]
    BUFGCTRL_X0Y16       BUFG (Prop_bufg_I_O)         0.029     0.366 r  npu_system_i/ps7/inst/buffer_fclk_clk_0.FCLK_CLK_0_BUFG/O
                         net (fo=6213, routed)        1.142     1.508    npu_system_i/tinynpu_0/inst/u_icg_compute/aclk
    BUFGCTRL_X0Y2        BUFGCTRL (Prop_bufgctrl_I0_O)
                                                      0.029     1.537 r  npu_system_i/tinynpu_0/inst/u_icg_compute/u_bufgce/O
                         net (fo=44557, routed)       0.815     2.352    npu_system_i/tinynpu_0/inst/u_systolic/row[5].col[3].pe_inst/mul_s10_1
    SLICE_X50Y17         FDCE                                         r  npu_system_i/tinynpu_0/inst/u_systolic/row[5].col[3].pe_inst/psum_out_reg[31]/C
                         clock pessimism             -0.325     2.027    
    SLICE_X50Y17         FDCE (Hold_fdce_C_D)         0.134     2.161    npu_system_i/tinynpu_0/inst/u_systolic/row[5].col[3].pe_inst/psum_out_reg[31]
  -------------------------------------------------------------------
                         required time                         -2.161    
                         arrival time                           2.222    
  -------------------------------------------------------------------
                         slack                                  0.061    





Pulse Width Checks
--------------------------------------------------------------------------------------
Clock Name:         clk_fpga_0
Waveform(ns):       { 0.000 4.000 }
Period(ns):         8.000
Sources:            { npu_system_i/ps7/inst/PS7_i/FCLKCLK[0] }

Check Type        Corner  Lib Pin             Reference Pin  Required(ns)  Actual(ns)  Slack(ns)  Location        Pin
Min Period        n/a     RAMB36E1/CLKARDCLK  n/a            2.944         8.000       5.056      RAMB36_X2Y25    npu_system_i/tinynpu_0/inst/u_out_buf/mem_reg_0/CLKARDCLK
Min Period        n/a     RAMB36E1/CLKBWRCLK  n/a            2.944         8.000       5.056      RAMB36_X2Y25    npu_system_i/tinynpu_0/inst/u_out_buf/mem_reg_0/CLKBWRCLK
Min Period        n/a     RAMB36E1/CLKARDCLK  n/a            2.944         8.000       5.056      RAMB36_X2Y24    npu_system_i/tinynpu_0/inst/u_out_buf/mem_reg_1/CLKARDCLK
Min Period        n/a     RAMB36E1/CLKBWRCLK  n/a            2.944         8.000       5.056      RAMB36_X2Y24    npu_system_i/tinynpu_0/inst/u_out_buf/mem_reg_1/CLKBWRCLK
Min Period        n/a     RAMB18E1/CLKARDCLK  n/a            2.944         8.000       5.056      RAMB18_X2Y52    npu_system_i/tinynpu_0/inst/u_out_buf/mem_reg_2/CLKARDCLK
Min Period        n/a     RAMB18E1/CLKBWRCLK  n/a            2.944         8.000       5.056      RAMB18_X2Y52    npu_system_i/tinynpu_0/inst/u_out_buf/mem_reg_2/CLKBWRCLK
Min Period        n/a     RAMB36E1/CLKARDCLK  n/a            2.576         8.000       5.424      RAMB36_X2Y27    npu_system_i/axi_dma_0/U0/I_PRMRY_DATAMOVER/GEN_S2MM_FULL.I_S2MM_FULL_WRAPPER/GEN_ENABLE_INDET_BTT_SF.I_INDET_BTT/I_DATA_FIFO/BLK_MEM.I_SYNC_FIFOGEN_FIFO/xpm_fifo_base_inst/gen_sdpram.xpm_memory_base_inst/gen_wr_a.gen_word_narrow.mem_reg/CLKARDCLK
Min Period        n/a     RAMB36E1/CLKBWRCLK  n/a            2.576         8.000       5.424      RAMB36_X2Y27    npu_system_i/axi_dma_0/U0/I_PRMRY_DATAMOVER/GEN_S2MM_FULL.I_S2MM_FULL_WRAPPER/GEN_ENABLE_INDET_BTT_SF.I_INDET_BTT/I_DATA_FIFO/BLK_MEM.I_SYNC_FIFOGEN_FIFO/xpm_fifo_base_inst/gen_sdpram.xpm_memory_base_inst/gen_wr_a.gen_word_narrow.mem_reg/CLKBWRCLK
Min Period        n/a     RAMB36E1/CLKBWRCLK  n/a            2.576         8.000       5.424      RAMB36_X3Y12    npu_system_i/vid_in/inst/COUPLER_INST/generate_async_fifo.FIFO_INST/XPM_FIFO_ASYNC_INST/gnuram_async_fifo.xpm_fifo_base_inst/gen_sdpram.xpm_memory_base_inst/gen_wr_a.gen_word_narrow.mem_reg/CLKBWRCLK
Min Period        n/a     RAMB36E1/CLKARDCLK  n/a            2.576         8.000       5.424      RAMB36_X3Y27    npu_system_i/vid_out/inst/COUPLER_INST/generate_async_fifo.FIFO_INST/XPM_FIFO_ASYNC_INST/gnuram_async_fifo.xpm_fifo_base_inst/gen_sdpram.xpm_memory_base_inst/gen_wr_a.gen_word_narrow.mem_reg/CLKARDCLK
Min Period        n/a     BUFG/I              n/a            2.155         8.000       5.845      BUFGCTRL_X0Y16  npu_system_i/ps7/inst/buffer_fclk_clk_0.FCLK_CLK_0_BUFG/I
Min Period        n/a     BUFGCTRL/I0         n/a            2.155         8.000       5.845      BUFGCTRL_X0Y2   npu_system_i/tinynpu_0/inst/u_icg_compute/u_bufgce/I0
Min Period        n/a     BUFGCTRL/I0         n/a            2.155         8.000       5.845      BUFGCTRL_X0Y4   npu_system_i/tinynpu_0/inst/u_icg_dma/u_bufgce/I0
Min Period        n/a     BUFGCTRL/I0         n/a            2.155         8.000       5.845      BUFGCTRL_X0Y3   npu_system_i/tinynpu_0/inst/u_icg_postproc/u_bufgce/I0
Min Period        n/a     DSP48E1/CLK         n/a            2.154         8.000       5.846      DSP48_X2Y43     npu_system_i/tinynpu_0/inst/u_requant/mul_result_reg[0]/CLK
Min Period        n/a     DSP48E1/CLK         n/a            2.154         8.000       5.846      DSP48_X2Y45     npu_system_i/tinynpu_0/inst/u_requant/mul_result_reg[0]__0/CLK
Min Period        n/a     DSP48E1/CLK         n/a            2.154         8.000       5.846      DSP48_X4Y40     npu_system_i/tinynpu_0/inst/u_requant/mul_result_reg[13]/CLK
Min Period        n/a     DSP48E1/CLK         n/a            2.154         8.000       5.846      DSP48_X4Y44     npu_system_i/tinynpu_0/inst/u_requant/mul_result_reg[13]__0/CLK
Min Period        n/a     DSP48E1/CLK         n/a            2.154         8.000       5.846      DSP48_X3Y37     npu_system_i/tinynpu_0/inst/u_requant/mul_result_reg[14]/CLK
Min Period        n/a     DSP48E1/CLK         n/a            2.154         8.000       5.846      DSP48_X3Y35     npu_system_i/tinynpu_0/inst/u_requant/mul_result_reg[14]__0/CLK
Low Pulse Width   Slow    RAMD32/CLK          n/a            1.250         4.000       2.750      SLICE_X42Y136   npu_system_i/axi_dma_0/U0/I_PRMRY_DATAMOVER/GEN_S2MM_FULL.I_S2MM_FULL_WRAPPER/GEN_ENABLE_INDET_BTT_SF.I_INDET_BTT/I_XD_FIFO/NON_BLK_MEM.I_SYNC_FIFOGEN_FIFO/xpm_fifo_base_inst/gen_sdpram.xpm_memory_base_inst/gen_wr_a.gen_word_narrow.mem_reg_0_15_0_5/RAMA/CLK
Low Pulse Width   Fast    RAMD32/CLK          n/a            1.250         4.000       2.750      SLICE_X42Y136   npu_system_i/axi_dma_0/U0/I_PRMRY_DATAMOVER/GEN_S2MM_FULL.I_S2MM_FULL_WRAPPER/GEN_ENABLE_INDET_BTT_SF.I_INDET_BTT/I_XD_FIFO/NON_BLK_MEM.I_SYNC_FIFOGEN_FIFO/xpm_fifo_base_inst/gen_sdpram.xpm_memory_base_inst/gen_wr_a.gen_word_narrow.mem_reg_0_15_0_5/RAMA/CLK
Low Pulse Width   Slow    RAMD32/CLK          n/a            1.250         4.000       2.750      SLICE_X42Y136   npu_system_i/axi_dma_0/U0/I_PRMRY_DATAMOVER/GEN_S2MM_FULL.I_S2MM_FULL_WRAPPER/GEN_ENABLE_INDET_BTT_SF.I_INDET_BTT/I_XD_FIFO/NON_BLK_MEM.I_SYNC_FIFOGEN_FIFO/xpm_fifo_base_inst/gen_sdpram.xpm_memory_base_inst/gen_wr_a.gen_word_narrow.mem_reg_0_15_0_5/RAMA_D1/CLK
Low Pulse Width   Fast    RAMD32/CLK          n/a            1.250         4.000       2.750      SLICE_X42Y136   npu_system_i/axi_dma_0/U0/I_PRMRY_DATAMOVER/GEN_S2MM_FULL.I_S2MM_FULL_WRAPPER/GEN_ENABLE_INDET_BTT_SF.I_INDET_BTT/I_XD_FIFO/NON_BLK_MEM.I_SYNC_FIFOGEN_FIFO/xpm_fifo_base_inst/gen_sdpram.xpm_memory_base_inst/gen_wr_a.gen_word_narrow.mem_reg_0_15_0_5/RAMA_D1/CLK
Low Pulse Width   Slow    RAMD32/CLK          n/a            1.250         4.000       2.750      SLICE_X42Y136   npu_system_i/axi_dma_0/U0/I_PRMRY_DATAMOVER/GEN_S2MM_FULL.I_S2MM_FULL_WRAPPER/GEN_ENABLE_INDET_BTT_SF.I_INDET_BTT/I_XD_FIFO/NON_BLK_MEM.I_SYNC_FIFOGEN_FIFO/xpm_fifo_base_inst/gen_sdpram.xpm_memory_base_inst/gen_wr_a.gen_word_narrow.mem_reg_0_15_0_5/RAMB/CLK
Low Pulse Width   Fast    RAMD32/CLK          n/a            1.250         4.000       2.750      SLICE_X42Y136   npu_system_i/axi_dma_0/U0/I_PRMRY_DATAMOVER/GEN_S2MM_FULL.I_S2MM_FULL_WRAPPER/GEN_ENABLE_INDET_BTT_SF.I_INDET_BTT/I_XD_FIFO/NON_BLK_MEM.I_SYNC_FIFOGEN_FIFO/xpm_fifo_base_inst/gen_sdpram.xpm_memory_base_inst/gen_wr_a.gen_word_narrow.mem_reg_0_15_0_5/RAMB/CLK
Low Pulse Width   Slow    RAMD32/CLK          n/a            1.250         4.000       2.750      SLICE_X42Y136   npu_system_i/axi_dma_0/U0/I_PRMRY_DATAMOVER/GEN_S2MM_FULL.I_S2MM_FULL_WRAPPER/GEN_ENABLE_INDET_BTT_SF.I_INDET_BTT/I_XD_FIFO/NON_BLK_MEM.I_SYNC_FIFOGEN_FIFO/xpm_fifo_base_inst/gen_sdpram.xpm_memory_base_inst/gen_wr_a.gen_word_narrow.mem_reg_0_15_0_5/RAMB_D1/CLK
Low Pulse Width   Fast    RAMD32/CLK          n/a            1.250         4.000       2.750      SLICE_X42Y136   npu_system_i/axi_dma_0/U0/I_PRMRY_DATAMOVER/GEN_S2MM_FULL.I_S2MM_FULL_WRAPPER/GEN_ENABLE_INDET_BTT_SF.I_INDET_BTT/I_XD_FIFO/NON_BLK_MEM.I_SYNC_FIFOGEN_FIFO/xpm_fifo_base_inst/gen_sdpram.xpm_memory_base_inst/gen_wr_a.gen_word_narrow.mem_reg_0_15_0_5/RAMB_D1/CLK
Low Pulse Width   Slow    RAMD32/CLK          n/a            1.250         4.000       2.750      SLICE_X42Y136   npu_system_i/axi_dma_0/U0/I_PRMRY_DATAMOVER/GEN_S2MM_FULL.I_S2MM_FULL_WRAPPER/GEN_ENABLE_INDET_BTT_SF.I_INDET_BTT/I_XD_FIFO/NON_BLK_MEM.I_SYNC_FIFOGEN_FIFO/xpm_fifo_base_inst/gen_sdpram.xpm_memory_base_inst/gen_wr_a.gen_word_narrow.mem_reg_0_15_0_5/RAMC/CLK
Low Pulse Width   Fast    RAMD32/CLK          n/a            1.250         4.000       2.750      SLICE_X42Y136   npu_system_i/axi_dma_0/U0/I_PRMRY_DATAMOVER/GEN_S2MM_FULL.I_S2MM_FULL_WRAPPER/GEN_ENABLE_INDET_BTT_SF.I_INDET_BTT/I_XD_FIFO/NON_BLK_MEM.I_SYNC_FIFOGEN_FIFO/xpm_fifo_base_inst/gen_sdpram.xpm_memory_base_inst/gen_wr_a.gen_word_narrow.mem_reg_0_15_0_5/RAMC/CLK
Low Pulse Width   Slow    RAMD32/CLK          n/a            1.250         4.000       2.750      SLICE_X42Y136   npu_system_i/axi_dma_0/U0/I_PRMRY_DATAMOVER/GEN_S2MM_FULL.I_S2MM_FULL_WRAPPER/GEN_ENABLE_INDET_BTT_SF.I_INDET_BTT/I_XD_FIFO/NON_BLK_MEM.I_SYNC_FIFOGEN_FIFO/xpm_fifo_base_inst/gen_sdpram.xpm_memory_base_inst/gen_wr_a.gen_word_narrow.mem_reg_0_15_0_5/RAMC_D1/CLK
Low Pulse Width   Fast    RAMD32/CLK          n/a            1.250         4.000       2.750      SLICE_X42Y136   npu_system_i/axi_dma_0/U0/I_PRMRY_DATAMOVER/GEN_S2MM_FULL.I_S2MM_FULL_WRAPPER/GEN_ENABLE_INDET_BTT_SF.I_INDET_BTT/I_XD_FIFO/NON_BLK_MEM.I_SYNC_FIFOGEN_FIFO/xpm_fifo_base_inst/gen_sdpram.xpm_memory_base_inst/gen_wr_a.gen_word_narrow.mem_reg_0_15_0_5/RAMC_D1/CLK
Low Pulse Width   Slow    RAMS32/CLK          n/a            1.250         4.000       2.750      SLICE_X42Y136   npu_system_i/axi_dma_0/U0/I_PRMRY_DATAMOVER/GEN_S2MM_FULL.I_S2MM_FULL_WRAPPER/GEN_ENABLE_INDET_BTT_SF.I_INDET_BTT/I_XD_FIFO/NON_BLK_MEM.I_SYNC_FIFOGEN_FIFO/xpm_fifo_base_inst/gen_sdpram.xpm_memory_base_inst/gen_wr_a.gen_word_narrow.mem_reg_0_15_0_5/RAMD/CLK
Low Pulse Width   Fast    RAMS32/CLK          n/a            1.250         4.000       2.750      SLICE_X42Y136   npu_system_i/axi_dma_0/U0/I_PRMRY_DATAMOVER/GEN_S2MM_FULL.I_S2MM_FULL_WRAPPER/GEN_ENABLE_INDET_BTT_SF.I_INDET_BTT/I_XD_FIFO/NON_BLK_MEM.I_SYNC_FIFOGEN_FIFO/xpm_fifo_base_inst/gen_sdpram.xpm_memory_base_inst/gen_wr_a.gen_word_narrow.mem_reg_0_15_0_5/RAMD/CLK
Low Pulse Width   Slow    RAMS32/CLK          n/a            1.250         4.000       2.750      SLICE_X42Y136   npu_system_i/axi_dma_0/U0/I_PRMRY_DATAMOVER/GEN_S2MM_FULL.I_S2MM_FULL_WRAPPER/GEN_ENABLE_INDET_BTT_SF.I_INDET_BTT/I_XD_FIFO/NON_BLK_MEM.I_SYNC_FIFOGEN_FIFO/xpm_fifo_base_inst/gen_sdpram.xpm_memory_base_inst/gen_wr_a.gen_word_narrow.mem_reg_0_15_0_5/RAMD_D1/CLK
Low Pulse Width   Fast    RAMS32/CLK          n/a            1.250         4.000       2.750      SLICE_X42Y136   npu_system_i/axi_dma_0/U0/I_PRMRY_DATAMOVER/GEN_S2MM_FULL.I_S2MM_FULL_WRAPPER/GEN_ENABLE_INDET_BTT_SF.I_INDET_BTT/I_XD_FIFO/NON_BLK_MEM.I_SYNC_FIFOGEN_FIFO/xpm_fifo_base_inst/gen_sdpram.xpm_memory_base_inst/gen_wr_a.gen_word_narrow.mem_reg_0_15_0_5/RAMD_D1/CLK
Low Pulse Width   Slow    RAMD32/CLK          n/a            1.250         4.000       2.750      SLICE_X46Y136   npu_system_i/axi_dma_0/U0/I_PRMRY_DATAMOVER/GEN_S2MM_FULL.I_S2MM_FULL_WRAPPER/GEN_ENABLE_INDET_BTT_SF.I_INDET_BTT/I_XD_FIFO/NON_BLK_MEM.I_SYNC_FIFOGEN_FIFO/xpm_fifo_base_inst/gen_sdpram.xpm_memory_base_inst/gen_wr_a.gen_word_narrow.mem_reg_0_15_6_8/RAMA/CLK
Low Pulse Width   Fast    RAMD32/CLK          n/a            1.250         4.000       2.750      SLICE_X46Y136   npu_system_i/axi_dma_0/U0/I_PRMRY_DATAMOVER/GEN_S2MM_FULL.I_S2MM_FULL_WRAPPER/GEN_ENABLE_INDET_BTT_SF.I_INDET_BTT/I_XD_FIFO/NON_BLK_MEM.I_SYNC_FIFOGEN_FIFO/xpm_fifo_base_inst/gen_sdpram.xpm_memory_base_inst/gen_wr_a.gen_word_narrow.mem_reg_0_15_6_8/RAMA/CLK
Low Pulse Width   Slow    RAMD32/CLK          n/a            1.250         4.000       2.750      SLICE_X46Y136   npu_system_i/axi_dma_0/U0/I_PRMRY_DATAMOVER/GEN_S2MM_FULL.I_S2MM_FULL_WRAPPER/GEN_ENABLE_INDET_BTT_SF.I_INDET_BTT/I_XD_FIFO/NON_BLK_MEM.I_SYNC_FIFOGEN_FIFO/xpm_fifo_base_inst/gen_sdpram.xpm_memory_base_inst/gen_wr_a.gen_word_narrow.mem_reg_0_15_6_8/RAMA_D1/CLK
Low Pulse Width   Fast    RAMD32/CLK          n/a            1.250         4.000       2.750      SLICE_X46Y136   npu_system_i/axi_dma_0/U0/I_PRMRY_DATAMOVER/GEN_S2MM_FULL.I_S2MM_FULL_WRAPPER/GEN_ENABLE_INDET_BTT_SF.I_INDET_BTT/I_XD_FIFO/NON_BLK_MEM.I_SYNC_FIFOGEN_FIFO/xpm_fifo_base_inst/gen_sdpram.xpm_memory_base_inst/gen_wr_a.gen_word_narrow.mem_reg_0_15_6_8/RAMA_D1/CLK
High Pulse Width  Slow    RAMD32/CLK          n/a            1.250         4.000       2.750      SLICE_X42Y136   npu_system_i/axi_dma_0/U0/I_PRMRY_DATAMOVER/GEN_S2MM_FULL.I_S2MM_FULL_WRAPPER/GEN_ENABLE_INDET_BTT_SF.I_INDET_BTT/I_XD_FIFO/NON_BLK_MEM.I_SYNC_FIFOGEN_FIFO/xpm_fifo_base_inst/gen_sdpram.xpm_memory_base_inst/gen_wr_a.gen_word_narrow.mem_reg_0_15_0_5/RAMA/CLK
High Pulse Width  Fast    RAMD32/CLK          n/a            1.250         4.000       2.750      SLICE_X42Y136   npu_system_i/axi_dma_0/U0/I_PRMRY_DATAMOVER/GEN_S2MM_FULL.I_S2MM_FULL_WRAPPER/GEN_ENABLE_INDET_BTT_SF.I_INDET_BTT/I_XD_FIFO/NON_BLK_MEM.I_SYNC_FIFOGEN_FIFO/xpm_fifo_base_inst/gen_sdpram.xpm_memory_base_inst/gen_wr_a.gen_word_narrow.mem_reg_0_15_0_5/RAMA/CLK
High Pulse Width  Slow    RAMD32/CLK          n/a            1.250         4.000       2.750      SLICE_X42Y136   npu_system_i/axi_dma_0/U0/I_PRMRY_DATAMOVER/GEN_S2MM_FULL.I_S2MM_FULL_WRAPPER/GEN_ENABLE_INDET_BTT_SF.I_INDET_BTT/I_XD_FIFO/NON_BLK_MEM.I_SYNC_FIFOGEN_FIFO/xpm_fifo_base_inst/gen_sdpram.xpm_memory_base_inst/gen_wr_a.gen_word_narrow.mem_reg_0_15_0_5/RAMA_D1/CLK
High Pulse Width  Fast    RAMD32/CLK          n/a            1.250         4.000       2.750      SLICE_X42Y136   npu_system_i/axi_dma_0/U0/I_PRMRY_DATAMOVER/GEN_S2MM_FULL.I_S2MM_FULL_WRAPPER/GEN_ENABLE_INDET_BTT_SF.I_INDET_BTT/I_XD_FIFO/NON_BLK_MEM.I_SYNC_FIFOGEN_FIFO/xpm_fifo_base_inst/gen_sdpram.xpm_memory_base_inst/gen_wr_a.gen_word_narrow.mem_reg_0_15_0_5/RAMA_D1/CLK
High Pulse Width  Slow    RAMD32/CLK          n/a            1.250         4.000       2.750      SLICE_X42Y136   npu_system_i/axi_dma_0/U0/I_PRMRY_DATAMOVER/GEN_S2MM_FULL.I_S2MM_FULL_WRAPPER/GEN_ENABLE_INDET_BTT_SF.I_INDET_BTT/I_XD_FIFO/NON_BLK_MEM.I_SYNC_FIFOGEN_FIFO/xpm_fifo_base_inst/gen_sdpram.xpm_memory_base_inst/gen_wr_a.gen_word_narrow.mem_reg_0_15_0_5/RAMB/CLK
High Pulse Width  Fast    RAMD32/CLK          n/a            1.250         4.000       2.750      SLICE_X42Y136   npu_system_i/axi_dma_0/U0/I_PRMRY_DATAMOVER/GEN_S2MM_FULL.I_S2MM_FULL_WRAPPER/GEN_ENABLE_INDET_BTT_SF.I_INDET_BTT/I_XD_FIFO/NON_BLK_MEM.I_SYNC_FIFOGEN_FIFO/xpm_fifo_base_inst/gen_sdpram.xpm_memory_base_inst/gen_wr_a.gen_word_narrow.mem_reg_0_15_0_5/RAMB/CLK
High Pulse Width  Slow    RAMD32/CLK          n/a            1.250         4.000       2.750      SLICE_X42Y136   npu_system_i/axi_dma_0/U0/I_PRMRY_DATAMOVER/GEN_S2MM_FULL.I_S2MM_FULL_WRAPPER/GEN_ENABLE_INDET_BTT_SF.I_INDET_BTT/I_XD_FIFO/NON_BLK_MEM.I_SYNC_FIFOGEN_FIFO/xpm_fifo_base_inst/gen_sdpram.xpm_memory_base_inst/gen_wr_a.gen_word_narrow.mem_reg_0_15_0_5/RAMB_D1/CLK
High Pulse Width  Fast    RAMD32/CLK          n/a            1.250         4.000       2.750      SLICE_X42Y136   npu_system_i/axi_dma_0/U0/I_PRMRY_DATAMOVER/GEN_S2MM_FULL.I_S2MM_FULL_WRAPPER/GEN_ENABLE_INDET_BTT_SF.I_INDET_BTT/I_XD_FIFO/NON_BLK_MEM.I_SYNC_FIFOGEN_FIFO/xpm_fifo_base_inst/gen_sdpram.xpm_memory_base_inst/gen_wr_a.gen_word_narrow.mem_reg_0_15_0_5/RAMB_D1/CLK
High Pulse Width  Slow    RAMD32/CLK          n/a            1.250         4.000       2.750      SLICE_X42Y136   npu_system_i/axi_dma_0/U0/I_PRMRY_DATAMOVER/GEN_S2MM_FULL.I_S2MM_FULL_WRAPPER/GEN_ENABLE_INDET_BTT_SF.I_INDET_BTT/I_XD_FIFO/NON_BLK_MEM.I_SYNC_FIFOGEN_FIFO/xpm_fifo_base_inst/gen_sdpram.xpm_memory_base_inst/gen_wr_a.gen_word_narrow.mem_reg_0_15_0_5/RAMC/CLK
High Pulse Width  Fast    RAMD32/CLK          n/a            1.250         4.000       2.750      SLICE_X42Y136   npu_system_i/axi_dma_0/U0/I_PRMRY_DATAMOVER/GEN_S2MM_FULL.I_S2MM_FULL_WRAPPER/GEN_ENABLE_INDET_BTT_SF.I_INDET_BTT/I_XD_FIFO/NON_BLK_MEM.I_SYNC_FIFOGEN_FIFO/xpm_fifo_base_inst/gen_sdpram.xpm_memory_base_inst/gen_wr_a.gen_word_narrow.mem_reg_0_15_0_5/RAMC/CLK
High Pulse Width  Slow    RAMD32/CLK          n/a            1.250         4.000       2.750      SLICE_X42Y136   npu_system_i/axi_dma_0/U0/I_PRMRY_DATAMOVER/GEN_S2MM_FULL.I_S2MM_FULL_WRAPPER/GEN_ENABLE_INDET_BTT_SF.I_INDET_BTT/I_XD_FIFO/NON_BLK_MEM.I_SYNC_FIFOGEN_FIFO/xpm_fifo_base_inst/gen_sdpram.xpm_memory_base_inst/gen_wr_a.gen_word_narrow.mem_reg_0_15_0_5/RAMC_D1/CLK
High Pulse Width  Fast    RAMD32/CLK          n/a            1.250         4.000       2.750      SLICE_X42Y136   npu_system_i/axi_dma_0/U0/I_PRMRY_DATAMOVER/GEN_S2MM_FULL.I_S2MM_FULL_WRAPPER/GEN_ENABLE_INDET_BTT_SF.I_INDET_BTT/I_XD_FIFO/NON_BLK_MEM.I_SYNC_FIFOGEN_FIFO/xpm_fifo_base_inst/gen_sdpram.xpm_memory_base_inst/gen_wr_a.gen_word_narrow.mem_reg_0_15_0_5/RAMC_D1/CLK
High Pulse Width  Slow    RAMS32/CLK          n/a            1.250         4.000       2.750      SLICE_X42Y136   npu_system_i/axi_dma_0/U0/I_PRMRY_DATAMOVER/GEN_S2MM_FULL.I_S2MM_FULL_WRAPPER/GEN_ENABLE_INDET_BTT_SF.I_INDET_BTT/I_XD_FIFO/NON_BLK_MEM.I_SYNC_FIFOGEN_FIFO/xpm_fifo_base_inst/gen_sdpram.xpm_memory_base_inst/gen_wr_a.gen_word_narrow.mem_reg_0_15_0_5/RAMD/CLK
High Pulse Width  Fast    RAMS32/CLK          n/a            1.250         4.000       2.750      SLICE_X42Y136   npu_system_i/axi_dma_0/U0/I_PRMRY_DATAMOVER/GEN_S2MM_FULL.I_S2MM_FULL_WRAPPER/GEN_ENABLE_INDET_BTT_SF.I_INDET_BTT/I_XD_FIFO/NON_BLK_MEM.I_SYNC_FIFOGEN_FIFO/xpm_fifo_base_inst/gen_sdpram.xpm_memory_base_inst/gen_wr_a.gen_word_narrow.mem_reg_0_15_0_5/RAMD/CLK
High Pulse Width  Slow    RAMS32/CLK          n/a            1.250         4.000       2.750      SLICE_X42Y136   npu_system_i/axi_dma_0/U0/I_PRMRY_DATAMOVER/GEN_S2MM_FULL.I_S2MM_FULL_WRAPPER/GEN_ENABLE_INDET_BTT_SF.I_INDET_BTT/I_XD_FIFO/NON_BLK_MEM.I_SYNC_FIFOGEN_FIFO/xpm_fifo_base_inst/gen_sdpram.xpm_memory_base_inst/gen_wr_a.gen_word_narrow.mem_reg_0_15_0_5/RAMD_D1/CLK
High Pulse Width  Fast    RAMS32/CLK          n/a            1.250         4.000       2.750      SLICE_X42Y136   npu_system_i/axi_dma_0/U0/I_PRMRY_DATAMOVER/GEN_S2MM_FULL.I_S2MM_FULL_WRAPPER/GEN_ENABLE_INDET_BTT_SF.I_INDET_BTT/I_XD_FIFO/NON_BLK_MEM.I_SYNC_FIFOGEN_FIFO/xpm_fifo_base_inst/gen_sdpram.xpm_memory_base_inst/gen_wr_a.gen_word_narrow.mem_reg_0_15_0_5/RAMD_D1/CLK
High Pulse Width  Slow    RAMD32/CLK          n/a            1.250         4.000       2.750      SLICE_X46Y136   npu_system_i/axi_dma_0/U0/I_PRMRY_DATAMOVER/GEN_S2MM_FULL.I_S2MM_FULL_WRAPPER/GEN_ENABLE_INDET_BTT_SF.I_INDET_BTT/I_XD_FIFO/NON_BLK_MEM.I_SYNC_FIFOGEN_FIFO/xpm_fifo_base_inst/gen_sdpram.xpm_memory_base_inst/gen_wr_a.gen_word_narrow.mem_reg_0_15_6_8/RAMA/CLK
High Pulse Width  Fast    RAMD32/CLK          n/a            1.250         4.000       2.750      SLICE_X46Y136   npu_system_i/axi_dma_0/U0/I_PRMRY_DATAMOVER/GEN_S2MM_FULL.I_S2MM_FULL_WRAPPER/GEN_ENABLE_INDET_BTT_SF.I_INDET_BTT/I_XD_FIFO/NON_BLK_MEM.I_SYNC_FIFOGEN_FIFO/xpm_fifo_base_inst/gen_sdpram.xpm_memory_base_inst/gen_wr_a.gen_word_narrow.mem_reg_0_15_6_8/RAMA/CLK
High Pulse Width  Slow    RAMD32/CLK          n/a            1.250         4.000       2.750      SLICE_X46Y136   npu_system_i/axi_dma_0/U0/I_PRMRY_DATAMOVER/GEN_S2MM_FULL.I_S2MM_FULL_WRAPPER/GEN_ENABLE_INDET_BTT_SF.I_INDET_BTT/I_XD_FIFO/NON_BLK_MEM.I_SYNC_FIFOGEN_FIFO/xpm_fifo_base_inst/gen_sdpram.xpm_memory_base_inst/gen_wr_a.gen_word_narrow.mem_reg_0_15_6_8/RAMA_D1/CLK
High Pulse Width  Fast    RAMD32/CLK          n/a            1.250         4.000       2.750      SLICE_X46Y136   npu_system_i/axi_dma_0/U0/I_PRMRY_DATAMOVER/GEN_S2MM_FULL.I_S2MM_FULL_WRAPPER/GEN_ENABLE_INDET_BTT_SF.I_INDET_BTT/I_XD_FIFO/NON_BLK_MEM.I_SYNC_FIFOGEN_FIFO/xpm_fifo_base_inst/gen_sdpram.xpm_memory_base_inst/gen_wr_a.gen_word_narrow.mem_reg_0_15_6_8/RAMA_D1/CLK



---------------------------------------------------------------------------------------------------
From Clock:  clk_fpga_1
  To Clock:  clk_fpga_1

Setup :            0  Failing Endpoints,  Worst Slack        0.824ns,  Total Violation        0.000ns
Hold  :            0  Failing Endpoints,  Worst Slack        0.122ns,  Total Violation        0.000ns
PW    :            0  Failing Endpoints,  Worst Slack        0.264ns,  Total Violation        0.000ns
---------------------------------------------------------------------------------------------------


Max Delay Paths
--------------------------------------------------------------------------------------
Slack (MET) :             0.824ns  (required time - arrival time)
  Source:                 npu_system_i/dvi2rgb_0/U0/GenerateDDC.DDC_EEPROM/I2C_SlaveController/dScl_reg/C
                            (rising edge-triggered cell FDRE clocked by clk_fpga_1  {rise@0.000ns fall@2.500ns period=5.000ns})
  Destination:            npu_system_i/dvi2rgb_0/U0/GenerateDDC.DDC_EEPROM/I2C_SlaveController/dataByte_reg[1]/CE
                            (rising edge-triggered cell FDRE clocked by clk_fpga_1  {rise@0.000ns fall@2.500ns period=5.000ns})
  Path Group:             clk_fpga_1
  Path Type:              Setup (Max at Slow Process Corner)
  Requirement:            5.000ns  (clk_fpga_1 rise@5.000ns - clk_fpga_1 rise@0.000ns)
  Data Path Delay:        3.782ns  (logic 0.921ns (24.353%)  route 2.861ns (75.647%))
  Logic Levels:           2  (LUT3=1 LUT6=1)
  Clock Path Skew:        -0.142ns (DCD - SCD + CPR)
    Destination Clock Delay (DCD):    2.962ns = ( 7.962 - 5.000 ) 
    Source Clock Delay      (SCD):    3.351ns
    Clock Pessimism Removal (CPR):    0.247ns
  Clock Uncertainty:      0.083ns  ((TSJ^2 + TIJ^2)^1/2 + DJ) / 2 + PE
    Total System Jitter     (TSJ):    0.071ns
    Total Input Jitter      (TIJ):    0.150ns
    Discrete Jitter          (DJ):    0.000ns
    Phase Error              (PE):    0.000ns

    Location             Delay type                Incr(ns)  Path(ns)    Netlist Resource(s)
  -------------------------------------------------------------------    -------------------
                         (clock clk_fpga_1 rise edge)
                                                      0.000     0.000 r  
    PS7_X0Y0             PS7                          0.000     0.000 r  npu_system_i/ps7/inst/PS7_i/FCLKCLK[1]
                         net (fo=1, routed)           1.193     1.193    npu_system_i/ps7/inst/FCLK_CLK_unbuffered[1]
    BUFGCTRL_X0Y17       BUFG (Prop_bufg_I_O)         0.101     1.294 r  npu_system_i/ps7/inst/buffer_fclk_clk_1.FCLK_CLK_1_BUFG/O
                         net (fo=158, routed)         2.057     3.351    npu_system_i/dvi2rgb_0/U0/GenerateDDC.DDC_EEPROM/I2C_SlaveController/RefClk
    SLICE_X113Y145       FDRE                                         r  npu_system_i/dvi2rgb_0/U0/GenerateDDC.DDC_EEPROM/I2C_SlaveController/dScl_reg/C
  -------------------------------------------------------------------    -------------------
    SLICE_X113Y145       FDRE (Prop_fdre_C_Q)         0.456     3.807 r  npu_system_i/dvi2rgb_0/U0/GenerateDDC.DDC_EEPROM/I2C_SlaveController/dScl_reg/Q
                         net (fo=18, routed)          1.075     4.882    npu_system_i/dvi2rgb_0/U0/GenerateDDC.DDC_EEPROM/I2C_SlaveController/dScl
    SLICE_X112Y149       LUT3 (Prop_lut3_I1_O)        0.117     4.999 r  npu_system_i/dvi2rgb_0/U0/GenerateDDC.DDC_EEPROM/I2C_SlaveController/dataByte[7]_i_6/O
                         net (fo=11, routed)          0.840     5.839    npu_system_i/dvi2rgb_0/U0/GenerateDDC.DDC_EEPROM/I2C_SlaveController/fStart__1
    SLICE_X108Y148       LUT6 (Prop_lut6_I4_O)        0.348     6.187 r  npu_system_i/dvi2rgb_0/U0/GenerateDDC.DDC_EEPROM/I2C_SlaveController/dataByte[7]_i_1/O
                         net (fo=8, routed)           0.946     7.133    npu_system_i/dvi2rgb_0/U0/GenerateDDC.DDC_EEPROM/I2C_SlaveController/dataByte[7]_i_1_n_0
    SLICE_X100Y148       FDRE                                         r  npu_system_i/dvi2rgb_0/U0/GenerateDDC.DDC_EEPROM/I2C_SlaveController/dataByte_reg[1]/CE
  -------------------------------------------------------------------    -------------------

                         (clock clk_fpga_1 rise edge)
                                                      5.000     5.000 r  
    PS7_X0Y0             PS7                          0.000     5.000 r  npu_system_i/ps7/inst/PS7_i/FCLKCLK[1]
                         net (fo=1, routed)           1.088     6.088    npu_system_i/ps7/inst/FCLK_CLK_unbuffered[1]
    BUFGCTRL_X0Y17       BUFG (Prop_bufg_I_O)         0.091     6.179 r  npu_system_i/ps7/inst/buffer_fclk_clk_1.FCLK_CLK_1_BUFG/O
                         net (fo=158, routed)         1.783     7.962    npu_system_i/dvi2rgb_0/U0/GenerateDDC.DDC_EEPROM/I2C_SlaveController/RefClk
    SLICE_X100Y148       FDRE                                         r  npu_system_i/dvi2rgb_0/U0/GenerateDDC.DDC_EEPROM/I2C_SlaveController/dataByte_reg[1]/C
                         clock pessimism              0.247     8.209    
                         clock uncertainty           -0.083     8.126    
    SLICE_X100Y148       FDRE (Setup_fdre_C_CE)      -0.169     7.957    npu_system_i/dvi2rgb_0/U0/GenerateDDC.DDC_EEPROM/I2C_SlaveController/dataByte_reg[1]
  -------------------------------------------------------------------
                         required time                          7.957    
                         arrival time                          -7.133    
  -------------------------------------------------------------------
                         slack                                  0.824    

Slack (MET) :             0.824ns  (required time - arrival time)
  Source:                 npu_system_i/dvi2rgb_0/U0/GenerateDDC.DDC_EEPROM/I2C_SlaveController/dScl_reg/C
                            (rising edge-triggered cell FDRE clocked by clk_fpga_1  {rise@0.000ns fall@2.500ns period=5.000ns})
  Destination:            npu_system_i/dvi2rgb_0/U0/GenerateDDC.DDC_EEPROM/I2C_SlaveController/dataByte_reg[5]/CE
                            (rising edge-triggered cell FDRE clocked by clk_fpga_1  {rise@0.000ns fall@2.500ns period=5.000ns})
  Path Group:             clk_fpga_1
  Path Type:              Setup (Max at Slow Process Corner)
  Requirement:            5.000ns  (clk_fpga_1 rise@5.000ns - clk_fpga_1 rise@0.000ns)
  Data Path Delay:        3.782ns  (logic 0.921ns (24.353%)  route 2.861ns (75.647%))
  Logic Levels:           2  (LUT3=1 LUT6=1)
  Clock Path Skew:        -0.142ns (DCD - SCD + CPR)
    Destination Clock Delay (DCD):    2.962ns = ( 7.962 - 5.000 ) 
    Source Clock Delay      (SCD):    3.351ns
    Clock Pessimism Removal (CPR):    0.247ns
  Clock Uncertainty:      0.083ns  ((TSJ^2 + TIJ^2)^1/2 + DJ) / 2 + PE
    Total System Jitter     (TSJ):    0.071ns
    Total Input Jitter      (TIJ):    0.150ns
    Discrete Jitter          (DJ):    0.000ns
    Phase Error              (PE):    0.000ns

    Location             Delay type                Incr(ns)  Path(ns)    Netlist Resource(s)
  -------------------------------------------------------------------    -------------------
                         (clock clk_fpga_1 rise edge)
                                                      0.000     0.000 r  
    PS7_X0Y0             PS7                          0.000     0.000 r  npu_system_i/ps7/inst/PS7_i/FCLKCLK[1]
                         net (fo=1, routed)           1.193     1.193    npu_system_i/ps7/inst/FCLK_CLK_unbuffered[1]
    BUFGCTRL_X0Y17       BUFG (Prop_bufg_I_O)         0.101     1.294 r  npu_system_i/ps7/inst/buffer_fclk_clk_1.FCLK_CLK_1_BUFG/O
                         net (fo=158, routed)         2.057     3.351    npu_system_i/dvi2rgb_0/U0/GenerateDDC.DDC_EEPROM/I2C_SlaveController/RefClk
    SLICE_X113Y145       FDRE                                         r  npu_system_i/dvi2rgb_0/U0/GenerateDDC.DDC_EEPROM/I2C_SlaveController/dScl_reg/C
  -------------------------------------------------------------------    -------------------
    SLICE_X113Y145       FDRE (Prop_fdre_C_Q)         0.456     3.807 r  npu_system_i/dvi2rgb_0/U0/GenerateDDC.DDC_EEPROM/I2C_SlaveController/dScl_reg/Q
                         net (fo=18, routed)          1.075     4.882    npu_system_i/dvi2rgb_0/U0/GenerateDDC.DDC_EEPROM/I2C_SlaveController/dScl
    SLICE_X112Y149       LUT3 (Prop_lut3_I1_O)        0.117     4.999 r  npu_system_i/dvi2rgb_0/U0/GenerateDDC.DDC_EEPROM/I2C_SlaveController/dataByte[7]_i_6/O
                         net (fo=11, routed)          0.840     5.839    npu_system_i/dvi2rgb_0/U0/GenerateDDC.DDC_EEPROM/I2C_SlaveController/fStart__1
    SLICE_X108Y148       LUT6 (Prop_lut6_I4_O)        0.348     6.187 r  npu_system_i/dvi2rgb_0/U0/GenerateDDC.DDC_EEPROM/I2C_SlaveController/dataByte[7]_i_1/O
                         net (fo=8, routed)           0.946     7.133    npu_system_i/dvi2rgb_0/U0/GenerateDDC.DDC_EEPROM/I2C_SlaveController/dataByte[7]_i_1_n_0
    SLICE_X100Y148       FDRE                                         r  npu_system_i/dvi2rgb_0/U0/GenerateDDC.DDC_EEPROM/I2C_SlaveController/dataByte_reg[5]/CE
  -------------------------------------------------------------------    -------------------

                         (clock clk_fpga_1 rise edge)
                                                      5.000     5.000 r  
    PS7_X0Y0             PS7                          0.000     5.000 r  npu_system_i/ps7/inst/PS7_i/FCLKCLK[1]
                         net (fo=1, routed)           1.088     6.088    npu_system_i/ps7/inst/FCLK_CLK_unbuffered[1]
    BUFGCTRL_X0Y17       BUFG (Prop_bufg_I_O)         0.091     6.179 r  npu_system_i/ps7/inst/buffer_fclk_clk_1.FCLK_CLK_1_BUFG/O
                         net (fo=158, routed)         1.783     7.962    npu_system_i/dvi2rgb_0/U0/GenerateDDC.DDC_EEPROM/I2C_SlaveController/RefClk
    SLICE_X100Y148       FDRE                                         r  npu_system_i/dvi2rgb_0/U0/GenerateDDC.DDC_EEPROM/I2C_SlaveController/dataByte_reg[5]/C
                         clock pessimism              0.247     8.209    
                         clock uncertainty           -0.083     8.126    
    SLICE_X100Y148       FDRE (Setup_fdre_C_CE)      -0.169     7.957    npu_system_i/dvi2rgb_0/U0/GenerateDDC.DDC_EEPROM/I2C_SlaveController/dataByte_reg[5]
  -------------------------------------------------------------------
                         required time                          7.957    
                         arrival time                          -7.133    
  -------------------------------------------------------------------
                         slack                                  0.824    

Slack (MET) :             1.103ns  (required time - arrival time)
  Source:                 npu_system_i/dvi2rgb_0/U0/GenerateDDC.DDC_EEPROM/sAddr_reg[1]/C
                            (rising edge-triggered cell FDRE clocked by clk_fpga_1  {rise@0.000ns fall@2.500ns period=5.000ns})
  Destination:            npu_system_i/dvi2rgb_0/U0/GenerateDDC.DDC_EEPROM/sI2C_DataOut_reg[0]/D
                            (rising edge-triggered cell FDRE clocked by clk_fpga_1  {rise@0.000ns fall@2.500ns period=5.000ns})
  Path Group:             clk_fpga_1
  Path Type:              Setup (Max at Slow Process Corner)
  Requirement:            5.000ns  (clk_fpga_1 rise@5.000ns - clk_fpga_1 rise@0.000ns)
  Data Path Delay:        3.814ns  (logic 1.060ns (27.792%)  route 2.754ns (72.208%))
  Logic Levels:           3  (LUT6=1 MUXF7=1 MUXF8=1)
  Clock Path Skew:        -0.064ns (DCD - SCD + CPR)
    Destination Clock Delay (DCD):    3.039ns = ( 8.039 - 5.000 ) 
    Source Clock Delay      (SCD):    3.350ns
    Clock Pessimism Removal (CPR):    0.247ns
  Clock Uncertainty:      0.083ns  ((TSJ^2 + TIJ^2)^1/2 + DJ) / 2 + PE
    Total System Jitter     (TSJ):    0.071ns
    Total Input Jitter      (TIJ):    0.150ns
    Discrete Jitter          (DJ):    0.000ns
    Phase Error              (PE):    0.000ns

    Location             Delay type                Incr(ns)  Path(ns)    Netlist Resource(s)
  -------------------------------------------------------------------    -------------------
                         (clock clk_fpga_1 rise edge)
                                                      0.000     0.000 r  
    PS7_X0Y0             PS7                          0.000     0.000 r  npu_system_i/ps7/inst/PS7_i/FCLKCLK[1]
                         net (fo=1, routed)           1.193     1.193    npu_system_i/ps7/inst/FCLK_CLK_unbuffered[1]
    BUFGCTRL_X0Y17       BUFG (Prop_bufg_I_O)         0.101     1.294 r  npu_system_i/ps7/inst/buffer_fclk_clk_1.FCLK_CLK_1_BUFG/O
                         net (fo=158, routed)         2.056     3.350    npu_system_i/dvi2rgb_0/U0/GenerateDDC.DDC_EEPROM/RefClk
    SLICE_X106Y148       FDRE                                         r  npu_system_i/dvi2rgb_0/U0/GenerateDDC.DDC_EEPROM/sAddr_reg[1]/C
  -------------------------------------------------------------------    -------------------
    SLICE_X106Y148       FDRE (Prop_fdre_C_Q)         0.419     3.769 r  npu_system_i/dvi2rgb_0/U0/GenerateDDC.DDC_EEPROM/sAddr_reg[1]/Q
                         net (fo=38, routed)          2.754     6.523    npu_system_i/dvi2rgb_0/U0/GenerateDDC.DDC_EEPROM/sAddr[1]
    SLICE_X113Y145       LUT6 (Prop_lut6_I2_O)        0.299     6.822 r  npu_system_i/dvi2rgb_0/U0/GenerateDDC.DDC_EEPROM/sI2C_DataOut[0]_i_4/O
                         net (fo=1, routed)           0.000     6.822    npu_system_i/dvi2rgb_0/U0/GenerateDDC.DDC_EEPROM/sI2C_DataOut[0]_i_4_n_0
    SLICE_X113Y145       MUXF7 (Prop_muxf7_I0_O)      0.238     7.060 r  npu_system_i/dvi2rgb_0/U0/GenerateDDC.DDC_EEPROM/sI2C_DataOut_reg[0]_i_2/O
                         net (fo=1, routed)           0.000     7.060    npu_system_i/dvi2rgb_0/U0/GenerateDDC.DDC_EEPROM/sI2C_DataOut_reg[0]_i_2_n_0
    SLICE_X113Y145       MUXF8 (Prop_muxf8_I0_O)      0.104     7.164 r  npu_system_i/dvi2rgb_0/U0/GenerateDDC.DDC_EEPROM/sI2C_DataOut_reg[0]_i_1/O
                         net (fo=1, routed)           0.000     7.164    npu_system_i/dvi2rgb_0/U0/GenerateDDC.DDC_EEPROM/sI2C_DataOut_reg[0]_i_1_n_0
    SLICE_X113Y145       FDRE                                         r  npu_system_i/dvi2rgb_0/U0/GenerateDDC.DDC_EEPROM/sI2C_DataOut_reg[0]/D
  -------------------------------------------------------------------    -------------------

                         (clock clk_fpga_1 rise edge)
                                                      5.000     5.000 r  
    PS7_X0Y0             PS7                          0.000     5.000 r  npu_system_i/ps7/inst/PS7_i/FCLKCLK[1]
                         net (fo=1, routed)           1.088     6.088    npu_system_i/ps7/inst/FCLK_CLK_unbuffered[1]
    BUFGCTRL_X0Y17       BUFG (Prop_bufg_I_O)         0.091     6.179 r  npu_system_i/ps7/inst/buffer_fclk_clk_1.FCLK_CLK_1_BUFG/O
                         net (fo=158, routed)         1.860     8.039    npu_system_i/dvi2rgb_0/U0/GenerateDDC.DDC_EEPROM/RefClk
    SLICE_X113Y145       FDRE                                         r  npu_system_i/dvi2rgb_0/U0/GenerateDDC.DDC_EEPROM/sI2C_DataOut_reg[0]/C
                         clock pessimism              0.247     8.286    
                         clock uncertainty           -0.083     8.203    
    SLICE_X113Y145       FDRE (Setup_fdre_C_D)        0.064     8.267    npu_system_i/dvi2rgb_0/U0/GenerateDDC.DDC_EEPROM/sI2C_DataOut_reg[0]
  -------------------------------------------------------------------
                         required time                          8.267    
                         arrival time                          -7.164    
  -------------------------------------------------------------------
                         slack                                  1.103    

Slack (MET) :             1.145ns  (required time - arrival time)
  Source:                 npu_system_i/dvi2rgb_0/U0/GenerateDDC.DDC_EEPROM/I2C_SlaveController/dScl_reg/C
                            (rising edge-triggered cell FDRE clocked by clk_fpga_1  {rise@0.000ns fall@2.500ns period=5.000ns})
  Destination:            npu_system_i/dvi2rgb_0/U0/GenerateDDC.DDC_EEPROM/I2C_SlaveController/dataByte_reg[3]/CE
                            (rising edge-triggered cell FDRE clocked by clk_fpga_1  {rise@0.000ns fall@2.500ns period=5.000ns})
  Path Group:             clk_fpga_1
  Path Type:              Setup (Max at Slow Process Corner)
  Requirement:            5.000ns  (clk_fpga_1 rise@5.000ns - clk_fpga_1 rise@0.000ns)
  Data Path Delay:        3.577ns  (logic 0.921ns (25.747%)  route 2.656ns (74.253%))
  Logic Levels:           2  (LUT3=1 LUT6=1)
  Clock Path Skew:        -0.026ns (DCD - SCD + CPR)
    Destination Clock Delay (DCD):    3.038ns = ( 8.038 - 5.000 ) 
    Source Clock Delay      (SCD):    3.351ns
    Clock Pessimism Removal (CPR):    0.287ns
  Clock Uncertainty:      0.083ns  ((TSJ^2 + TIJ^2)^1/2 + DJ) / 2 + PE
    Total System Jitter     (TSJ):    0.071ns
    Total Input Jitter      (TIJ):    0.150ns
    Discrete Jitter          (DJ):    0.000ns
    Phase Error              (PE):    0.000ns

    Location             Delay type                Incr(ns)  Path(ns)    Netlist Resource(s)
  -------------------------------------------------------------------    -------------------
                         (clock clk_fpga_1 rise edge)
                                                      0.000     0.000 r  
    PS7_X0Y0             PS7                          0.000     0.000 r  npu_system_i/ps7/inst/PS7_i/FCLKCLK[1]
                         net (fo=1, routed)           1.193     1.193    npu_system_i/ps7/inst/FCLK_CLK_unbuffered[1]
    BUFGCTRL_X0Y17       BUFG (Prop_bufg_I_O)         0.101     1.294 r  npu_system_i/ps7/inst/buffer_fclk_clk_1.FCLK_CLK_1_BUFG/O
                         net (fo=158, routed)         2.057     3.351    npu_system_i/dvi2rgb_0/U0/GenerateDDC.DDC_EEPROM/I2C_SlaveController/RefClk
    SLICE_X113Y145       FDRE                                         r  npu_system_i/dvi2rgb_0/U0/GenerateDDC.DDC_EEPROM/I2C_SlaveController/dScl_reg/C
  -------------------------------------------------------------------    -------------------
    SLICE_X113Y145       FDRE (Prop_fdre_C_Q)         0.456     3.807 r  npu_system_i/dvi2rgb_0/U0/GenerateDDC.DDC_EEPROM/I2C_SlaveController/dScl_reg/Q
                         net (fo=18, routed)          1.075     4.882    npu_system_i/dvi2rgb_0/U0/GenerateDDC.DDC_EEPROM/I2C_SlaveController/dScl
    SLICE_X112Y149       LUT3 (Prop_lut3_I1_O)        0.117     4.999 r  npu_system_i/dvi2rgb_0/U0/GenerateDDC.DDC_EEPROM/I2C_SlaveController/dataByte[7]_i_6/O
                         net (fo=11, routed)          0.840     5.839    npu_system_i/dvi2rgb_0/U0/GenerateDDC.DDC_EEPROM/I2C_SlaveController/fStart__1
    SLICE_X108Y148       LUT6 (Prop_lut6_I4_O)        0.348     6.187 r  npu_system_i/dvi2rgb_0/U0/GenerateDDC.DDC_EEPROM/I2C_SlaveController/dataByte[7]_i_1/O
                         net (fo=8, routed)           0.741     6.928    npu_system_i/dvi2rgb_0/U0/GenerateDDC.DDC_EEPROM/I2C_SlaveController/dataByte[7]_i_1_n_0
    SLICE_X112Y142       FDRE                                         r  npu_system_i/dvi2rgb_0/U0/GenerateDDC.DDC_EEPROM/I2C_SlaveController/dataByte_reg[3]/CE
  -------------------------------------------------------------------    -------------------

                         (clock clk_fpga_1 rise edge)
                                                      5.000     5.000 r  
    PS7_X0Y0             PS7                          0.000     5.000 r  npu_system_i/ps7/inst/PS7_i/FCLKCLK[1]
                         net (fo=1, routed)           1.088     6.088    npu_system_i/ps7/inst/FCLK_CLK_unbuffered[1]
    BUFGCTRL_X0Y17       BUFG (Prop_bufg_I_O)         0.091     6.179 r  npu_system_i/ps7/inst/buffer_fclk_clk_1.FCLK_CLK_1_BUFG/O
                         net (fo=158, routed)         1.859     8.038    npu_system_i/dvi2rgb_0/U0/GenerateDDC.DDC_EEPROM/I2C_SlaveController/RefClk
    SLICE_X112Y142       FDRE                                         r  npu_system_i/dvi2rgb_0/U0/GenerateDDC.DDC_EEPROM/I2C_SlaveController/dataByte_reg[3]/C
                         clock pessimism              0.287     8.325    
                         clock uncertainty           -0.083     8.242    
    SLICE_X112Y142       FDRE (Setup_fdre_C_CE)      -0.169     8.073    npu_system_i/dvi2rgb_0/U0/GenerateDDC.DDC_EEPROM/I2C_SlaveController/dataByte_reg[3]
  -------------------------------------------------------------------
                         required time                          8.073    
                         arrival time                          -6.928    
  -------------------------------------------------------------------
                         slack                                  1.145    

Slack (MET) :             1.145ns  (required time - arrival time)
  Source:                 npu_system_i/dvi2rgb_0/U0/GenerateDDC.DDC_EEPROM/I2C_SlaveController/dScl_reg/C
                            (rising edge-triggered cell FDRE clocked by clk_fpga_1  {rise@0.000ns fall@2.500ns period=5.000ns})
  Destination:            npu_system_i/dvi2rgb_0/U0/GenerateDDC.DDC_EEPROM/I2C_SlaveController/dataByte_reg[6]/CE
                            (rising edge-triggered cell FDRE clocked by clk_fpga_1  {rise@0.000ns fall@2.500ns period=5.000ns})
  Path Group:             clk_fpga_1
  Path Type:              Setup (Max at Slow Process Corner)
  Requirement:            5.000ns  (clk_fpga_1 rise@5.000ns - clk_fpga_1 rise@0.000ns)
  Data Path Delay:        3.577ns  (logic 0.921ns (25.747%)  route 2.656ns (74.253%))
  Logic Levels:           2  (LUT3=1 LUT6=1)
  Clock Path Skew:        -0.026ns (DCD - SCD + CPR)
    Destination Clock Delay (DCD):    3.038ns = ( 8.038 - 5.000 ) 
    Source Clock Delay      (SCD):    3.351ns
    Clock Pessimism Removal (CPR):    0.287ns
  Clock Uncertainty:      0.083ns  ((TSJ^2 + TIJ^2)^1/2 + DJ) / 2 + PE
    Total System Jitter     (TSJ):    0.071ns
    Total Input Jitter      (TIJ):    0.150ns
    Discrete Jitter          (DJ):    0.000ns
    Phase Error              (PE):    0.000ns

    Location             Delay type                Incr(ns)  Path(ns)    Netlist Resource(s)
  -------------------------------------------------------------------    -------------------
                         (clock clk_fpga_1 rise edge)
                                                      0.000     0.000 r  
    PS7_X0Y0             PS7                          0.000     0.000 r  npu_system_i/ps7/inst/PS7_i/FCLKCLK[1]
                         net (fo=1, routed)           1.193     1.193    npu_system_i/ps7/inst/FCLK_CLK_unbuffered[1]
    BUFGCTRL_X0Y17       BUFG (Prop_bufg_I_O)         0.101     1.294 r  npu_system_i/ps7/inst/buffer_fclk_clk_1.FCLK_CLK_1_BUFG/O
                         net (fo=158, routed)         2.057     3.351    npu_system_i/dvi2rgb_0/U0/GenerateDDC.DDC_EEPROM/I2C_SlaveController/RefClk
    SLICE_X113Y145       FDRE                                         r  npu_system_i/dvi2rgb_0/U0/GenerateDDC.DDC_EEPROM/I2C_SlaveController/dScl_reg/C
  -------------------------------------------------------------------    -------------------
    SLICE_X113Y145       FDRE (Prop_fdre_C_Q)         0.456     3.807 r  npu_system_i/dvi2rgb_0/U0/GenerateDDC.DDC_EEPROM/I2C_SlaveController/dScl_reg/Q
                         net (fo=18, routed)          1.075     4.882    npu_system_i/dvi2rgb_0/U0/GenerateDDC.DDC_EEPROM/I2C_SlaveController/dScl
    SLICE_X112Y149       LUT3 (Prop_lut3_I1_O)        0.117     4.999 r  npu_system_i/dvi2rgb_0/U0/GenerateDDC.DDC_EEPROM/I2C_SlaveController/dataByte[7]_i_6/O
                         net (fo=11, routed)          0.840     5.839    npu_system_i/dvi2rgb_0/U0/GenerateDDC.DDC_EEPROM/I2C_SlaveController/fStart__1
    SLICE_X108Y148       LUT6 (Prop_lut6_I4_O)        0.348     6.187 r  npu_system_i/dvi2rgb_0/U0/GenerateDDC.DDC_EEPROM/I2C_SlaveController/dataByte[7]_i_1/O
                         net (fo=8, routed)           0.741     6.928    npu_system_i/dvi2rgb_0/U0/GenerateDDC.DDC_EEPROM/I2C_SlaveController/dataByte[7]_i_1_n_0
    SLICE_X112Y142       FDRE                                         r  npu_system_i/dvi2rgb_0/U0/GenerateDDC.DDC_EEPROM/I2C_SlaveController/dataByte_reg[6]/CE
  -------------------------------------------------------------------    -------------------

                         (clock clk_fpga_1 rise edge)
                                                      5.000     5.000 r  
    PS7_X0Y0             PS7                          0.000     5.000 r  npu_system_i/ps7/inst/PS7_i/FCLKCLK[1]
                         net (fo=1, routed)           1.088     6.088    npu_system_i/ps7/inst/FCLK_CLK_unbuffered[1]
    BUFGCTRL_X0Y17       BUFG (Prop_bufg_I_O)         0.091     6.179 r  npu_system_i/ps7/inst/buffer_fclk_clk_1.FCLK_CLK_1_BUFG/O
                         net (fo=158, routed)         1.859     8.038    npu_system_i/dvi2rgb_0/U0/GenerateDDC.DDC_EEPROM/I2C_SlaveController/RefClk
    SLICE_X112Y142       FDRE                                         r  npu_system_i/dvi2rgb_0/U0/GenerateDDC.DDC_EEPROM/I2C_SlaveController/dataByte_reg[6]/C
                         clock pessimism              0.287     8.325    
                         clock uncertainty           -0.083     8.242    
    SLICE_X112Y142       FDRE (Setup_fdre_C_CE)      -0.169     8.073    npu_system_i/dvi2rgb_0/U0/GenerateDDC.DDC_EEPROM/I2C_SlaveController/dataByte_reg[6]
  -------------------------------------------------------------------
                         required time                          8.073    
                         arrival time                          -6.928    
  -------------------------------------------------------------------
                         slack                                  1.145    

Slack (MET) :             1.188ns  (required time - arrival time)
  Source:                 npu_system_i/dvi2rgb_0/U0/GenerateDDC.DDC_EEPROM/I2C_SlaveController/dScl_reg/C
                            (rising edge-triggered cell FDRE clocked by clk_fpga_1  {rise@0.000ns fall@2.500ns period=5.000ns})
  Destination:            npu_system_i/dvi2rgb_0/U0/GenerateDDC.DDC_EEPROM/I2C_SlaveController/dataByte_reg[2]/CE
                            (rising edge-triggered cell FDRE clocked by clk_fpga_1  {rise@0.000ns fall@2.500ns period=5.000ns})
  Path Group:             clk_fpga_1
  Path Type:              Setup (Max at Slow Process Corner)
  Requirement:            5.000ns  (clk_fpga_1 rise@5.000ns - clk_fpga_1 rise@0.000ns)
  Data Path Delay:        3.500ns  (logic 0.921ns (26.312%)  route 2.579ns (73.688%))
  Logic Levels:           2  (LUT3=1 LUT6=1)
  Clock Path Skew:        -0.024ns (DCD - SCD + CPR)
    Destination Clock Delay (DCD):    3.040ns = ( 8.040 - 5.000 ) 
    Source Clock Delay      (SCD):    3.351ns
    Clock Pessimism Removal (CPR):    0.287ns
  Clock Uncertainty:      0.083ns  ((TSJ^2 + TIJ^2)^1/2 + DJ) / 2 + PE
    Total System Jitter     (TSJ):    0.071ns
    Total Input Jitter      (TIJ):    0.150ns
    Discrete Jitter          (DJ):    0.000ns
    Phase Error              (PE):    0.000ns

    Location             Delay type                Incr(ns)  Path(ns)    Netlist Resource(s)
  -------------------------------------------------------------------    -------------------
                         (clock clk_fpga_1 rise edge)
                                                      0.000     0.000 r  
    PS7_X0Y0             PS7                          0.000     0.000 r  npu_system_i/ps7/inst/PS7_i/FCLKCLK[1]
                         net (fo=1, routed)           1.193     1.193    npu_system_i/ps7/inst/FCLK_CLK_unbuffered[1]
    BUFGCTRL_X0Y17       BUFG (Prop_bufg_I_O)         0.101     1.294 r  npu_system_i/ps7/inst/buffer_fclk_clk_1.FCLK_CLK_1_BUFG/O
                         net (fo=158, routed)         2.057     3.351    npu_system_i/dvi2rgb_0/U0/GenerateDDC.DDC_EEPROM/I2C_SlaveController/RefClk
    SLICE_X113Y145       FDRE                                         r  npu_system_i/dvi2rgb_0/U0/GenerateDDC.DDC_EEPROM/I2C_SlaveController/dScl_reg/C
  -------------------------------------------------------------------    -------------------
    SLICE_X113Y145       FDRE (Prop_fdre_C_Q)         0.456     3.807 r  npu_system_i/dvi2rgb_0/U0/GenerateDDC.DDC_EEPROM/I2C_SlaveController/dScl_reg/Q
                         net (fo=18, routed)          1.075     4.882    npu_system_i/dvi2rgb_0/U0/GenerateDDC.DDC_EEPROM/I2C_SlaveController/dScl
    SLICE_X112Y149       LUT3 (Prop_lut3_I1_O)        0.117     4.999 r  npu_system_i/dvi2rgb_0/U0/GenerateDDC.DDC_EEPROM/I2C_SlaveController/dataByte[7]_i_6/O
                         net (fo=11, routed)          0.840     5.839    npu_system_i/dvi2rgb_0/U0/GenerateDDC.DDC_EEPROM/I2C_SlaveController/fStart__1
    SLICE_X108Y148       LUT6 (Prop_lut6_I4_O)        0.348     6.187 r  npu_system_i/dvi2rgb_0/U0/GenerateDDC.DDC_EEPROM/I2C_SlaveController/dataByte[7]_i_1/O
                         net (fo=8, routed)           0.665     6.851    npu_system_i/dvi2rgb_0/U0/GenerateDDC.DDC_EEPROM/I2C_SlaveController/dataByte[7]_i_1_n_0
    SLICE_X111Y147       FDRE                                         r  npu_system_i/dvi2rgb_0/U0/GenerateDDC.DDC_EEPROM/I2C_SlaveController/dataByte_reg[2]/CE
  -------------------------------------------------------------------    -------------------

                         (clock clk_fpga_1 rise edge)
                                                      5.000     5.000 r  
    PS7_X0Y0             PS7                          0.000     5.000 r  npu_system_i/ps7/inst/PS7_i/FCLKCLK[1]
                         net (fo=1, routed)           1.088     6.088    npu_system_i/ps7/inst/FCLK_CLK_unbuffered[1]
    BUFGCTRL_X0Y17       BUFG (Prop_bufg_I_O)         0.091     6.179 r  npu_system_i/ps7/inst/buffer_fclk_clk_1.FCLK_CLK_1_BUFG/O
                         net (fo=158, routed)         1.861     8.040    npu_system_i/dvi2rgb_0/U0/GenerateDDC.DDC_EEPROM/I2C_SlaveController/RefClk
    SLICE_X111Y147       FDRE                                         r  npu_system_i/dvi2rgb_0/U0/GenerateDDC.DDC_EEPROM/I2C_SlaveController/dataByte_reg[2]/C
                         clock pessimism              0.287     8.327    
                         clock uncertainty           -0.083     8.244    
    SLICE_X111Y147       FDRE (Setup_fdre_C_CE)      -0.205     8.039    npu_system_i/dvi2rgb_0/U0/GenerateDDC.DDC_EEPROM/I2C_SlaveController/dataByte_reg[2]
  -------------------------------------------------------------------
                         required time                          8.039    
                         arrival time                          -6.851    
  -------------------------------------------------------------------
                         slack                                  1.188    

Slack (MET) :             1.268ns  (required time - arrival time)
  Source:                 npu_system_i/dvi2rgb_0/U0/GenerateDDC.DDC_EEPROM/sAddr_reg[1]/C
                            (rising edge-triggered cell FDRE clocked by clk_fpga_1  {rise@0.000ns fall@2.500ns period=5.000ns})
  Destination:            npu_system_i/dvi2rgb_0/U0/GenerateDDC.DDC_EEPROM/sI2C_DataOut_reg[7]/D
                            (rising edge-triggered cell FDRE clocked by clk_fpga_1  {rise@0.000ns fall@2.500ns period=5.000ns})
  Path Group:             clk_fpga_1
  Path Type:              Setup (Max at Slow Process Corner)
  Requirement:            5.000ns  (clk_fpga_1 rise@5.000ns - clk_fpga_1 rise@0.000ns)
  Data Path Delay:        3.649ns  (logic 1.029ns (28.200%)  route 2.620ns (71.800%))
  Logic Levels:           3  (LUT6=1 MUXF7=1 MUXF8=1)
  Clock Path Skew:        -0.064ns (DCD - SCD + CPR)
    Destination Clock Delay (DCD):    3.039ns = ( 8.039 - 5.000 ) 
    Source Clock Delay      (SCD):    3.350ns
    Clock Pessimism Removal (CPR):    0.247ns
  Clock Uncertainty:      0.083ns  ((TSJ^2 + TIJ^2)^1/2 + DJ) / 2 + PE
    Total System Jitter     (TSJ):    0.071ns
    Total Input Jitter      (TIJ):    0.150ns
    Discrete Jitter          (DJ):    0.000ns
    Phase Error              (PE):    0.000ns

    Location             Delay type                Incr(ns)  Path(ns)    Netlist Resource(s)
  -------------------------------------------------------------------    -------------------
                         (clock clk_fpga_1 rise edge)
                                                      0.000     0.000 r  
    PS7_X0Y0             PS7                          0.000     0.000 r  npu_system_i/ps7/inst/PS7_i/FCLKCLK[1]
                         net (fo=1, routed)           1.193     1.193    npu_system_i/ps7/inst/FCLK_CLK_unbuffered[1]
    BUFGCTRL_X0Y17       BUFG (Prop_bufg_I_O)         0.101     1.294 r  npu_system_i/ps7/inst/buffer_fclk_clk_1.FCLK_CLK_1_BUFG/O
                         net (fo=158, routed)         2.056     3.350    npu_system_i/dvi2rgb_0/U0/GenerateDDC.DDC_EEPROM/RefClk
    SLICE_X106Y148       FDRE                                         r  npu_system_i/dvi2rgb_0/U0/GenerateDDC.DDC_EEPROM/sAddr_reg[1]/C
  -------------------------------------------------------------------    -------------------
    SLICE_X106Y148       FDRE (Prop_fdre_C_Q)         0.419     3.769 r  npu_system_i/dvi2rgb_0/U0/GenerateDDC.DDC_EEPROM/sAddr_reg[1]/Q
                         net (fo=38, routed)          2.620     6.389    npu_system_i/dvi2rgb_0/U0/GenerateDDC.DDC_EEPROM/sAddr[1]
    SLICE_X111Y145       LUT6 (Prop_lut6_I2_O)        0.299     6.688 r  npu_system_i/dvi2rgb_0/U0/GenerateDDC.DDC_EEPROM/sI2C_DataOut[7]_i_7/O
                         net (fo=1, routed)           0.000     6.688    npu_system_i/dvi2rgb_0/U0/GenerateDDC.DDC_EEPROM/sI2C_DataOut[7]_i_7_n_0
    SLICE_X111Y145       MUXF7 (Prop_muxf7_I1_O)      0.217     6.905 r  npu_system_i/dvi2rgb_0/U0/GenerateDDC.DDC_EEPROM/sI2C_DataOut_reg[7]_i_3/O
                         net (fo=1, routed)           0.000     6.905    npu_system_i/dvi2rgb_0/U0/GenerateDDC.DDC_EEPROM/sI2C_DataOut_reg[7]_i_3_n_0
    SLICE_X111Y145       MUXF8 (Prop_muxf8_I1_O)      0.094     6.999 r  npu_system_i/dvi2rgb_0/U0/GenerateDDC.DDC_EEPROM/sI2C_DataOut_reg[7]_i_1/O
                         net (fo=1, routed)           0.000     6.999    npu_system_i/dvi2rgb_0/U0/GenerateDDC.DDC_EEPROM/sI2C_DataOut_reg[7]_i_1_n_0
    SLICE_X111Y145       FDRE                                         r  npu_system_i/dvi2rgb_0/U0/GenerateDDC.DDC_EEPROM/sI2C_DataOut_reg[7]/D
  -------------------------------------------------------------------    -------------------

                         (clock clk_fpga_1 rise edge)
                                                      5.000     5.000 r  
    PS7_X0Y0             PS7                          0.000     5.000 r  npu_system_i/ps7/inst/PS7_i/FCLKCLK[1]
                         net (fo=1, routed)           1.088     6.088    npu_system_i/ps7/inst/FCLK_CLK_unbuffered[1]
    BUFGCTRL_X0Y17       BUFG (Prop_bufg_I_O)         0.091     6.179 r  npu_system_i/ps7/inst/buffer_fclk_clk_1.FCLK_CLK_1_BUFG/O
                         net (fo=158, routed)         1.860     8.039    npu_system_i/dvi2rgb_0/U0/GenerateDDC.DDC_EEPROM/RefClk
    SLICE_X111Y145       FDRE                                         r  npu_system_i/dvi2rgb_0/U0/GenerateDDC.DDC_EEPROM/sI2C_DataOut_reg[7]/C
                         clock pessimism              0.247     8.286    
                         clock uncertainty           -0.083     8.203    
    SLICE_X111Y145       FDRE (Setup_fdre_C_D)        0.064     8.267    npu_system_i/dvi2rgb_0/U0/GenerateDDC.DDC_EEPROM/sI2C_DataOut_reg[7]
  -------------------------------------------------------------------
                         required time                          8.267    
                         arrival time                          -6.999    
  -------------------------------------------------------------------
                         slack                                  1.268    

Slack (MET) :             1.280ns  (required time - arrival time)
  Source:                 npu_system_i/dvi2rgb_0/U0/GenerateDDC.DDC_EEPROM/sAddr_reg[1]/C
                            (rising edge-triggered cell FDRE clocked by clk_fpga_1  {rise@0.000ns fall@2.500ns period=5.000ns})
  Destination:            npu_system_i/dvi2rgb_0/U0/GenerateDDC.DDC_EEPROM/sAddr_reg[6]/D
                            (rising edge-triggered cell FDRE clocked by clk_fpga_1  {rise@0.000ns fall@2.500ns period=5.000ns})
  Path Group:             clk_fpga_1
  Path Type:              Setup (Max at Slow Process Corner)
  Requirement:            5.000ns  (clk_fpga_1 rise@5.000ns - clk_fpga_1 rise@0.000ns)
  Data Path Delay:        3.604ns  (logic 0.842ns (23.360%)  route 2.762ns (76.640%))
  Logic Levels:           2  (LUT4=1 LUT6=1)
  Clock Path Skew:        -0.064ns (DCD - SCD + CPR)
    Destination Clock Delay (DCD):    3.039ns = ( 8.039 - 5.000 ) 
    Source Clock Delay      (SCD):    3.350ns
    Clock Pessimism Removal (CPR):    0.247ns
  Clock Uncertainty:      0.083ns  ((TSJ^2 + TIJ^2)^1/2 + DJ) / 2 + PE
    Total System Jitter     (TSJ):    0.071ns
    Total Input Jitter      (TIJ):    0.150ns
    Discrete Jitter          (DJ):    0.000ns
    Phase Error              (PE):    0.000ns

    Location             Delay type                Incr(ns)  Path(ns)    Netlist Resource(s)
  -------------------------------------------------------------------    -------------------
                         (clock clk_fpga_1 rise edge)
                                                      0.000     0.000 r  
    PS7_X0Y0             PS7                          0.000     0.000 r  npu_system_i/ps7/inst/PS7_i/FCLKCLK[1]
                         net (fo=1, routed)           1.193     1.193    npu_system_i/ps7/inst/FCLK_CLK_unbuffered[1]
    BUFGCTRL_X0Y17       BUFG (Prop_bufg_I_O)         0.101     1.294 r  npu_system_i/ps7/inst/buffer_fclk_clk_1.FCLK_CLK_1_BUFG/O
                         net (fo=158, routed)         2.056     3.350    npu_system_i/dvi2rgb_0/U0/GenerateDDC.DDC_EEPROM/RefClk
    SLICE_X106Y148       FDRE                                         r  npu_system_i/dvi2rgb_0/U0/GenerateDDC.DDC_EEPROM/sAddr_reg[1]/C
  -------------------------------------------------------------------    -------------------
    SLICE_X106Y148       FDRE (Prop_fdre_C_Q)         0.419     3.769 f  npu_system_i/dvi2rgb_0/U0/GenerateDDC.DDC_EEPROM/sAddr_reg[1]/Q
                         net (fo=38, routed)          1.936     5.705    npu_system_i/dvi2rgb_0/U0/GenerateDDC.DDC_EEPROM/sAddr[1]
    SLICE_X112Y144       LUT6 (Prop_lut6_I2_O)        0.299     6.004 r  npu_system_i/dvi2rgb_0/U0/GenerateDDC.DDC_EEPROM/sAddr[7]_i_3/O
                         net (fo=2, routed)           0.826     6.830    npu_system_i/dvi2rgb_0/U0/GenerateDDC.DDC_EEPROM/I2C_SlaveController/sAddr_reg[7]
    SLICE_X110Y143       LUT4 (Prop_lut4_I1_O)        0.124     6.954 r  npu_system_i/dvi2rgb_0/U0/GenerateDDC.DDC_EEPROM/I2C_SlaveController/sAddr[6]_i_1/O
                         net (fo=1, routed)           0.000     6.954    npu_system_i/dvi2rgb_0/U0/GenerateDDC.DDC_EEPROM/sAddr__0[6]
    SLICE_X110Y143       FDRE                                         r  npu_system_i/dvi2rgb_0/U0/GenerateDDC.DDC_EEPROM/sAddr_reg[6]/D
  -------------------------------------------------------------------    -------------------

                         (clock clk_fpga_1 rise edge)
                                                      5.000     5.000 r  
    PS7_X0Y0             PS7                          0.000     5.000 r  npu_system_i/ps7/inst/PS7_i/FCLKCLK[1]
                         net (fo=1, routed)           1.088     6.088    npu_system_i/ps7/inst/FCLK_CLK_unbuffered[1]
    BUFGCTRL_X0Y17       BUFG (Prop_bufg_I_O)         0.091     6.179 r  npu_system_i/ps7/inst/buffer_fclk_clk_1.FCLK_CLK_1_BUFG/O
                         net (fo=158, routed)         1.860     8.039    npu_system_i/dvi2rgb_0/U0/GenerateDDC.DDC_EEPROM/RefClk
    SLICE_X110Y143       FDRE                                         r  npu_system_i/dvi2rgb_0/U0/GenerateDDC.DDC_EEPROM/sAddr_reg[6]/C
                         clock pessimism              0.247     8.286    
                         clock uncertainty           -0.083     8.203    
    SLICE_X110Y143       FDRE (Setup_fdre_C_D)        0.031     8.234    npu_system_i/dvi2rgb_0/U0/GenerateDDC.DDC_EEPROM/sAddr_reg[6]
  -------------------------------------------------------------------
                         required time                          8.234    
                         arrival time                          -6.954    
  -------------------------------------------------------------------
                         slack                                  1.280    

Slack (MET) :             1.286ns  (required time - arrival time)
  Source:                 npu_system_i/dvi2rgb_0/U0/GenerateDDC.DDC_EEPROM/I2C_SlaveController/dScl_reg/C
                            (rising edge-triggered cell FDRE clocked by clk_fpga_1  {rise@0.000ns fall@2.500ns period=5.000ns})
  Destination:            npu_system_i/dvi2rgb_0/U0/GenerateDDC.DDC_EEPROM/I2C_SlaveController/dataByte_reg[0]/CE
                            (rising edge-triggered cell FDRE clocked by clk_fpga_1  {rise@0.000ns fall@2.500ns period=5.000ns})
  Path Group:             clk_fpga_1
  Path Type:              Setup (Max at Slow Process Corner)
  Requirement:            5.000ns  (clk_fpga_1 rise@5.000ns - clk_fpga_1 rise@0.000ns)
  Data Path Delay:        3.401ns  (logic 0.921ns (27.077%)  route 2.480ns (72.923%))
  Logic Levels:           2  (LUT3=1 LUT6=1)
  Clock Path Skew:        -0.025ns (DCD - SCD + CPR)
    Destination Clock Delay (DCD):    3.039ns = ( 8.039 - 5.000 ) 
    Source Clock Delay      (SCD):    3.351ns
    Clock Pessimism Removal (CPR):    0.287ns
  Clock Uncertainty:      0.083ns  ((TSJ^2 + TIJ^2)^1/2 + DJ) / 2 + PE
    Total System Jitter     (TSJ):    0.071ns
    Total Input Jitter      (TIJ):    0.150ns
    Discrete Jitter          (DJ):    0.000ns
    Phase Error              (PE):    0.000ns

    Location             Delay type                Incr(ns)  Path(ns)    Netlist Resource(s)
  -------------------------------------------------------------------    -------------------
                         (clock clk_fpga_1 rise edge)
                                                      0.000     0.000 r  
    PS7_X0Y0             PS7                          0.000     0.000 r  npu_system_i/ps7/inst/PS7_i/FCLKCLK[1]
                         net (fo=1, routed)           1.193     1.193    npu_system_i/ps7/inst/FCLK_CLK_unbuffered[1]
    BUFGCTRL_X0Y17       BUFG (Prop_bufg_I_O)         0.101     1.294 r  npu_system_i/ps7/inst/buffer_fclk_clk_1.FCLK_CLK_1_BUFG/O
                         net (fo=158, routed)         2.057     3.351    npu_system_i/dvi2rgb_0/U0/GenerateDDC.DDC_EEPROM/I2C_SlaveController/RefClk
    SLICE_X113Y145       FDRE                                         r  npu_system_i/dvi2rgb_0/U0/GenerateDDC.DDC_EEPROM/I2C_SlaveController/dScl_reg/C
  -------------------------------------------------------------------    -------------------
    SLICE_X113Y145       FDRE (Prop_fdre_C_Q)         0.456     3.807 r  npu_system_i/dvi2rgb_0/U0/GenerateDDC.DDC_EEPROM/I2C_SlaveController/dScl_reg/Q
                         net (fo=18, routed)          1.075     4.882    npu_system_i/dvi2rgb_0/U0/GenerateDDC.DDC_EEPROM/I2C_SlaveController/dScl
    SLICE_X112Y149       LUT3 (Prop_lut3_I1_O)        0.117     4.999 r  npu_system_i/dvi2rgb_0/U0/GenerateDDC.DDC_EEPROM/I2C_SlaveController/dataByte[7]_i_6/O
                         net (fo=11, routed)          0.840     5.839    npu_system_i/dvi2rgb_0/U0/GenerateDDC.DDC_EEPROM/I2C_SlaveController/fStart__1
    SLICE_X108Y148       LUT6 (Prop_lut6_I4_O)        0.348     6.187 r  npu_system_i/dvi2rgb_0/U0/GenerateDDC.DDC_EEPROM/I2C_SlaveController/dataByte[7]_i_1/O
                         net (fo=8, routed)           0.566     6.752    npu_system_i/dvi2rgb_0/U0/GenerateDDC.DDC_EEPROM/I2C_SlaveController/dataByte[7]_i_1_n_0
    SLICE_X110Y145       FDRE                                         r  npu_system_i/dvi2rgb_0/U0/GenerateDDC.DDC_EEPROM/I2C_SlaveController/dataByte_reg[0]/CE
  -------------------------------------------------------------------    -------------------

                         (clock clk_fpga_1 rise edge)
                                                      5.000     5.000 r  
    PS7_X0Y0             PS7                          0.000     5.000 r  npu_system_i/ps7/inst/PS7_i/FCLKCLK[1]
                         net (fo=1, routed)           1.088     6.088    npu_system_i/ps7/inst/FCLK_CLK_unbuffered[1]
    BUFGCTRL_X0Y17       BUFG (Prop_bufg_I_O)         0.091     6.179 r  npu_system_i/ps7/inst/buffer_fclk_clk_1.FCLK_CLK_1_BUFG/O
                         net (fo=158, routed)         1.860     8.039    npu_system_i/dvi2rgb_0/U0/GenerateDDC.DDC_EEPROM/I2C_SlaveController/RefClk
    SLICE_X110Y145       FDRE                                         r  npu_system_i/dvi2rgb_0/U0/GenerateDDC.DDC_EEPROM/I2C_SlaveController/dataByte_reg[0]/C
                         clock pessimism              0.287     8.326    
                         clock uncertainty           -0.083     8.243    
    SLICE_X110Y145       FDRE (Setup_fdre_C_CE)      -0.205     8.038    npu_system_i/dvi2rgb_0/U0/GenerateDDC.DDC_EEPROM/I2C_SlaveController/dataByte_reg[0]
  -------------------------------------------------------------------
                         required time                          8.038    
                         arrival time                          -6.752    
  -------------------------------------------------------------------
                         slack                                  1.286    

Slack (MET) :             1.286ns  (required time - arrival time)
  Source:                 npu_system_i/dvi2rgb_0/U0/GenerateDDC.DDC_EEPROM/I2C_SlaveController/dScl_reg/C
                            (rising edge-triggered cell FDRE clocked by clk_fpga_1  {rise@0.000ns fall@2.500ns period=5.000ns})
  Destination:            npu_system_i/dvi2rgb_0/U0/GenerateDDC.DDC_EEPROM/I2C_SlaveController/dataByte_reg[4]/CE
                            (rising edge-triggered cell FDRE clocked by clk_fpga_1  {rise@0.000ns fall@2.500ns period=5.000ns})
  Path Group:             clk_fpga_1
  Path Type:              Setup (Max at Slow Process Corner)
  Requirement:            5.000ns  (clk_fpga_1 rise@5.000ns - clk_fpga_1 rise@0.000ns)
  Data Path Delay:        3.401ns  (logic 0.921ns (27.077%)  route 2.480ns (72.923%))
  Logic Levels:           2  (LUT3=1 LUT6=1)
  Clock Path Skew:        -0.025ns (DCD - SCD + CPR)
    Destination Clock Delay (DCD):    3.039ns = ( 8.039 - 5.000 ) 
    Source Clock Delay      (SCD):    3.351ns
    Clock Pessimism Removal (CPR):    0.287ns
  Clock Uncertainty:      0.083ns  ((TSJ^2 + TIJ^2)^1/2 + DJ) / 2 + PE
    Total System Jitter     (TSJ):    0.071ns
    Total Input Jitter      (TIJ):    0.150ns
    Discrete Jitter          (DJ):    0.000ns
    Phase Error              (PE):    0.000ns

    Location             Delay type                Incr(ns)  Path(ns)    Netlist Resource(s)
  -------------------------------------------------------------------    -------------------
                         (clock clk_fpga_1 rise edge)
                                                      0.000     0.000 r  
    PS7_X0Y0             PS7                          0.000     0.000 r  npu_system_i/ps7/inst/PS7_i/FCLKCLK[1]
                         net (fo=1, routed)           1.193     1.193    npu_system_i/ps7/inst/FCLK_CLK_unbuffered[1]
    BUFGCTRL_X0Y17       BUFG (Prop_bufg_I_O)         0.101     1.294 r  npu_system_i/ps7/inst/buffer_fclk_clk_1.FCLK_CLK_1_BUFG/O
                         net (fo=158, routed)         2.057     3.351    npu_system_i/dvi2rgb_0/U0/GenerateDDC.DDC_EEPROM/I2C_SlaveController/RefClk
    SLICE_X113Y145       FDRE                                         r  npu_system_i/dvi2rgb_0/U0/GenerateDDC.DDC_EEPROM/I2C_SlaveController/dScl_reg/C
  -------------------------------------------------------------------    -------------------
    SLICE_X113Y145       FDRE (Prop_fdre_C_Q)         0.456     3.807 r  npu_system_i/dvi2rgb_0/U0/GenerateDDC.DDC_EEPROM/I2C_SlaveController/dScl_reg/Q
                         net (fo=18, routed)          1.075     4.882    npu_system_i/dvi2rgb_0/U0/GenerateDDC.DDC_EEPROM/I2C_SlaveController/dScl
    SLICE_X112Y149       LUT3 (Prop_lut3_I1_O)        0.117     4.999 r  npu_system_i/dvi2rgb_0/U0/GenerateDDC.DDC_EEPROM/I2C_SlaveController/dataByte[7]_i_6/O
                         net (fo=11, routed)          0.840     5.839    npu_system_i/dvi2rgb_0/U0/GenerateDDC.DDC_EEPROM/I2C_SlaveController/fStart__1
    SLICE_X108Y148       LUT6 (Prop_lut6_I4_O)        0.348     6.187 r  npu_system_i/dvi2rgb_0/U0/GenerateDDC.DDC_EEPROM/I2C_SlaveController/dataByte[7]_i_1/O
                         net (fo=8, routed)           0.566     6.752    npu_system_i/dvi2rgb_0/U0/GenerateDDC.DDC_EEPROM/I2C_SlaveController/dataByte[7]_i_1_n_0
    SLICE_X110Y145       FDRE                                         r  npu_system_i/dvi2rgb_0/U0/GenerateDDC.DDC_EEPROM/I2C_SlaveController/dataByte_reg[4]/CE
  -------------------------------------------------------------------    -------------------

                         (clock clk_fpga_1 rise edge)
                                                      5.000     5.000 r  
    PS7_X0Y0             PS7                          0.000     5.000 r  npu_system_i/ps7/inst/PS7_i/FCLKCLK[1]
                         net (fo=1, routed)           1.088     6.088    npu_system_i/ps7/inst/FCLK_CLK_unbuffered[1]
    BUFGCTRL_X0Y17       BUFG (Prop_bufg_I_O)         0.091     6.179 r  npu_system_i/ps7/inst/buffer_fclk_clk_1.FCLK_CLK_1_BUFG/O
                         net (fo=158, routed)         1.860     8.039    npu_system_i/dvi2rgb_0/U0/GenerateDDC.DDC_EEPROM/I2C_SlaveController/RefClk
    SLICE_X110Y145       FDRE                                         r  npu_system_i/dvi2rgb_0/U0/GenerateDDC.DDC_EEPROM/I2C_SlaveController/dataByte_reg[4]/C
                         clock pessimism              0.287     8.326    
                         clock uncertainty           -0.083     8.243    
    SLICE_X110Y145       FDRE (Setup_fdre_C_CE)      -0.205     8.038    npu_system_i/dvi2rgb_0/U0/GenerateDDC.DDC_EEPROM/I2C_SlaveController/dataByte_reg[4]
  -------------------------------------------------------------------
                         required time                          8.038    
                         arrival time                          -6.752    
  -------------------------------------------------------------------
                         slack                                  1.286    

Slack (MET) :             1.286ns  (required time - arrival time)
  Source:                 npu_system_i/dvi2rgb_0/U0/GenerateDDC.DDC_EEPROM/I2C_SlaveController/dScl_reg/C
                            (rising edge-triggered cell FDRE clocked by clk_fpga_1  {rise@0.000ns fall@2.500ns period=5.000ns})
  Destination:            npu_system_i/dvi2rgb_0/U0/GenerateDDC.DDC_EEPROM/I2C_SlaveController/dataByte_reg[7]/CE
                            (rising edge-triggered cell FDRE clocked by clk_fpga_1  {rise@0.000ns fall@2.500ns period=5.000ns})
  Path Group:             clk_fpga_1
  Path Type:              Setup (Max at Slow Process Corner)
  Requirement:            5.000ns  (clk_fpga_1 rise@5.000ns - clk_fpga_1 rise@0.000ns)
  Data Path Delay:        3.401ns  (logic 0.921ns (27.077%)  route 2.480ns (72.923%))
  Logic Levels:           2  (LUT3=1 LUT6=1)
  Clock Path Skew:        -0.025ns (DCD - SCD + CPR)
    Destination Clock Delay (DCD):    3.039ns = ( 8.039 - 5.000 ) 
    Source Clock Delay      (SCD):    3.351ns
    Clock Pessimism Removal (CPR):    0.287ns
  Clock Uncertainty:      0.083ns  ((TSJ^2 + TIJ^2)^1/2 + DJ) / 2 + PE
    Total System Jitter     (TSJ):    0.071ns
    Total Input Jitter      (TIJ):    0.150ns
    Discrete Jitter          (DJ):    0.000ns
    Phase Error              (PE):    0.000ns

    Location             Delay type                Incr(ns)  Path(ns)    Netlist Resource(s)
  -------------------------------------------------------------------    -------------------
                         (clock clk_fpga_1 rise edge)
                                                      0.000     0.000 r  
    PS7_X0Y0             PS7                          0.000     0.000 r  npu_system_i/ps7/inst/PS7_i/FCLKCLK[1]
                         net (fo=1, routed)           1.193     1.193    npu_system_i/ps7/inst/FCLK_CLK_unbuffered[1]
    BUFGCTRL_X0Y17       BUFG (Prop_bufg_I_O)         0.101     1.294 r  npu_system_i/ps7/inst/buffer_fclk_clk_1.FCLK_CLK_1_BUFG/O
                         net (fo=158, routed)         2.057     3.351    npu_system_i/dvi2rgb_0/U0/GenerateDDC.DDC_EEPROM/I2C_SlaveController/RefClk
    SLICE_X113Y145       FDRE                                         r  npu_system_i/dvi2rgb_0/U0/GenerateDDC.DDC_EEPROM/I2C_SlaveController/dScl_reg/C
  -------------------------------------------------------------------    -------------------
    SLICE_X113Y145       FDRE (Prop_fdre_C_Q)         0.456     3.807 r  npu_system_i/dvi2rgb_0/U0/GenerateDDC.DDC_EEPROM/I2C_SlaveController/dScl_reg/Q
                         net (fo=18, routed)          1.075     4.882    npu_system_i/dvi2rgb_0/U0/GenerateDDC.DDC_EEPROM/I2C_SlaveController/dScl
    SLICE_X112Y149       LUT3 (Prop_lut3_I1_O)        0.117     4.999 r  npu_system_i/dvi2rgb_0/U0/GenerateDDC.DDC_EEPROM/I2C_SlaveController/dataByte[7]_i_6/O
                         net (fo=11, routed)          0.840     5.839    npu_system_i/dvi2rgb_0/U0/GenerateDDC.DDC_EEPROM/I2C_SlaveController/fStart__1
    SLICE_X108Y148       LUT6 (Prop_lut6_I4_O)        0.348     6.187 r  npu_system_i/dvi2rgb_0/U0/GenerateDDC.DDC_EEPROM/I2C_SlaveController/dataByte[7]_i_1/O
                         net (fo=8, routed)           0.566     6.752    npu_system_i/dvi2rgb_0/U0/GenerateDDC.DDC_EEPROM/I2C_SlaveController/dataByte[7]_i_1_n_0
    SLICE_X110Y145       FDRE                                         r  npu_system_i/dvi2rgb_0/U0/GenerateDDC.DDC_EEPROM/I2C_SlaveController/dataByte_reg[7]/CE
  -------------------------------------------------------------------    -------------------

                         (clock clk_fpga_1 rise edge)
                                                      5.000     5.000 r  
    PS7_X0Y0             PS7                          0.000     5.000 r  npu_system_i/ps7/inst/PS7_i/FCLKCLK[1]
                         net (fo=1, routed)           1.088     6.088    npu_system_i/ps7/inst/FCLK_CLK_unbuffered[1]
    BUFGCTRL_X0Y17       BUFG (Prop_bufg_I_O)         0.091     6.179 r  npu_system_i/ps7/inst/buffer_fclk_clk_1.FCLK_CLK_1_BUFG/O
                         net (fo=158, routed)         1.860     8.039    npu_system_i/dvi2rgb_0/U0/GenerateDDC.DDC_EEPROM/I2C_SlaveController/RefClk
    SLICE_X110Y145       FDRE                                         r  npu_system_i/dvi2rgb_0/U0/GenerateDDC.DDC_EEPROM/I2C_SlaveController/dataByte_reg[7]/C
                         clock pessimism              0.287     8.326    
                         clock uncertainty           -0.083     8.243    
    SLICE_X110Y145       FDRE (Setup_fdre_C_CE)      -0.205     8.038    npu_system_i/dvi2rgb_0/U0/GenerateDDC.DDC_EEPROM/I2C_SlaveController/dataByte_reg[7]
  -------------------------------------------------------------------
                         required time                          8.038    
                         arrival time                          -6.752    
  -------------------------------------------------------------------
                         slack                                  1.286    

Slack (MET) :             1.320ns  (required time - arrival time)
  Source:                 npu_system_i/dvi2rgb_0/U0/GenerateDDC.DDC_EEPROM/I2C_SlaveController/dScl_reg/C
                            (rising edge-triggered cell FDRE clocked by clk_fpga_1  {rise@0.000ns fall@2.500ns period=5.000ns})
  Destination:            npu_system_i/dvi2rgb_0/U0/GenerateDDC.DDC_EEPROM/I2C_SlaveController/FSM_gray_state_reg[0]/D
                            (rising edge-triggered cell FDRE clocked by clk_fpga_1  {rise@0.000ns fall@2.500ns period=5.000ns})
  Path Group:             clk_fpga_1
  Path Type:              Setup (Max at Slow Process Corner)
  Requirement:            5.000ns  (clk_fpga_1 rise@5.000ns - clk_fpga_1 rise@0.000ns)
  Data Path Delay:        3.650ns  (logic 1.064ns (29.154%)  route 2.586ns (70.846%))
  Logic Levels:           3  (LUT5=1 LUT6=2)
  Clock Path Skew:        -0.024ns (DCD - SCD + CPR)
    Destination Clock Delay (DCD):    3.040ns = ( 8.040 - 5.000 ) 
    Source Clock Delay      (SCD):    3.351ns
    Clock Pessimism Removal (CPR):    0.287ns
  Clock Uncertainty:      0.083ns  ((TSJ^2 + TIJ^2)^1/2 + DJ) / 2 + PE
    Total System Jitter     (TSJ):    0.071ns
    Total Input Jitter      (TIJ):    0.150ns
    Discrete Jitter          (DJ):    0.000ns
    Phase Error              (PE):    0.000ns

    Location             Delay type                Incr(ns)  Path(ns)    Netlist Resource(s)
  -------------------------------------------------------------------    -------------------
                         (clock clk_fpga_1 rise edge)
                                                      0.000     0.000 r  
    PS7_X0Y0             PS7                          0.000     0.000 r  npu_system_i/ps7/inst/PS7_i/FCLKCLK[1]
                         net (fo=1, routed)           1.193     1.193    npu_system_i/ps7/inst/FCLK_CLK_unbuffered[1]
    BUFGCTRL_X0Y17       BUFG (Prop_bufg_I_O)         0.101     1.294 r  npu_system_i/ps7/inst/buffer_fclk_clk_1.FCLK_CLK_1_BUFG/O
                         net (fo=158, routed)         2.057     3.351    npu_system_i/dvi2rgb_0/U0/GenerateDDC.DDC_EEPROM/I2C_SlaveController/RefClk
    SLICE_X113Y145       FDRE                                         r  npu_system_i/dvi2rgb_0/U0/GenerateDDC.DDC_EEPROM/I2C_SlaveController/dScl_reg/C
  -------------------------------------------------------------------    -------------------
    SLICE_X113Y145       FDRE (Prop_fdre_C_Q)         0.456     3.807 r  npu_system_i/dvi2rgb_0/U0/GenerateDDC.DDC_EEPROM/I2C_SlaveController/dScl_reg/Q
                         net (fo=18, routed)          1.307     5.114    npu_system_i/dvi2rgb_0/U0/GenerateDDC.DDC_EEPROM/I2C_SlaveController/dScl
    SLICE_X111Y149       LUT5 (Prop_lut5_I1_O)        0.152     5.266 r  npu_system_i/dvi2rgb_0/U0/GenerateDDC.DDC_EEPROM/I2C_SlaveController/rd_wrn_i_2/O
                         net (fo=4, routed)           0.455     5.722    npu_system_i/dvi2rgb_0/U0/GenerateDDC.DDC_EEPROM/I2C_SlaveController/rd_wrn_i_2_n_0
    SLICE_X113Y148       LUT6 (Prop_lut6_I1_O)        0.332     6.054 r  npu_system_i/dvi2rgb_0/U0/GenerateDDC.DDC_EEPROM/I2C_SlaveController/FSM_gray_state[2]_i_4/O
                         net (fo=3, routed)           0.823     6.877    npu_system_i/dvi2rgb_0/U0/GenerateDDC.DDC_EEPROM/I2C_SlaveController/FSM_gray_state[2]_i_4_n_0
    SLICE_X112Y148       LUT6 (Prop_lut6_I2_O)        0.124     7.001 r  npu_system_i/dvi2rgb_0/U0/GenerateDDC.DDC_EEPROM/I2C_SlaveController/FSM_gray_state[0]_i_1/O
                         net (fo=1, routed)           0.000     7.001    npu_system_i/dvi2rgb_0/U0/GenerateDDC.DDC_EEPROM/I2C_SlaveController/FSM_gray_state[0]_i_1_n_0
    SLICE_X112Y148       FDRE                                         r  npu_system_i/dvi2rgb_0/U0/GenerateDDC.DDC_EEPROM/I2C_SlaveController/FSM_gray_state_reg[0]/D
  -------------------------------------------------------------------    -------------------

                         (clock clk_fpga_1 rise edge)
                                                      5.000     5.000 r  
    PS7_X0Y0             PS7                          0.000     5.000 r  npu_system_i/ps7/inst/PS7_i/FCLKCLK[1]
                         net (fo=1, routed)           1.088     6.088    npu_system_i/ps7/inst/FCLK_CLK_unbuffered[1]
    BUFGCTRL_X0Y17       BUFG (Prop_bufg_I_O)         0.091     6.179 r  npu_system_i/ps7/inst/buffer_fclk_clk_1.FCLK_CLK_1_BUFG/O
                         net (fo=158, routed)         1.861     8.040    npu_system_i/dvi2rgb_0/U0/GenerateDDC.DDC_EEPROM/I2C_SlaveController/RefClk
    SLICE_X112Y148       FDRE                                         r  npu_system_i/dvi2rgb_0/U0/GenerateDDC.DDC_EEPROM/I2C_SlaveController/FSM_gray_state_reg[0]/C
                         clock pessimism              0.287     8.327    
                         clock uncertainty           -0.083     8.244    
    SLICE_X112Y148       FDRE (Setup_fdre_C_D)        0.077     8.321    npu_system_i/dvi2rgb_0/U0/GenerateDDC.DDC_EEPROM/I2C_SlaveController/FSM_gray_state_reg[0]
  -------------------------------------------------------------------
                         required time                          8.321    
                         arrival time                          -7.001    
  -------------------------------------------------------------------
                         slack                                  1.320    

Slack (MET) :             1.405ns  (required time - arrival time)
  Source:                 npu_system_i/dvi2rgb_0/U0/GenerateDDC.DDC_EEPROM/sAddr_reg[1]/C
                            (rising edge-triggered cell FDRE clocked by clk_fpga_1  {rise@0.000ns fall@2.500ns period=5.000ns})
  Destination:            npu_system_i/dvi2rgb_0/U0/GenerateDDC.DDC_EEPROM/sAddr_reg[7]/D
                            (rising edge-triggered cell FDRE clocked by clk_fpga_1  {rise@0.000ns fall@2.500ns period=5.000ns})
  Path Group:             clk_fpga_1
  Path Type:              Setup (Max at Slow Process Corner)
  Requirement:            5.000ns  (clk_fpga_1 rise@5.000ns - clk_fpga_1 rise@0.000ns)
  Data Path Delay:        3.526ns  (logic 0.842ns (23.877%)  route 2.684ns (76.123%))
  Logic Levels:           2  (LUT5=1 LUT6=1)
  Clock Path Skew:        -0.063ns (DCD - SCD + CPR)
    Destination Clock Delay (DCD):    3.040ns = ( 8.040 - 5.000 ) 
    Source Clock Delay      (SCD):    3.350ns
    Clock Pessimism Removal (CPR):    0.247ns
  Clock Uncertainty:      0.083ns  ((TSJ^2 + TIJ^2)^1/2 + DJ) / 2 + PE
    Total System Jitter     (TSJ):    0.071ns
    Total Input Jitter      (TIJ):    0.150ns
    Discrete Jitter          (DJ):    0.000ns
    Phase Error              (PE):    0.000ns

    Location             Delay type                Incr(ns)  Path(ns)    Netlist Resource(s)
  -------------------------------------------------------------------    -------------------
                         (clock clk_fpga_1 rise edge)
                                                      0.000     0.000 r  
    PS7_X0Y0             PS7                          0.000     0.000 r  npu_system_i/ps7/inst/PS7_i/FCLKCLK[1]
                         net (fo=1, routed)           1.193     1.193    npu_system_i/ps7/inst/FCLK_CLK_unbuffered[1]
    BUFGCTRL_X0Y17       BUFG (Prop_bufg_I_O)         0.101     1.294 r  npu_system_i/ps7/inst/buffer_fclk_clk_1.FCLK_CLK_1_BUFG/O
                         net (fo=158, routed)         2.056     3.350    npu_system_i/dvi2rgb_0/U0/GenerateDDC.DDC_EEPROM/RefClk
    SLICE_X106Y148       FDRE                                         r  npu_system_i/dvi2rgb_0/U0/GenerateDDC.DDC_EEPROM/sAddr_reg[1]/C
  -------------------------------------------------------------------    -------------------
    SLICE_X106Y148       FDRE (Prop_fdre_C_Q)         0.419     3.769 f  npu_system_i/dvi2rgb_0/U0/GenerateDDC.DDC_EEPROM/sAddr_reg[1]/Q
                         net (fo=38, routed)          1.936     5.705    npu_system_i/dvi2rgb_0/U0/GenerateDDC.DDC_EEPROM/sAddr[1]
    SLICE_X112Y144       LUT6 (Prop_lut6_I2_O)        0.299     6.004 r  npu_system_i/dvi2rgb_0/U0/GenerateDDC.DDC_EEPROM/sAddr[7]_i_3/O
                         net (fo=2, routed)           0.748     6.752    npu_system_i/dvi2rgb_0/U0/GenerateDDC.DDC_EEPROM/I2C_SlaveController/sAddr_reg[7]
    SLICE_X112Y147       LUT5 (Prop_lut5_I2_O)        0.124     6.876 r  npu_system_i/dvi2rgb_0/U0/GenerateDDC.DDC_EEPROM/I2C_SlaveController/sAddr[7]_i_2/O
                         net (fo=1, routed)           0.000     6.876    npu_system_i/dvi2rgb_0/U0/GenerateDDC.DDC_EEPROM/sAddr__0[7]
    SLICE_X112Y147       FDRE                                         r  npu_system_i/dvi2rgb_0/U0/GenerateDDC.DDC_EEPROM/sAddr_reg[7]/D
  -------------------------------------------------------------------    -------------------

                         (clock clk_fpga_1 rise edge)
                                                      5.000     5.000 r  
    PS7_X0Y0             PS7                          0.000     5.000 r  npu_system_i/ps7/inst/PS7_i/FCLKCLK[1]
                         net (fo=1, routed)           1.088     6.088    npu_system_i/ps7/inst/FCLK_CLK_unbuffered[1]
    BUFGCTRL_X0Y17       BUFG (Prop_bufg_I_O)         0.091     6.179 r  npu_system_i/ps7/inst/buffer_fclk_clk_1.FCLK_CLK_1_BUFG/O
                         net (fo=158, routed)         1.861     8.040    npu_system_i/dvi2rgb_0/U0/GenerateDDC.DDC_EEPROM/RefClk
    SLICE_X112Y147       FDRE                                         r  npu_system_i/dvi2rgb_0/U0/GenerateDDC.DDC_EEPROM/sAddr_reg[7]/C
                         clock pessimism              0.247     8.287    
                         clock uncertainty           -0.083     8.204    
    SLICE_X112Y147       FDRE (Setup_fdre_C_D)        0.077     8.281    npu_system_i/dvi2rgb_0/U0/GenerateDDC.DDC_EEPROM/sAddr_reg[7]
  -------------------------------------------------------------------
                         required time                          8.281    
                         arrival time                          -6.876    
  -------------------------------------------------------------------
                         slack                                  1.405    

Slack (MET) :             1.466ns  (required time - arrival time)
  Source:                 npu_system_i/dvi2rgb_0/U0/DataDecoders[0].DecoderX/rTimeoutCnt_reg[11]/C
                            (rising edge-triggered cell FDRE clocked by clk_fpga_1  {rise@0.000ns fall@2.500ns period=5.000ns})
  Destination:            npu_system_i/dvi2rgb_0/U0/DataDecoders[0].DecoderX/rTimeoutCnt_reg[12]/CE
                            (rising edge-triggered cell FDRE clocked by clk_fpga_1  {rise@0.000ns fall@2.500ns period=5.000ns})
  Path Group:             clk_fpga_1
  Path Type:              Setup (Max at Slow Process Corner)
  Requirement:            5.000ns  (clk_fpga_1 rise@5.000ns - clk_fpga_1 rise@0.000ns)
  Data Path Delay:        3.257ns  (logic 0.766ns (23.521%)  route 2.491ns (76.479%))
  Logic Levels:           2  (LUT4=1 LUT6=1)
  Clock Path Skew:        -0.025ns (DCD - SCD + CPR)
    Destination Clock Delay (DCD):    2.858ns = ( 7.858 - 5.000 ) 
    Source Clock Delay      (SCD):    3.152ns
    Clock Pessimism Removal (CPR):    0.269ns
  Clock Uncertainty:      0.083ns  ((TSJ^2 + TIJ^2)^1/2 + DJ) / 2 + PE
    Total System Jitter     (TSJ):    0.071ns
    Total Input Jitter      (TIJ):    0.150ns
    Discrete Jitter          (DJ):    0.000ns
    Phase Error              (PE):    0.000ns

    Location             Delay type                Incr(ns)  Path(ns)    Netlist Resource(s)
  -------------------------------------------------------------------    -------------------
                         (clock clk_fpga_1 rise edge)
                                                      0.000     0.000 r  
    PS7_X0Y0             PS7                          0.000     0.000 r  npu_system_i/ps7/inst/PS7_i/FCLKCLK[1]
                         net (fo=1, routed)           1.193     1.193    npu_system_i/ps7/inst/FCLK_CLK_unbuffered[1]
    BUFGCTRL_X0Y17       BUFG (Prop_bufg_I_O)         0.101     1.294 r  npu_system_i/ps7/inst/buffer_fclk_clk_1.FCLK_CLK_1_BUFG/O
                         net (fo=158, routed)         1.858     3.152    npu_system_i/dvi2rgb_0/U0/DataDecoders[0].DecoderX/RefClk
    SLICE_X112Y65        FDRE                                         r  npu_system_i/dvi2rgb_0/U0/DataDecoders[0].DecoderX/rTimeoutCnt_reg[11]/C
  -------------------------------------------------------------------    -------------------
    SLICE_X112Y65        FDRE (Prop_fdre_C_Q)         0.518     3.670 r  npu_system_i/dvi2rgb_0/U0/DataDecoders[0].DecoderX/rTimeoutCnt_reg[11]/Q
                         net (fo=2, routed)           0.746     4.416    npu_system_i/dvi2rgb_0/U0/DataDecoders[0].DecoderX/SyncBaseOvf/rTimeoutCnt_reg[11]
    SLICE_X113Y66        LUT4 (Prop_lut4_I2_O)        0.124     4.540 r  npu_system_i/dvi2rgb_0/U0/DataDecoders[0].DecoderX/SyncBaseOvf/iIn_q_i_2__4/O
                         net (fo=2, routed)           1.168     5.708    npu_system_i/dvi2rgb_0/U0/DataDecoders[0].DecoderX/SyncBaseOvf_n_1
    SLICE_X113Y67        LUT6 (Prop_lut6_I0_O)        0.124     5.832 r  npu_system_i/dvi2rgb_0/U0/DataDecoders[0].DecoderX/rTimeoutCnt[0]_i_1__1/O
                         net (fo=24, routed)          0.577     6.409    npu_system_i/dvi2rgb_0/U0/DataDecoders[0].DecoderX/sel
    SLICE_X112Y66        FDRE                                         r  npu_system_i/dvi2rgb_0/U0/DataDecoders[0].DecoderX/rTimeoutCnt_reg[12]/CE
  -------------------------------------------------------------------    -------------------

                         (clock clk_fpga_1 rise edge)
                                                      5.000     5.000 r  
    PS7_X0Y0             PS7                          0.000     5.000 r  npu_system_i/ps7/inst/PS7_i/FCLKCLK[1]
                         net (fo=1, routed)           1.088     6.088    npu_system_i/ps7/inst/FCLK_CLK_unbuffered[1]
    BUFGCTRL_X0Y17       BUFG (Prop_bufg_I_O)         0.091     6.179 r  npu_system_i/ps7/inst/buffer_fclk_clk_1.FCLK_CLK_1_BUFG/O
                         net (fo=158, routed)         1.679     7.858    npu_system_i/dvi2rgb_0/U0/DataDecoders[0].DecoderX/RefClk
    SLICE_X112Y66        FDRE                                         r  npu_system_i/dvi2rgb_0/U0/DataDecoders[0].DecoderX/rTimeoutCnt_reg[12]/C
                         clock pessimism              0.269     8.127    
                         clock uncertainty           -0.083     8.044    
    SLICE_X112Y66        FDRE (Setup_fdre_C_CE)      -0.169     7.875    npu_system_i/dvi2rgb_0/U0/DataDecoders[0].DecoderX/rTimeoutCnt_reg[12]
  -------------------------------------------------------------------
                         required time                          7.875    
                         arrival time                          -6.409    
  -------------------------------------------------------------------
                         slack                                  1.466    

Slack (MET) :             1.466ns  (required time - arrival time)
  Source:                 npu_system_i/dvi2rgb_0/U0/DataDecoders[0].DecoderX/rTimeoutCnt_reg[11]/C
                            (rising edge-triggered cell FDRE clocked by clk_fpga_1  {rise@0.000ns fall@2.500ns period=5.000ns})
  Destination:            npu_system_i/dvi2rgb_0/U0/DataDecoders[0].DecoderX/rTimeoutCnt_reg[13]/CE
                            (rising edge-triggered cell FDRE clocked by clk_fpga_1  {rise@0.000ns fall@2.500ns period=5.000ns})
  Path Group:             clk_fpga_1
  Path Type:              Setup (Max at Slow Process Corner)
  Requirement:            5.000ns  (clk_fpga_1 rise@5.000ns - clk_fpga_1 rise@0.000ns)
  Data Path Delay:        3.257ns  (logic 0.766ns (23.521%)  route 2.491ns (76.479%))
  Logic Levels:           2  (LUT4=1 LUT6=1)
  Clock Path Skew:        -0.025ns (DCD - SCD + CPR)
    Destination Clock Delay (DCD):    2.858ns = ( 7.858 - 5.000 ) 
    Source Clock Delay      (SCD):    3.152ns
    Clock Pessimism Removal (CPR):    0.269ns
  Clock Uncertainty:      0.083ns  ((TSJ^2 + TIJ^2)^1/2 + DJ) / 2 + PE
    Total System Jitter     (TSJ):    0.071ns
    Total Input Jitter      (TIJ):    0.150ns
    Discrete Jitter          (DJ):    0.000ns
    Phase Error              (PE):    0.000ns

    Location             Delay type                Incr(ns)  Path(ns)    Netlist Resource(s)
  -------------------------------------------------------------------    -------------------
                         (clock clk_fpga_1 rise edge)
                                                      0.000     0.000 r  
    PS7_X0Y0             PS7                          0.000     0.000 r  npu_system_i/ps7/inst/PS7_i/FCLKCLK[1]
                         net (fo=1, routed)           1.193     1.193    npu_system_i/ps7/inst/FCLK_CLK_unbuffered[1]
    BUFGCTRL_X0Y17       BUFG (Prop_bufg_I_O)         0.101     1.294 r  npu_system_i/ps7/inst/buffer_fclk_clk_1.FCLK_CLK_1_BUFG/O
                         net (fo=158, routed)         1.858     3.152    npu_system_i/dvi2rgb_0/U0/DataDecoders[0].DecoderX/RefClk
    SLICE_X112Y65        FDRE                                         r  npu_system_i/dvi2rgb_0/U0/DataDecoders[0].DecoderX/rTimeoutCnt_reg[11]/C
  -------------------------------------------------------------------    -------------------
    SLICE_X112Y65        FDRE (Prop_fdre_C_Q)         0.518     3.670 r  npu_system_i/dvi2rgb_0/U0/DataDecoders[0].DecoderX/rTimeoutCnt_reg[11]/Q
                         net (fo=2, routed)           0.746     4.416    npu_system_i/dvi2rgb_0/U0/DataDecoders[0].DecoderX/SyncBaseOvf/rTimeoutCnt_reg[11]
    SLICE_X113Y66        LUT4 (Prop_lut4_I2_O)        0.124     4.540 r  npu_system_i/dvi2rgb_0/U0/DataDecoders[0].DecoderX/SyncBaseOvf/iIn_q_i_2__4/O
                         net (fo=2, routed)           1.168     5.708    npu_system_i/dvi2rgb_0/U0/DataDecoders[0].DecoderX/SyncBaseOvf_n_1
    SLICE_X113Y67        LUT6 (Prop_lut6_I0_O)        0.124     5.832 r  npu_system_i/dvi2rgb_0/U0/DataDecoders[0].DecoderX/rTimeoutCnt[0]_i_1__1/O
                         net (fo=24, routed)          0.577     6.409    npu_system_i/dvi2rgb_0/U0/DataDecoders[0].DecoderX/sel
    SLICE_X112Y66        FDRE                                         r  npu_system_i/dvi2rgb_0/U0/DataDecoders[0].DecoderX/rTimeoutCnt_reg[13]/CE
  -------------------------------------------------------------------    -------------------

                         (clock clk_fpga_1 rise edge)
                                                      5.000     5.000 r  
    PS7_X0Y0             PS7                          0.000     5.000 r  npu_system_i/ps7/inst/PS7_i/FCLKCLK[1]
                         net (fo=1, routed)           1.088     6.088    npu_system_i/ps7/inst/FCLK_CLK_unbuffered[1]
    BUFGCTRL_X0Y17       BUFG (Prop_bufg_I_O)         0.091     6.179 r  npu_system_i/ps7/inst/buffer_fclk_clk_1.FCLK_CLK_1_BUFG/O
                         net (fo=158, routed)         1.679     7.858    npu_system_i/dvi2rgb_0/U0/DataDecoders[0].DecoderX/RefClk
    SLICE_X112Y66        FDRE                                         r  npu_system_i/dvi2rgb_0/U0/DataDecoders[0].DecoderX/rTimeoutCnt_reg[13]/C
                         clock pessimism              0.269     8.127    
                         clock uncertainty           -0.083     8.044    
    SLICE_X112Y66        FDRE (Setup_fdre_C_CE)      -0.169     7.875    npu_system_i/dvi2rgb_0/U0/DataDecoders[0].DecoderX/rTimeoutCnt_reg[13]
  -------------------------------------------------------------------
                         required time                          7.875    
                         arrival time                          -6.409    
  -------------------------------------------------------------------
                         slack                                  1.466    

Slack (MET) :             1.466ns  (required time - arrival time)
  Source:                 npu_system_i/dvi2rgb_0/U0/DataDecoders[0].DecoderX/rTimeoutCnt_reg[11]/C
                            (rising edge-triggered cell FDRE clocked by clk_fpga_1  {rise@0.000ns fall@2.500ns period=5.000ns})
  Destination:            npu_system_i/dvi2rgb_0/U0/DataDecoders[0].DecoderX/rTimeoutCnt_reg[14]/CE
                            (rising edge-triggered cell FDRE clocked by clk_fpga_1  {rise@0.000ns fall@2.500ns period=5.000ns})
  Path Group:             clk_fpga_1
  Path Type:              Setup (Max at Slow Process Corner)
  Requirement:            5.000ns  (clk_fpga_1 rise@5.000ns - clk_fpga_1 rise@0.000ns)
  Data Path Delay:        3.257ns  (logic 0.766ns (23.521%)  route 2.491ns (76.479%))
  Logic Levels:           2  (LUT4=1 LUT6=1)
  Clock Path Skew:        -0.025ns (DCD - SCD + CPR)
    Destination Clock Delay (DCD):    2.858ns = ( 7.858 - 5.000 ) 
    Source Clock Delay      (SCD):    3.152ns
    Clock Pessimism Removal (CPR):    0.269ns
  Clock Uncertainty:      0.083ns  ((TSJ^2 + TIJ^2)^1/2 + DJ) / 2 + PE
    Total System Jitter     (TSJ):    0.071ns
    Total Input Jitter      (TIJ):    0.150ns
    Discrete Jitter          (DJ):    0.000ns
    Phase Error              (PE):    0.000ns

    Location             Delay type                Incr(ns)  Path(ns)    Netlist Resource(s)
  -------------------------------------------------------------------    -------------------
                         (clock clk_fpga_1 rise edge)
                                                      0.000     0.000 r  
    PS7_X0Y0             PS7                          0.000     0.000 r  npu_system_i/ps7/inst/PS7_i/FCLKCLK[1]
                         net (fo=1, routed)           1.193     1.193    npu_system_i/ps7/inst/FCLK_CLK_unbuffered[1]
    BUFGCTRL_X0Y17       BUFG (Prop_bufg_I_O)         0.101     1.294 r  npu_system_i/ps7/inst/buffer_fclk_clk_1.FCLK_CLK_1_BUFG/O
                         net (fo=158, routed)         1.858     3.152    npu_system_i/dvi2rgb_0/U0/DataDecoders[0].DecoderX/RefClk
    SLICE_X112Y65        FDRE                                         r  npu_system_i/dvi2rgb_0/U0/DataDecoders[0].DecoderX/rTimeoutCnt_reg[11]/C
  -------------------------------------------------------------------    -------------------
    SLICE_X112Y65        FDRE (Prop_fdre_C_Q)         0.518     3.670 r  npu_system_i/dvi2rgb_0/U0/DataDecoders[0].DecoderX/rTimeoutCnt_reg[11]/Q
                         net (fo=2, routed)           0.746     4.416    npu_system_i/dvi2rgb_0/U0/DataDecoders[0].DecoderX/SyncBaseOvf/rTimeoutCnt_reg[11]
    SLICE_X113Y66        LUT4 (Prop_lut4_I2_O)        0.124     4.540 r  npu_system_i/dvi2rgb_0/U0/DataDecoders[0].DecoderX/SyncBaseOvf/iIn_q_i_2__4/O
                         net (fo=2, routed)           1.168     5.708    npu_system_i/dvi2rgb_0/U0/DataDecoders[0].DecoderX/SyncBaseOvf_n_1
    SLICE_X113Y67        LUT6 (Prop_lut6_I0_O)        0.124     5.832 r  npu_system_i/dvi2rgb_0/U0/DataDecoders[0].DecoderX/rTimeoutCnt[0]_i_1__1/O
                         net (fo=24, routed)          0.577     6.409    npu_system_i/dvi2rgb_0/U0/DataDecoders[0].DecoderX/sel
    SLICE_X112Y66        FDRE                                         r  npu_system_i/dvi2rgb_0/U0/DataDecoders[0].DecoderX/rTimeoutCnt_reg[14]/CE
  -------------------------------------------------------------------    -------------------

                         (clock clk_fpga_1 rise edge)
                                                      5.000     5.000 r  
    PS7_X0Y0             PS7                          0.000     5.000 r  npu_system_i/ps7/inst/PS7_i/FCLKCLK[1]
                         net (fo=1, routed)           1.088     6.088    npu_system_i/ps7/inst/FCLK_CLK_unbuffered[1]
    BUFGCTRL_X0Y17       BUFG (Prop_bufg_I_O)         0.091     6.179 r  npu_system_i/ps7/inst/buffer_fclk_clk_1.FCLK_CLK_1_BUFG/O
                         net (fo=158, routed)         1.679     7.858    npu_system_i/dvi2rgb_0/U0/DataDecoders[0].DecoderX/RefClk
    SLICE_X112Y66        FDRE                                         r  npu_system_i/dvi2rgb_0/U0/DataDecoders[0].DecoderX/rTimeoutCnt_reg[14]/C
                         clock pessimism              0.269     8.127    
                         clock uncertainty           -0.083     8.044    
    SLICE_X112Y66        FDRE (Setup_fdre_C_CE)      -0.169     7.875    npu_system_i/dvi2rgb_0/U0/DataDecoders[0].DecoderX/rTimeoutCnt_reg[14]
  -------------------------------------------------------------------
                         required time                          7.875    
                         arrival time                          -6.409    
  -------------------------------------------------------------------
                         slack                                  1.466    

Slack (MET) :             1.466ns  (required time - arrival time)
  Source:                 npu_system_i/dvi2rgb_0/U0/DataDecoders[0].DecoderX/rTimeoutCnt_reg[11]/C
                            (rising edge-triggered cell FDRE clocked by clk_fpga_1  {rise@0.000ns fall@2.500ns period=5.000ns})
  Destination:            npu_system_i/dvi2rgb_0/U0/DataDecoders[0].DecoderX/rTimeoutCnt_reg[15]/CE
                            (rising edge-triggered cell FDRE clocked by clk_fpga_1  {rise@0.000ns fall@2.500ns period=5.000ns})
  Path Group:             clk_fpga_1
  Path Type:              Setup (Max at Slow Process Corner)
  Requirement:            5.000ns  (clk_fpga_1 rise@5.000ns - clk_fpga_1 rise@0.000ns)
  Data Path Delay:        3.257ns  (logic 0.766ns (23.521%)  route 2.491ns (76.479%))
  Logic Levels:           2  (LUT4=1 LUT6=1)
  Clock Path Skew:        -0.025ns (DCD - SCD + CPR)
    Destination Clock Delay (DCD):    2.858ns = ( 7.858 - 5.000 ) 
    Source Clock Delay      (SCD):    3.152ns
    Clock Pessimism Removal (CPR):    0.269ns
  Clock Uncertainty:      0.083ns  ((TSJ^2 + TIJ^2)^1/2 + DJ) / 2 + PE
    Total System Jitter     (TSJ):    0.071ns
    Total Input Jitter      (TIJ):    0.150ns
    Discrete Jitter          (DJ):    0.000ns
    Phase Error              (PE):    0.000ns

    Location             Delay type                Incr(ns)  Path(ns)    Netlist Resource(s)
  -------------------------------------------------------------------    -------------------
                         (clock clk_fpga_1 rise edge)
                                                      0.000     0.000 r  
    PS7_X0Y0             PS7                          0.000     0.000 r  npu_system_i/ps7/inst/PS7_i/FCLKCLK[1]
                         net (fo=1, routed)           1.193     1.193    npu_system_i/ps7/inst/FCLK_CLK_unbuffered[1]
    BUFGCTRL_X0Y17       BUFG (Prop_bufg_I_O)         0.101     1.294 r  npu_system_i/ps7/inst/buffer_fclk_clk_1.FCLK_CLK_1_BUFG/O
                         net (fo=158, routed)         1.858     3.152    npu_system_i/dvi2rgb_0/U0/DataDecoders[0].DecoderX/RefClk
    SLICE_X112Y65        FDRE                                         r  npu_system_i/dvi2rgb_0/U0/DataDecoders[0].DecoderX/rTimeoutCnt_reg[11]/C
  -------------------------------------------------------------------    -------------------
    SLICE_X112Y65        FDRE (Prop_fdre_C_Q)         0.518     3.670 r  npu_system_i/dvi2rgb_0/U0/DataDecoders[0].DecoderX/rTimeoutCnt_reg[11]/Q
                         net (fo=2, routed)           0.746     4.416    npu_system_i/dvi2rgb_0/U0/DataDecoders[0].DecoderX/SyncBaseOvf/rTimeoutCnt_reg[11]
    SLICE_X113Y66        LUT4 (Prop_lut4_I2_O)        0.124     4.540 r  npu_system_i/dvi2rgb_0/U0/DataDecoders[0].DecoderX/SyncBaseOvf/iIn_q_i_2__4/O
                         net (fo=2, routed)           1.168     5.708    npu_system_i/dvi2rgb_0/U0/DataDecoders[0].DecoderX/SyncBaseOvf_n_1
    SLICE_X113Y67        LUT6 (Prop_lut6_I0_O)        0.124     5.832 r  npu_system_i/dvi2rgb_0/U0/DataDecoders[0].DecoderX/rTimeoutCnt[0]_i_1__1/O
                         net (fo=24, routed)          0.577     6.409    npu_system_i/dvi2rgb_0/U0/DataDecoders[0].DecoderX/sel
    SLICE_X112Y66        FDRE                                         r  npu_system_i/dvi2rgb_0/U0/DataDecoders[0].DecoderX/rTimeoutCnt_reg[15]/CE
  -------------------------------------------------------------------    -------------------

                         (clock clk_fpga_1 rise edge)
                                                      5.000     5.000 r  
    PS7_X0Y0             PS7                          0.000     5.000 r  npu_system_i/ps7/inst/PS7_i/FCLKCLK[1]
                         net (fo=1, routed)           1.088     6.088    npu_system_i/ps7/inst/FCLK_CLK_unbuffered[1]
    BUFGCTRL_X0Y17       BUFG (Prop_bufg_I_O)         0.091     6.179 r  npu_system_i/ps7/inst/buffer_fclk_clk_1.FCLK_CLK_1_BUFG/O
                         net (fo=158, routed)         1.679     7.858    npu_system_i/dvi2rgb_0/U0/DataDecoders[0].DecoderX/RefClk
    SLICE_X112Y66        FDRE                                         r  npu_system_i/dvi2rgb_0/U0/DataDecoders[0].DecoderX/rTimeoutCnt_reg[15]/C
                         clock pessimism              0.269     8.127    
                         clock uncertainty           -0.083     8.044    
    SLICE_X112Y66        FDRE (Setup_fdre_C_CE)      -0.169     7.875    npu_system_i/dvi2rgb_0/U0/DataDecoders[0].DecoderX/rTimeoutCnt_reg[15]
  -------------------------------------------------------------------
                         required time                          7.875    
                         arrival time                          -6.409    
  -------------------------------------------------------------------
                         slack                                  1.466    

Slack (MET) :             1.466ns  (required time - arrival time)
  Source:                 npu_system_i/dvi2rgb_0/U0/GenerateDDC.DDC_EEPROM/I2C_SlaveController/dScl_reg/C
                            (rising edge-triggered cell FDRE clocked by clk_fpga_1  {rise@0.000ns fall@2.500ns period=5.000ns})
  Destination:            npu_system_i/dvi2rgb_0/U0/GenerateDDC.DDC_EEPROM/I2C_SlaveController/FSM_gray_state_reg[1]/D
                            (rising edge-triggered cell FDRE clocked by clk_fpga_1  {rise@0.000ns fall@2.500ns period=5.000ns})
  Path Group:             clk_fpga_1
  Path Type:              Setup (Max at Slow Process Corner)
  Requirement:            5.000ns  (clk_fpga_1 rise@5.000ns - clk_fpga_1 rise@0.000ns)
  Data Path Delay:        3.508ns  (logic 1.064ns (30.334%)  route 2.444ns (69.666%))
  Logic Levels:           3  (LUT5=1 LUT6=2)
  Clock Path Skew:        -0.024ns (DCD - SCD + CPR)
    Destination Clock Delay (DCD):    3.040ns = ( 8.040 - 5.000 ) 
    Source Clock Delay      (SCD):    3.351ns
    Clock Pessimism Removal (CPR):    0.287ns
  Clock Uncertainty:      0.083ns  ((TSJ^2 + TIJ^2)^1/2 + DJ) / 2 + PE
    Total System Jitter     (TSJ):    0.071ns
    Total Input Jitter      (TIJ):    0.150ns
    Discrete Jitter          (DJ):    0.000ns
    Phase Error              (PE):    0.000ns

    Location             Delay type                Incr(ns)  Path(ns)    Netlist Resource(s)
  -------------------------------------------------------------------    -------------------
                         (clock clk_fpga_1 rise edge)
                                                      0.000     0.000 r  
    PS7_X0Y0             PS7                          0.000     0.000 r  npu_system_i/ps7/inst/PS7_i/FCLKCLK[1]
                         net (fo=1, routed)           1.193     1.193    npu_system_i/ps7/inst/FCLK_CLK_unbuffered[1]
    BUFGCTRL_X0Y17       BUFG (Prop_bufg_I_O)         0.101     1.294 r  npu_system_i/ps7/inst/buffer_fclk_clk_1.FCLK_CLK_1_BUFG/O
                         net (fo=158, routed)         2.057     3.351    npu_system_i/dvi2rgb_0/U0/GenerateDDC.DDC_EEPROM/I2C_SlaveController/RefClk
    SLICE_X113Y145       FDRE                                         r  npu_system_i/dvi2rgb_0/U0/GenerateDDC.DDC_EEPROM/I2C_SlaveController/dScl_reg/C
  -------------------------------------------------------------------    -------------------
    SLICE_X113Y145       FDRE (Prop_fdre_C_Q)         0.456     3.807 r  npu_system_i/dvi2rgb_0/U0/GenerateDDC.DDC_EEPROM/I2C_SlaveController/dScl_reg/Q
                         net (fo=18, routed)          1.307     5.114    npu_system_i/dvi2rgb_0/U0/GenerateDDC.DDC_EEPROM/I2C_SlaveController/dScl
    SLICE_X111Y149       LUT5 (Prop_lut5_I1_O)        0.152     5.266 r  npu_system_i/dvi2rgb_0/U0/GenerateDDC.DDC_EEPROM/I2C_SlaveController/rd_wrn_i_2/O
                         net (fo=4, routed)           0.455     5.722    npu_system_i/dvi2rgb_0/U0/GenerateDDC.DDC_EEPROM/I2C_SlaveController/rd_wrn_i_2_n_0
    SLICE_X113Y148       LUT6 (Prop_lut6_I1_O)        0.332     6.054 r  npu_system_i/dvi2rgb_0/U0/GenerateDDC.DDC_EEPROM/I2C_SlaveController/FSM_gray_state[2]_i_4/O
                         net (fo=3, routed)           0.681     6.735    npu_system_i/dvi2rgb_0/U0/GenerateDDC.DDC_EEPROM/I2C_SlaveController/FSM_gray_state[2]_i_4_n_0
    SLICE_X112Y148       LUT6 (Prop_lut6_I2_O)        0.124     6.859 r  npu_system_i/dvi2rgb_0/U0/GenerateDDC.DDC_EEPROM/I2C_SlaveController/FSM_gray_state[1]_i_1/O
                         net (fo=1, routed)           0.000     6.859    npu_system_i/dvi2rgb_0/U0/GenerateDDC.DDC_EEPROM/I2C_SlaveController/FSM_gray_state[1]_i_1_n_0
    SLICE_X112Y148       FDRE                                         r  npu_system_i/dvi2rgb_0/U0/GenerateDDC.DDC_EEPROM/I2C_SlaveController/FSM_gray_state_reg[1]/D
  -------------------------------------------------------------------    -------------------

                         (clock clk_fpga_1 rise edge)
                                                      5.000     5.000 r  
    PS7_X0Y0             PS7                          0.000     5.000 r  npu_system_i/ps7/inst/PS7_i/FCLKCLK[1]
                         net (fo=1, routed)           1.088     6.088    npu_system_i/ps7/inst/FCLK_CLK_unbuffered[1]
    BUFGCTRL_X0Y17       BUFG (Prop_bufg_I_O)         0.091     6.179 r  npu_system_i/ps7/inst/buffer_fclk_clk_1.FCLK_CLK_1_BUFG/O
                         net (fo=158, routed)         1.861     8.040    npu_system_i/dvi2rgb_0/U0/GenerateDDC.DDC_EEPROM/I2C_SlaveController/RefClk
    SLICE_X112Y148       FDRE                                         r  npu_system_i/dvi2rgb_0/U0/GenerateDDC.DDC_EEPROM/I2C_SlaveController/FSM_gray_state_reg[1]/C
                         clock pessimism              0.287     8.327    
                         clock uncertainty           -0.083     8.244    
    SLICE_X112Y148       FDRE (Setup_fdre_C_D)        0.081     8.325    npu_system_i/dvi2rgb_0/U0/GenerateDDC.DDC_EEPROM/I2C_SlaveController/FSM_gray_state_reg[1]
  -------------------------------------------------------------------
                         required time                          8.325    
                         arrival time                          -6.859    
  -------------------------------------------------------------------
                         slack                                  1.466    

Slack (MET) :             1.475ns  (required time - arrival time)
  Source:                 npu_system_i/dvi2rgb_0/U0/DataDecoders[0].DecoderX/rTimeoutCnt_reg[11]/C
                            (rising edge-triggered cell FDRE clocked by clk_fpga_1  {rise@0.000ns fall@2.500ns period=5.000ns})
  Destination:            npu_system_i/dvi2rgb_0/U0/DataDecoders[0].DecoderX/rTimeoutCnt_reg[16]/CE
                            (rising edge-triggered cell FDRE clocked by clk_fpga_1  {rise@0.000ns fall@2.500ns period=5.000ns})
  Path Group:             clk_fpga_1
  Path Type:              Setup (Max at Slow Process Corner)
  Requirement:            5.000ns  (clk_fpga_1 rise@5.000ns - clk_fpga_1 rise@0.000ns)
  Data Path Delay:        3.247ns  (logic 0.766ns (23.594%)  route 2.481ns (76.406%))
  Logic Levels:           2  (LUT4=1 LUT6=1)
  Clock Path Skew:        -0.026ns (DCD - SCD + CPR)
    Destination Clock Delay (DCD):    2.857ns = ( 7.857 - 5.000 ) 
    Source Clock Delay      (SCD):    3.152ns
    Clock Pessimism Removal (CPR):    0.269ns
  Clock Uncertainty:      0.083ns  ((TSJ^2 + TIJ^2)^1/2 + DJ) / 2 + PE
    Total System Jitter     (TSJ):    0.071ns
    Total Input Jitter      (TIJ):    0.150ns
    Discrete Jitter          (DJ):    0.000ns
    Phase Error              (PE):    0.000ns

    Location             Delay type                Incr(ns)  Path(ns)    Netlist Resource(s)
  -------------------------------------------------------------------    -------------------
                         (clock clk_fpga_1 rise edge)
                                                      0.000     0.000 r  
    PS7_X0Y0             PS7                          0.000     0.000 r  npu_system_i/ps7/inst/PS7_i/FCLKCLK[1]
                         net (fo=1, routed)           1.193     1.193    npu_system_i/ps7/inst/FCLK_CLK_unbuffered[1]
    BUFGCTRL_X0Y17       BUFG (Prop_bufg_I_O)         0.101     1.294 r  npu_system_i/ps7/inst/buffer_fclk_clk_1.FCLK_CLK_1_BUFG/O
                         net (fo=158, routed)         1.858     3.152    npu_system_i/dvi2rgb_0/U0/DataDecoders[0].DecoderX/RefClk
    SLICE_X112Y65        FDRE                                         r  npu_system_i/dvi2rgb_0/U0/DataDecoders[0].DecoderX/rTimeoutCnt_reg[11]/C
  -------------------------------------------------------------------    -------------------
    SLICE_X112Y65        FDRE (Prop_fdre_C_Q)         0.518     3.670 r  npu_system_i/dvi2rgb_0/U0/DataDecoders[0].DecoderX/rTimeoutCnt_reg[11]/Q
                         net (fo=2, routed)           0.746     4.416    npu_system_i/dvi2rgb_0/U0/DataDecoders[0].DecoderX/SyncBaseOvf/rTimeoutCnt_reg[11]
    SLICE_X113Y66        LUT4 (Prop_lut4_I2_O)        0.124     4.540 r  npu_system_i/dvi2rgb_0/U0/DataDecoders[0].DecoderX/SyncBaseOvf/iIn_q_i_2__4/O
                         net (fo=2, routed)           1.168     5.708    npu_system_i/dvi2rgb_0/U0/DataDecoders[0].DecoderX/SyncBaseOvf_n_1
    SLICE_X113Y67        LUT6 (Prop_lut6_I0_O)        0.124     5.832 r  npu_system_i/dvi2rgb_0/U0/DataDecoders[0].DecoderX/rTimeoutCnt[0]_i_1__1/O
                         net (fo=24, routed)          0.567     6.399    npu_system_i/dvi2rgb_0/U0/DataDecoders[0].DecoderX/sel
    SLICE_X112Y67        FDRE                                         r  npu_system_i/dvi2rgb_0/U0/DataDecoders[0].DecoderX/rTimeoutCnt_reg[16]/CE
  -------------------------------------------------------------------    -------------------

                         (clock clk_fpga_1 rise edge)
                                                      5.000     5.000 r  
    PS7_X0Y0             PS7                          0.000     5.000 r  npu_system_i/ps7/inst/PS7_i/FCLKCLK[1]
                         net (fo=1, routed)           1.088     6.088    npu_system_i/ps7/inst/FCLK_CLK_unbuffered[1]
    BUFGCTRL_X0Y17       BUFG (Prop_bufg_I_O)         0.091     6.179 r  npu_system_i/ps7/inst/buffer_fclk_clk_1.FCLK_CLK_1_BUFG/O
                         net (fo=158, routed)         1.678     7.857    npu_system_i/dvi2rgb_0/U0/DataDecoders[0].DecoderX/RefClk
    SLICE_X112Y67        FDRE                                         r  npu_system_i/dvi2rgb_0/U0/DataDecoders[0].DecoderX/rTimeoutCnt_reg[16]/C
                         clock pessimism              0.269     8.126    
                         clock uncertainty           -0.083     8.043    
    SLICE_X112Y67        FDRE (Setup_fdre_C_CE)      -0.169     7.874    npu_system_i/dvi2rgb_0/U0/DataDecoders[0].DecoderX/rTimeoutCnt_reg[16]
  -------------------------------------------------------------------
                         required time                          7.874    
                         arrival time                          -6.399    
  -------------------------------------------------------------------
                         slack                                  1.475    

Slack (MET) :             1.475ns  (required time - arrival time)
  Source:                 npu_system_i/dvi2rgb_0/U0/DataDecoders[0].DecoderX/rTimeoutCnt_reg[11]/C
                            (rising edge-triggered cell FDRE clocked by clk_fpga_1  {rise@0.000ns fall@2.500ns period=5.000ns})
  Destination:            npu_system_i/dvi2rgb_0/U0/DataDecoders[0].DecoderX/rTimeoutCnt_reg[17]/CE
                            (rising edge-triggered cell FDRE clocked by clk_fpga_1  {rise@0.000ns fall@2.500ns period=5.000ns})
  Path Group:             clk_fpga_1
  Path Type:              Setup (Max at Slow Process Corner)
  Requirement:            5.000ns  (clk_fpga_1 rise@5.000ns - clk_fpga_1 rise@0.000ns)
  Data Path Delay:        3.247ns  (logic 0.766ns (23.594%)  route 2.481ns (76.406%))
  Logic Levels:           2  (LUT4=1 LUT6=1)
  Clock Path Skew:        -0.026ns (DCD - SCD + CPR)
    Destination Clock Delay (DCD):    2.857ns = ( 7.857 - 5.000 ) 
    Source Clock Delay      (SCD):    3.152ns
    Clock Pessimism Removal (CPR):    0.269ns
  Clock Uncertainty:      0.083ns  ((TSJ^2 + TIJ^2)^1/2 + DJ) / 2 + PE
    Total System Jitter     (TSJ):    0.071ns
    Total Input Jitter      (TIJ):    0.150ns
    Discrete Jitter          (DJ):    0.000ns
    Phase Error              (PE):    0.000ns

    Location             Delay type                Incr(ns)  Path(ns)    Netlist Resource(s)
  -------------------------------------------------------------------    -------------------
                         (clock clk_fpga_1 rise edge)
                                                      0.000     0.000 r  
    PS7_X0Y0             PS7                          0.000     0.000 r  npu_system_i/ps7/inst/PS7_i/FCLKCLK[1]
                         net (fo=1, routed)           1.193     1.193    npu_system_i/ps7/inst/FCLK_CLK_unbuffered[1]
    BUFGCTRL_X0Y17       BUFG (Prop_bufg_I_O)         0.101     1.294 r  npu_system_i/ps7/inst/buffer_fclk_clk_1.FCLK_CLK_1_BUFG/O
                         net (fo=158, routed)         1.858     3.152    npu_system_i/dvi2rgb_0/U0/DataDecoders[0].DecoderX/RefClk
    SLICE_X112Y65        FDRE                                         r  npu_system_i/dvi2rgb_0/U0/DataDecoders[0].DecoderX/rTimeoutCnt_reg[11]/C
  -------------------------------------------------------------------    -------------------
    SLICE_X112Y65        FDRE (Prop_fdre_C_Q)         0.518     3.670 r  npu_system_i/dvi2rgb_0/U0/DataDecoders[0].DecoderX/rTimeoutCnt_reg[11]/Q
                         net (fo=2, routed)           0.746     4.416    npu_system_i/dvi2rgb_0/U0/DataDecoders[0].DecoderX/SyncBaseOvf/rTimeoutCnt_reg[11]
    SLICE_X113Y66        LUT4 (Prop_lut4_I2_O)        0.124     4.540 r  npu_system_i/dvi2rgb_0/U0/DataDecoders[0].DecoderX/SyncBaseOvf/iIn_q_i_2__4/O
                         net (fo=2, routed)           1.168     5.708    npu_system_i/dvi2rgb_0/U0/DataDecoders[0].DecoderX/SyncBaseOvf_n_1
    SLICE_X113Y67        LUT6 (Prop_lut6_I0_O)        0.124     5.832 r  npu_system_i/dvi2rgb_0/U0/DataDecoders[0].DecoderX/rTimeoutCnt[0]_i_1__1/O
                         net (fo=24, routed)          0.567     6.399    npu_system_i/dvi2rgb_0/U0/DataDecoders[0].DecoderX/sel
    SLICE_X112Y67        FDRE                                         r  npu_system_i/dvi2rgb_0/U0/DataDecoders[0].DecoderX/rTimeoutCnt_reg[17]/CE
  -------------------------------------------------------------------    -------------------

                         (clock clk_fpga_1 rise edge)
                                                      5.000     5.000 r  
    PS7_X0Y0             PS7                          0.000     5.000 r  npu_system_i/ps7/inst/PS7_i/FCLKCLK[1]
                         net (fo=1, routed)           1.088     6.088    npu_system_i/ps7/inst/FCLK_CLK_unbuffered[1]
    BUFGCTRL_X0Y17       BUFG (Prop_bufg_I_O)         0.091     6.179 r  npu_system_i/ps7/inst/buffer_fclk_clk_1.FCLK_CLK_1_BUFG/O
                         net (fo=158, routed)         1.678     7.857    npu_system_i/dvi2rgb_0/U0/DataDecoders[0].DecoderX/RefClk
    SLICE_X112Y67        FDRE                                         r  npu_system_i/dvi2rgb_0/U0/DataDecoders[0].DecoderX/rTimeoutCnt_reg[17]/C
                         clock pessimism              0.269     8.126    
                         clock uncertainty           -0.083     8.043    
    SLICE_X112Y67        FDRE (Setup_fdre_C_CE)      -0.169     7.874    npu_system_i/dvi2rgb_0/U0/DataDecoders[0].DecoderX/rTimeoutCnt_reg[17]
  -------------------------------------------------------------------
                         required time                          7.874    
                         arrival time                          -6.399    
  -------------------------------------------------------------------
                         slack                                  1.475    





Min Delay Paths
--------------------------------------------------------------------------------------
Slack (MET) :             0.122ns  (arrival time - required time)
  Source:                 npu_system_i/dvi2rgb_0/U0/GenerateDDC.DDC_EEPROM/I2C_SlaveController/SyncSCL/oSyncStages_reg[0]/C
                            (rising edge-triggered cell FDRE clocked by clk_fpga_1  {rise@0.000ns fall@2.500ns period=5.000ns})
  Destination:            npu_system_i/dvi2rgb_0/U0/GenerateDDC.DDC_EEPROM/I2C_SlaveController/SyncSCL/oSyncStages_reg[1]/D
                            (rising edge-triggered cell FDRE clocked by clk_fpga_1  {rise@0.000ns fall@2.500ns period=5.000ns})
  Path Group:             clk_fpga_1
  Path Type:              Hold (Min at Fast Process Corner)
  Requirement:            0.000ns  (clk_fpga_1 rise@0.000ns - clk_fpga_1 rise@0.000ns)
  Data Path Delay:        0.197ns  (logic 0.141ns (71.611%)  route 0.056ns (28.389%))
  Logic Levels:           0  
  Clock Path Skew:        0.000ns (DCD - SCD - CPR)
    Destination Clock Delay (DCD):    1.359ns
    Source Clock Delay      (SCD):    1.053ns
    Clock Pessimism Removal (CPR):    0.306ns

    Location             Delay type                Incr(ns)  Path(ns)    Netlist Resource(s)
  -------------------------------------------------------------------    -------------------
                         (clock clk_fpga_1 rise edge)
                                                      0.000     0.000 r  
    PS7_X0Y0             PS7                          0.000     0.000 r  npu_system_i/ps7/inst/PS7_i/FCLKCLK[1]
                         net (fo=1, routed)           0.310     0.310    npu_system_i/ps7/inst/FCLK_CLK_unbuffered[1]
    BUFGCTRL_X0Y17       BUFG (Prop_bufg_I_O)         0.026     0.336 r  npu_system_i/ps7/inst/buffer_fclk_clk_1.FCLK_CLK_1_BUFG/O
                         net (fo=158, routed)         0.717     1.053    npu_system_i/dvi2rgb_0/U0/GenerateDDC.DDC_EEPROM/I2C_SlaveController/SyncSCL/RefClk
    SLICE_X113Y142       FDRE                                         r  npu_system_i/dvi2rgb_0/U0/GenerateDDC.DDC_EEPROM/I2C_SlaveController/SyncSCL/oSyncStages_reg[0]/C
  -------------------------------------------------------------------    -------------------
    SLICE_X113Y142       FDRE (Prop_fdre_C_Q)         0.141     1.194 r  npu_system_i/dvi2rgb_0/U0/GenerateDDC.DDC_EEPROM/I2C_SlaveController/SyncSCL/oSyncStages_reg[0]/Q
                         net (fo=1, routed)           0.056     1.250    npu_system_i/dvi2rgb_0/U0/GenerateDDC.DDC_EEPROM/I2C_SlaveController/SyncSCL/oSyncStages[0]
    SLICE_X113Y142       FDRE                                         r  npu_system_i/dvi2rgb_0/U0/GenerateDDC.DDC_EEPROM/I2C_SlaveController/SyncSCL/oSyncStages_reg[1]/D
  -------------------------------------------------------------------    -------------------

                         (clock clk_fpga_1 rise edge)
                                                      0.000     0.000 r  
    PS7_X0Y0             PS7                          0.000     0.000 r  npu_system_i/ps7/inst/PS7_i/FCLKCLK[1]
                         net (fo=1, routed)           0.337     0.337    npu_system_i/ps7/inst/FCLK_CLK_unbuffered[1]
    BUFGCTRL_X0Y17       BUFG (Prop_bufg_I_O)         0.029     0.366 r  npu_system_i/ps7/inst/buffer_fclk_clk_1.FCLK_CLK_1_BUFG/O
                         net (fo=158, routed)         0.993     1.359    npu_system_i/dvi2rgb_0/U0/GenerateDDC.DDC_EEPROM/I2C_SlaveController/SyncSCL/RefClk
    SLICE_X113Y142       FDRE                                         r  npu_system_i/dvi2rgb_0/U0/GenerateDDC.DDC_EEPROM/I2C_SlaveController/SyncSCL/oSyncStages_reg[1]/C
                         clock pessimism             -0.306     1.053    
    SLICE_X113Y142       FDRE (Hold_fdre_C_D)         0.075     1.128    npu_system_i/dvi2rgb_0/U0/GenerateDDC.DDC_EEPROM/I2C_SlaveController/SyncSCL/oSyncStages_reg[1]
  -------------------------------------------------------------------
                         required time                         -1.128    
                         arrival time                           1.250    
  -------------------------------------------------------------------
                         slack                                  0.122    

Slack (MET) :             0.122ns  (arrival time - required time)
  Source:                 npu_system_i/dvi2rgb_0/U0/TMDS_ClockingX/LockLostReset/SyncAsyncx/oSyncStages_reg[0]/C
                            (rising edge-triggered cell FDPE clocked by clk_fpga_1  {rise@0.000ns fall@2.500ns period=5.000ns})
  Destination:            npu_system_i/dvi2rgb_0/U0/TMDS_ClockingX/LockLostReset/SyncAsyncx/oSyncStages_reg[1]/D
                            (rising edge-triggered cell FDPE clocked by clk_fpga_1  {rise@0.000ns fall@2.500ns period=5.000ns})
  Path Group:             clk_fpga_1
  Path Type:              Hold (Min at Fast Process Corner)
  Requirement:            0.000ns  (clk_fpga_1 rise@0.000ns - clk_fpga_1 rise@0.000ns)
  Data Path Delay:        0.197ns  (logic 0.141ns (71.611%)  route 0.056ns (28.389%))
  Logic Levels:           0  
  Clock Path Skew:        0.000ns (DCD - SCD - CPR)
    Destination Clock Delay (DCD):    1.258ns
    Source Clock Delay      (SCD):    0.959ns
    Clock Pessimism Removal (CPR):    0.299ns

    Location             Delay type                Incr(ns)  Path(ns)    Netlist Resource(s)
  -------------------------------------------------------------------    -------------------
                         (clock clk_fpga_1 rise edge)
                                                      0.000     0.000 r  
    PS7_X0Y0             PS7                          0.000     0.000 r  npu_system_i/ps7/inst/PS7_i/FCLKCLK[1]
                         net (fo=1, routed)           0.310     0.310    npu_system_i/ps7/inst/FCLK_CLK_unbuffered[1]
    BUFGCTRL_X0Y17       BUFG (Prop_bufg_I_O)         0.026     0.336 r  npu_system_i/ps7/inst/buffer_fclk_clk_1.FCLK_CLK_1_BUFG/O
                         net (fo=158, routed)         0.623     0.959    npu_system_i/dvi2rgb_0/U0/TMDS_ClockingX/LockLostReset/SyncAsyncx/RefClk
    SLICE_X113Y74        FDPE                                         r  npu_system_i/dvi2rgb_0/U0/TMDS_ClockingX/LockLostReset/SyncAsyncx/oSyncStages_reg[0]/C
  -------------------------------------------------------------------    -------------------
    SLICE_X113Y74        FDPE (Prop_fdpe_C_Q)         0.141     1.100 r  npu_system_i/dvi2rgb_0/U0/TMDS_ClockingX/LockLostReset/SyncAsyncx/oSyncStages_reg[0]/Q
                         net (fo=1, routed)           0.056     1.155    npu_system_i/dvi2rgb_0/U0/TMDS_ClockingX/LockLostReset/SyncAsyncx/oSyncStages[0]
    SLICE_X113Y74        FDPE                                         r  npu_system_i/dvi2rgb_0/U0/TMDS_ClockingX/LockLostReset/SyncAsyncx/oSyncStages_reg[1]/D
  -------------------------------------------------------------------    -------------------

                         (clock clk_fpga_1 rise edge)
                                                      0.000     0.000 r  
    PS7_X0Y0             PS7                          0.000     0.000 r  npu_system_i/ps7/inst/PS7_i/FCLKCLK[1]
                         net (fo=1, routed)           0.337     0.337    npu_system_i/ps7/inst/FCLK_CLK_unbuffered[1]
    BUFGCTRL_X0Y17       BUFG (Prop_bufg_I_O)         0.029     0.366 r  npu_system_i/ps7/inst/buffer_fclk_clk_1.FCLK_CLK_1_BUFG/O
                         net (fo=158, routed)         0.892     1.258    npu_system_i/dvi2rgb_0/U0/TMDS_ClockingX/LockLostReset/SyncAsyncx/RefClk
    SLICE_X113Y74        FDPE                                         r  npu_system_i/dvi2rgb_0/U0/TMDS_ClockingX/LockLostReset/SyncAsyncx/oSyncStages_reg[1]/C
                         clock pessimism             -0.299     0.959    
    SLICE_X113Y74        FDPE (Hold_fdpe_C_D)         0.075     1.034    npu_system_i/dvi2rgb_0/U0/TMDS_ClockingX/LockLostReset/SyncAsyncx/oSyncStages_reg[1]
  -------------------------------------------------------------------
                         required time                         -1.034    
                         arrival time                           1.155    
  -------------------------------------------------------------------
                         slack                                  0.122    

Slack (MET) :             0.122ns  (arrival time - required time)
  Source:                 npu_system_i/dvi2rgb_0/U0/TMDS_ClockingX/MMCM_LockSync/oSyncStages_reg[0]/C
                            (rising edge-triggered cell FDRE clocked by clk_fpga_1  {rise@0.000ns fall@2.500ns period=5.000ns})
  Destination:            npu_system_i/dvi2rgb_0/U0/TMDS_ClockingX/MMCM_LockSync/oSyncStages_reg[1]/D
                            (rising edge-triggered cell FDRE clocked by clk_fpga_1  {rise@0.000ns fall@2.500ns period=5.000ns})
  Path Group:             clk_fpga_1
  Path Type:              Hold (Min at Fast Process Corner)
  Requirement:            0.000ns  (clk_fpga_1 rise@0.000ns - clk_fpga_1 rise@0.000ns)
  Data Path Delay:        0.197ns  (logic 0.141ns (71.611%)  route 0.056ns (28.389%))
  Logic Levels:           0  
  Clock Path Skew:        0.000ns (DCD - SCD - CPR)
    Destination Clock Delay (DCD):    1.263ns
    Source Clock Delay      (SCD):    0.963ns
    Clock Pessimism Removal (CPR):    0.300ns

    Location             Delay type                Incr(ns)  Path(ns)    Netlist Resource(s)
  -------------------------------------------------------------------    -------------------
                         (clock clk_fpga_1 rise edge)
                                                      0.000     0.000 r  
    PS7_X0Y0             PS7                          0.000     0.000 r  npu_system_i/ps7/inst/PS7_i/FCLKCLK[1]
                         net (fo=1, routed)           0.310     0.310    npu_system_i/ps7/inst/FCLK_CLK_unbuffered[1]
    BUFGCTRL_X0Y17       BUFG (Prop_bufg_I_O)         0.026     0.336 r  npu_system_i/ps7/inst/buffer_fclk_clk_1.FCLK_CLK_1_BUFG/O
                         net (fo=158, routed)         0.627     0.963    npu_system_i/dvi2rgb_0/U0/TMDS_ClockingX/MMCM_LockSync/RefClk
    SLICE_X113Y70        FDRE                                         r  npu_system_i/dvi2rgb_0/U0/TMDS_ClockingX/MMCM_LockSync/oSyncStages_reg[0]/C
  -------------------------------------------------------------------    -------------------
    SLICE_X113Y70        FDRE (Prop_fdre_C_Q)         0.141     1.104 r  npu_system_i/dvi2rgb_0/U0/TMDS_ClockingX/MMCM_LockSync/oSyncStages_reg[0]/Q
                         net (fo=1, routed)           0.056     1.159    npu_system_i/dvi2rgb_0/U0/TMDS_ClockingX/MMCM_LockSync/oSyncStages[0]
    SLICE_X113Y70        FDRE                                         r  npu_system_i/dvi2rgb_0/U0/TMDS_ClockingX/MMCM_LockSync/oSyncStages_reg[1]/D
  -------------------------------------------------------------------    -------------------

                         (clock clk_fpga_1 rise edge)
                                                      0.000     0.000 r  
    PS7_X0Y0             PS7                          0.000     0.000 r  npu_system_i/ps7/inst/PS7_i/FCLKCLK[1]
                         net (fo=1, routed)           0.337     0.337    npu_system_i/ps7/inst/FCLK_CLK_unbuffered[1]
    BUFGCTRL_X0Y17       BUFG (Prop_bufg_I_O)         0.029     0.366 r  npu_system_i/ps7/inst/buffer_fclk_clk_1.FCLK_CLK_1_BUFG/O
                         net (fo=158, routed)         0.897     1.263    npu_system_i/dvi2rgb_0/U0/TMDS_ClockingX/MMCM_LockSync/RefClk
    SLICE_X113Y70        FDRE                                         r  npu_system_i/dvi2rgb_0/U0/TMDS_ClockingX/MMCM_LockSync/oSyncStages_reg[1]/C
                         clock pessimism             -0.300     0.963    
    SLICE_X113Y70        FDRE (Hold_fdre_C_D)         0.075     1.038    npu_system_i/dvi2rgb_0/U0/TMDS_ClockingX/MMCM_LockSync/oSyncStages_reg[1]
  -------------------------------------------------------------------
                         required time                         -1.038    
                         arrival time                           1.159    
  -------------------------------------------------------------------
                         slack                                  0.122    

Slack (MET) :             0.122ns  (arrival time - required time)
  Source:                 npu_system_i/dvi2rgb_0/U0/TMDS_ClockingX/RdyLostReset/SyncAsyncx/oSyncStages_reg[0]/C
                            (rising edge-triggered cell FDPE clocked by clk_fpga_1  {rise@0.000ns fall@2.500ns period=5.000ns})
  Destination:            npu_system_i/dvi2rgb_0/U0/TMDS_ClockingX/RdyLostReset/SyncAsyncx/oSyncStages_reg[1]/D
                            (rising edge-triggered cell FDPE clocked by clk_fpga_1  {rise@0.000ns fall@2.500ns period=5.000ns})
  Path Group:             clk_fpga_1
  Path Type:              Hold (Min at Fast Process Corner)
  Requirement:            0.000ns  (clk_fpga_1 rise@0.000ns - clk_fpga_1 rise@0.000ns)
  Data Path Delay:        0.197ns  (logic 0.141ns (71.611%)  route 0.056ns (28.389%))
  Logic Levels:           0  
  Clock Path Skew:        0.000ns (DCD - SCD - CPR)
    Destination Clock Delay (DCD):    1.261ns
    Source Clock Delay      (SCD):    0.962ns
    Clock Pessimism Removal (CPR):    0.299ns

    Location             Delay type                Incr(ns)  Path(ns)    Netlist Resource(s)
  -------------------------------------------------------------------    -------------------
                         (clock clk_fpga_1 rise edge)
                                                      0.000     0.000 r  
    PS7_X0Y0             PS7                          0.000     0.000 r  npu_system_i/ps7/inst/PS7_i/FCLKCLK[1]
                         net (fo=1, routed)           0.310     0.310    npu_system_i/ps7/inst/FCLK_CLK_unbuffered[1]
    BUFGCTRL_X0Y17       BUFG (Prop_bufg_I_O)         0.026     0.336 r  npu_system_i/ps7/inst/buffer_fclk_clk_1.FCLK_CLK_1_BUFG/O
                         net (fo=158, routed)         0.626     0.962    npu_system_i/dvi2rgb_0/U0/TMDS_ClockingX/RdyLostReset/SyncAsyncx/RefClk
    SLICE_X113Y77        FDPE                                         r  npu_system_i/dvi2rgb_0/U0/TMDS_ClockingX/RdyLostReset/SyncAsyncx/oSyncStages_reg[0]/C
  -------------------------------------------------------------------    -------------------
    SLICE_X113Y77        FDPE (Prop_fdpe_C_Q)         0.141     1.103 r  npu_system_i/dvi2rgb_0/U0/TMDS_ClockingX/RdyLostReset/SyncAsyncx/oSyncStages_reg[0]/Q
                         net (fo=1, routed)           0.056     1.158    npu_system_i/dvi2rgb_0/U0/TMDS_ClockingX/RdyLostReset/SyncAsyncx/oSyncStages[0]
    SLICE_X113Y77        FDPE                                         r  npu_system_i/dvi2rgb_0/U0/TMDS_ClockingX/RdyLostReset/SyncAsyncx/oSyncStages_reg[1]/D
  -------------------------------------------------------------------    -------------------

                         (clock clk_fpga_1 rise edge)
                                                      0.000     0.000 r  
    PS7_X0Y0             PS7                          0.000     0.000 r  npu_system_i/ps7/inst/PS7_i/FCLKCLK[1]
                         net (fo=1, routed)           0.337     0.337    npu_system_i/ps7/inst/FCLK_CLK_unbuffered[1]
    BUFGCTRL_X0Y17       BUFG (Prop_bufg_I_O)         0.029     0.366 r  npu_system_i/ps7/inst/buffer_fclk_clk_1.FCLK_CLK_1_BUFG/O
                         net (fo=158, routed)         0.895     1.261    npu_system_i/dvi2rgb_0/U0/TMDS_ClockingX/RdyLostReset/SyncAsyncx/RefClk
    SLICE_X113Y77        FDPE                                         r  npu_system_i/dvi2rgb_0/U0/TMDS_ClockingX/RdyLostReset/SyncAsyncx/oSyncStages_reg[1]/C
                         clock pessimism             -0.299     0.962    
    SLICE_X113Y77        FDPE (Hold_fdpe_C_D)         0.075     1.037    npu_system_i/dvi2rgb_0/U0/TMDS_ClockingX/RdyLostReset/SyncAsyncx/oSyncStages_reg[1]
  -------------------------------------------------------------------
                         required time                         -1.037    
                         arrival time                           1.158    
  -------------------------------------------------------------------
                         slack                                  0.122    

Slack (MET) :             0.126ns  (arrival time - required time)
  Source:                 npu_system_i/dvi2rgb_0/U0/GenerateDDC.DDC_EEPROM/I2C_SlaveController/SyncSDA/oSyncStages_reg[0]/C
                            (rising edge-triggered cell FDRE clocked by clk_fpga_1  {rise@0.000ns fall@2.500ns period=5.000ns})
  Destination:            npu_system_i/dvi2rgb_0/U0/GenerateDDC.DDC_EEPROM/I2C_SlaveController/SyncSDA/oSyncStages_reg[1]/D
                            (rising edge-triggered cell FDRE clocked by clk_fpga_1  {rise@0.000ns fall@2.500ns period=5.000ns})
  Path Group:             clk_fpga_1
  Path Type:              Hold (Min at Fast Process Corner)
  Requirement:            0.000ns  (clk_fpga_1 rise@0.000ns - clk_fpga_1 rise@0.000ns)
  Data Path Delay:        0.197ns  (logic 0.141ns (71.611%)  route 0.056ns (28.389%))
  Logic Levels:           0  
  Clock Path Skew:        0.000ns (DCD - SCD - CPR)
    Destination Clock Delay (DCD):    1.359ns
    Source Clock Delay      (SCD):    1.053ns
    Clock Pessimism Removal (CPR):    0.306ns

    Location             Delay type                Incr(ns)  Path(ns)    Netlist Resource(s)
  -------------------------------------------------------------------    -------------------
                         (clock clk_fpga_1 rise edge)
                                                      0.000     0.000 r  
    PS7_X0Y0             PS7                          0.000     0.000 r  npu_system_i/ps7/inst/PS7_i/FCLKCLK[1]
                         net (fo=1, routed)           0.310     0.310    npu_system_i/ps7/inst/FCLK_CLK_unbuffered[1]
    BUFGCTRL_X0Y17       BUFG (Prop_bufg_I_O)         0.026     0.336 r  npu_system_i/ps7/inst/buffer_fclk_clk_1.FCLK_CLK_1_BUFG/O
                         net (fo=158, routed)         0.717     1.053    npu_system_i/dvi2rgb_0/U0/GenerateDDC.DDC_EEPROM/I2C_SlaveController/SyncSDA/RefClk
    SLICE_X113Y142       FDRE                                         r  npu_system_i/dvi2rgb_0/U0/GenerateDDC.DDC_EEPROM/I2C_SlaveController/SyncSDA/oSyncStages_reg[0]/C
  -------------------------------------------------------------------    -------------------
    SLICE_X113Y142       FDRE (Prop_fdre_C_Q)         0.141     1.194 r  npu_system_i/dvi2rgb_0/U0/GenerateDDC.DDC_EEPROM/I2C_SlaveController/SyncSDA/oSyncStages_reg[0]/Q
                         net (fo=1, routed)           0.056     1.250    npu_system_i/dvi2rgb_0/U0/GenerateDDC.DDC_EEPROM/I2C_SlaveController/SyncSDA/oSyncStages[0]
    SLICE_X113Y142       FDRE                                         r  npu_system_i/dvi2rgb_0/U0/GenerateDDC.DDC_EEPROM/I2C_SlaveController/SyncSDA/oSyncStages_reg[1]/D
  -------------------------------------------------------------------    -------------------

                         (clock clk_fpga_1 rise edge)
                                                      0.000     0.000 r  
    PS7_X0Y0             PS7                          0.000     0.000 r  npu_system_i/ps7/inst/PS7_i/FCLKCLK[1]
                         net (fo=1, routed)           0.337     0.337    npu_system_i/ps7/inst/FCLK_CLK_unbuffered[1]
    BUFGCTRL_X0Y17       BUFG (Prop_bufg_I_O)         0.029     0.366 r  npu_system_i/ps7/inst/buffer_fclk_clk_1.FCLK_CLK_1_BUFG/O
                         net (fo=158, routed)         0.993     1.359    npu_system_i/dvi2rgb_0/U0/GenerateDDC.DDC_EEPROM/I2C_SlaveController/SyncSDA/RefClk
    SLICE_X113Y142       FDRE                                         r  npu_system_i/dvi2rgb_0/U0/GenerateDDC.DDC_EEPROM/I2C_SlaveController/SyncSDA/oSyncStages_reg[1]/C
                         clock pessimism             -0.306     1.053    
    SLICE_X113Y142       FDRE (Hold_fdre_C_D)         0.071     1.124    npu_system_i/dvi2rgb_0/U0/GenerateDDC.DDC_EEPROM/I2C_SlaveController/SyncSDA/oSyncStages_reg[1]
  -------------------------------------------------------------------
                         required time                         -1.124    
                         arrival time                           1.250    
  -------------------------------------------------------------------
                         slack                                  0.126    

Slack (MET) :             0.171ns  (arrival time - required time)
  Source:                 npu_system_i/dvi2rgb_0/U0/GenerateDDC.DDC_EEPROM/I2C_SlaveController/GlitchF_SDA/Filter.sOut_reg/C
                            (rising edge-triggered cell FDRE clocked by clk_fpga_1  {rise@0.000ns fall@2.500ns period=5.000ns})
  Destination:            npu_system_i/dvi2rgb_0/U0/GenerateDDC.DDC_EEPROM/I2C_SlaveController/dSda_reg/D
                            (rising edge-triggered cell FDRE clocked by clk_fpga_1  {rise@0.000ns fall@2.500ns period=5.000ns})
  Path Group:             clk_fpga_1
  Path Type:              Hold (Min at Fast Process Corner)
  Requirement:            0.000ns  (clk_fpga_1 rise@0.000ns - clk_fpga_1 rise@0.000ns)
  Data Path Delay:        0.231ns  (logic 0.164ns (70.995%)  route 0.067ns (29.005%))
  Logic Levels:           0  
  Clock Path Skew:        0.000ns (DCD - SCD - CPR)
    Destination Clock Delay (DCD):    1.358ns
    Source Clock Delay      (SCD):    1.054ns
    Clock Pessimism Removal (CPR):    0.304ns

    Location             Delay type                Incr(ns)  Path(ns)    Netlist Resource(s)
  -------------------------------------------------------------------    -------------------
                         (clock clk_fpga_1 rise edge)
                                                      0.000     0.000 r  
    PS7_X0Y0             PS7                          0.000     0.000 r  npu_system_i/ps7/inst/PS7_i/FCLKCLK[1]
                         net (fo=1, routed)           0.310     0.310    npu_system_i/ps7/inst/FCLK_CLK_unbuffered[1]
    BUFGCTRL_X0Y17       BUFG (Prop_bufg_I_O)         0.026     0.336 r  npu_system_i/ps7/inst/buffer_fclk_clk_1.FCLK_CLK_1_BUFG/O
                         net (fo=158, routed)         0.718     1.054    npu_system_i/dvi2rgb_0/U0/GenerateDDC.DDC_EEPROM/I2C_SlaveController/GlitchF_SDA/RefClk
    SLICE_X108Y148       FDRE                                         r  npu_system_i/dvi2rgb_0/U0/GenerateDDC.DDC_EEPROM/I2C_SlaveController/GlitchF_SDA/Filter.sOut_reg/C
  -------------------------------------------------------------------    -------------------
    SLICE_X108Y148       FDRE (Prop_fdre_C_Q)         0.164     1.218 r  npu_system_i/dvi2rgb_0/U0/GenerateDDC.DDC_EEPROM/I2C_SlaveController/GlitchF_SDA/Filter.sOut_reg/Q
                         net (fo=2, routed)           0.067     1.285    npu_system_i/dvi2rgb_0/U0/GenerateDDC.DDC_EEPROM/I2C_SlaveController/sOut
    SLICE_X108Y148       FDRE                                         r  npu_system_i/dvi2rgb_0/U0/GenerateDDC.DDC_EEPROM/I2C_SlaveController/dSda_reg/D
  -------------------------------------------------------------------    -------------------

                         (clock clk_fpga_1 rise edge)
                                                      0.000     0.000 r  
    PS7_X0Y0             PS7                          0.000     0.000 r  npu_system_i/ps7/inst/PS7_i/FCLKCLK[1]
                         net (fo=1, routed)           0.337     0.337    npu_system_i/ps7/inst/FCLK_CLK_unbuffered[1]
    BUFGCTRL_X0Y17       BUFG (Prop_bufg_I_O)         0.029     0.366 r  npu_system_i/ps7/inst/buffer_fclk_clk_1.FCLK_CLK_1_BUFG/O
                         net (fo=158, routed)         0.992     1.358    npu_system_i/dvi2rgb_0/U0/GenerateDDC.DDC_EEPROM/I2C_SlaveController/RefClk
    SLICE_X108Y148       FDRE                                         r  npu_system_i/dvi2rgb_0/U0/GenerateDDC.DDC_EEPROM/I2C_SlaveController/dSda_reg/C
                         clock pessimism             -0.304     1.054    
    SLICE_X108Y148       FDRE (Hold_fdre_C_D)         0.060     1.114    npu_system_i/dvi2rgb_0/U0/GenerateDDC.DDC_EEPROM/I2C_SlaveController/dSda_reg
  -------------------------------------------------------------------
                         required time                         -1.114    
                         arrival time                           1.285    
  -------------------------------------------------------------------
                         slack                                  0.171    

Slack (MET) :             0.185ns  (arrival time - required time)
  Source:                 npu_system_i/dvi2rgb_0/U0/DataDecoders[2].DecoderX/SyncBaseRst/SyncAsyncx/oSyncStages_reg[0]/C
                            (rising edge-triggered cell FDPE clocked by clk_fpga_1  {rise@0.000ns fall@2.500ns period=5.000ns})
  Destination:            npu_system_i/dvi2rgb_0/U0/DataDecoders[2].DecoderX/SyncBaseRst/SyncAsyncx/oSyncStages_reg[1]/D
                            (rising edge-triggered cell FDPE clocked by clk_fpga_1  {rise@0.000ns fall@2.500ns period=5.000ns})
  Path Group:             clk_fpga_1
  Path Type:              Hold (Min at Fast Process Corner)
  Requirement:            0.000ns  (clk_fpga_1 rise@0.000ns - clk_fpga_1 rise@0.000ns)
  Data Path Delay:        0.256ns  (logic 0.141ns (55.114%)  route 0.115ns (44.886%))
  Logic Levels:           0  
  Clock Path Skew:        0.000ns (DCD - SCD - CPR)
    Destination Clock Delay (DCD):    1.263ns
    Source Clock Delay      (SCD):    0.965ns
    Clock Pessimism Removal (CPR):    0.298ns

    Location             Delay type                Incr(ns)  Path(ns)    Netlist Resource(s)
  -------------------------------------------------------------------    -------------------
                         (clock clk_fpga_1 rise edge)
                                                      0.000     0.000 r  
    PS7_X0Y0             PS7                          0.000     0.000 r  npu_system_i/ps7/inst/PS7_i/FCLKCLK[1]
                         net (fo=1, routed)           0.310     0.310    npu_system_i/ps7/inst/FCLK_CLK_unbuffered[1]
    BUFGCTRL_X0Y17       BUFG (Prop_bufg_I_O)         0.026     0.336 r  npu_system_i/ps7/inst/buffer_fclk_clk_1.FCLK_CLK_1_BUFG/O
                         net (fo=158, routed)         0.629     0.965    npu_system_i/dvi2rgb_0/U0/DataDecoders[2].DecoderX/SyncBaseRst/SyncAsyncx/RefClk
    SLICE_X106Y67        FDPE                                         r  npu_system_i/dvi2rgb_0/U0/DataDecoders[2].DecoderX/SyncBaseRst/SyncAsyncx/oSyncStages_reg[0]/C
  -------------------------------------------------------------------    -------------------
    SLICE_X106Y67        FDPE (Prop_fdpe_C_Q)         0.141     1.106 r  npu_system_i/dvi2rgb_0/U0/DataDecoders[2].DecoderX/SyncBaseRst/SyncAsyncx/oSyncStages_reg[0]/Q
                         net (fo=1, routed)           0.115     1.220    npu_system_i/dvi2rgb_0/U0/DataDecoders[2].DecoderX/SyncBaseRst/SyncAsyncx/oSyncStages[0]
    SLICE_X106Y67        FDPE                                         r  npu_system_i/dvi2rgb_0/U0/DataDecoders[2].DecoderX/SyncBaseRst/SyncAsyncx/oSyncStages_reg[1]/D
  -------------------------------------------------------------------    -------------------

                         (clock clk_fpga_1 rise edge)
                                                      0.000     0.000 r  
    PS7_X0Y0             PS7                          0.000     0.000 r  npu_system_i/ps7/inst/PS7_i/FCLKCLK[1]
                         net (fo=1, routed)           0.337     0.337    npu_system_i/ps7/inst/FCLK_CLK_unbuffered[1]
    BUFGCTRL_X0Y17       BUFG (Prop_bufg_I_O)         0.029     0.366 r  npu_system_i/ps7/inst/buffer_fclk_clk_1.FCLK_CLK_1_BUFG/O
                         net (fo=158, routed)         0.897     1.263    npu_system_i/dvi2rgb_0/U0/DataDecoders[2].DecoderX/SyncBaseRst/SyncAsyncx/RefClk
    SLICE_X106Y67        FDPE                                         r  npu_system_i/dvi2rgb_0/U0/DataDecoders[2].DecoderX/SyncBaseRst/SyncAsyncx/oSyncStages_reg[1]/C
                         clock pessimism             -0.298     0.965    
    SLICE_X106Y67        FDPE (Hold_fdpe_C_D)         0.071     1.036    npu_system_i/dvi2rgb_0/U0/DataDecoders[2].DecoderX/SyncBaseRst/SyncAsyncx/oSyncStages_reg[1]
  -------------------------------------------------------------------
                         required time                         -1.036    
                         arrival time                           1.220    
  -------------------------------------------------------------------
                         slack                                  0.185    

Slack (MET) :             0.190ns  (arrival time - required time)
  Source:                 npu_system_i/dvi2rgb_0/U0/TMDS_ClockingX/rMMCM_Reset_q_reg[1]/C
                            (rising edge-triggered cell FDPE clocked by clk_fpga_1  {rise@0.000ns fall@2.500ns period=5.000ns})
  Destination:            npu_system_i/dvi2rgb_0/U0/TMDS_ClockingX/rMMCM_Reset_q_reg[0]/D
                            (rising edge-triggered cell FDPE clocked by clk_fpga_1  {rise@0.000ns fall@2.500ns period=5.000ns})
  Path Group:             clk_fpga_1
  Path Type:              Hold (Min at Fast Process Corner)
  Requirement:            0.000ns  (clk_fpga_1 rise@0.000ns - clk_fpga_1 rise@0.000ns)
  Data Path Delay:        0.281ns  (logic 0.227ns (80.665%)  route 0.054ns (19.335%))
  Logic Levels:           1  (LUT2=1)
  Clock Path Skew:        0.000ns (DCD - SCD - CPR)
    Destination Clock Delay (DCD):    1.262ns
    Source Clock Delay      (SCD):    0.962ns
    Clock Pessimism Removal (CPR):    0.300ns

    Location             Delay type                Incr(ns)  Path(ns)    Netlist Resource(s)
  -------------------------------------------------------------------    -------------------
                         (clock clk_fpga_1 rise edge)
                                                      0.000     0.000 r  
    PS7_X0Y0             PS7                          0.000     0.000 r  npu_system_i/ps7/inst/PS7_i/FCLKCLK[1]
                         net (fo=1, routed)           0.310     0.310    npu_system_i/ps7/inst/FCLK_CLK_unbuffered[1]
    BUFGCTRL_X0Y17       BUFG (Prop_bufg_I_O)         0.026     0.336 r  npu_system_i/ps7/inst/buffer_fclk_clk_1.FCLK_CLK_1_BUFG/O
                         net (fo=158, routed)         0.626     0.962    npu_system_i/dvi2rgb_0/U0/TMDS_ClockingX/RefClk
    SLICE_X113Y71        FDPE                                         r  npu_system_i/dvi2rgb_0/U0/TMDS_ClockingX/rMMCM_Reset_q_reg[1]/C
  -------------------------------------------------------------------    -------------------
    SLICE_X113Y71        FDPE (Prop_fdpe_C_Q)         0.128     1.090 r  npu_system_i/dvi2rgb_0/U0/TMDS_ClockingX/rMMCM_Reset_q_reg[1]/Q
                         net (fo=1, routed)           0.054     1.144    npu_system_i/dvi2rgb_0/U0/TMDS_ClockingX/rMMCM_Reset_q[1]
    SLICE_X113Y71        LUT2 (Prop_lut2_I1_O)        0.099     1.243 r  npu_system_i/dvi2rgb_0/U0/TMDS_ClockingX/rMMCM_Reset_q[0]_i_1/O
                         net (fo=1, routed)           0.000     1.243    npu_system_i/dvi2rgb_0/U0/TMDS_ClockingX/rMMCM_Reset_q[0]_i_1_n_0
    SLICE_X113Y71        FDPE                                         r  npu_system_i/dvi2rgb_0/U0/TMDS_ClockingX/rMMCM_Reset_q_reg[0]/D
  -------------------------------------------------------------------    -------------------

                         (clock clk_fpga_1 rise edge)
                                                      0.000     0.000 r  
    PS7_X0Y0             PS7                          0.000     0.000 r  npu_system_i/ps7/inst/PS7_i/FCLKCLK[1]
                         net (fo=1, routed)           0.337     0.337    npu_system_i/ps7/inst/FCLK_CLK_unbuffered[1]
    BUFGCTRL_X0Y17       BUFG (Prop_bufg_I_O)         0.029     0.366 r  npu_system_i/ps7/inst/buffer_fclk_clk_1.FCLK_CLK_1_BUFG/O
                         net (fo=158, routed)         0.896     1.262    npu_system_i/dvi2rgb_0/U0/TMDS_ClockingX/RefClk
    SLICE_X113Y71        FDPE                                         r  npu_system_i/dvi2rgb_0/U0/TMDS_ClockingX/rMMCM_Reset_q_reg[0]/C
                         clock pessimism             -0.300     0.962    
    SLICE_X113Y71        FDPE (Hold_fdpe_C_D)         0.091     1.053    npu_system_i/dvi2rgb_0/U0/TMDS_ClockingX/rMMCM_Reset_q_reg[0]
  -------------------------------------------------------------------
                         required time                         -1.053    
                         arrival time                           1.243    
  -------------------------------------------------------------------
                         slack                                  0.190    

Slack (MET) :             0.215ns  (arrival time - required time)
  Source:                 npu_system_i/dvi2rgb_0/U0/GenerateDDC.DDC_EEPROM/I2C_SlaveController/GlitchF_SDA/Filter.cntPeriods_reg[0]/C
                            (rising edge-triggered cell FDSE clocked by clk_fpga_1  {rise@0.000ns fall@2.500ns period=5.000ns})
  Destination:            npu_system_i/dvi2rgb_0/U0/GenerateDDC.DDC_EEPROM/I2C_SlaveController/GlitchF_SDA/Filter.sOut_reg/D
                            (rising edge-triggered cell FDRE clocked by clk_fpga_1  {rise@0.000ns fall@2.500ns period=5.000ns})
  Path Group:             clk_fpga_1
  Path Type:              Hold (Min at Fast Process Corner)
  Requirement:            0.000ns  (clk_fpga_1 rise@0.000ns - clk_fpga_1 rise@0.000ns)
  Data Path Delay:        0.351ns  (logic 0.186ns (53.028%)  route 0.165ns (46.972%))
  Logic Levels:           1  (LUT6=1)
  Clock Path Skew:        0.016ns (DCD - SCD - CPR)
    Destination Clock Delay (DCD):    1.358ns
    Source Clock Delay      (SCD):    1.054ns
    Clock Pessimism Removal (CPR):    0.288ns

    Location             Delay type                Incr(ns)  Path(ns)    Netlist Resource(s)
  -------------------------------------------------------------------    -------------------
                         (clock clk_fpga_1 rise edge)
                                                      0.000     0.000 r  
    PS7_X0Y0             PS7                          0.000     0.000 r  npu_system_i/ps7/inst/PS7_i/FCLKCLK[1]
                         net (fo=1, routed)           0.310     0.310    npu_system_i/ps7/inst/FCLK_CLK_unbuffered[1]
    BUFGCTRL_X0Y17       BUFG (Prop_bufg_I_O)         0.026     0.336 r  npu_system_i/ps7/inst/buffer_fclk_clk_1.FCLK_CLK_1_BUFG/O
                         net (fo=158, routed)         0.718     1.054    npu_system_i/dvi2rgb_0/U0/GenerateDDC.DDC_EEPROM/I2C_SlaveController/GlitchF_SDA/RefClk
    SLICE_X107Y147       FDSE                                         r  npu_system_i/dvi2rgb_0/U0/GenerateDDC.DDC_EEPROM/I2C_SlaveController/GlitchF_SDA/Filter.cntPeriods_reg[0]/C
  -------------------------------------------------------------------    -------------------
    SLICE_X107Y147       FDSE (Prop_fdse_C_Q)         0.141     1.195 r  npu_system_i/dvi2rgb_0/U0/GenerateDDC.DDC_EEPROM/I2C_SlaveController/GlitchF_SDA/Filter.cntPeriods_reg[0]/Q
                         net (fo=6, routed)           0.165     1.360    npu_system_i/dvi2rgb_0/U0/GenerateDDC.DDC_EEPROM/I2C_SlaveController/GlitchF_SDA/Filter.cntPeriods_reg[0]
    SLICE_X108Y148       LUT6 (Prop_lut6_I3_O)        0.045     1.405 r  npu_system_i/dvi2rgb_0/U0/GenerateDDC.DDC_EEPROM/I2C_SlaveController/GlitchF_SDA/Filter.sOut_i_1/O
                         net (fo=1, routed)           0.000     1.405    npu_system_i/dvi2rgb_0/U0/GenerateDDC.DDC_EEPROM/I2C_SlaveController/GlitchF_SDA/Filter.sOut_i_1_n_0
    SLICE_X108Y148       FDRE                                         r  npu_system_i/dvi2rgb_0/U0/GenerateDDC.DDC_EEPROM/I2C_SlaveController/GlitchF_SDA/Filter.sOut_reg/D
  -------------------------------------------------------------------    -------------------

                         (clock clk_fpga_1 rise edge)
                                                      0.000     0.000 r  
    PS7_X0Y0             PS7                          0.000     0.000 r  npu_system_i/ps7/inst/PS7_i/FCLKCLK[1]
                         net (fo=1, routed)           0.337     0.337    npu_system_i/ps7/inst/FCLK_CLK_unbuffered[1]
    BUFGCTRL_X0Y17       BUFG (Prop_bufg_I_O)         0.029     0.366 r  npu_system_i/ps7/inst/buffer_fclk_clk_1.FCLK_CLK_1_BUFG/O
                         net (fo=158, routed)         0.992     1.358    npu_system_i/dvi2rgb_0/U0/GenerateDDC.DDC_EEPROM/I2C_SlaveController/GlitchF_SDA/RefClk
    SLICE_X108Y148       FDRE                                         r  npu_system_i/dvi2rgb_0/U0/GenerateDDC.DDC_EEPROM/I2C_SlaveController/GlitchF_SDA/Filter.sOut_reg/C
                         clock pessimism             -0.288     1.070    
    SLICE_X108Y148       FDRE (Hold_fdre_C_D)         0.120     1.190    npu_system_i/dvi2rgb_0/U0/GenerateDDC.DDC_EEPROM/I2C_SlaveController/GlitchF_SDA/Filter.sOut_reg
  -------------------------------------------------------------------
                         required time                         -1.190    
                         arrival time                           1.405    
  -------------------------------------------------------------------
                         slack                                  0.215    

Slack (MET) :             0.218ns  (arrival time - required time)
  Source:                 npu_system_i/dvi2rgb_0/U0/GenerateDDC.DDC_EEPROM/sI2C_DataOut_reg[7]/C
                            (rising edge-triggered cell FDRE clocked by clk_fpga_1  {rise@0.000ns fall@2.500ns period=5.000ns})
  Destination:            npu_system_i/dvi2rgb_0/U0/GenerateDDC.DDC_EEPROM/I2C_SlaveController/dataByte_reg[7]/D
                            (rising edge-triggered cell FDRE clocked by clk_fpga_1  {rise@0.000ns fall@2.500ns period=5.000ns})
  Path Group:             clk_fpga_1
  Path Type:              Hold (Min at Fast Process Corner)
  Requirement:            0.000ns  (clk_fpga_1 rise@0.000ns - clk_fpga_1 rise@0.000ns)
  Data Path Delay:        0.323ns  (logic 0.186ns (57.594%)  route 0.137ns (42.406%))
  Logic Levels:           1  (LUT5=1)
  Clock Path Skew:        0.013ns (DCD - SCD - CPR)
    Destination Clock Delay (DCD):    1.360ns
    Source Clock Delay      (SCD):    1.054ns
    Clock Pessimism Removal (CPR):    0.293ns

    Location             Delay type                Incr(ns)  Path(ns)    Netlist Resource(s)
  -------------------------------------------------------------------    -------------------
                         (clock clk_fpga_1 rise edge)
                                                      0.000     0.000 r  
    PS7_X0Y0             PS7                          0.000     0.000 r  npu_system_i/ps7/inst/PS7_i/FCLKCLK[1]
                         net (fo=1, routed)           0.310     0.310    npu_system_i/ps7/inst/FCLK_CLK_unbuffered[1]
    BUFGCTRL_X0Y17       BUFG (Prop_bufg_I_O)         0.026     0.336 r  npu_system_i/ps7/inst/buffer_fclk_clk_1.FCLK_CLK_1_BUFG/O
                         net (fo=158, routed)         0.718     1.054    npu_system_i/dvi2rgb_0/U0/GenerateDDC.DDC_EEPROM/RefClk
    SLICE_X111Y145       FDRE                                         r  npu_system_i/dvi2rgb_0/U0/GenerateDDC.DDC_EEPROM/sI2C_DataOut_reg[7]/C
  -------------------------------------------------------------------    -------------------
    SLICE_X111Y145       FDRE (Prop_fdre_C_Q)         0.141     1.195 r  npu_system_i/dvi2rgb_0/U0/GenerateDDC.DDC_EEPROM/sI2C_DataOut_reg[7]/Q
                         net (fo=1, routed)           0.137     1.332    npu_system_i/dvi2rgb_0/U0/GenerateDDC.DDC_EEPROM/I2C_SlaveController/Q[7]
    SLICE_X110Y145       LUT5 (Prop_lut5_I0_O)        0.045     1.377 r  npu_system_i/dvi2rgb_0/U0/GenerateDDC.DDC_EEPROM/I2C_SlaveController/dataByte[7]_i_2/O
                         net (fo=1, routed)           0.000     1.377    npu_system_i/dvi2rgb_0/U0/GenerateDDC.DDC_EEPROM/I2C_SlaveController/p_1_in[7]
    SLICE_X110Y145       FDRE                                         r  npu_system_i/dvi2rgb_0/U0/GenerateDDC.DDC_EEPROM/I2C_SlaveController/dataByte_reg[7]/D
  -------------------------------------------------------------------    -------------------

                         (clock clk_fpga_1 rise edge)
                                                      0.000     0.000 r  
    PS7_X0Y0             PS7                          0.000     0.000 r  npu_system_i/ps7/inst/PS7_i/FCLKCLK[1]
                         net (fo=1, routed)           0.337     0.337    npu_system_i/ps7/inst/FCLK_CLK_unbuffered[1]
    BUFGCTRL_X0Y17       BUFG (Prop_bufg_I_O)         0.029     0.366 r  npu_system_i/ps7/inst/buffer_fclk_clk_1.FCLK_CLK_1_BUFG/O
                         net (fo=158, routed)         0.994     1.360    npu_system_i/dvi2rgb_0/U0/GenerateDDC.DDC_EEPROM/I2C_SlaveController/RefClk
    SLICE_X110Y145       FDRE                                         r  npu_system_i/dvi2rgb_0/U0/GenerateDDC.DDC_EEPROM/I2C_SlaveController/dataByte_reg[7]/C
                         clock pessimism             -0.293     1.067    
    SLICE_X110Y145       FDRE (Hold_fdre_C_D)         0.092     1.159    npu_system_i/dvi2rgb_0/U0/GenerateDDC.DDC_EEPROM/I2C_SlaveController/dataByte_reg[7]
  -------------------------------------------------------------------
                         required time                         -1.159    
                         arrival time                           1.377    
  -------------------------------------------------------------------
                         slack                                  0.218    

Slack (MET) :             0.219ns  (arrival time - required time)
  Source:                 npu_system_i/dvi2rgb_0/U0/TMDS_ClockingX/MMCM_LockSync/oSyncStages_reg[1]/C
                            (rising edge-triggered cell FDRE clocked by clk_fpga_1  {rise@0.000ns fall@2.500ns period=5.000ns})
  Destination:            npu_system_i/dvi2rgb_0/U0/TMDS_ClockingX/rMMCM_LckdRisingFlag_reg/D
                            (rising edge-triggered cell FDRE clocked by clk_fpga_1  {rise@0.000ns fall@2.500ns period=5.000ns})
  Path Group:             clk_fpga_1
  Path Type:              Hold (Min at Fast Process Corner)
  Requirement:            0.000ns  (clk_fpga_1 rise@0.000ns - clk_fpga_1 rise@0.000ns)
  Data Path Delay:        0.311ns  (logic 0.227ns (73.073%)  route 0.084ns (26.927%))
  Logic Levels:           1  (LUT2=1)
  Clock Path Skew:        0.000ns (DCD - SCD - CPR)
    Destination Clock Delay (DCD):    1.263ns
    Source Clock Delay      (SCD):    0.963ns
    Clock Pessimism Removal (CPR):    0.300ns

    Location             Delay type                Incr(ns)  Path(ns)    Netlist Resource(s)
  -------------------------------------------------------------------    -------------------
                         (clock clk_fpga_1 rise edge)
                                                      0.000     0.000 r  
    PS7_X0Y0             PS7                          0.000     0.000 r  npu_system_i/ps7/inst/PS7_i/FCLKCLK[1]
                         net (fo=1, routed)           0.310     0.310    npu_system_i/ps7/inst/FCLK_CLK_unbuffered[1]
    BUFGCTRL_X0Y17       BUFG (Prop_bufg_I_O)         0.026     0.336 r  npu_system_i/ps7/inst/buffer_fclk_clk_1.FCLK_CLK_1_BUFG/O
                         net (fo=158, routed)         0.627     0.963    npu_system_i/dvi2rgb_0/U0/TMDS_ClockingX/MMCM_LockSync/RefClk
    SLICE_X113Y70        FDRE                                         r  npu_system_i/dvi2rgb_0/U0/TMDS_ClockingX/MMCM_LockSync/oSyncStages_reg[1]/C
  -------------------------------------------------------------------    -------------------
    SLICE_X113Y70        FDRE (Prop_fdre_C_Q)         0.128     1.091 r  npu_system_i/dvi2rgb_0/U0/TMDS_ClockingX/MMCM_LockSync/oSyncStages_reg[1]/Q
                         net (fo=3, routed)           0.084     1.174    npu_system_i/dvi2rgb_0/U0/TMDS_ClockingX/MMCM_LockSync/oSyncStages[1]
    SLICE_X113Y70        LUT2 (Prop_lut2_I0_O)        0.099     1.273 r  npu_system_i/dvi2rgb_0/U0/TMDS_ClockingX/MMCM_LockSync/rMMCM_LckdRisingFlag_i_1/O
                         net (fo=1, routed)           0.000     1.273    npu_system_i/dvi2rgb_0/U0/TMDS_ClockingX/rMMCM_LckdRisingFlag0
    SLICE_X113Y70        FDRE                                         r  npu_system_i/dvi2rgb_0/U0/TMDS_ClockingX/rMMCM_LckdRisingFlag_reg/D
  -------------------------------------------------------------------    -------------------

                         (clock clk_fpga_1 rise edge)
                                                      0.000     0.000 r  
    PS7_X0Y0             PS7                          0.000     0.000 r  npu_system_i/ps7/inst/PS7_i/FCLKCLK[1]
                         net (fo=1, routed)           0.337     0.337    npu_system_i/ps7/inst/FCLK_CLK_unbuffered[1]
    BUFGCTRL_X0Y17       BUFG (Prop_bufg_I_O)         0.029     0.366 r  npu_system_i/ps7/inst/buffer_fclk_clk_1.FCLK_CLK_1_BUFG/O
                         net (fo=158, routed)         0.897     1.263    npu_system_i/dvi2rgb_0/U0/TMDS_ClockingX/RefClk
    SLICE_X113Y70        FDRE                                         r  npu_system_i/dvi2rgb_0/U0/TMDS_ClockingX/rMMCM_LckdRisingFlag_reg/C
                         clock pessimism             -0.300     0.963    
    SLICE_X113Y70        FDRE (Hold_fdre_C_D)         0.092     1.055    npu_system_i/dvi2rgb_0/U0/TMDS_ClockingX/rMMCM_LckdRisingFlag_reg
  -------------------------------------------------------------------
                         required time                         -1.055    
                         arrival time                           1.273    
  -------------------------------------------------------------------
                         slack                                  0.219    

Slack (MET) :             0.232ns  (arrival time - required time)
  Source:                 npu_system_i/dvi2rgb_0/U0/GenerateDDC.DDC_EEPROM/I2C_SlaveController/bitCount_reg[1]/C
                            (rising edge-triggered cell FDRE clocked by clk_fpga_1  {rise@0.000ns fall@2.500ns period=5.000ns})
  Destination:            npu_system_i/dvi2rgb_0/U0/GenerateDDC.DDC_EEPROM/I2C_SlaveController/bitCount_reg[2]/D
                            (rising edge-triggered cell FDRE clocked by clk_fpga_1  {rise@0.000ns fall@2.500ns period=5.000ns})
  Path Group:             clk_fpga_1
  Path Type:              Hold (Min at Fast Process Corner)
  Requirement:            0.000ns  (clk_fpga_1 rise@0.000ns - clk_fpga_1 rise@0.000ns)
  Data Path Delay:        0.337ns  (logic 0.186ns (55.178%)  route 0.151ns (44.822%))
  Logic Levels:           1  (LUT6=1)
  Clock Path Skew:        0.013ns (DCD - SCD - CPR)
    Destination Clock Delay (DCD):    1.361ns
    Source Clock Delay      (SCD):    1.055ns
    Clock Pessimism Removal (CPR):    0.293ns

    Location             Delay type                Incr(ns)  Path(ns)    Netlist Resource(s)
  -------------------------------------------------------------------    -------------------
                         (clock clk_fpga_1 rise edge)
                                                      0.000     0.000 r  
    PS7_X0Y0             PS7                          0.000     0.000 r  npu_system_i/ps7/inst/PS7_i/FCLKCLK[1]
                         net (fo=1, routed)           0.310     0.310    npu_system_i/ps7/inst/FCLK_CLK_unbuffered[1]
    BUFGCTRL_X0Y17       BUFG (Prop_bufg_I_O)         0.026     0.336 r  npu_system_i/ps7/inst/buffer_fclk_clk_1.FCLK_CLK_1_BUFG/O
                         net (fo=158, routed)         0.719     1.055    npu_system_i/dvi2rgb_0/U0/GenerateDDC.DDC_EEPROM/I2C_SlaveController/RefClk
    SLICE_X110Y149       FDRE                                         r  npu_system_i/dvi2rgb_0/U0/GenerateDDC.DDC_EEPROM/I2C_SlaveController/bitCount_reg[1]/C
  -------------------------------------------------------------------    -------------------
    SLICE_X110Y149       FDRE (Prop_fdre_C_Q)         0.141     1.196 r  npu_system_i/dvi2rgb_0/U0/GenerateDDC.DDC_EEPROM/I2C_SlaveController/bitCount_reg[1]/Q
                         net (fo=5, routed)           0.151     1.347    npu_system_i/dvi2rgb_0/U0/GenerateDDC.DDC_EEPROM/I2C_SlaveController/bitCount_reg[1]
    SLICE_X111Y149       LUT6 (Prop_lut6_I2_O)        0.045     1.392 r  npu_system_i/dvi2rgb_0/U0/GenerateDDC.DDC_EEPROM/I2C_SlaveController/bitCount[2]_i_1/O
                         net (fo=1, routed)           0.000     1.392    npu_system_i/dvi2rgb_0/U0/GenerateDDC.DDC_EEPROM/I2C_SlaveController/bitCount[2]_i_1_n_0
    SLICE_X111Y149       FDRE                                         r  npu_system_i/dvi2rgb_0/U0/GenerateDDC.DDC_EEPROM/I2C_SlaveController/bitCount_reg[2]/D
  -------------------------------------------------------------------    -------------------

                         (clock clk_fpga_1 rise edge)
                                                      0.000     0.000 r  
    PS7_X0Y0             PS7                          0.000     0.000 r  npu_system_i/ps7/inst/PS7_i/FCLKCLK[1]
                         net (fo=1, routed)           0.337     0.337    npu_system_i/ps7/inst/FCLK_CLK_unbuffered[1]
    BUFGCTRL_X0Y17       BUFG (Prop_bufg_I_O)         0.029     0.366 r  npu_system_i/ps7/inst/buffer_fclk_clk_1.FCLK_CLK_1_BUFG/O
                         net (fo=158, routed)         0.995     1.361    npu_system_i/dvi2rgb_0/U0/GenerateDDC.DDC_EEPROM/I2C_SlaveController/RefClk
    SLICE_X111Y149       FDRE                                         r  npu_system_i/dvi2rgb_0/U0/GenerateDDC.DDC_EEPROM/I2C_SlaveController/bitCount_reg[2]/C
                         clock pessimism             -0.293     1.068    
    SLICE_X111Y149       FDRE (Hold_fdre_C_D)         0.092     1.160    npu_system_i/dvi2rgb_0/U0/GenerateDDC.DDC_EEPROM/I2C_SlaveController/bitCount_reg[2]
  -------------------------------------------------------------------
                         required time                         -1.160    
                         arrival time                           1.392    
  -------------------------------------------------------------------
                         slack                                  0.232    

Slack (MET) :             0.232ns  (arrival time - required time)
  Source:                 npu_system_i/dvi2rgb_0/U0/TMDS_ClockingX/rMMCM_LckdFallingFlag_reg/C
                            (rising edge-triggered cell FDRE clocked by clk_fpga_1  {rise@0.000ns fall@2.500ns period=5.000ns})
  Destination:            npu_system_i/dvi2rgb_0/U0/TMDS_ClockingX/rMMCM_Reset_q_reg[1]/D
                            (rising edge-triggered cell FDPE clocked by clk_fpga_1  {rise@0.000ns fall@2.500ns period=5.000ns})
  Path Group:             clk_fpga_1
  Path Type:              Hold (Min at Fast Process Corner)
  Requirement:            0.000ns  (clk_fpga_1 rise@0.000ns - clk_fpga_1 rise@0.000ns)
  Data Path Delay:        0.320ns  (logic 0.141ns (44.020%)  route 0.179ns (55.980%))
  Logic Levels:           0  
  Clock Path Skew:        0.013ns (DCD - SCD - CPR)
    Destination Clock Delay (DCD):    1.262ns
    Source Clock Delay      (SCD):    0.963ns
    Clock Pessimism Removal (CPR):    0.286ns

    Location             Delay type                Incr(ns)  Path(ns)    Netlist Resource(s)
  -------------------------------------------------------------------    -------------------
                         (clock clk_fpga_1 rise edge)
                                                      0.000     0.000 r  
    PS7_X0Y0             PS7                          0.000     0.000 r  npu_system_i/ps7/inst/PS7_i/FCLKCLK[1]
                         net (fo=1, routed)           0.310     0.310    npu_system_i/ps7/inst/FCLK_CLK_unbuffered[1]
    BUFGCTRL_X0Y17       BUFG (Prop_bufg_I_O)         0.026     0.336 r  npu_system_i/ps7/inst/buffer_fclk_clk_1.FCLK_CLK_1_BUFG/O
                         net (fo=158, routed)         0.627     0.963    npu_system_i/dvi2rgb_0/U0/TMDS_ClockingX/RefClk
    SLICE_X113Y70        FDRE                                         r  npu_system_i/dvi2rgb_0/U0/TMDS_ClockingX/rMMCM_LckdFallingFlag_reg/C
  -------------------------------------------------------------------    -------------------
    SLICE_X113Y70        FDRE (Prop_fdre_C_Q)         0.141     1.104 r  npu_system_i/dvi2rgb_0/U0/TMDS_ClockingX/rMMCM_LckdFallingFlag_reg/Q
                         net (fo=2, routed)           0.179     1.283    npu_system_i/dvi2rgb_0/U0/TMDS_ClockingX/rMMCM_LckdFallingFlag
    SLICE_X113Y71        FDPE                                         r  npu_system_i/dvi2rgb_0/U0/TMDS_ClockingX/rMMCM_Reset_q_reg[1]/D
  -------------------------------------------------------------------    -------------------

                         (clock clk_fpga_1 rise edge)
                                                      0.000     0.000 r  
    PS7_X0Y0             PS7                          0.000     0.000 r  npu_system_i/ps7/inst/PS7_i/FCLKCLK[1]
                         net (fo=1, routed)           0.337     0.337    npu_system_i/ps7/inst/FCLK_CLK_unbuffered[1]
    BUFGCTRL_X0Y17       BUFG (Prop_bufg_I_O)         0.029     0.366 r  npu_system_i/ps7/inst/buffer_fclk_clk_1.FCLK_CLK_1_BUFG/O
                         net (fo=158, routed)         0.896     1.262    npu_system_i/dvi2rgb_0/U0/TMDS_ClockingX/RefClk
    SLICE_X113Y71        FDPE                                         r  npu_system_i/dvi2rgb_0/U0/TMDS_ClockingX/rMMCM_Reset_q_reg[1]/C
                         clock pessimism             -0.286     0.976    
    SLICE_X113Y71        FDPE (Hold_fdpe_C_D)         0.075     1.051    npu_system_i/dvi2rgb_0/U0/TMDS_ClockingX/rMMCM_Reset_q_reg[1]
  -------------------------------------------------------------------
                         required time                         -1.051    
                         arrival time                           1.283    
  -------------------------------------------------------------------
                         slack                                  0.232    

Slack (MET) :             0.244ns  (arrival time - required time)
  Source:                 npu_system_i/dvi2rgb_0/U0/GenerateDDC.DDC_EEPROM/I2C_SlaveController/dataByte_reg[7]/C
                            (rising edge-triggered cell FDRE clocked by clk_fpga_1  {rise@0.000ns fall@2.500ns period=5.000ns})
  Destination:            npu_system_i/dvi2rgb_0/U0/GenerateDDC.DDC_EEPROM/sAddr_reg[7]/D
                            (rising edge-triggered cell FDRE clocked by clk_fpga_1  {rise@0.000ns fall@2.500ns period=5.000ns})
  Path Group:             clk_fpga_1
  Path Type:              Hold (Min at Fast Process Corner)
  Requirement:            0.000ns  (clk_fpga_1 rise@0.000ns - clk_fpga_1 rise@0.000ns)
  Data Path Delay:        0.381ns  (logic 0.186ns (48.810%)  route 0.195ns (51.190%))
  Logic Levels:           1  (LUT5=1)
  Clock Path Skew:        0.017ns (DCD - SCD - CPR)
    Destination Clock Delay (DCD):    1.361ns
    Source Clock Delay      (SCD):    1.054ns
    Clock Pessimism Removal (CPR):    0.290ns

    Location             Delay type                Incr(ns)  Path(ns)    Netlist Resource(s)
  -------------------------------------------------------------------    -------------------
                         (clock clk_fpga_1 rise edge)
                                                      0.000     0.000 r  
    PS7_X0Y0             PS7                          0.000     0.000 r  npu_system_i/ps7/inst/PS7_i/FCLKCLK[1]
                         net (fo=1, routed)           0.310     0.310    npu_system_i/ps7/inst/FCLK_CLK_unbuffered[1]
    BUFGCTRL_X0Y17       BUFG (Prop_bufg_I_O)         0.026     0.336 r  npu_system_i/ps7/inst/buffer_fclk_clk_1.FCLK_CLK_1_BUFG/O
                         net (fo=158, routed)         0.718     1.054    npu_system_i/dvi2rgb_0/U0/GenerateDDC.DDC_EEPROM/I2C_SlaveController/RefClk
    SLICE_X110Y145       FDRE                                         r  npu_system_i/dvi2rgb_0/U0/GenerateDDC.DDC_EEPROM/I2C_SlaveController/dataByte_reg[7]/C
  -------------------------------------------------------------------    -------------------
    SLICE_X110Y145       FDRE (Prop_fdre_C_Q)         0.141     1.195 r  npu_system_i/dvi2rgb_0/U0/GenerateDDC.DDC_EEPROM/I2C_SlaveController/dataByte_reg[7]/Q
                         net (fo=2, routed)           0.195     1.390    npu_system_i/dvi2rgb_0/U0/GenerateDDC.DDC_EEPROM/I2C_SlaveController/sI2C_DataIn[7]
    SLICE_X112Y147       LUT5 (Prop_lut5_I3_O)        0.045     1.435 r  npu_system_i/dvi2rgb_0/U0/GenerateDDC.DDC_EEPROM/I2C_SlaveController/sAddr[7]_i_2/O
                         net (fo=1, routed)           0.000     1.435    npu_system_i/dvi2rgb_0/U0/GenerateDDC.DDC_EEPROM/sAddr__0[7]
    SLICE_X112Y147       FDRE                                         r  npu_system_i/dvi2rgb_0/U0/GenerateDDC.DDC_EEPROM/sAddr_reg[7]/D
  -------------------------------------------------------------------    -------------------

                         (clock clk_fpga_1 rise edge)
                                                      0.000     0.000 r  
    PS7_X0Y0             PS7                          0.000     0.000 r  npu_system_i/ps7/inst/PS7_i/FCLKCLK[1]
                         net (fo=1, routed)           0.337     0.337    npu_system_i/ps7/inst/FCLK_CLK_unbuffered[1]
    BUFGCTRL_X0Y17       BUFG (Prop_bufg_I_O)         0.029     0.366 r  npu_system_i/ps7/inst/buffer_fclk_clk_1.FCLK_CLK_1_BUFG/O
                         net (fo=158, routed)         0.995     1.361    npu_system_i/dvi2rgb_0/U0/GenerateDDC.DDC_EEPROM/RefClk
    SLICE_X112Y147       FDRE                                         r  npu_system_i/dvi2rgb_0/U0/GenerateDDC.DDC_EEPROM/sAddr_reg[7]/C
                         clock pessimism             -0.290     1.071    
    SLICE_X112Y147       FDRE (Hold_fdre_C_D)         0.120     1.191    npu_system_i/dvi2rgb_0/U0/GenerateDDC.DDC_EEPROM/sAddr_reg[7]
  -------------------------------------------------------------------
                         required time                         -1.191    
                         arrival time                           1.435    
  -------------------------------------------------------------------
                         slack                                  0.244    

Slack (MET) :             0.247ns  (arrival time - required time)
  Source:                 npu_system_i/dvi2rgb_0/U0/GenerateDDC.DDC_EEPROM/I2C_SlaveController/bitCount_reg[0]/C
                            (rising edge-triggered cell FDRE clocked by clk_fpga_1  {rise@0.000ns fall@2.500ns period=5.000ns})
  Destination:            npu_system_i/dvi2rgb_0/U0/GenerateDDC.DDC_EEPROM/I2C_SlaveController/bitCount_reg[1]/D
                            (rising edge-triggered cell FDRE clocked by clk_fpga_1  {rise@0.000ns fall@2.500ns period=5.000ns})
  Path Group:             clk_fpga_1
  Path Type:              Hold (Min at Fast Process Corner)
  Requirement:            0.000ns  (clk_fpga_1 rise@0.000ns - clk_fpga_1 rise@0.000ns)
  Data Path Delay:        0.339ns  (logic 0.186ns (54.823%)  route 0.153ns (45.177%))
  Logic Levels:           1  (LUT6=1)
  Clock Path Skew:        0.000ns (DCD - SCD - CPR)
    Destination Clock Delay (DCD):    1.361ns
    Source Clock Delay      (SCD):    1.055ns
    Clock Pessimism Removal (CPR):    0.306ns

    Location             Delay type                Incr(ns)  Path(ns)    Netlist Resource(s)
  -------------------------------------------------------------------    -------------------
                         (clock clk_fpga_1 rise edge)
                                                      0.000     0.000 r  
    PS7_X0Y0             PS7                          0.000     0.000 r  npu_system_i/ps7/inst/PS7_i/FCLKCLK[1]
                         net (fo=1, routed)           0.310     0.310    npu_system_i/ps7/inst/FCLK_CLK_unbuffered[1]
    BUFGCTRL_X0Y17       BUFG (Prop_bufg_I_O)         0.026     0.336 r  npu_system_i/ps7/inst/buffer_fclk_clk_1.FCLK_CLK_1_BUFG/O
                         net (fo=158, routed)         0.719     1.055    npu_system_i/dvi2rgb_0/U0/GenerateDDC.DDC_EEPROM/I2C_SlaveController/RefClk
    SLICE_X110Y149       FDRE                                         r  npu_system_i/dvi2rgb_0/U0/GenerateDDC.DDC_EEPROM/I2C_SlaveController/bitCount_reg[0]/C
  -------------------------------------------------------------------    -------------------
    SLICE_X110Y149       FDRE (Prop_fdre_C_Q)         0.141     1.196 r  npu_system_i/dvi2rgb_0/U0/GenerateDDC.DDC_EEPROM/I2C_SlaveController/bitCount_reg[0]/Q
                         net (fo=6, routed)           0.153     1.349    npu_system_i/dvi2rgb_0/U0/GenerateDDC.DDC_EEPROM/I2C_SlaveController/bitCount_reg[0]
    SLICE_X110Y149       LUT6 (Prop_lut6_I2_O)        0.045     1.394 r  npu_system_i/dvi2rgb_0/U0/GenerateDDC.DDC_EEPROM/I2C_SlaveController/bitCount[1]_i_1/O
                         net (fo=1, routed)           0.000     1.394    npu_system_i/dvi2rgb_0/U0/GenerateDDC.DDC_EEPROM/I2C_SlaveController/bitCount[1]_i_1_n_0
    SLICE_X110Y149       FDRE                                         r  npu_system_i/dvi2rgb_0/U0/GenerateDDC.DDC_EEPROM/I2C_SlaveController/bitCount_reg[1]/D
  -------------------------------------------------------------------    -------------------

                         (clock clk_fpga_1 rise edge)
                                                      0.000     0.000 r  
    PS7_X0Y0             PS7                          0.000     0.000 r  npu_system_i/ps7/inst/PS7_i/FCLKCLK[1]
                         net (fo=1, routed)           0.337     0.337    npu_system_i/ps7/inst/FCLK_CLK_unbuffered[1]
    BUFGCTRL_X0Y17       BUFG (Prop_bufg_I_O)         0.029     0.366 r  npu_system_i/ps7/inst/buffer_fclk_clk_1.FCLK_CLK_1_BUFG/O
                         net (fo=158, routed)         0.995     1.361    npu_system_i/dvi2rgb_0/U0/GenerateDDC.DDC_EEPROM/I2C_SlaveController/RefClk
    SLICE_X110Y149       FDRE                                         r  npu_system_i/dvi2rgb_0/U0/GenerateDDC.DDC_EEPROM/I2C_SlaveController/bitCount_reg[1]/C
                         clock pessimism             -0.306     1.055    
    SLICE_X110Y149       FDRE (Hold_fdre_C_D)         0.092     1.147    npu_system_i/dvi2rgb_0/U0/GenerateDDC.DDC_EEPROM/I2C_SlaveController/bitCount_reg[1]
  -------------------------------------------------------------------
                         required time                         -1.147    
                         arrival time                           1.394    
  -------------------------------------------------------------------
                         slack                                  0.247    

Slack (MET) :             0.248ns  (arrival time - required time)
  Source:                 npu_system_i/dvi2rgb_0/U0/GenerateDDC.DDC_EEPROM/I2C_SlaveController/bitCount_reg[0]/C
                            (rising edge-triggered cell FDRE clocked by clk_fpga_1  {rise@0.000ns fall@2.500ns period=5.000ns})
  Destination:            npu_system_i/dvi2rgb_0/U0/GenerateDDC.DDC_EEPROM/I2C_SlaveController/bitCount_reg[0]/D
                            (rising edge-triggered cell FDRE clocked by clk_fpga_1  {rise@0.000ns fall@2.500ns period=5.000ns})
  Path Group:             clk_fpga_1
  Path Type:              Hold (Min at Fast Process Corner)
  Requirement:            0.000ns  (clk_fpga_1 rise@0.000ns - clk_fpga_1 rise@0.000ns)
  Data Path Delay:        0.340ns  (logic 0.186ns (54.637%)  route 0.154ns (45.363%))
  Logic Levels:           1  (LUT5=1)
  Clock Path Skew:        0.000ns (DCD - SCD - CPR)
    Destination Clock Delay (DCD):    1.361ns
    Source Clock Delay      (SCD):    1.055ns
    Clock Pessimism Removal (CPR):    0.306ns

    Location             Delay type                Incr(ns)  Path(ns)    Netlist Resource(s)
  -------------------------------------------------------------------    -------------------
                         (clock clk_fpga_1 rise edge)
                                                      0.000     0.000 r  
    PS7_X0Y0             PS7                          0.000     0.000 r  npu_system_i/ps7/inst/PS7_i/FCLKCLK[1]
                         net (fo=1, routed)           0.310     0.310    npu_system_i/ps7/inst/FCLK_CLK_unbuffered[1]
    BUFGCTRL_X0Y17       BUFG (Prop_bufg_I_O)         0.026     0.336 r  npu_system_i/ps7/inst/buffer_fclk_clk_1.FCLK_CLK_1_BUFG/O
                         net (fo=158, routed)         0.719     1.055    npu_system_i/dvi2rgb_0/U0/GenerateDDC.DDC_EEPROM/I2C_SlaveController/RefClk
    SLICE_X110Y149       FDRE                                         r  npu_system_i/dvi2rgb_0/U0/GenerateDDC.DDC_EEPROM/I2C_SlaveController/bitCount_reg[0]/C
  -------------------------------------------------------------------    -------------------
    SLICE_X110Y149       FDRE (Prop_fdre_C_Q)         0.141     1.196 r  npu_system_i/dvi2rgb_0/U0/GenerateDDC.DDC_EEPROM/I2C_SlaveController/bitCount_reg[0]/Q
                         net (fo=6, routed)           0.154     1.350    npu_system_i/dvi2rgb_0/U0/GenerateDDC.DDC_EEPROM/I2C_SlaveController/bitCount_reg[0]
    SLICE_X110Y149       LUT5 (Prop_lut5_I0_O)        0.045     1.395 r  npu_system_i/dvi2rgb_0/U0/GenerateDDC.DDC_EEPROM/I2C_SlaveController/bitCount[0]_i_1/O
                         net (fo=1, routed)           0.000     1.395    npu_system_i/dvi2rgb_0/U0/GenerateDDC.DDC_EEPROM/I2C_SlaveController/bitCount[0]_i_1_n_0
    SLICE_X110Y149       FDRE                                         r  npu_system_i/dvi2rgb_0/U0/GenerateDDC.DDC_EEPROM/I2C_SlaveController/bitCount_reg[0]/D
  -------------------------------------------------------------------    -------------------

                         (clock clk_fpga_1 rise edge)
                                                      0.000     0.000 r  
    PS7_X0Y0             PS7                          0.000     0.000 r  npu_system_i/ps7/inst/PS7_i/FCLKCLK[1]
                         net (fo=1, routed)           0.337     0.337    npu_system_i/ps7/inst/FCLK_CLK_unbuffered[1]
    BUFGCTRL_X0Y17       BUFG (Prop_bufg_I_O)         0.029     0.366 r  npu_system_i/ps7/inst/buffer_fclk_clk_1.FCLK_CLK_1_BUFG/O
                         net (fo=158, routed)         0.995     1.361    npu_system_i/dvi2rgb_0/U0/GenerateDDC.DDC_EEPROM/I2C_SlaveController/RefClk
    SLICE_X110Y149       FDRE                                         r  npu_system_i/dvi2rgb_0/U0/GenerateDDC.DDC_EEPROM/I2C_SlaveController/bitCount_reg[0]/C
                         clock pessimism             -0.306     1.055    
    SLICE_X110Y149       FDRE (Hold_fdre_C_D)         0.092     1.147    npu_system_i/dvi2rgb_0/U0/GenerateDDC.DDC_EEPROM/I2C_SlaveController/bitCount_reg[0]
  -------------------------------------------------------------------
                         required time                         -1.147    
                         arrival time                           1.395    
  -------------------------------------------------------------------
                         slack                                  0.248    

Slack (MET) :             0.250ns  (arrival time - required time)
  Source:                 npu_system_i/dvi2rgb_0/U0/DataDecoders[1].DecoderX/SyncBaseRst/SyncAsyncx/oSyncStages_reg[0]/C
                            (rising edge-triggered cell FDPE clocked by clk_fpga_1  {rise@0.000ns fall@2.500ns period=5.000ns})
  Destination:            npu_system_i/dvi2rgb_0/U0/DataDecoders[1].DecoderX/SyncBaseRst/SyncAsyncx/oSyncStages_reg[1]/D
                            (rising edge-triggered cell FDPE clocked by clk_fpga_1  {rise@0.000ns fall@2.500ns period=5.000ns})
  Path Group:             clk_fpga_1
  Path Type:              Hold (Min at Fast Process Corner)
  Requirement:            0.000ns  (clk_fpga_1 rise@0.000ns - clk_fpga_1 rise@0.000ns)
  Data Path Delay:        0.325ns  (logic 0.141ns (43.369%)  route 0.184ns (56.631%))
  Logic Levels:           0  
  Clock Path Skew:        0.000ns (DCD - SCD - CPR)
    Destination Clock Delay (DCD):    1.263ns
    Source Clock Delay      (SCD):    0.965ns
    Clock Pessimism Removal (CPR):    0.298ns

    Location             Delay type                Incr(ns)  Path(ns)    Netlist Resource(s)
  -------------------------------------------------------------------    -------------------
                         (clock clk_fpga_1 rise edge)
                                                      0.000     0.000 r  
    PS7_X0Y0             PS7                          0.000     0.000 r  npu_system_i/ps7/inst/PS7_i/FCLKCLK[1]
                         net (fo=1, routed)           0.310     0.310    npu_system_i/ps7/inst/FCLK_CLK_unbuffered[1]
    BUFGCTRL_X0Y17       BUFG (Prop_bufg_I_O)         0.026     0.336 r  npu_system_i/ps7/inst/buffer_fclk_clk_1.FCLK_CLK_1_BUFG/O
                         net (fo=158, routed)         0.629     0.965    npu_system_i/dvi2rgb_0/U0/DataDecoders[1].DecoderX/SyncBaseRst/SyncAsyncx/RefClk
    SLICE_X106Y67        FDPE                                         r  npu_system_i/dvi2rgb_0/U0/DataDecoders[1].DecoderX/SyncBaseRst/SyncAsyncx/oSyncStages_reg[0]/C
  -------------------------------------------------------------------    -------------------
    SLICE_X106Y67        FDPE (Prop_fdpe_C_Q)         0.141     1.106 r  npu_system_i/dvi2rgb_0/U0/DataDecoders[1].DecoderX/SyncBaseRst/SyncAsyncx/oSyncStages_reg[0]/Q
                         net (fo=1, routed)           0.184     1.290    npu_system_i/dvi2rgb_0/U0/DataDecoders[1].DecoderX/SyncBaseRst/SyncAsyncx/oSyncStages[0]
    SLICE_X106Y67        FDPE                                         r  npu_system_i/dvi2rgb_0/U0/DataDecoders[1].DecoderX/SyncBaseRst/SyncAsyncx/oSyncStages_reg[1]/D
  -------------------------------------------------------------------    -------------------

                         (clock clk_fpga_1 rise edge)
                                                      0.000     0.000 r  
    PS7_X0Y0             PS7                          0.000     0.000 r  npu_system_i/ps7/inst/PS7_i/FCLKCLK[1]
                         net (fo=1, routed)           0.337     0.337    npu_system_i/ps7/inst/FCLK_CLK_unbuffered[1]
    BUFGCTRL_X0Y17       BUFG (Prop_bufg_I_O)         0.029     0.366 r  npu_system_i/ps7/inst/buffer_fclk_clk_1.FCLK_CLK_1_BUFG/O
                         net (fo=158, routed)         0.897     1.263    npu_system_i/dvi2rgb_0/U0/DataDecoders[1].DecoderX/SyncBaseRst/SyncAsyncx/RefClk
    SLICE_X106Y67        FDPE                                         r  npu_system_i/dvi2rgb_0/U0/DataDecoders[1].DecoderX/SyncBaseRst/SyncAsyncx/oSyncStages_reg[1]/C
                         clock pessimism             -0.298     0.965    
    SLICE_X106Y67        FDPE (Hold_fdpe_C_D)         0.075     1.040    npu_system_i/dvi2rgb_0/U0/DataDecoders[1].DecoderX/SyncBaseRst/SyncAsyncx/oSyncStages_reg[1]
  -------------------------------------------------------------------
                         required time                         -1.040    
                         arrival time                           1.290    
  -------------------------------------------------------------------
                         slack                                  0.250    

Slack (MET) :             0.252ns  (arrival time - required time)
  Source:                 npu_system_i/dvi2rgb_0/U0/GenerateDDC.DDC_EEPROM/I2C_SlaveController/FSM_gray_state_reg[2]/C
                            (rising edge-triggered cell FDRE clocked by clk_fpga_1  {rise@0.000ns fall@2.500ns period=5.000ns})
  Destination:            npu_system_i/dvi2rgb_0/U0/GenerateDDC.DDC_EEPROM/I2C_SlaveController/END_O_reg/D
                            (rising edge-triggered cell FDRE clocked by clk_fpga_1  {rise@0.000ns fall@2.500ns period=5.000ns})
  Path Group:             clk_fpga_1
  Path Type:              Hold (Min at Fast Process Corner)
  Requirement:            0.000ns  (clk_fpga_1 rise@0.000ns - clk_fpga_1 rise@0.000ns)
  Data Path Delay:        0.356ns  (logic 0.209ns (58.628%)  route 0.147ns (41.372%))
  Logic Levels:           1  (LUT6=1)
  Clock Path Skew:        0.013ns (DCD - SCD - CPR)
    Destination Clock Delay (DCD):    1.361ns
    Source Clock Delay      (SCD):    1.055ns
    Clock Pessimism Removal (CPR):    0.293ns

    Location             Delay type                Incr(ns)  Path(ns)    Netlist Resource(s)
  -------------------------------------------------------------------    -------------------
                         (clock clk_fpga_1 rise edge)
                                                      0.000     0.000 r  
    PS7_X0Y0             PS7                          0.000     0.000 r  npu_system_i/ps7/inst/PS7_i/FCLKCLK[1]
                         net (fo=1, routed)           0.310     0.310    npu_system_i/ps7/inst/FCLK_CLK_unbuffered[1]
    BUFGCTRL_X0Y17       BUFG (Prop_bufg_I_O)         0.026     0.336 r  npu_system_i/ps7/inst/buffer_fclk_clk_1.FCLK_CLK_1_BUFG/O
                         net (fo=158, routed)         0.719     1.055    npu_system_i/dvi2rgb_0/U0/GenerateDDC.DDC_EEPROM/I2C_SlaveController/RefClk
    SLICE_X112Y148       FDRE                                         r  npu_system_i/dvi2rgb_0/U0/GenerateDDC.DDC_EEPROM/I2C_SlaveController/FSM_gray_state_reg[2]/C
  -------------------------------------------------------------------    -------------------
    SLICE_X112Y148       FDRE (Prop_fdre_C_Q)         0.164     1.219 f  npu_system_i/dvi2rgb_0/U0/GenerateDDC.DDC_EEPROM/I2C_SlaveController/FSM_gray_state_reg[2]/Q
                         net (fo=21, routed)          0.147     1.366    npu_system_i/dvi2rgb_0/U0/GenerateDDC.DDC_EEPROM/I2C_SlaveController/state[2]
    SLICE_X113Y148       LUT6 (Prop_lut6_I3_O)        0.045     1.411 r  npu_system_i/dvi2rgb_0/U0/GenerateDDC.DDC_EEPROM/I2C_SlaveController/END_O_i_1/O
                         net (fo=1, routed)           0.000     1.411    npu_system_i/dvi2rgb_0/U0/GenerateDDC.DDC_EEPROM/I2C_SlaveController/iEnd
    SLICE_X113Y148       FDRE                                         r  npu_system_i/dvi2rgb_0/U0/GenerateDDC.DDC_EEPROM/I2C_SlaveController/END_O_reg/D
  -------------------------------------------------------------------    -------------------

                         (clock clk_fpga_1 rise edge)
                                                      0.000     0.000 r  
    PS7_X0Y0             PS7                          0.000     0.000 r  npu_system_i/ps7/inst/PS7_i/FCLKCLK[1]
                         net (fo=1, routed)           0.337     0.337    npu_system_i/ps7/inst/FCLK_CLK_unbuffered[1]
    BUFGCTRL_X0Y17       BUFG (Prop_bufg_I_O)         0.029     0.366 r  npu_system_i/ps7/inst/buffer_fclk_clk_1.FCLK_CLK_1_BUFG/O
                         net (fo=158, routed)         0.995     1.361    npu_system_i/dvi2rgb_0/U0/GenerateDDC.DDC_EEPROM/I2C_SlaveController/RefClk
    SLICE_X113Y148       FDRE                                         r  npu_system_i/dvi2rgb_0/U0/GenerateDDC.DDC_EEPROM/I2C_SlaveController/END_O_reg/C
                         clock pessimism             -0.293     1.068    
    SLICE_X113Y148       FDRE (Hold_fdre_C_D)         0.091     1.159    npu_system_i/dvi2rgb_0/U0/GenerateDDC.DDC_EEPROM/I2C_SlaveController/END_O_reg
  -------------------------------------------------------------------
                         required time                         -1.159    
                         arrival time                           1.411    
  -------------------------------------------------------------------
                         slack                                  0.252    

Slack (MET) :             0.258ns  (arrival time - required time)
  Source:                 npu_system_i/dvi2rgb_0/U0/GenerateDDC.DDC_EEPROM/sI2C_DataOut_reg[2]/C
                            (rising edge-triggered cell FDRE clocked by clk_fpga_1  {rise@0.000ns fall@2.500ns period=5.000ns})
  Destination:            npu_system_i/dvi2rgb_0/U0/GenerateDDC.DDC_EEPROM/I2C_SlaveController/dataByte_reg[2]/D
                            (rising edge-triggered cell FDRE clocked by clk_fpga_1  {rise@0.000ns fall@2.500ns period=5.000ns})
  Path Group:             clk_fpga_1
  Path Type:              Hold (Min at Fast Process Corner)
  Requirement:            0.000ns  (clk_fpga_1 rise@0.000ns - clk_fpga_1 rise@0.000ns)
  Data Path Delay:        0.365ns  (logic 0.186ns (50.935%)  route 0.179ns (49.065%))
  Logic Levels:           1  (LUT5=1)
  Clock Path Skew:        0.016ns (DCD - SCD - CPR)
    Destination Clock Delay (DCD):    1.361ns
    Source Clock Delay      (SCD):    1.055ns
    Clock Pessimism Removal (CPR):    0.290ns

    Location             Delay type                Incr(ns)  Path(ns)    Netlist Resource(s)
  -------------------------------------------------------------------    -------------------
                         (clock clk_fpga_1 rise edge)
                                                      0.000     0.000 r  
    PS7_X0Y0             PS7                          0.000     0.000 r  npu_system_i/ps7/inst/PS7_i/FCLKCLK[1]
                         net (fo=1, routed)           0.310     0.310    npu_system_i/ps7/inst/FCLK_CLK_unbuffered[1]
    BUFGCTRL_X0Y17       BUFG (Prop_bufg_I_O)         0.026     0.336 r  npu_system_i/ps7/inst/buffer_fclk_clk_1.FCLK_CLK_1_BUFG/O
                         net (fo=158, routed)         0.719     1.055    npu_system_i/dvi2rgb_0/U0/GenerateDDC.DDC_EEPROM/RefClk
    SLICE_X113Y147       FDRE                                         r  npu_system_i/dvi2rgb_0/U0/GenerateDDC.DDC_EEPROM/sI2C_DataOut_reg[2]/C
  -------------------------------------------------------------------    -------------------
    SLICE_X113Y147       FDRE (Prop_fdre_C_Q)         0.141     1.196 r  npu_system_i/dvi2rgb_0/U0/GenerateDDC.DDC_EEPROM/sI2C_DataOut_reg[2]/Q
                         net (fo=1, routed)           0.179     1.375    npu_system_i/dvi2rgb_0/U0/GenerateDDC.DDC_EEPROM/I2C_SlaveController/Q[2]
    SLICE_X111Y147       LUT5 (Prop_lut5_I0_O)        0.045     1.420 r  npu_system_i/dvi2rgb_0/U0/GenerateDDC.DDC_EEPROM/I2C_SlaveController/dataByte[2]_i_1/O
                         net (fo=1, routed)           0.000     1.420    npu_system_i/dvi2rgb_0/U0/GenerateDDC.DDC_EEPROM/I2C_SlaveController/p_1_in[2]
    SLICE_X111Y147       FDRE                                         r  npu_system_i/dvi2rgb_0/U0/GenerateDDC.DDC_EEPROM/I2C_SlaveController/dataByte_reg[2]/D
  -------------------------------------------------------------------    -------------------

                         (clock clk_fpga_1 rise edge)
                                                      0.000     0.000 r  
    PS7_X0Y0             PS7                          0.000     0.000 r  npu_system_i/ps7/inst/PS7_i/FCLKCLK[1]
                         net (fo=1, routed)           0.337     0.337    npu_system_i/ps7/inst/FCLK_CLK_unbuffered[1]
    BUFGCTRL_X0Y17       BUFG (Prop_bufg_I_O)         0.029     0.366 r  npu_system_i/ps7/inst/buffer_fclk_clk_1.FCLK_CLK_1_BUFG/O
                         net (fo=158, routed)         0.995     1.361    npu_system_i/dvi2rgb_0/U0/GenerateDDC.DDC_EEPROM/I2C_SlaveController/RefClk
    SLICE_X111Y147       FDRE                                         r  npu_system_i/dvi2rgb_0/U0/GenerateDDC.DDC_EEPROM/I2C_SlaveController/dataByte_reg[2]/C
                         clock pessimism             -0.290     1.071    
    SLICE_X111Y147       FDRE (Hold_fdre_C_D)         0.091     1.162    npu_system_i/dvi2rgb_0/U0/GenerateDDC.DDC_EEPROM/I2C_SlaveController/dataByte_reg[2]
  -------------------------------------------------------------------
                         required time                         -1.162    
                         arrival time                           1.420    
  -------------------------------------------------------------------
                         slack                                  0.258    

Slack (MET) :             0.263ns  (arrival time - required time)
  Source:                 npu_system_i/dvi2rgb_0/U0/TMDS_ClockingX/rDlyRstCnt_reg[0]/C
                            (rising edge-triggered cell FDSE clocked by clk_fpga_1  {rise@0.000ns fall@2.500ns period=5.000ns})
  Destination:            npu_system_i/dvi2rgb_0/U0/TMDS_ClockingX/rDlyRstCnt_reg[4]/D
                            (rising edge-triggered cell FDSE clocked by clk_fpga_1  {rise@0.000ns fall@2.500ns period=5.000ns})
  Path Group:             clk_fpga_1
  Path Type:              Hold (Min at Fast Process Corner)
  Requirement:            0.000ns  (clk_fpga_1 rise@0.000ns - clk_fpga_1 rise@0.000ns)
  Data Path Delay:        0.394ns  (logic 0.209ns (53.106%)  route 0.185ns (46.894%))
  Logic Levels:           1  (LUT5=1)
  Clock Path Skew:        0.011ns (DCD - SCD - CPR)
    Destination Clock Delay (DCD):    1.259ns
    Source Clock Delay      (SCD):    0.962ns
    Clock Pessimism Removal (CPR):    0.286ns

    Location             Delay type                Incr(ns)  Path(ns)    Netlist Resource(s)
  -------------------------------------------------------------------    -------------------
                         (clock clk_fpga_1 rise edge)
                                                      0.000     0.000 r  
    PS7_X0Y0             PS7                          0.000     0.000 r  npu_system_i/ps7/inst/PS7_i/FCLKCLK[1]
                         net (fo=1, routed)           0.310     0.310    npu_system_i/ps7/inst/FCLK_CLK_unbuffered[1]
    BUFGCTRL_X0Y17       BUFG (Prop_bufg_I_O)         0.026     0.336 r  npu_system_i/ps7/inst/buffer_fclk_clk_1.FCLK_CLK_1_BUFG/O
                         net (fo=158, routed)         0.626     0.962    npu_system_i/dvi2rgb_0/U0/TMDS_ClockingX/RefClk
    SLICE_X112Y77        FDSE                                         r  npu_system_i/dvi2rgb_0/U0/TMDS_ClockingX/rDlyRstCnt_reg[0]/C
  -------------------------------------------------------------------    -------------------
    SLICE_X112Y77        FDSE (Prop_fdse_C_Q)         0.164     1.126 r  npu_system_i/dvi2rgb_0/U0/TMDS_ClockingX/rDlyRstCnt_reg[0]/Q
                         net (fo=7, routed)           0.185     1.310    npu_system_i/dvi2rgb_0/U0/TMDS_ClockingX/rDlyRstCnt_reg[0]
    SLICE_X112Y76        LUT5 (Prop_lut5_I1_O)        0.045     1.355 r  npu_system_i/dvi2rgb_0/U0/TMDS_ClockingX/rDlyRstCnt[4]_i_1/O
                         net (fo=1, routed)           0.000     1.355    npu_system_i/dvi2rgb_0/U0/TMDS_ClockingX/rDlyRstCnt[4]_i_1_n_0
    SLICE_X112Y76        FDSE                                         r  npu_system_i/dvi2rgb_0/U0/TMDS_ClockingX/rDlyRstCnt_reg[4]/D
  -------------------------------------------------------------------    -------------------

                         (clock clk_fpga_1 rise edge)
                                                      0.000     0.000 r  
    PS7_X0Y0             PS7                          0.000     0.000 r  npu_system_i/ps7/inst/PS7_i/FCLKCLK[1]
                         net (fo=1, routed)           0.337     0.337    npu_system_i/ps7/inst/FCLK_CLK_unbuffered[1]
    BUFGCTRL_X0Y17       BUFG (Prop_bufg_I_O)         0.029     0.366 r  npu_system_i/ps7/inst/buffer_fclk_clk_1.FCLK_CLK_1_BUFG/O
                         net (fo=158, routed)         0.893     1.259    npu_system_i/dvi2rgb_0/U0/TMDS_ClockingX/RefClk
    SLICE_X112Y76        FDSE                                         r  npu_system_i/dvi2rgb_0/U0/TMDS_ClockingX/rDlyRstCnt_reg[4]/C
                         clock pessimism             -0.286     0.973    
    SLICE_X112Y76        FDSE (Hold_fdse_C_D)         0.120     1.093    npu_system_i/dvi2rgb_0/U0/TMDS_ClockingX/rDlyRstCnt_reg[4]
  -------------------------------------------------------------------
                         required time                         -1.093    
                         arrival time                           1.355    
  -------------------------------------------------------------------
                         slack                                  0.263    





Pulse Width Checks
--------------------------------------------------------------------------------------
Clock Name:         clk_fpga_1
Waveform(ns):       { 0.000 2.500 }
Period(ns):         5.000
Sources:            { npu_system_i/ps7/inst/PS7_i/FCLKCLK[1] }

Check Type        Corner  Lib Pin            Reference Pin  Required(ns)  Actual(ns)  Slack(ns)  Location         Pin
Min Period        n/a     IDELAYCTRL/REFCLK  n/a            3.225         5.000       1.775      IDELAYCTRL_X1Y1  npu_system_i/dvi2rgb_0/U0/TMDS_ClockingX/IDelayCtrlX/REFCLK
Min Period        n/a     BUFG/I             n/a            2.155         5.000       2.845      BUFGCTRL_X0Y17   npu_system_i/ps7/inst/buffer_fclk_clk_1.FCLK_CLK_1_BUFG/I
Min Period        n/a     FDRE/C             n/a            1.000         5.000       4.000      SLICE_X112Y63    npu_system_i/dvi2rgb_0/U0/DataDecoders[0].DecoderX/rTimeoutCnt_reg[0]/C
Min Period        n/a     FDRE/C             n/a            1.000         5.000       4.000      SLICE_X112Y65    npu_system_i/dvi2rgb_0/U0/DataDecoders[0].DecoderX/rTimeoutCnt_reg[10]/C
Min Period        n/a     FDRE/C             n/a            1.000         5.000       4.000      SLICE_X112Y65    npu_system_i/dvi2rgb_0/U0/DataDecoders[0].DecoderX/rTimeoutCnt_reg[11]/C
Min Period        n/a     FDRE/C             n/a            1.000         5.000       4.000      SLICE_X112Y66    npu_system_i/dvi2rgb_0/U0/DataDecoders[0].DecoderX/rTimeoutCnt_reg[12]/C
Min Period        n/a     FDRE/C             n/a            1.000         5.000       4.000      SLICE_X112Y66    npu_system_i/dvi2rgb_0/U0/DataDecoders[0].DecoderX/rTimeoutCnt_reg[13]/C
Min Period        n/a     FDRE/C             n/a            1.000         5.000       4.000      SLICE_X112Y66    npu_system_i/dvi2rgb_0/U0/DataDecoders[0].DecoderX/rTimeoutCnt_reg[14]/C
Min Period        n/a     FDRE/C             n/a            1.000         5.000       4.000      SLICE_X112Y66    npu_system_i/dvi2rgb_0/U0/DataDecoders[0].DecoderX/rTimeoutCnt_reg[15]/C
Min Period        n/a     FDRE/C             n/a            1.000         5.000       4.000      SLICE_X112Y67    npu_system_i/dvi2rgb_0/U0/DataDecoders[0].DecoderX/rTimeoutCnt_reg[16]/C
Min Period        n/a     FDRE/C             n/a            1.000         5.000       4.000      SLICE_X112Y67    npu_system_i/dvi2rgb_0/U0/DataDecoders[0].DecoderX/rTimeoutCnt_reg[17]/C
Min Period        n/a     FDRE/C             n/a            1.000         5.000       4.000      SLICE_X112Y67    npu_system_i/dvi2rgb_0/U0/DataDecoders[0].DecoderX/rTimeoutCnt_reg[18]/C
Min Period        n/a     FDRE/C             n/a            1.000         5.000       4.000      SLICE_X112Y67    npu_system_i/dvi2rgb_0/U0/DataDecoders[0].DecoderX/rTimeoutCnt_reg[19]/C
Min Period        n/a     FDRE/C             n/a            1.000         5.000       4.000      SLICE_X112Y63    npu_system_i/dvi2rgb_0/U0/DataDecoders[0].DecoderX/rTimeoutCnt_reg[1]/C
Min Period        n/a     FDRE/C             n/a            1.000         5.000       4.000      SLICE_X112Y68    npu_system_i/dvi2rgb_0/U0/DataDecoders[0].DecoderX/rTimeoutCnt_reg[20]/C
Min Period        n/a     FDRE/C             n/a            1.000         5.000       4.000      SLICE_X112Y68    npu_system_i/dvi2rgb_0/U0/DataDecoders[0].DecoderX/rTimeoutCnt_reg[21]/C
Min Period        n/a     FDRE/C             n/a            1.000         5.000       4.000      SLICE_X112Y68    npu_system_i/dvi2rgb_0/U0/DataDecoders[0].DecoderX/rTimeoutCnt_reg[22]/C
Min Period        n/a     FDRE/C             n/a            1.000         5.000       4.000      SLICE_X112Y68    npu_system_i/dvi2rgb_0/U0/DataDecoders[0].DecoderX/rTimeoutCnt_reg[23]/C
Min Period        n/a     FDRE/C             n/a            1.000         5.000       4.000      SLICE_X112Y63    npu_system_i/dvi2rgb_0/U0/DataDecoders[0].DecoderX/rTimeoutCnt_reg[2]/C
Min Period        n/a     FDRE/C             n/a            1.000         5.000       4.000      SLICE_X112Y63    npu_system_i/dvi2rgb_0/U0/DataDecoders[0].DecoderX/rTimeoutCnt_reg[3]/C
Max Period        n/a     IDELAYCTRL/REFCLK  n/a            5.264         5.000       0.264      IDELAYCTRL_X1Y1  npu_system_i/dvi2rgb_0/U0/TMDS_ClockingX/IDelayCtrlX/REFCLK
Low Pulse Width   Slow    FDRE/C             n/a            0.500         2.500       2.000      SLICE_X112Y63    npu_system_i/dvi2rgb_0/U0/DataDecoders[0].DecoderX/rTimeoutCnt_reg[0]/C
Low Pulse Width   Fast    FDRE/C             n/a            0.500         2.500       2.000      SLICE_X112Y63    npu_system_i/dvi2rgb_0/U0/DataDecoders[0].DecoderX/rTimeoutCnt_reg[0]/C
Low Pulse Width   Slow    FDRE/C             n/a            0.500         2.500       2.000      SLICE_X112Y65    npu_system_i/dvi2rgb_0/U0/DataDecoders[0].DecoderX/rTimeoutCnt_reg[10]/C
Low Pulse Width   Fast    FDRE/C             n/a            0.500         2.500       2.000      SLICE_X112Y65    npu_system_i/dvi2rgb_0/U0/DataDecoders[0].DecoderX/rTimeoutCnt_reg[10]/C
Low Pulse Width   Slow    FDRE/C             n/a            0.500         2.500       2.000      SLICE_X112Y65    npu_system_i/dvi2rgb_0/U0/DataDecoders[0].DecoderX/rTimeoutCnt_reg[11]/C
Low Pulse Width   Fast    FDRE/C             n/a            0.500         2.500       2.000      SLICE_X112Y65    npu_system_i/dvi2rgb_0/U0/DataDecoders[0].DecoderX/rTimeoutCnt_reg[11]/C
Low Pulse Width   Slow    FDRE/C             n/a            0.500         2.500       2.000      SLICE_X112Y66    npu_system_i/dvi2rgb_0/U0/DataDecoders[0].DecoderX/rTimeoutCnt_reg[12]/C
Low Pulse Width   Fast    FDRE/C             n/a            0.500         2.500       2.000      SLICE_X112Y66    npu_system_i/dvi2rgb_0/U0/DataDecoders[0].DecoderX/rTimeoutCnt_reg[12]/C
Low Pulse Width   Slow    FDRE/C             n/a            0.500         2.500       2.000      SLICE_X112Y66    npu_system_i/dvi2rgb_0/U0/DataDecoders[0].DecoderX/rTimeoutCnt_reg[13]/C
Low Pulse Width   Fast    FDRE/C             n/a            0.500         2.500       2.000      SLICE_X112Y66    npu_system_i/dvi2rgb_0/U0/DataDecoders[0].DecoderX/rTimeoutCnt_reg[13]/C
Low Pulse Width   Slow    FDRE/C             n/a            0.500         2.500       2.000      SLICE_X112Y66    npu_system_i/dvi2rgb_0/U0/DataDecoders[0].DecoderX/rTimeoutCnt_reg[14]/C
Low Pulse Width   Fast    FDRE/C             n/a            0.500         2.500       2.000      SLICE_X112Y66    npu_system_i/dvi2rgb_0/U0/DataDecoders[0].DecoderX/rTimeoutCnt_reg[14]/C
Low Pulse Width   Slow    FDRE/C             n/a            0.500         2.500       2.000      SLICE_X112Y66    npu_system_i/dvi2rgb_0/U0/DataDecoders[0].DecoderX/rTimeoutCnt_reg[15]/C
Low Pulse Width   Fast    FDRE/C             n/a            0.500         2.500       2.000      SLICE_X112Y66    npu_system_i/dvi2rgb_0/U0/DataDecoders[0].DecoderX/rTimeoutCnt_reg[15]/C
Low Pulse Width   Slow    FDRE/C             n/a            0.500         2.500       2.000      SLICE_X112Y67    npu_system_i/dvi2rgb_0/U0/DataDecoders[0].DecoderX/rTimeoutCnt_reg[16]/C
Low Pulse Width   Fast    FDRE/C             n/a            0.500         2.500       2.000      SLICE_X112Y67    npu_system_i/dvi2rgb_0/U0/DataDecoders[0].DecoderX/rTimeoutCnt_reg[16]/C
Low Pulse Width   Slow    FDRE/C             n/a            0.500         2.500       2.000      SLICE_X112Y67    npu_system_i/dvi2rgb_0/U0/DataDecoders[0].DecoderX/rTimeoutCnt_reg[17]/C
Low Pulse Width   Fast    FDRE/C             n/a            0.500         2.500       2.000      SLICE_X112Y67    npu_system_i/dvi2rgb_0/U0/DataDecoders[0].DecoderX/rTimeoutCnt_reg[17]/C
Low Pulse Width   Slow    FDRE/C             n/a            0.500         2.500       2.000      SLICE_X112Y67    npu_system_i/dvi2rgb_0/U0/DataDecoders[0].DecoderX/rTimeoutCnt_reg[18]/C
Low Pulse Width   Fast    FDRE/C             n/a            0.500         2.500       2.000      SLICE_X112Y67    npu_system_i/dvi2rgb_0/U0/DataDecoders[0].DecoderX/rTimeoutCnt_reg[18]/C
High Pulse Width  Slow    FDRE/C             n/a            0.500         2.500       2.000      SLICE_X112Y63    npu_system_i/dvi2rgb_0/U0/DataDecoders[0].DecoderX/rTimeoutCnt_reg[0]/C
High Pulse Width  Fast    FDRE/C             n/a            0.500         2.500       2.000      SLICE_X112Y63    npu_system_i/dvi2rgb_0/U0/DataDecoders[0].DecoderX/rTimeoutCnt_reg[0]/C
High Pulse Width  Slow    FDRE/C             n/a            0.500         2.500       2.000      SLICE_X112Y65    npu_system_i/dvi2rgb_0/U0/DataDecoders[0].DecoderX/rTimeoutCnt_reg[10]/C
High Pulse Width  Fast    FDRE/C             n/a            0.500         2.500       2.000      SLICE_X112Y65    npu_system_i/dvi2rgb_0/U0/DataDecoders[0].DecoderX/rTimeoutCnt_reg[10]/C
High Pulse Width  Slow    FDRE/C             n/a            0.500         2.500       2.000      SLICE_X112Y65    npu_system_i/dvi2rgb_0/U0/DataDecoders[0].DecoderX/rTimeoutCnt_reg[11]/C
High Pulse Width  Fast    FDRE/C             n/a            0.500         2.500       2.000      SLICE_X112Y65    npu_system_i/dvi2rgb_0/U0/DataDecoders[0].DecoderX/rTimeoutCnt_reg[11]/C
High Pulse Width  Slow    FDRE/C             n/a            0.500         2.500       2.000      SLICE_X112Y66    npu_system_i/dvi2rgb_0/U0/DataDecoders[0].DecoderX/rTimeoutCnt_reg[12]/C
High Pulse Width  Fast    FDRE/C             n/a            0.500         2.500       2.000      SLICE_X112Y66    npu_system_i/dvi2rgb_0/U0/DataDecoders[0].DecoderX/rTimeoutCnt_reg[12]/C
High Pulse Width  Slow    FDRE/C             n/a            0.500         2.500       2.000      SLICE_X112Y66    npu_system_i/dvi2rgb_0/U0/DataDecoders[0].DecoderX/rTimeoutCnt_reg[13]/C
High Pulse Width  Fast    FDRE/C             n/a            0.500         2.500       2.000      SLICE_X112Y66    npu_system_i/dvi2rgb_0/U0/DataDecoders[0].DecoderX/rTimeoutCnt_reg[13]/C
High Pulse Width  Slow    FDRE/C             n/a            0.500         2.500       2.000      SLICE_X112Y66    npu_system_i/dvi2rgb_0/U0/DataDecoders[0].DecoderX/rTimeoutCnt_reg[14]/C
High Pulse Width  Fast    FDRE/C             n/a            0.500         2.500       2.000      SLICE_X112Y66    npu_system_i/dvi2rgb_0/U0/DataDecoders[0].DecoderX/rTimeoutCnt_reg[14]/C
High Pulse Width  Slow    FDRE/C             n/a            0.500         2.500       2.000      SLICE_X112Y66    npu_system_i/dvi2rgb_0/U0/DataDecoders[0].DecoderX/rTimeoutCnt_reg[15]/C
High Pulse Width  Fast    FDRE/C             n/a            0.500         2.500       2.000      SLICE_X112Y66    npu_system_i/dvi2rgb_0/U0/DataDecoders[0].DecoderX/rTimeoutCnt_reg[15]/C
High Pulse Width  Slow    FDRE/C             n/a            0.500         2.500       2.000      SLICE_X112Y67    npu_system_i/dvi2rgb_0/U0/DataDecoders[0].DecoderX/rTimeoutCnt_reg[16]/C
High Pulse Width  Fast    FDRE/C             n/a            0.500         2.500       2.000      SLICE_X112Y67    npu_system_i/dvi2rgb_0/U0/DataDecoders[0].DecoderX/rTimeoutCnt_reg[16]/C
High Pulse Width  Slow    FDRE/C             n/a            0.500         2.500       2.000      SLICE_X112Y67    npu_system_i/dvi2rgb_0/U0/DataDecoders[0].DecoderX/rTimeoutCnt_reg[17]/C
High Pulse Width  Fast    FDRE/C             n/a            0.500         2.500       2.000      SLICE_X112Y67    npu_system_i/dvi2rgb_0/U0/DataDecoders[0].DecoderX/rTimeoutCnt_reg[17]/C
High Pulse Width  Slow    FDRE/C             n/a            0.500         2.500       2.000      SLICE_X112Y67    npu_system_i/dvi2rgb_0/U0/DataDecoders[0].DecoderX/rTimeoutCnt_reg[18]/C
High Pulse Width  Fast    FDRE/C             n/a            0.500         2.500       2.000      SLICE_X112Y67    npu_system_i/dvi2rgb_0/U0/DataDecoders[0].DecoderX/rTimeoutCnt_reg[18]/C



---------------------------------------------------------------------------------------------------
From Clock:  
  To Clock:  clk_fpga_0

Setup :            0  Failing Endpoints,  Worst Slack      997.708ns,  Total Violation        0.000ns
Hold  :           NA  Failing Endpoints,  Worst Slack           NA  ,  Total Violation           NA
---------------------------------------------------------------------------------------------------


Max Delay Paths
--------------------------------------------------------------------------------------
Slack (MET) :             997.708ns  (required time - arrival time)
  Source:                 npu_system_i/vid_in/inst/COUPLER_INST/generate_async_fifo.FIFO_INST/XPM_FIFO_ASYNC_INST/gnuram_async_fifo.xpm_fifo_base_inst/gen_cdc_pntr.wr_pntr_cdc_dc_inst/src_gray_ff_reg[10]/C
                            (rising edge-triggered cell FDRE)
  Destination:            npu_system_i/vid_in/inst/COUPLER_INST/generate_async_fifo.FIFO_INST/XPM_FIFO_ASYNC_INST/gnuram_async_fifo.xpm_fifo_base_inst/gen_cdc_pntr.wr_pntr_cdc_dc_inst/dest_graysync_ff_reg[0][10]/D
                            (rising edge-triggered cell FDRE clocked by clk_fpga_0  {rise@0.000ns fall@4.000ns period=8.000ns})
  Path Group:             clk_fpga_0
  Path Type:              Setup (Max at Slow Process Corner)
  Requirement:            1000.000ns  (MaxDelay Path 1000.000ns)
  Data Path Delay:        2.022ns  (logic 0.419ns (20.718%)  route 1.603ns (79.282%))
  Logic Levels:           1  (FDRE=1)
  Timing Exception:       MaxDelay Path 1000.000ns -datapath_only

    Location             Delay type                Incr(ns)  Path(ns)    Netlist Resource(s)
  -------------------------------------------------------------------    -------------------
    SLICE_X67Y72         FDRE                         0.000     0.000 r  npu_system_i/vid_in/inst/COUPLER_INST/generate_async_fifo.FIFO_INST/XPM_FIFO_ASYNC_INST/gnuram_async_fifo.xpm_fifo_base_inst/gen_cdc_pntr.wr_pntr_cdc_dc_inst/src_gray_ff_reg[10]/C
    SLICE_X67Y72         FDRE (Prop_fdre_C_Q)         0.419     0.419 r  npu_system_i/vid_in/inst/COUPLER_INST/generate_async_fifo.FIFO_INST/XPM_FIFO_ASYNC_INST/gnuram_async_fifo.xpm_fifo_base_inst/gen_cdc_pntr.wr_pntr_cdc_dc_inst/src_gray_ff_reg[10]/Q
                         net (fo=1, routed)           1.603     2.022    npu_system_i/vid_in/inst/COUPLER_INST/generate_async_fifo.FIFO_INST/XPM_FIFO_ASYNC_INST/gnuram_async_fifo.xpm_fifo_base_inst/gen_cdc_pntr.wr_pntr_cdc_dc_inst/async_path[10]
    SLICE_X68Y49         FDRE                                         r  npu_system_i/vid_in/inst/COUPLER_INST/generate_async_fifo.FIFO_INST/XPM_FIFO_ASYNC_INST/gnuram_async_fifo.xpm_fifo_base_inst/gen_cdc_pntr.wr_pntr_cdc_dc_inst/dest_graysync_ff_reg[0][10]/D
  -------------------------------------------------------------------    -------------------

                         max delay                 1000.000  1000.000    
    SLICE_X68Y49         FDRE (Setup_fdre_C_D)       -0.270   999.730    npu_system_i/vid_in/inst/COUPLER_INST/generate_async_fifo.FIFO_INST/XPM_FIFO_ASYNC_INST/gnuram_async_fifo.xpm_fifo_base_inst/gen_cdc_pntr.wr_pntr_cdc_dc_inst/dest_graysync_ff_reg[0][10]
  -------------------------------------------------------------------
                         required time                        999.730    
                         arrival time                          -2.022    
  -------------------------------------------------------------------
                         slack                                997.708    

Slack (MET) :             997.755ns  (required time - arrival time)
  Source:                 npu_system_i/vid_in/inst/COUPLER_INST/generate_async_fifo.FIFO_INST/XPM_FIFO_ASYNC_INST/gnuram_async_fifo.xpm_fifo_base_inst/gen_cdc_pntr.wr_pntr_cdc_dc_inst/src_gray_ff_reg[1]/C
                            (rising edge-triggered cell FDRE)
  Destination:            npu_system_i/vid_in/inst/COUPLER_INST/generate_async_fifo.FIFO_INST/XPM_FIFO_ASYNC_INST/gnuram_async_fifo.xpm_fifo_base_inst/gen_cdc_pntr.wr_pntr_cdc_dc_inst/dest_graysync_ff_reg[0][1]/D
                            (rising edge-triggered cell FDRE clocked by clk_fpga_0  {rise@0.000ns fall@4.000ns period=8.000ns})
  Path Group:             clk_fpga_0
  Path Type:              Setup (Max at Slow Process Corner)
  Requirement:            1000.000ns  (MaxDelay Path 1000.000ns)
  Data Path Delay:        1.975ns  (logic 0.419ns (21.213%)  route 1.556ns (78.787%))
  Logic Levels:           1  (FDRE=1)
  Timing Exception:       MaxDelay Path 1000.000ns -datapath_only

    Location             Delay type                Incr(ns)  Path(ns)    Netlist Resource(s)
  -------------------------------------------------------------------    -------------------
    SLICE_X83Y57         FDRE                         0.000     0.000 r  npu_system_i/vid_in/inst/COUPLER_INST/generate_async_fifo.FIFO_INST/XPM_FIFO_ASYNC_INST/gnuram_async_fifo.xpm_fifo_base_inst/gen_cdc_pntr.wr_pntr_cdc_dc_inst/src_gray_ff_reg[1]/C
    SLICE_X83Y57         FDRE (Prop_fdre_C_Q)         0.419     0.419 r  npu_system_i/vid_in/inst/COUPLER_INST/generate_async_fifo.FIFO_INST/XPM_FIFO_ASYNC_INST/gnuram_async_fifo.xpm_fifo_base_inst/gen_cdc_pntr.wr_pntr_cdc_dc_inst/src_gray_ff_reg[1]/Q
                         net (fo=1, routed)           1.556     1.975    npu_system_i/vid_in/inst/COUPLER_INST/generate_async_fifo.FIFO_INST/XPM_FIFO_ASYNC_INST/gnuram_async_fifo.xpm_fifo_base_inst/gen_cdc_pntr.wr_pntr_cdc_dc_inst/async_path[1]
    SLICE_X63Y75         FDRE                                         r  npu_system_i/vid_in/inst/COUPLER_INST/generate_async_fifo.FIFO_INST/XPM_FIFO_ASYNC_INST/gnuram_async_fifo.xpm_fifo_base_inst/gen_cdc_pntr.wr_pntr_cdc_dc_inst/dest_graysync_ff_reg[0][1]/D
  -------------------------------------------------------------------    -------------------

                         max delay                 1000.000  1000.000    
    SLICE_X63Y75         FDRE (Setup_fdre_C_D)       -0.270   999.730    npu_system_i/vid_in/inst/COUPLER_INST/generate_async_fifo.FIFO_INST/XPM_FIFO_ASYNC_INST/gnuram_async_fifo.xpm_fifo_base_inst/gen_cdc_pntr.wr_pntr_cdc_dc_inst/dest_graysync_ff_reg[0][1]
  -------------------------------------------------------------------
                         required time                        999.730    
                         arrival time                          -1.975    
  -------------------------------------------------------------------
                         slack                                997.755    

Slack (MET) :             997.862ns  (required time - arrival time)
  Source:                 npu_system_i/vid_in/inst/COUPLER_INST/generate_async_fifo.FIFO_INST/XPM_FIFO_ASYNC_INST/gnuram_async_fifo.xpm_fifo_base_inst/gen_cdc_pntr.wr_pntr_cdc_inst/src_gray_ff_reg[5]/C
                            (rising edge-triggered cell FDRE)
  Destination:            npu_system_i/vid_in/inst/COUPLER_INST/generate_async_fifo.FIFO_INST/XPM_FIFO_ASYNC_INST/gnuram_async_fifo.xpm_fifo_base_inst/gen_cdc_pntr.wr_pntr_cdc_inst/dest_graysync_ff_reg[0][5]/D
                            (rising edge-triggered cell FDRE clocked by clk_fpga_0  {rise@0.000ns fall@4.000ns period=8.000ns})
  Path Group:             clk_fpga_0
  Path Type:              Setup (Max at Slow Process Corner)
  Requirement:            1000.000ns  (MaxDelay Path 1000.000ns)
  Data Path Delay:        1.873ns  (logic 0.419ns (22.376%)  route 1.454ns (77.624%))
  Logic Levels:           1  (FDRE=1)
  Timing Exception:       MaxDelay Path 1000.000ns -datapath_only

    Location             Delay type                Incr(ns)  Path(ns)    Netlist Resource(s)
  -------------------------------------------------------------------    -------------------
    SLICE_X88Y71         FDRE                         0.000     0.000 r  npu_system_i/vid_in/inst/COUPLER_INST/generate_async_fifo.FIFO_INST/XPM_FIFO_ASYNC_INST/gnuram_async_fifo.xpm_fifo_base_inst/gen_cdc_pntr.wr_pntr_cdc_inst/src_gray_ff_reg[5]/C
    SLICE_X88Y71         FDRE (Prop_fdre_C_Q)         0.419     0.419 r  npu_system_i/vid_in/inst/COUPLER_INST/generate_async_fifo.FIFO_INST/XPM_FIFO_ASYNC_INST/gnuram_async_fifo.xpm_fifo_base_inst/gen_cdc_pntr.wr_pntr_cdc_inst/src_gray_ff_reg[5]/Q
                         net (fo=1, routed)           1.454     1.873    npu_system_i/vid_in/inst/COUPLER_INST/generate_async_fifo.FIFO_INST/XPM_FIFO_ASYNC_INST/gnuram_async_fifo.xpm_fifo_base_inst/gen_cdc_pntr.wr_pntr_cdc_inst/async_path[5]
    SLICE_X88Y55         FDRE                                         r  npu_system_i/vid_in/inst/COUPLER_INST/generate_async_fifo.FIFO_INST/XPM_FIFO_ASYNC_INST/gnuram_async_fifo.xpm_fifo_base_inst/gen_cdc_pntr.wr_pntr_cdc_inst/dest_graysync_ff_reg[0][5]/D
  -------------------------------------------------------------------    -------------------

                         max delay                 1000.000  1000.000    
    SLICE_X88Y55         FDRE (Setup_fdre_C_D)       -0.265   999.735    npu_system_i/vid_in/inst/COUPLER_INST/generate_async_fifo.FIFO_INST/XPM_FIFO_ASYNC_INST/gnuram_async_fifo.xpm_fifo_base_inst/gen_cdc_pntr.wr_pntr_cdc_inst/dest_graysync_ff_reg[0][5]
  -------------------------------------------------------------------
                         required time                        999.735    
                         arrival time                          -1.873    
  -------------------------------------------------------------------
                         slack                                997.862    

Slack (MET) :             997.931ns  (required time - arrival time)
  Source:                 npu_system_i/vid_in/inst/COUPLER_INST/generate_async_fifo.FIFO_INST/XPM_FIFO_ASYNC_INST/gnuram_async_fifo.xpm_fifo_base_inst/gen_cdc_pntr.wr_pntr_cdc_dc_inst/src_gray_ff_reg[4]/C
                            (rising edge-triggered cell FDRE)
  Destination:            npu_system_i/vid_in/inst/COUPLER_INST/generate_async_fifo.FIFO_INST/XPM_FIFO_ASYNC_INST/gnuram_async_fifo.xpm_fifo_base_inst/gen_cdc_pntr.wr_pntr_cdc_dc_inst/dest_graysync_ff_reg[0][4]/D
                            (rising edge-triggered cell FDRE clocked by clk_fpga_0  {rise@0.000ns fall@4.000ns period=8.000ns})
  Path Group:             clk_fpga_0
  Path Type:              Setup (Max at Slow Process Corner)
  Requirement:            1000.000ns  (MaxDelay Path 1000.000ns)
  Data Path Delay:        1.974ns  (logic 0.456ns (23.097%)  route 1.518ns (76.903%))
  Logic Levels:           1  (FDRE=1)
  Timing Exception:       MaxDelay Path 1000.000ns -datapath_only

    Location             Delay type                Incr(ns)  Path(ns)    Netlist Resource(s)
  -------------------------------------------------------------------    -------------------
    SLICE_X88Y71         FDRE                         0.000     0.000 r  npu_system_i/vid_in/inst/COUPLER_INST/generate_async_fifo.FIFO_INST/XPM_FIFO_ASYNC_INST/gnuram_async_fifo.xpm_fifo_base_inst/gen_cdc_pntr.wr_pntr_cdc_dc_inst/src_gray_ff_reg[4]/C
    SLICE_X88Y71         FDRE (Prop_fdre_C_Q)         0.456     0.456 r  npu_system_i/vid_in/inst/COUPLER_INST/generate_async_fifo.FIFO_INST/XPM_FIFO_ASYNC_INST/gnuram_async_fifo.xpm_fifo_base_inst/gen_cdc_pntr.wr_pntr_cdc_dc_inst/src_gray_ff_reg[4]/Q
                         net (fo=1, routed)           1.518     1.974    npu_system_i/vid_in/inst/COUPLER_INST/generate_async_fifo.FIFO_INST/XPM_FIFO_ASYNC_INST/gnuram_async_fifo.xpm_fifo_base_inst/gen_cdc_pntr.wr_pntr_cdc_dc_inst/async_path[4]
    SLICE_X87Y53         FDRE                                         r  npu_system_i/vid_in/inst/COUPLER_INST/generate_async_fifo.FIFO_INST/XPM_FIFO_ASYNC_INST/gnuram_async_fifo.xpm_fifo_base_inst/gen_cdc_pntr.wr_pntr_cdc_dc_inst/dest_graysync_ff_reg[0][4]/D
  -------------------------------------------------------------------    -------------------

                         max delay                 1000.000  1000.000    
    SLICE_X87Y53         FDRE (Setup_fdre_C_D)       -0.095   999.905    npu_system_i/vid_in/inst/COUPLER_INST/generate_async_fifo.FIFO_INST/XPM_FIFO_ASYNC_INST/gnuram_async_fifo.xpm_fifo_base_inst/gen_cdc_pntr.wr_pntr_cdc_dc_inst/dest_graysync_ff_reg[0][4]
  -------------------------------------------------------------------
                         required time                        999.905    
                         arrival time                          -1.974    
  -------------------------------------------------------------------
                         slack                                997.931    

Slack (MET) :             998.098ns  (required time - arrival time)
  Source:                 npu_system_i/vid_in/inst/COUPLER_INST/generate_async_fifo.FIFO_INST/XPM_FIFO_ASYNC_INST/gnuram_async_fifo.xpm_fifo_base_inst/gen_cdc_pntr.wr_pntr_cdc_inst/src_gray_ff_reg[1]/C
                            (rising edge-triggered cell FDRE)
  Destination:            npu_system_i/vid_in/inst/COUPLER_INST/generate_async_fifo.FIFO_INST/XPM_FIFO_ASYNC_INST/gnuram_async_fifo.xpm_fifo_base_inst/gen_cdc_pntr.wr_pntr_cdc_inst/dest_graysync_ff_reg[0][1]/D
                            (rising edge-triggered cell FDRE clocked by clk_fpga_0  {rise@0.000ns fall@4.000ns period=8.000ns})
  Path Group:             clk_fpga_0
  Path Type:              Setup (Max at Slow Process Corner)
  Requirement:            1000.000ns  (MaxDelay Path 1000.000ns)
  Data Path Delay:        1.634ns  (logic 0.419ns (25.648%)  route 1.215ns (74.352%))
  Logic Levels:           1  (FDRE=1)
  Timing Exception:       MaxDelay Path 1000.000ns -datapath_only

    Location             Delay type                Incr(ns)  Path(ns)    Netlist Resource(s)
  -------------------------------------------------------------------    -------------------
    SLICE_X83Y57         FDRE                         0.000     0.000 r  npu_system_i/vid_in/inst/COUPLER_INST/generate_async_fifo.FIFO_INST/XPM_FIFO_ASYNC_INST/gnuram_async_fifo.xpm_fifo_base_inst/gen_cdc_pntr.wr_pntr_cdc_inst/src_gray_ff_reg[1]/C
    SLICE_X83Y57         FDRE (Prop_fdre_C_Q)         0.419     0.419 r  npu_system_i/vid_in/inst/COUPLER_INST/generate_async_fifo.FIFO_INST/XPM_FIFO_ASYNC_INST/gnuram_async_fifo.xpm_fifo_base_inst/gen_cdc_pntr.wr_pntr_cdc_inst/src_gray_ff_reg[1]/Q
                         net (fo=1, routed)           1.215     1.634    npu_system_i/vid_in/inst/COUPLER_INST/generate_async_fifo.FIFO_INST/XPM_FIFO_ASYNC_INST/gnuram_async_fifo.xpm_fifo_base_inst/gen_cdc_pntr.wr_pntr_cdc_inst/async_path[1]
    SLICE_X71Y49         FDRE                                         r  npu_system_i/vid_in/inst/COUPLER_INST/generate_async_fifo.FIFO_INST/XPM_FIFO_ASYNC_INST/gnuram_async_fifo.xpm_fifo_base_inst/gen_cdc_pntr.wr_pntr_cdc_inst/dest_graysync_ff_reg[0][1]/D
  -------------------------------------------------------------------    -------------------

                         max delay                 1000.000  1000.000    
    SLICE_X71Y49         FDRE (Setup_fdre_C_D)       -0.268   999.732    npu_system_i/vid_in/inst/COUPLER_INST/generate_async_fifo.FIFO_INST/XPM_FIFO_ASYNC_INST/gnuram_async_fifo.xpm_fifo_base_inst/gen_cdc_pntr.wr_pntr_cdc_inst/dest_graysync_ff_reg[0][1]
  -------------------------------------------------------------------
                         required time                        999.732    
                         arrival time                          -1.634    
  -------------------------------------------------------------------
                         slack                                998.098    

Slack (MET) :             998.136ns  (required time - arrival time)
  Source:                 npu_system_i/vid_in/inst/COUPLER_INST/generate_async_fifo.FIFO_INST/XPM_FIFO_ASYNC_INST/gnuram_async_fifo.xpm_fifo_base_inst/gen_cdc_pntr.wr_pntr_cdc_dc_inst/src_gray_ff_reg[5]/C
                            (rising edge-triggered cell FDRE)
  Destination:            npu_system_i/vid_in/inst/COUPLER_INST/generate_async_fifo.FIFO_INST/XPM_FIFO_ASYNC_INST/gnuram_async_fifo.xpm_fifo_base_inst/gen_cdc_pntr.wr_pntr_cdc_dc_inst/dest_graysync_ff_reg[0][5]/D
                            (rising edge-triggered cell FDRE clocked by clk_fpga_0  {rise@0.000ns fall@4.000ns period=8.000ns})
  Path Group:             clk_fpga_0
  Path Type:              Setup (Max at Slow Process Corner)
  Requirement:            1000.000ns  (MaxDelay Path 1000.000ns)
  Data Path Delay:        1.594ns  (logic 0.419ns (26.284%)  route 1.175ns (73.716%))
  Logic Levels:           1  (FDRE=1)
  Timing Exception:       MaxDelay Path 1000.000ns -datapath_only

    Location             Delay type                Incr(ns)  Path(ns)    Netlist Resource(s)
  -------------------------------------------------------------------    -------------------
    SLICE_X88Y71         FDRE                         0.000     0.000 r  npu_system_i/vid_in/inst/COUPLER_INST/generate_async_fifo.FIFO_INST/XPM_FIFO_ASYNC_INST/gnuram_async_fifo.xpm_fifo_base_inst/gen_cdc_pntr.wr_pntr_cdc_dc_inst/src_gray_ff_reg[5]/C
    SLICE_X88Y71         FDRE (Prop_fdre_C_Q)         0.419     0.419 r  npu_system_i/vid_in/inst/COUPLER_INST/generate_async_fifo.FIFO_INST/XPM_FIFO_ASYNC_INST/gnuram_async_fifo.xpm_fifo_base_inst/gen_cdc_pntr.wr_pntr_cdc_dc_inst/src_gray_ff_reg[5]/Q
                         net (fo=1, routed)           1.175     1.594    npu_system_i/vid_in/inst/COUPLER_INST/generate_async_fifo.FIFO_INST/XPM_FIFO_ASYNC_INST/gnuram_async_fifo.xpm_fifo_base_inst/gen_cdc_pntr.wr_pntr_cdc_dc_inst/async_path[5]
    SLICE_X89Y58         FDRE                                         r  npu_system_i/vid_in/inst/COUPLER_INST/generate_async_fifo.FIFO_INST/XPM_FIFO_ASYNC_INST/gnuram_async_fifo.xpm_fifo_base_inst/gen_cdc_pntr.wr_pntr_cdc_dc_inst/dest_graysync_ff_reg[0][5]/D
  -------------------------------------------------------------------    -------------------

                         max delay                 1000.000  1000.000    
    SLICE_X89Y58         FDRE (Setup_fdre_C_D)       -0.270   999.730    npu_system_i/vid_in/inst/COUPLER_INST/generate_async_fifo.FIFO_INST/XPM_FIFO_ASYNC_INST/gnuram_async_fifo.xpm_fifo_base_inst/gen_cdc_pntr.wr_pntr_cdc_dc_inst/dest_graysync_ff_reg[0][5]
  -------------------------------------------------------------------
                         required time                        999.730    
                         arrival time                          -1.594    
  -------------------------------------------------------------------
                         slack                                998.136    

Slack (MET) :             998.306ns  (required time - arrival time)
  Source:                 npu_system_i/vid_in/inst/COUPLER_INST/generate_async_fifo.FIFO_INST/XPM_FIFO_ASYNC_INST/gnuram_async_fifo.xpm_fifo_base_inst/gen_cdc_pntr.wr_pntr_cdc_inst/src_gray_ff_reg[6]/C
                            (rising edge-triggered cell FDRE)
  Destination:            npu_system_i/vid_in/inst/COUPLER_INST/generate_async_fifo.FIFO_INST/XPM_FIFO_ASYNC_INST/gnuram_async_fifo.xpm_fifo_base_inst/gen_cdc_pntr.wr_pntr_cdc_inst/dest_graysync_ff_reg[0][6]/D
                            (rising edge-triggered cell FDRE clocked by clk_fpga_0  {rise@0.000ns fall@4.000ns period=8.000ns})
  Path Group:             clk_fpga_0
  Path Type:              Setup (Max at Slow Process Corner)
  Requirement:            1000.000ns  (MaxDelay Path 1000.000ns)
  Data Path Delay:        1.599ns  (logic 0.456ns (28.520%)  route 1.143ns (71.480%))
  Logic Levels:           1  (FDRE=1)
  Timing Exception:       MaxDelay Path 1000.000ns -datapath_only

    Location             Delay type                Incr(ns)  Path(ns)    Netlist Resource(s)
  -------------------------------------------------------------------    -------------------
    SLICE_X83Y53         FDRE                         0.000     0.000 r  npu_system_i/vid_in/inst/COUPLER_INST/generate_async_fifo.FIFO_INST/XPM_FIFO_ASYNC_INST/gnuram_async_fifo.xpm_fifo_base_inst/gen_cdc_pntr.wr_pntr_cdc_inst/src_gray_ff_reg[6]/C
    SLICE_X83Y53         FDRE (Prop_fdre_C_Q)         0.456     0.456 r  npu_system_i/vid_in/inst/COUPLER_INST/generate_async_fifo.FIFO_INST/XPM_FIFO_ASYNC_INST/gnuram_async_fifo.xpm_fifo_base_inst/gen_cdc_pntr.wr_pntr_cdc_inst/src_gray_ff_reg[6]/Q
                         net (fo=1, routed)           1.143     1.599    npu_system_i/vid_in/inst/COUPLER_INST/generate_async_fifo.FIFO_INST/XPM_FIFO_ASYNC_INST/gnuram_async_fifo.xpm_fifo_base_inst/gen_cdc_pntr.wr_pntr_cdc_inst/async_path[6]
    SLICE_X53Y54         FDRE                                         r  npu_system_i/vid_in/inst/COUPLER_INST/generate_async_fifo.FIFO_INST/XPM_FIFO_ASYNC_INST/gnuram_async_fifo.xpm_fifo_base_inst/gen_cdc_pntr.wr_pntr_cdc_inst/dest_graysync_ff_reg[0][6]/D
  -------------------------------------------------------------------    -------------------

                         max delay                 1000.000  1000.000    
    SLICE_X53Y54         FDRE (Setup_fdre_C_D)       -0.095   999.905    npu_system_i/vid_in/inst/COUPLER_INST/generate_async_fifo.FIFO_INST/XPM_FIFO_ASYNC_INST/gnuram_async_fifo.xpm_fifo_base_inst/gen_cdc_pntr.wr_pntr_cdc_inst/dest_graysync_ff_reg[0][6]
  -------------------------------------------------------------------
                         required time                        999.905    
                         arrival time                          -1.599    
  -------------------------------------------------------------------
                         slack                                998.306    

Slack (MET) :             998.351ns  (required time - arrival time)
  Source:                 npu_system_i/vid_in/inst/COUPLER_INST/generate_async_fifo.FIFO_INST/XPM_FIFO_ASYNC_INST/gnuram_async_fifo.xpm_fifo_base_inst/gen_cdc_pntr.wr_pntr_cdc_inst/src_gray_ff_reg[4]/C
                            (rising edge-triggered cell FDRE)
  Destination:            npu_system_i/vid_in/inst/COUPLER_INST/generate_async_fifo.FIFO_INST/XPM_FIFO_ASYNC_INST/gnuram_async_fifo.xpm_fifo_base_inst/gen_cdc_pntr.wr_pntr_cdc_inst/dest_graysync_ff_reg[0][4]/D
                            (rising edge-triggered cell FDRE clocked by clk_fpga_0  {rise@0.000ns fall@4.000ns period=8.000ns})
  Path Group:             clk_fpga_0
  Path Type:              Setup (Max at Slow Process Corner)
  Requirement:            1000.000ns  (MaxDelay Path 1000.000ns)
  Data Path Delay:        1.554ns  (logic 0.456ns (29.338%)  route 1.098ns (70.662%))
  Logic Levels:           1  (FDRE=1)
  Timing Exception:       MaxDelay Path 1000.000ns -datapath_only

    Location             Delay type                Incr(ns)  Path(ns)    Netlist Resource(s)
  -------------------------------------------------------------------    -------------------
    SLICE_X88Y71         FDRE                         0.000     0.000 r  npu_system_i/vid_in/inst/COUPLER_INST/generate_async_fifo.FIFO_INST/XPM_FIFO_ASYNC_INST/gnuram_async_fifo.xpm_fifo_base_inst/gen_cdc_pntr.wr_pntr_cdc_inst/src_gray_ff_reg[4]/C
    SLICE_X88Y71         FDRE (Prop_fdre_C_Q)         0.456     0.456 r  npu_system_i/vid_in/inst/COUPLER_INST/generate_async_fifo.FIFO_INST/XPM_FIFO_ASYNC_INST/gnuram_async_fifo.xpm_fifo_base_inst/gen_cdc_pntr.wr_pntr_cdc_inst/src_gray_ff_reg[4]/Q
                         net (fo=1, routed)           1.098     1.554    npu_system_i/vid_in/inst/COUPLER_INST/generate_async_fifo.FIFO_INST/XPM_FIFO_ASYNC_INST/gnuram_async_fifo.xpm_fifo_base_inst/gen_cdc_pntr.wr_pntr_cdc_inst/async_path[4]
    SLICE_X88Y55         FDRE                                         r  npu_system_i/vid_in/inst/COUPLER_INST/generate_async_fifo.FIFO_INST/XPM_FIFO_ASYNC_INST/gnuram_async_fifo.xpm_fifo_base_inst/gen_cdc_pntr.wr_pntr_cdc_inst/dest_graysync_ff_reg[0][4]/D
  -------------------------------------------------------------------    -------------------

                         max delay                 1000.000  1000.000    
    SLICE_X88Y55         FDRE (Setup_fdre_C_D)       -0.095   999.905    npu_system_i/vid_in/inst/COUPLER_INST/generate_async_fifo.FIFO_INST/XPM_FIFO_ASYNC_INST/gnuram_async_fifo.xpm_fifo_base_inst/gen_cdc_pntr.wr_pntr_cdc_inst/dest_graysync_ff_reg[0][4]
  -------------------------------------------------------------------
                         required time                        999.905    
                         arrival time                          -1.554    
  -------------------------------------------------------------------
                         slack                                998.351    

Slack (MET) :             998.373ns  (required time - arrival time)
  Source:                 npu_system_i/vid_in/inst/COUPLER_INST/generate_async_fifo.FIFO_INST/XPM_FIFO_ASYNC_INST/gnuram_async_fifo.xpm_fifo_base_inst/gen_cdc_pntr.wr_pntr_cdc_inst/src_gray_ff_reg[0]/C
                            (rising edge-triggered cell FDRE)
  Destination:            npu_system_i/vid_in/inst/COUPLER_INST/generate_async_fifo.FIFO_INST/XPM_FIFO_ASYNC_INST/gnuram_async_fifo.xpm_fifo_base_inst/gen_cdc_pntr.wr_pntr_cdc_inst/dest_graysync_ff_reg[0][0]/D
                            (rising edge-triggered cell FDRE clocked by clk_fpga_0  {rise@0.000ns fall@4.000ns period=8.000ns})
  Path Group:             clk_fpga_0
  Path Type:              Setup (Max at Slow Process Corner)
  Requirement:            1000.000ns  (MaxDelay Path 1000.000ns)
  Data Path Delay:        1.532ns  (logic 0.456ns (29.769%)  route 1.076ns (70.231%))
  Logic Levels:           1  (FDRE=1)
  Timing Exception:       MaxDelay Path 1000.000ns -datapath_only

    Location             Delay type                Incr(ns)  Path(ns)    Netlist Resource(s)
  -------------------------------------------------------------------    -------------------
    SLICE_X83Y57         FDRE                         0.000     0.000 r  npu_system_i/vid_in/inst/COUPLER_INST/generate_async_fifo.FIFO_INST/XPM_FIFO_ASYNC_INST/gnuram_async_fifo.xpm_fifo_base_inst/gen_cdc_pntr.wr_pntr_cdc_inst/src_gray_ff_reg[0]/C
    SLICE_X83Y57         FDRE (Prop_fdre_C_Q)         0.456     0.456 r  npu_system_i/vid_in/inst/COUPLER_INST/generate_async_fifo.FIFO_INST/XPM_FIFO_ASYNC_INST/gnuram_async_fifo.xpm_fifo_base_inst/gen_cdc_pntr.wr_pntr_cdc_inst/src_gray_ff_reg[0]/Q
                         net (fo=1, routed)           1.076     1.532    npu_system_i/vid_in/inst/COUPLER_INST/generate_async_fifo.FIFO_INST/XPM_FIFO_ASYNC_INST/gnuram_async_fifo.xpm_fifo_base_inst/gen_cdc_pntr.wr_pntr_cdc_inst/async_path[0]
    SLICE_X89Y51         FDRE                                         r  npu_system_i/vid_in/inst/COUPLER_INST/generate_async_fifo.FIFO_INST/XPM_FIFO_ASYNC_INST/gnuram_async_fifo.xpm_fifo_base_inst/gen_cdc_pntr.wr_pntr_cdc_inst/dest_graysync_ff_reg[0][0]/D
  -------------------------------------------------------------------    -------------------

                         max delay                 1000.000  1000.000    
    SLICE_X89Y51         FDRE (Setup_fdre_C_D)       -0.095   999.905    npu_system_i/vid_in/inst/COUPLER_INST/generate_async_fifo.FIFO_INST/XPM_FIFO_ASYNC_INST/gnuram_async_fifo.xpm_fifo_base_inst/gen_cdc_pntr.wr_pntr_cdc_inst/dest_graysync_ff_reg[0][0]
  -------------------------------------------------------------------
                         required time                        999.905    
                         arrival time                          -1.532    
  -------------------------------------------------------------------
                         slack                                998.373    

Slack (MET) :             998.475ns  (required time - arrival time)
  Source:                 npu_system_i/vid_in/inst/COUPLER_INST/generate_async_fifo.FIFO_INST/XPM_FIFO_ASYNC_INST/gnuram_async_fifo.xpm_fifo_base_inst/gen_cdc_pntr.wr_pntr_cdc_inst/src_gray_ff_reg[9]/C
                            (rising edge-triggered cell FDRE)
  Destination:            npu_system_i/vid_in/inst/COUPLER_INST/generate_async_fifo.FIFO_INST/XPM_FIFO_ASYNC_INST/gnuram_async_fifo.xpm_fifo_base_inst/gen_cdc_pntr.wr_pntr_cdc_inst/dest_graysync_ff_reg[0][9]/D
                            (rising edge-triggered cell FDRE clocked by clk_fpga_0  {rise@0.000ns fall@4.000ns period=8.000ns})
  Path Group:             clk_fpga_0
  Path Type:              Setup (Max at Slow Process Corner)
  Requirement:            1000.000ns  (MaxDelay Path 1000.000ns)
  Data Path Delay:        1.430ns  (logic 0.456ns (31.889%)  route 0.974ns (68.111%))
  Logic Levels:           1  (FDRE=1)
  Timing Exception:       MaxDelay Path 1000.000ns -datapath_only

    Location             Delay type                Incr(ns)  Path(ns)    Netlist Resource(s)
  -------------------------------------------------------------------    -------------------
    SLICE_X88Y71         FDRE                         0.000     0.000 r  npu_system_i/vid_in/inst/COUPLER_INST/generate_async_fifo.FIFO_INST/XPM_FIFO_ASYNC_INST/gnuram_async_fifo.xpm_fifo_base_inst/gen_cdc_pntr.wr_pntr_cdc_inst/src_gray_ff_reg[9]/C
    SLICE_X88Y71         FDRE (Prop_fdre_C_Q)         0.456     0.456 r  npu_system_i/vid_in/inst/COUPLER_INST/generate_async_fifo.FIFO_INST/XPM_FIFO_ASYNC_INST/gnuram_async_fifo.xpm_fifo_base_inst/gen_cdc_pntr.wr_pntr_cdc_inst/src_gray_ff_reg[9]/Q
                         net (fo=1, routed)           0.974     1.430    npu_system_i/vid_in/inst/COUPLER_INST/generate_async_fifo.FIFO_INST/XPM_FIFO_ASYNC_INST/gnuram_async_fifo.xpm_fifo_base_inst/gen_cdc_pntr.wr_pntr_cdc_inst/async_path[9]
    SLICE_X89Y62         FDRE                                         r  npu_system_i/vid_in/inst/COUPLER_INST/generate_async_fifo.FIFO_INST/XPM_FIFO_ASYNC_INST/gnuram_async_fifo.xpm_fifo_base_inst/gen_cdc_pntr.wr_pntr_cdc_inst/dest_graysync_ff_reg[0][9]/D
  -------------------------------------------------------------------    -------------------

                         max delay                 1000.000  1000.000    
    SLICE_X89Y62         FDRE (Setup_fdre_C_D)       -0.095   999.905    npu_system_i/vid_in/inst/COUPLER_INST/generate_async_fifo.FIFO_INST/XPM_FIFO_ASYNC_INST/gnuram_async_fifo.xpm_fifo_base_inst/gen_cdc_pntr.wr_pntr_cdc_inst/dest_graysync_ff_reg[0][9]
  -------------------------------------------------------------------
                         required time                        999.905    
                         arrival time                          -1.430    
  -------------------------------------------------------------------
                         slack                                998.475    

Slack (MET) :             998.513ns  (required time - arrival time)
  Source:                 npu_system_i/vid_out/inst/COUPLER_INST/generate_async_fifo.FIFO_INST/XPM_FIFO_ASYNC_INST/gnuram_async_fifo.xpm_fifo_base_inst/gen_cdc_pntr.rd_pntr_cdc_inst/src_gray_ff_reg[3]/C
                            (rising edge-triggered cell FDRE)
  Destination:            npu_system_i/vid_out/inst/COUPLER_INST/generate_async_fifo.FIFO_INST/XPM_FIFO_ASYNC_INST/gnuram_async_fifo.xpm_fifo_base_inst/gen_cdc_pntr.rd_pntr_cdc_inst/dest_graysync_ff_reg[0][3]/D
                            (rising edge-triggered cell FDRE clocked by clk_fpga_0  {rise@0.000ns fall@4.000ns period=8.000ns})
  Path Group:             clk_fpga_0
  Path Type:              Setup (Max at Slow Process Corner)
  Requirement:            1000.000ns  (MaxDelay Path 1000.000ns)
  Data Path Delay:        1.217ns  (logic 0.478ns (39.271%)  route 0.739ns (60.729%))
  Logic Levels:           1  (FDRE=1)
  Timing Exception:       MaxDelay Path 1000.000ns -datapath_only

    Location             Delay type                Incr(ns)  Path(ns)    Netlist Resource(s)
  -------------------------------------------------------------------    -------------------
    SLICE_X46Y141        FDRE                         0.000     0.000 r  npu_system_i/vid_out/inst/COUPLER_INST/generate_async_fifo.FIFO_INST/XPM_FIFO_ASYNC_INST/gnuram_async_fifo.xpm_fifo_base_inst/gen_cdc_pntr.rd_pntr_cdc_inst/src_gray_ff_reg[3]/C
    SLICE_X46Y141        FDRE (Prop_fdre_C_Q)         0.478     0.478 r  npu_system_i/vid_out/inst/COUPLER_INST/generate_async_fifo.FIFO_INST/XPM_FIFO_ASYNC_INST/gnuram_async_fifo.xpm_fifo_base_inst/gen_cdc_pntr.rd_pntr_cdc_inst/src_gray_ff_reg[3]/Q
                         net (fo=1, routed)           0.739     1.217    npu_system_i/vid_out/inst/COUPLER_INST/generate_async_fifo.FIFO_INST/XPM_FIFO_ASYNC_INST/gnuram_async_fifo.xpm_fifo_base_inst/gen_cdc_pntr.rd_pntr_cdc_inst/async_path[3]
    SLICE_X51Y139        FDRE                                         r  npu_system_i/vid_out/inst/COUPLER_INST/generate_async_fifo.FIFO_INST/XPM_FIFO_ASYNC_INST/gnuram_async_fifo.xpm_fifo_base_inst/gen_cdc_pntr.rd_pntr_cdc_inst/dest_graysync_ff_reg[0][3]/D
  -------------------------------------------------------------------    -------------------

                         max delay                 1000.000  1000.000    
    SLICE_X51Y139        FDRE (Setup_fdre_C_D)       -0.270   999.730    npu_system_i/vid_out/inst/COUPLER_INST/generate_async_fifo.FIFO_INST/XPM_FIFO_ASYNC_INST/gnuram_async_fifo.xpm_fifo_base_inst/gen_cdc_pntr.rd_pntr_cdc_inst/dest_graysync_ff_reg[0][3]
  -------------------------------------------------------------------
                         required time                        999.730    
                         arrival time                          -1.217    
  -------------------------------------------------------------------
                         slack                                998.513    

Slack (MET) :             998.529ns  (required time - arrival time)
  Source:                 npu_system_i/vid_in/inst/COUPLER_INST/generate_async_fifo.FIFO_INST/XPM_FIFO_ASYNC_INST/gnuram_async_fifo.xpm_fifo_base_inst/gen_cdc_pntr.wr_pntr_cdc_dc_inst/src_gray_ff_reg[7]/C
                            (rising edge-triggered cell FDRE)
  Destination:            npu_system_i/vid_in/inst/COUPLER_INST/generate_async_fifo.FIFO_INST/XPM_FIFO_ASYNC_INST/gnuram_async_fifo.xpm_fifo_base_inst/gen_cdc_pntr.wr_pntr_cdc_dc_inst/dest_graysync_ff_reg[0][7]/D
                            (rising edge-triggered cell FDRE clocked by clk_fpga_0  {rise@0.000ns fall@4.000ns period=8.000ns})
  Path Group:             clk_fpga_0
  Path Type:              Setup (Max at Slow Process Corner)
  Requirement:            1000.000ns  (MaxDelay Path 1000.000ns)
  Data Path Delay:        1.204ns  (logic 0.419ns (34.804%)  route 0.785ns (65.196%))
  Logic Levels:           1  (FDRE=1)
  Timing Exception:       MaxDelay Path 1000.000ns -datapath_only

    Location             Delay type                Incr(ns)  Path(ns)    Netlist Resource(s)
  -------------------------------------------------------------------    -------------------
    SLICE_X83Y53         FDRE                         0.000     0.000 r  npu_system_i/vid_in/inst/COUPLER_INST/generate_async_fifo.FIFO_INST/XPM_FIFO_ASYNC_INST/gnuram_async_fifo.xpm_fifo_base_inst/gen_cdc_pntr.wr_pntr_cdc_dc_inst/src_gray_ff_reg[7]/C
    SLICE_X83Y53         FDRE (Prop_fdre_C_Q)         0.419     0.419 r  npu_system_i/vid_in/inst/COUPLER_INST/generate_async_fifo.FIFO_INST/XPM_FIFO_ASYNC_INST/gnuram_async_fifo.xpm_fifo_base_inst/gen_cdc_pntr.wr_pntr_cdc_dc_inst/src_gray_ff_reg[7]/Q
                         net (fo=1, routed)           0.785     1.204    npu_system_i/vid_in/inst/COUPLER_INST/generate_async_fifo.FIFO_INST/XPM_FIFO_ASYNC_INST/gnuram_async_fifo.xpm_fifo_base_inst/gen_cdc_pntr.wr_pntr_cdc_dc_inst/async_path[7]
    SLICE_X67Y51         FDRE                                         r  npu_system_i/vid_in/inst/COUPLER_INST/generate_async_fifo.FIFO_INST/XPM_FIFO_ASYNC_INST/gnuram_async_fifo.xpm_fifo_base_inst/gen_cdc_pntr.wr_pntr_cdc_dc_inst/dest_graysync_ff_reg[0][7]/D
  -------------------------------------------------------------------    -------------------

                         max delay                 1000.000  1000.000    
    SLICE_X67Y51         FDRE (Setup_fdre_C_D)       -0.267   999.733    npu_system_i/vid_in/inst/COUPLER_INST/generate_async_fifo.FIFO_INST/XPM_FIFO_ASYNC_INST/gnuram_async_fifo.xpm_fifo_base_inst/gen_cdc_pntr.wr_pntr_cdc_dc_inst/dest_graysync_ff_reg[0][7]
  -------------------------------------------------------------------
                         required time                        999.733    
                         arrival time                          -1.204    
  -------------------------------------------------------------------
                         slack                                998.529    

Slack (MET) :             998.545ns  (required time - arrival time)
  Source:                 npu_system_i/vid_out/inst/COUPLER_INST/generate_async_fifo.FIFO_INST/XPM_FIFO_ASYNC_INST/gnuram_async_fifo.xpm_fifo_base_inst/gen_cdc_pntr.rd_pntr_cdc_inst/src_gray_ff_reg[1]/C
                            (rising edge-triggered cell FDRE)
  Destination:            npu_system_i/vid_out/inst/COUPLER_INST/generate_async_fifo.FIFO_INST/XPM_FIFO_ASYNC_INST/gnuram_async_fifo.xpm_fifo_base_inst/gen_cdc_pntr.rd_pntr_cdc_inst/dest_graysync_ff_reg[0][1]/D
                            (rising edge-triggered cell FDRE clocked by clk_fpga_0  {rise@0.000ns fall@4.000ns period=8.000ns})
  Path Group:             clk_fpga_0
  Path Type:              Setup (Max at Slow Process Corner)
  Requirement:            1000.000ns  (MaxDelay Path 1000.000ns)
  Data Path Delay:        1.188ns  (logic 0.419ns (35.260%)  route 0.769ns (64.740%))
  Logic Levels:           1  (FDRE=1)
  Timing Exception:       MaxDelay Path 1000.000ns -datapath_only

    Location             Delay type                Incr(ns)  Path(ns)    Netlist Resource(s)
  -------------------------------------------------------------------    -------------------
    SLICE_X41Y141        FDRE                         0.000     0.000 r  npu_system_i/vid_out/inst/COUPLER_INST/generate_async_fifo.FIFO_INST/XPM_FIFO_ASYNC_INST/gnuram_async_fifo.xpm_fifo_base_inst/gen_cdc_pntr.rd_pntr_cdc_inst/src_gray_ff_reg[1]/C
    SLICE_X41Y141        FDRE (Prop_fdre_C_Q)         0.419     0.419 r  npu_system_i/vid_out/inst/COUPLER_INST/generate_async_fifo.FIFO_INST/XPM_FIFO_ASYNC_INST/gnuram_async_fifo.xpm_fifo_base_inst/gen_cdc_pntr.rd_pntr_cdc_inst/src_gray_ff_reg[1]/Q
                         net (fo=1, routed)           0.769     1.188    npu_system_i/vid_out/inst/COUPLER_INST/generate_async_fifo.FIFO_INST/XPM_FIFO_ASYNC_INST/gnuram_async_fifo.xpm_fifo_base_inst/gen_cdc_pntr.rd_pntr_cdc_inst/async_path[1]
    SLICE_X51Y139        FDRE                                         r  npu_system_i/vid_out/inst/COUPLER_INST/generate_async_fifo.FIFO_INST/XPM_FIFO_ASYNC_INST/gnuram_async_fifo.xpm_fifo_base_inst/gen_cdc_pntr.rd_pntr_cdc_inst/dest_graysync_ff_reg[0][1]/D
  -------------------------------------------------------------------    -------------------

                         max delay                 1000.000  1000.000    
    SLICE_X51Y139        FDRE (Setup_fdre_C_D)       -0.267   999.733    npu_system_i/vid_out/inst/COUPLER_INST/generate_async_fifo.FIFO_INST/XPM_FIFO_ASYNC_INST/gnuram_async_fifo.xpm_fifo_base_inst/gen_cdc_pntr.rd_pntr_cdc_inst/dest_graysync_ff_reg[0][1]
  -------------------------------------------------------------------
                         required time                        999.733    
                         arrival time                          -1.188    
  -------------------------------------------------------------------
                         slack                                998.545    

Slack (MET) :             998.582ns  (required time - arrival time)
  Source:                 npu_system_i/vid_out/inst/COUPLER_INST/generate_async_fifo.FIFO_INST/XPM_FIFO_ASYNC_INST/gnuram_async_fifo.xpm_fifo_base_inst/gen_cdc_pntr.rd_pntr_cdc_dc_inst/src_gray_ff_reg[4]/C
                            (rising edge-triggered cell FDRE)
  Destination:            npu_system_i/vid_out/inst/COUPLER_INST/generate_async_fifo.FIFO_INST/XPM_FIFO_ASYNC_INST/gnuram_async_fifo.xpm_fifo_base_inst/gen_cdc_pntr.rd_pntr_cdc_dc_inst/dest_graysync_ff_reg[0][4]/D
                            (rising edge-triggered cell FDRE clocked by clk_fpga_0  {rise@0.000ns fall@4.000ns period=8.000ns})
  Path Group:             clk_fpga_0
  Path Type:              Setup (Max at Slow Process Corner)
  Requirement:            1000.000ns  (MaxDelay Path 1000.000ns)
  Data Path Delay:        1.373ns  (logic 0.518ns (37.727%)  route 0.855ns (62.273%))
  Logic Levels:           1  (FDRE=1)
  Timing Exception:       MaxDelay Path 1000.000ns -datapath_only

    Location             Delay type                Incr(ns)  Path(ns)    Netlist Resource(s)
  -------------------------------------------------------------------    -------------------
    SLICE_X46Y141        FDRE                         0.000     0.000 r  npu_system_i/vid_out/inst/COUPLER_INST/generate_async_fifo.FIFO_INST/XPM_FIFO_ASYNC_INST/gnuram_async_fifo.xpm_fifo_base_inst/gen_cdc_pntr.rd_pntr_cdc_dc_inst/src_gray_ff_reg[4]/C
    SLICE_X46Y141        FDRE (Prop_fdre_C_Q)         0.518     0.518 r  npu_system_i/vid_out/inst/COUPLER_INST/generate_async_fifo.FIFO_INST/XPM_FIFO_ASYNC_INST/gnuram_async_fifo.xpm_fifo_base_inst/gen_cdc_pntr.rd_pntr_cdc_dc_inst/src_gray_ff_reg[4]/Q
                         net (fo=1, routed)           0.855     1.373    npu_system_i/vid_out/inst/COUPLER_INST/generate_async_fifo.FIFO_INST/XPM_FIFO_ASYNC_INST/gnuram_async_fifo.xpm_fifo_base_inst/gen_cdc_pntr.rd_pntr_cdc_dc_inst/async_path[4]
    SLICE_X54Y136        FDRE                                         r  npu_system_i/vid_out/inst/COUPLER_INST/generate_async_fifo.FIFO_INST/XPM_FIFO_ASYNC_INST/gnuram_async_fifo.xpm_fifo_base_inst/gen_cdc_pntr.rd_pntr_cdc_dc_inst/dest_graysync_ff_reg[0][4]/D
  -------------------------------------------------------------------    -------------------

                         max delay                 1000.000  1000.000    
    SLICE_X54Y136        FDRE (Setup_fdre_C_D)       -0.045   999.955    npu_system_i/vid_out/inst/COUPLER_INST/generate_async_fifo.FIFO_INST/XPM_FIFO_ASYNC_INST/gnuram_async_fifo.xpm_fifo_base_inst/gen_cdc_pntr.rd_pntr_cdc_dc_inst/dest_graysync_ff_reg[0][4]
  -------------------------------------------------------------------
                         required time                        999.955    
                         arrival time                          -1.373    
  -------------------------------------------------------------------
                         slack                                998.582    

Slack (MET) :             998.614ns  (required time - arrival time)
  Source:                 npu_system_i/vid_out/inst/COUPLER_INST/generate_async_fifo.FIFO_INST/XPM_FIFO_ASYNC_INST/gnuram_async_fifo.xpm_fifo_base_inst/gen_cdc_pntr.rd_pntr_cdc_inst/src_gray_ff_reg[7]/C
                            (rising edge-triggered cell FDRE)
  Destination:            npu_system_i/vid_out/inst/COUPLER_INST/generate_async_fifo.FIFO_INST/XPM_FIFO_ASYNC_INST/gnuram_async_fifo.xpm_fifo_base_inst/gen_cdc_pntr.rd_pntr_cdc_inst/dest_graysync_ff_reg[0][7]/D
                            (rising edge-triggered cell FDRE clocked by clk_fpga_0  {rise@0.000ns fall@4.000ns period=8.000ns})
  Path Group:             clk_fpga_0
  Path Type:              Setup (Max at Slow Process Corner)
  Requirement:            1000.000ns  (MaxDelay Path 1000.000ns)
  Data Path Delay:        1.170ns  (logic 0.478ns (40.842%)  route 0.692ns (59.158%))
  Logic Levels:           1  (FDRE=1)
  Timing Exception:       MaxDelay Path 1000.000ns -datapath_only

    Location             Delay type                Incr(ns)  Path(ns)    Netlist Resource(s)
  -------------------------------------------------------------------    -------------------
    SLICE_X42Y142        FDRE                         0.000     0.000 r  npu_system_i/vid_out/inst/COUPLER_INST/generate_async_fifo.FIFO_INST/XPM_FIFO_ASYNC_INST/gnuram_async_fifo.xpm_fifo_base_inst/gen_cdc_pntr.rd_pntr_cdc_inst/src_gray_ff_reg[7]/C
    SLICE_X42Y142        FDRE (Prop_fdre_C_Q)         0.478     0.478 r  npu_system_i/vid_out/inst/COUPLER_INST/generate_async_fifo.FIFO_INST/XPM_FIFO_ASYNC_INST/gnuram_async_fifo.xpm_fifo_base_inst/gen_cdc_pntr.rd_pntr_cdc_inst/src_gray_ff_reg[7]/Q
                         net (fo=1, routed)           0.692     1.170    npu_system_i/vid_out/inst/COUPLER_INST/generate_async_fifo.FIFO_INST/XPM_FIFO_ASYNC_INST/gnuram_async_fifo.xpm_fifo_base_inst/gen_cdc_pntr.rd_pntr_cdc_inst/async_path[7]
    SLICE_X50Y141        FDRE                                         r  npu_system_i/vid_out/inst/COUPLER_INST/generate_async_fifo.FIFO_INST/XPM_FIFO_ASYNC_INST/gnuram_async_fifo.xpm_fifo_base_inst/gen_cdc_pntr.rd_pntr_cdc_inst/dest_graysync_ff_reg[0][7]/D
  -------------------------------------------------------------------    -------------------

                         max delay                 1000.000  1000.000    
    SLICE_X50Y141        FDRE (Setup_fdre_C_D)       -0.216   999.784    npu_system_i/vid_out/inst/COUPLER_INST/generate_async_fifo.FIFO_INST/XPM_FIFO_ASYNC_INST/gnuram_async_fifo.xpm_fifo_base_inst/gen_cdc_pntr.rd_pntr_cdc_inst/dest_graysync_ff_reg[0][7]
  -------------------------------------------------------------------
                         required time                        999.784    
                         arrival time                          -1.170    
  -------------------------------------------------------------------
                         slack                                998.614    

Slack (MET) :             998.645ns  (required time - arrival time)
  Source:                 npu_system_i/vid_out/inst/COUPLER_INST/generate_async_fifo.FIFO_INST/XPM_FIFO_ASYNC_INST/gnuram_async_fifo.xpm_fifo_base_inst/gen_cdc_pntr.rd_pntr_cdc_inst/src_gray_ff_reg[6]/C
                            (rising edge-triggered cell FDRE)
  Destination:            npu_system_i/vid_out/inst/COUPLER_INST/generate_async_fifo.FIFO_INST/XPM_FIFO_ASYNC_INST/gnuram_async_fifo.xpm_fifo_base_inst/gen_cdc_pntr.rd_pntr_cdc_inst/dest_graysync_ff_reg[0][6]/D
                            (rising edge-triggered cell FDRE clocked by clk_fpga_0  {rise@0.000ns fall@4.000ns period=8.000ns})
  Path Group:             clk_fpga_0
  Path Type:              Setup (Max at Slow Process Corner)
  Requirement:            1000.000ns  (MaxDelay Path 1000.000ns)
  Data Path Delay:        1.310ns  (logic 0.518ns (39.539%)  route 0.792ns (60.461%))
  Logic Levels:           1  (FDRE=1)
  Timing Exception:       MaxDelay Path 1000.000ns -datapath_only

    Location             Delay type                Incr(ns)  Path(ns)    Netlist Resource(s)
  -------------------------------------------------------------------    -------------------
    SLICE_X42Y142        FDRE                         0.000     0.000 r  npu_system_i/vid_out/inst/COUPLER_INST/generate_async_fifo.FIFO_INST/XPM_FIFO_ASYNC_INST/gnuram_async_fifo.xpm_fifo_base_inst/gen_cdc_pntr.rd_pntr_cdc_inst/src_gray_ff_reg[6]/C
    SLICE_X42Y142        FDRE (Prop_fdre_C_Q)         0.518     0.518 r  npu_system_i/vid_out/inst/COUPLER_INST/generate_async_fifo.FIFO_INST/XPM_FIFO_ASYNC_INST/gnuram_async_fifo.xpm_fifo_base_inst/gen_cdc_pntr.rd_pntr_cdc_inst/src_gray_ff_reg[6]/Q
                         net (fo=1, routed)           0.792     1.310    npu_system_i/vid_out/inst/COUPLER_INST/generate_async_fifo.FIFO_INST/XPM_FIFO_ASYNC_INST/gnuram_async_fifo.xpm_fifo_base_inst/gen_cdc_pntr.rd_pntr_cdc_inst/async_path[6]
    SLICE_X34Y143        FDRE                                         r  npu_system_i/vid_out/inst/COUPLER_INST/generate_async_fifo.FIFO_INST/XPM_FIFO_ASYNC_INST/gnuram_async_fifo.xpm_fifo_base_inst/gen_cdc_pntr.rd_pntr_cdc_inst/dest_graysync_ff_reg[0][6]/D
  -------------------------------------------------------------------    -------------------

                         max delay                 1000.000  1000.000    
    SLICE_X34Y143        FDRE (Setup_fdre_C_D)       -0.045   999.955    npu_system_i/vid_out/inst/COUPLER_INST/generate_async_fifo.FIFO_INST/XPM_FIFO_ASYNC_INST/gnuram_async_fifo.xpm_fifo_base_inst/gen_cdc_pntr.rd_pntr_cdc_inst/dest_graysync_ff_reg[0][6]
  -------------------------------------------------------------------
                         required time                        999.955    
                         arrival time                          -1.310    
  -------------------------------------------------------------------
                         slack                                998.645    

Slack (MET) :             998.658ns  (required time - arrival time)
  Source:                 npu_system_i/vid_in/inst/COUPLER_INST/generate_async_fifo.FIFO_INST/XPM_FIFO_ASYNC_INST/gnuram_async_fifo.xpm_fifo_base_inst/gen_cdc_pntr.wr_pntr_cdc_dc_inst/src_gray_ff_reg[0]/C
                            (rising edge-triggered cell FDRE)
  Destination:            npu_system_i/vid_in/inst/COUPLER_INST/generate_async_fifo.FIFO_INST/XPM_FIFO_ASYNC_INST/gnuram_async_fifo.xpm_fifo_base_inst/gen_cdc_pntr.wr_pntr_cdc_dc_inst/dest_graysync_ff_reg[0][0]/D
                            (rising edge-triggered cell FDRE clocked by clk_fpga_0  {rise@0.000ns fall@4.000ns period=8.000ns})
  Path Group:             clk_fpga_0
  Path Type:              Setup (Max at Slow Process Corner)
  Requirement:            1000.000ns  (MaxDelay Path 1000.000ns)
  Data Path Delay:        1.295ns  (logic 0.456ns (35.219%)  route 0.839ns (64.781%))
  Logic Levels:           1  (FDRE=1)
  Timing Exception:       MaxDelay Path 1000.000ns -datapath_only

    Location             Delay type                Incr(ns)  Path(ns)    Netlist Resource(s)
  -------------------------------------------------------------------    -------------------
    SLICE_X83Y57         FDRE                         0.000     0.000 r  npu_system_i/vid_in/inst/COUPLER_INST/generate_async_fifo.FIFO_INST/XPM_FIFO_ASYNC_INST/gnuram_async_fifo.xpm_fifo_base_inst/gen_cdc_pntr.wr_pntr_cdc_dc_inst/src_gray_ff_reg[0]/C
    SLICE_X83Y57         FDRE (Prop_fdre_C_Q)         0.456     0.456 r  npu_system_i/vid_in/inst/COUPLER_INST/generate_async_fifo.FIFO_INST/XPM_FIFO_ASYNC_INST/gnuram_async_fifo.xpm_fifo_base_inst/gen_cdc_pntr.wr_pntr_cdc_dc_inst/src_gray_ff_reg[0]/Q
                         net (fo=1, routed)           0.839     1.295    npu_system_i/vid_in/inst/COUPLER_INST/generate_async_fifo.FIFO_INST/XPM_FIFO_ASYNC_INST/gnuram_async_fifo.xpm_fifo_base_inst/gen_cdc_pntr.wr_pntr_cdc_dc_inst/async_path[0]
    SLICE_X90Y58         FDRE                                         r  npu_system_i/vid_in/inst/COUPLER_INST/generate_async_fifo.FIFO_INST/XPM_FIFO_ASYNC_INST/gnuram_async_fifo.xpm_fifo_base_inst/gen_cdc_pntr.wr_pntr_cdc_dc_inst/dest_graysync_ff_reg[0][0]/D
  -------------------------------------------------------------------    -------------------

                         max delay                 1000.000  1000.000    
    SLICE_X90Y58         FDRE (Setup_fdre_C_D)       -0.047   999.953    npu_system_i/vid_in/inst/COUPLER_INST/generate_async_fifo.FIFO_INST/XPM_FIFO_ASYNC_INST/gnuram_async_fifo.xpm_fifo_base_inst/gen_cdc_pntr.wr_pntr_cdc_dc_inst/dest_graysync_ff_reg[0][0]
  -------------------------------------------------------------------
                         required time                        999.953    
                         arrival time                          -1.295    
  -------------------------------------------------------------------
                         slack                                998.658    

Slack (MET) :             998.665ns  (required time - arrival time)
  Source:                 npu_system_i/vid_out/inst/COUPLER_INST/generate_async_fifo.FIFO_INST/XPM_FIFO_ASYNC_INST/gnuram_async_fifo.xpm_fifo_base_inst/gen_cdc_pntr.rd_pntr_cdc_dc_inst/src_gray_ff_reg[5]/C
                            (rising edge-triggered cell FDRE)
  Destination:            npu_system_i/vid_out/inst/COUPLER_INST/generate_async_fifo.FIFO_INST/XPM_FIFO_ASYNC_INST/gnuram_async_fifo.xpm_fifo_base_inst/gen_cdc_pntr.rd_pntr_cdc_dc_inst/dest_graysync_ff_reg[0][5]/D
                            (rising edge-triggered cell FDRE clocked by clk_fpga_0  {rise@0.000ns fall@4.000ns period=8.000ns})
  Path Group:             clk_fpga_0
  Path Type:              Setup (Max at Slow Process Corner)
  Requirement:            1000.000ns  (MaxDelay Path 1000.000ns)
  Data Path Delay:        1.069ns  (logic 0.478ns (44.708%)  route 0.591ns (55.292%))
  Logic Levels:           1  (FDRE=1)
  Timing Exception:       MaxDelay Path 1000.000ns -datapath_only

    Location             Delay type                Incr(ns)  Path(ns)    Netlist Resource(s)
  -------------------------------------------------------------------    -------------------
    SLICE_X46Y141        FDRE                         0.000     0.000 r  npu_system_i/vid_out/inst/COUPLER_INST/generate_async_fifo.FIFO_INST/XPM_FIFO_ASYNC_INST/gnuram_async_fifo.xpm_fifo_base_inst/gen_cdc_pntr.rd_pntr_cdc_dc_inst/src_gray_ff_reg[5]/C
    SLICE_X46Y141        FDRE (Prop_fdre_C_Q)         0.478     0.478 r  npu_system_i/vid_out/inst/COUPLER_INST/generate_async_fifo.FIFO_INST/XPM_FIFO_ASYNC_INST/gnuram_async_fifo.xpm_fifo_base_inst/gen_cdc_pntr.rd_pntr_cdc_dc_inst/src_gray_ff_reg[5]/Q
                         net (fo=1, routed)           0.591     1.069    npu_system_i/vid_out/inst/COUPLER_INST/generate_async_fifo.FIFO_INST/XPM_FIFO_ASYNC_INST/gnuram_async_fifo.xpm_fifo_base_inst/gen_cdc_pntr.rd_pntr_cdc_dc_inst/async_path[5]
    SLICE_X53Y139        FDRE                                         r  npu_system_i/vid_out/inst/COUPLER_INST/generate_async_fifo.FIFO_INST/XPM_FIFO_ASYNC_INST/gnuram_async_fifo.xpm_fifo_base_inst/gen_cdc_pntr.rd_pntr_cdc_dc_inst/dest_graysync_ff_reg[0][5]/D
  -------------------------------------------------------------------    -------------------

                         max delay                 1000.000  1000.000    
    SLICE_X53Y139        FDRE (Setup_fdre_C_D)       -0.266   999.734    npu_system_i/vid_out/inst/COUPLER_INST/generate_async_fifo.FIFO_INST/XPM_FIFO_ASYNC_INST/gnuram_async_fifo.xpm_fifo_base_inst/gen_cdc_pntr.rd_pntr_cdc_dc_inst/dest_graysync_ff_reg[0][5]
  -------------------------------------------------------------------
                         required time                        999.734    
                         arrival time                          -1.069    
  -------------------------------------------------------------------
                         slack                                998.665    

Slack (MET) :             998.678ns  (required time - arrival time)
  Source:                 npu_system_i/vid_in/inst/COUPLER_INST/generate_async_fifo.FIFO_INST/XPM_FIFO_ASYNC_INST/gnuram_async_fifo.xpm_fifo_base_inst/gen_cdc_pntr.wr_pntr_cdc_inst/src_gray_ff_reg[3]/C
                            (rising edge-triggered cell FDRE)
  Destination:            npu_system_i/vid_in/inst/COUPLER_INST/generate_async_fifo.FIFO_INST/XPM_FIFO_ASYNC_INST/gnuram_async_fifo.xpm_fifo_base_inst/gen_cdc_pntr.wr_pntr_cdc_inst/dest_graysync_ff_reg[0][3]/D
                            (rising edge-triggered cell FDRE clocked by clk_fpga_0  {rise@0.000ns fall@4.000ns period=8.000ns})
  Path Group:             clk_fpga_0
  Path Type:              Setup (Max at Slow Process Corner)
  Requirement:            1000.000ns  (MaxDelay Path 1000.000ns)
  Data Path Delay:        1.054ns  (logic 0.419ns (39.752%)  route 0.635ns (60.248%))
  Logic Levels:           1  (FDRE=1)
  Timing Exception:       MaxDelay Path 1000.000ns -datapath_only

    Location             Delay type                Incr(ns)  Path(ns)    Netlist Resource(s)
  -------------------------------------------------------------------    -------------------
    SLICE_X83Y57         FDRE                         0.000     0.000 r  npu_system_i/vid_in/inst/COUPLER_INST/generate_async_fifo.FIFO_INST/XPM_FIFO_ASYNC_INST/gnuram_async_fifo.xpm_fifo_base_inst/gen_cdc_pntr.wr_pntr_cdc_inst/src_gray_ff_reg[3]/C
    SLICE_X83Y57         FDRE (Prop_fdre_C_Q)         0.419     0.419 r  npu_system_i/vid_in/inst/COUPLER_INST/generate_async_fifo.FIFO_INST/XPM_FIFO_ASYNC_INST/gnuram_async_fifo.xpm_fifo_base_inst/gen_cdc_pntr.wr_pntr_cdc_inst/src_gray_ff_reg[3]/Q
                         net (fo=1, routed)           0.635     1.054    npu_system_i/vid_in/inst/COUPLER_INST/generate_async_fifo.FIFO_INST/XPM_FIFO_ASYNC_INST/gnuram_async_fifo.xpm_fifo_base_inst/gen_cdc_pntr.wr_pntr_cdc_inst/async_path[3]
    SLICE_X89Y51         FDRE                                         r  npu_system_i/vid_in/inst/COUPLER_INST/generate_async_fifo.FIFO_INST/XPM_FIFO_ASYNC_INST/gnuram_async_fifo.xpm_fifo_base_inst/gen_cdc_pntr.wr_pntr_cdc_inst/dest_graysync_ff_reg[0][3]/D
  -------------------------------------------------------------------    -------------------

                         max delay                 1000.000  1000.000    
    SLICE_X89Y51         FDRE (Setup_fdre_C_D)       -0.268   999.732    npu_system_i/vid_in/inst/COUPLER_INST/generate_async_fifo.FIFO_INST/XPM_FIFO_ASYNC_INST/gnuram_async_fifo.xpm_fifo_base_inst/gen_cdc_pntr.wr_pntr_cdc_inst/dest_graysync_ff_reg[0][3]
  -------------------------------------------------------------------
                         required time                        999.732    
                         arrival time                          -1.054    
  -------------------------------------------------------------------
                         slack                                998.678    

Slack (MET) :             998.700ns  (required time - arrival time)
  Source:                 npu_system_i/vid_out/inst/COUPLER_INST/generate_async_fifo.FIFO_INST/XPM_FIFO_ASYNC_INST/gnuram_async_fifo.xpm_fifo_base_inst/gen_cdc_pntr.rd_pntr_cdc_inst/src_gray_ff_reg[5]/C
                            (rising edge-triggered cell FDRE)
  Destination:            npu_system_i/vid_out/inst/COUPLER_INST/generate_async_fifo.FIFO_INST/XPM_FIFO_ASYNC_INST/gnuram_async_fifo.xpm_fifo_base_inst/gen_cdc_pntr.rd_pntr_cdc_inst/dest_graysync_ff_reg[0][5]/D
                            (rising edge-triggered cell FDRE clocked by clk_fpga_0  {rise@0.000ns fall@4.000ns period=8.000ns})
  Path Group:             clk_fpga_0
  Path Type:              Setup (Max at Slow Process Corner)
  Requirement:            1000.000ns  (MaxDelay Path 1000.000ns)
  Data Path Delay:        1.081ns  (logic 0.478ns (44.232%)  route 0.603ns (55.768%))
  Logic Levels:           1  (FDRE=1)
  Timing Exception:       MaxDelay Path 1000.000ns -datapath_only

    Location             Delay type                Incr(ns)  Path(ns)    Netlist Resource(s)
  -------------------------------------------------------------------    -------------------
    SLICE_X46Y141        FDRE                         0.000     0.000 r  npu_system_i/vid_out/inst/COUPLER_INST/generate_async_fifo.FIFO_INST/XPM_FIFO_ASYNC_INST/gnuram_async_fifo.xpm_fifo_base_inst/gen_cdc_pntr.rd_pntr_cdc_inst/src_gray_ff_reg[5]/C
    SLICE_X46Y141        FDRE (Prop_fdre_C_Q)         0.478     0.478 r  npu_system_i/vid_out/inst/COUPLER_INST/generate_async_fifo.FIFO_INST/XPM_FIFO_ASYNC_INST/gnuram_async_fifo.xpm_fifo_base_inst/gen_cdc_pntr.rd_pntr_cdc_inst/src_gray_ff_reg[5]/Q
                         net (fo=1, routed)           0.603     1.081    npu_system_i/vid_out/inst/COUPLER_INST/generate_async_fifo.FIFO_INST/XPM_FIFO_ASYNC_INST/gnuram_async_fifo.xpm_fifo_base_inst/gen_cdc_pntr.rd_pntr_cdc_inst/async_path[5]
    SLICE_X50Y141        FDRE                                         r  npu_system_i/vid_out/inst/COUPLER_INST/generate_async_fifo.FIFO_INST/XPM_FIFO_ASYNC_INST/gnuram_async_fifo.xpm_fifo_base_inst/gen_cdc_pntr.rd_pntr_cdc_inst/dest_graysync_ff_reg[0][5]/D
  -------------------------------------------------------------------    -------------------

                         max delay                 1000.000  1000.000    
    SLICE_X50Y141        FDRE (Setup_fdre_C_D)       -0.219   999.781    npu_system_i/vid_out/inst/COUPLER_INST/generate_async_fifo.FIFO_INST/XPM_FIFO_ASYNC_INST/gnuram_async_fifo.xpm_fifo_base_inst/gen_cdc_pntr.rd_pntr_cdc_inst/dest_graysync_ff_reg[0][5]
  -------------------------------------------------------------------
                         required time                        999.781    
                         arrival time                          -1.081    
  -------------------------------------------------------------------
                         slack                                998.700    





---------------------------------------------------------------------------------------------------
Path Group:  **async_default**
From Clock:  clk_fpga_0
  To Clock:  clk_fpga_0

Setup :            0  Failing Endpoints,  Worst Slack        3.809ns,  Total Violation        0.000ns
Hold  :            0  Failing Endpoints,  Worst Slack        0.620ns,  Total Violation        0.000ns
---------------------------------------------------------------------------------------------------


Max Delay Paths
--------------------------------------------------------------------------------------
Slack (MET) :             3.809ns  (required time - arrival time)
  Source:                 <hidden>
                            (rising edge-triggered cell FDPE clocked by clk_fpga_0  {rise@0.000ns fall@4.000ns period=8.000ns})
  Destination:            <hidden>
                            (recovery check against rising-edge clock clk_fpga_0  {rise@0.000ns fall@4.000ns period=8.000ns})
  Path Group:             **async_default**
  Path Type:              Recovery (Max at Slow Process Corner)
  Requirement:            8.000ns  (clk_fpga_0 rise@8.000ns - clk_fpga_0 rise@0.000ns)
  Data Path Delay:        3.556ns  (logic 0.776ns (21.825%)  route 2.780ns (78.175%))
  Logic Levels:           1  (LUT3=1)
  Clock Path Skew:        -0.151ns (DCD - SCD + CPR)
    Destination Clock Delay (DCD):    2.742ns = ( 10.743 - 8.000 ) 
    Source Clock Delay      (SCD):    3.123ns
    Clock Pessimism Removal (CPR):    0.230ns
  Clock Uncertainty:      0.125ns  ((TSJ^2 + TIJ^2)^1/2 + DJ) / 2 + PE
    Total System Jitter     (TSJ):    0.071ns
    Total Input Jitter      (TIJ):    0.240ns
    Discrete Jitter          (DJ):    0.000ns
    Phase Error              (PE):    0.000ns

    Location             Delay type                Incr(ns)  Path(ns)    Netlist Resource(s)
  -------------------------------------------------------------------    -------------------
                         (clock clk_fpga_0 rise edge)
                                                      0.000     0.000 r  
    PS7_X0Y0             PS7                          0.000     0.000 r  npu_system_i/ps7/inst/PS7_i/FCLKCLK[0]
                         net (fo=1, routed)           1.193     1.193    npu_system_i/ps7/inst/FCLK_CLK_unbuffered[0]
    BUFGCTRL_X0Y16       BUFG (Prop_bufg_I_O)         0.101     1.294 r  npu_system_i/ps7/inst/buffer_fclk_clk_0.FCLK_CLK_0_BUFG/O
                         net (fo=6213, routed)        1.829     3.123    <hidden>
    SLICE_X0Y32          FDPE                                         r  <hidden>
  -------------------------------------------------------------------    -------------------
    SLICE_X0Y32          FDPE (Prop_fdpe_C_Q)         0.478     3.601 f  <hidden>
                         net (fo=3, routed)           1.243     4.844    <hidden>
    SLICE_X6Y29          LUT3 (Prop_lut3_I2_O)        0.298     5.142 f  <hidden>
                         net (fo=32, routed)          1.537     6.679    <hidden>
    SLICE_X19Y25         FDPE                                         f  <hidden>
  -------------------------------------------------------------------    -------------------

                         (clock clk_fpga_0 rise edge)
                                                      8.000     8.000 r  
    PS7_X0Y0             PS7                          0.000     8.000 r  npu_system_i/ps7/inst/PS7_i/FCLKCLK[0]
                         net (fo=1, routed)           1.088     9.088    npu_system_i/ps7/inst/FCLK_CLK_unbuffered[0]
    BUFGCTRL_X0Y16       BUFG (Prop_bufg_I_O)         0.091     9.179 r  npu_system_i/ps7/inst/buffer_fclk_clk_0.FCLK_CLK_0_BUFG/O
                         net (fo=6213, routed)        1.563    10.743    <hidden>
    SLICE_X19Y25         FDPE                                         r  <hidden>
                         clock pessimism              0.230    10.972    
                         clock uncertainty           -0.125    10.847    
    SLICE_X19Y25         FDPE (Recov_fdpe_C_PRE)     -0.359    10.488    <hidden>
  -------------------------------------------------------------------
                         required time                         10.488    
                         arrival time                          -6.679    
  -------------------------------------------------------------------
                         slack                                  3.809    

Slack (MET) :             3.957ns  (required time - arrival time)
  Source:                 <hidden>
                            (rising edge-triggered cell FDPE clocked by clk_fpga_0  {rise@0.000ns fall@4.000ns period=8.000ns})
  Destination:            <hidden>
                            (recovery check against rising-edge clock clk_fpga_0  {rise@0.000ns fall@4.000ns period=8.000ns})
  Path Group:             **async_default**
  Path Type:              Recovery (Max at Slow Process Corner)
  Requirement:            8.000ns  (clk_fpga_0 rise@8.000ns - clk_fpga_0 rise@0.000ns)
  Data Path Delay:        3.492ns  (logic 0.776ns (22.221%)  route 2.716ns (77.779%))
  Logic Levels:           1  (LUT3=1)
  Clock Path Skew:        -0.021ns (DCD - SCD + CPR)
    Destination Clock Delay (DCD):    2.833ns = ( 10.833 - 8.000 ) 
    Source Clock Delay      (SCD):    3.123ns
    Clock Pessimism Removal (CPR):    0.269ns
  Clock Uncertainty:      0.125ns  ((TSJ^2 + TIJ^2)^1/2 + DJ) / 2 + PE
    Total System Jitter     (TSJ):    0.071ns
    Total Input Jitter      (TIJ):    0.240ns
    Discrete Jitter          (DJ):    0.000ns
    Phase Error              (PE):    0.000ns

    Location             Delay type                Incr(ns)  Path(ns)    Netlist Resource(s)
  -------------------------------------------------------------------    -------------------
                         (clock clk_fpga_0 rise edge)
                                                      0.000     0.000 r  
    PS7_X0Y0             PS7                          0.000     0.000 r  npu_system_i/ps7/inst/PS7_i/FCLKCLK[0]
                         net (fo=1, routed)           1.193     1.193    npu_system_i/ps7/inst/FCLK_CLK_unbuffered[0]
    BUFGCTRL_X0Y16       BUFG (Prop_bufg_I_O)         0.101     1.294 r  npu_system_i/ps7/inst/buffer_fclk_clk_0.FCLK_CLK_0_BUFG/O
                         net (fo=6213, routed)        1.829     3.123    <hidden>
    SLICE_X0Y32          FDPE                                         r  <hidden>
  -------------------------------------------------------------------    -------------------
    SLICE_X0Y32          FDPE (Prop_fdpe_C_Q)         0.478     3.601 f  <hidden>
                         net (fo=3, routed)           1.243     4.844    <hidden>
    SLICE_X6Y29          LUT3 (Prop_lut3_I2_O)        0.298     5.142 f  <hidden>
                         net (fo=32, routed)          1.474     6.615    <hidden>
    SLICE_X1Y36          FDCE                                         f  <hidden>
  -------------------------------------------------------------------    -------------------

                         (clock clk_fpga_0 rise edge)
                                                      8.000     8.000 r  
    PS7_X0Y0             PS7                          0.000     8.000 r  npu_system_i/ps7/inst/PS7_i/FCLKCLK[0]
                         net (fo=1, routed)           1.088     9.088    npu_system_i/ps7/inst/FCLK_CLK_unbuffered[0]
    BUFGCTRL_X0Y16       BUFG (Prop_bufg_I_O)         0.091     9.179 r  npu_system_i/ps7/inst/buffer_fclk_clk_0.FCLK_CLK_0_BUFG/O
                         net (fo=6213, routed)        1.654    10.833    <hidden>
    SLICE_X1Y36          FDCE                                         r  <hidden>
                         clock pessimism              0.269    11.102    
                         clock uncertainty           -0.125    10.977    
    SLICE_X1Y36          FDCE (Recov_fdce_C_CLR)     -0.405    10.572    <hidden>
  -------------------------------------------------------------------
                         required time                         10.572    
                         arrival time                          -6.615    
  -------------------------------------------------------------------
                         slack                                  3.957    

Slack (MET) :             3.957ns  (required time - arrival time)
  Source:                 <hidden>
                            (rising edge-triggered cell FDPE clocked by clk_fpga_0  {rise@0.000ns fall@4.000ns period=8.000ns})
  Destination:            <hidden>
                            (recovery check against rising-edge clock clk_fpga_0  {rise@0.000ns fall@4.000ns period=8.000ns})
  Path Group:             **async_default**
  Path Type:              Recovery (Max at Slow Process Corner)
  Requirement:            8.000ns  (clk_fpga_0 rise@8.000ns - clk_fpga_0 rise@0.000ns)
  Data Path Delay:        3.492ns  (logic 0.776ns (22.221%)  route 2.716ns (77.779%))
  Logic Levels:           1  (LUT3=1)
  Clock Path Skew:        -0.021ns (DCD - SCD + CPR)
    Destination Clock Delay (DCD):    2.833ns = ( 10.833 - 8.000 ) 
    Source Clock Delay      (SCD):    3.123ns
    Clock Pessimism Removal (CPR):    0.269ns
  Clock Uncertainty:      0.125ns  ((TSJ^2 + TIJ^2)^1/2 + DJ) / 2 + PE
    Total System Jitter     (TSJ):    0.071ns
    Total Input Jitter      (TIJ):    0.240ns
    Discrete Jitter          (DJ):    0.000ns
    Phase Error              (PE):    0.000ns

    Location             Delay type                Incr(ns)  Path(ns)    Netlist Resource(s)
  -------------------------------------------------------------------    -------------------
                         (clock clk_fpga_0 rise edge)
                                                      0.000     0.000 r  
    PS7_X0Y0             PS7                          0.000     0.000 r  npu_system_i/ps7/inst/PS7_i/FCLKCLK[0]
                         net (fo=1, routed)           1.193     1.193    npu_system_i/ps7/inst/FCLK_CLK_unbuffered[0]
    BUFGCTRL_X0Y16       BUFG (Prop_bufg_I_O)         0.101     1.294 r  npu_system_i/ps7/inst/buffer_fclk_clk_0.FCLK_CLK_0_BUFG/O
                         net (fo=6213, routed)        1.829     3.123    <hidden>
    SLICE_X0Y32          FDPE                                         r  <hidden>
  -------------------------------------------------------------------    -------------------
    SLICE_X0Y32          FDPE (Prop_fdpe_C_Q)         0.478     3.601 f  <hidden>
                         net (fo=3, routed)           1.243     4.844    <hidden>
    SLICE_X6Y29          LUT3 (Prop_lut3_I2_O)        0.298     5.142 f  <hidden>
                         net (fo=32, routed)          1.474     6.615    <hidden>
    SLICE_X1Y36          FDCE                                         f  <hidden>
  -------------------------------------------------------------------    -------------------

                         (clock clk_fpga_0 rise edge)
                                                      8.000     8.000 r  
    PS7_X0Y0             PS7                          0.000     8.000 r  npu_system_i/ps7/inst/PS7_i/FCLKCLK[0]
                         net (fo=1, routed)           1.088     9.088    npu_system_i/ps7/inst/FCLK_CLK_unbuffered[0]
    BUFGCTRL_X0Y16       BUFG (Prop_bufg_I_O)         0.091     9.179 r  npu_system_i/ps7/inst/buffer_fclk_clk_0.FCLK_CLK_0_BUFG/O
                         net (fo=6213, routed)        1.654    10.833    <hidden>
    SLICE_X1Y36          FDCE                                         r  <hidden>
                         clock pessimism              0.269    11.102    
                         clock uncertainty           -0.125    10.977    
    SLICE_X1Y36          FDCE (Recov_fdce_C_CLR)     -0.405    10.572    <hidden>
  -------------------------------------------------------------------
                         required time                         10.572    
                         arrival time                          -6.615    
  -------------------------------------------------------------------
                         slack                                  3.957    

Slack (MET) :             3.957ns  (required time - arrival time)
  Source:                 <hidden>
                            (rising edge-triggered cell FDPE clocked by clk_fpga_0  {rise@0.000ns fall@4.000ns period=8.000ns})
  Destination:            <hidden>
                            (recovery check against rising-edge clock clk_fpga_0  {rise@0.000ns fall@4.000ns period=8.000ns})
  Path Group:             **async_default**
  Path Type:              Recovery (Max at Slow Process Corner)
  Requirement:            8.000ns  (clk_fpga_0 rise@8.000ns - clk_fpga_0 rise@0.000ns)
  Data Path Delay:        3.492ns  (logic 0.776ns (22.221%)  route 2.716ns (77.779%))
  Logic Levels:           1  (LUT3=1)
  Clock Path Skew:        -0.021ns (DCD - SCD + CPR)
    Destination Clock Delay (DCD):    2.833ns = ( 10.833 - 8.000 ) 
    Source Clock Delay      (SCD):    3.123ns
    Clock Pessimism Removal (CPR):    0.269ns
  Clock Uncertainty:      0.125ns  ((TSJ^2 + TIJ^2)^1/2 + DJ) / 2 + PE
    Total System Jitter     (TSJ):    0.071ns
    Total Input Jitter      (TIJ):    0.240ns
    Discrete Jitter          (DJ):    0.000ns
    Phase Error              (PE):    0.000ns

    Location             Delay type                Incr(ns)  Path(ns)    Netlist Resource(s)
  -------------------------------------------------------------------    -------------------
                         (clock clk_fpga_0 rise edge)
                                                      0.000     0.000 r  
    PS7_X0Y0             PS7                          0.000     0.000 r  npu_system_i/ps7/inst/PS7_i/FCLKCLK[0]
                         net (fo=1, routed)           1.193     1.193    npu_system_i/ps7/inst/FCLK_CLK_unbuffered[0]
    BUFGCTRL_X0Y16       BUFG (Prop_bufg_I_O)         0.101     1.294 r  npu_system_i/ps7/inst/buffer_fclk_clk_0.FCLK_CLK_0_BUFG/O
                         net (fo=6213, routed)        1.829     3.123    <hidden>
    SLICE_X0Y32          FDPE                                         r  <hidden>
  -------------------------------------------------------------------    -------------------
    SLICE_X0Y32          FDPE (Prop_fdpe_C_Q)         0.478     3.601 f  <hidden>
                         net (fo=3, routed)           1.243     4.844    <hidden>
    SLICE_X6Y29          LUT3 (Prop_lut3_I2_O)        0.298     5.142 f  <hidden>
                         net (fo=32, routed)          1.474     6.615    <hidden>
    SLICE_X1Y36          FDCE                                         f  <hidden>
  -------------------------------------------------------------------    -------------------

                         (clock clk_fpga_0 rise edge)
                                                      8.000     8.000 r  
    PS7_X0Y0             PS7                          0.000     8.000 r  npu_system_i/ps7/inst/PS7_i/FCLKCLK[0]
                         net (fo=1, routed)           1.088     9.088    npu_system_i/ps7/inst/FCLK_CLK_unbuffered[0]
    BUFGCTRL_X0Y16       BUFG (Prop_bufg_I_O)         0.091     9.179 r  npu_system_i/ps7/inst/buffer_fclk_clk_0.FCLK_CLK_0_BUFG/O
                         net (fo=6213, routed)        1.654    10.833    <hidden>
    SLICE_X1Y36          FDCE                                         r  <hidden>
                         clock pessimism              0.269    11.102    
                         clock uncertainty           -0.125    10.977    
    SLICE_X1Y36          FDCE (Recov_fdce_C_CLR)     -0.405    10.572    <hidden>
  -------------------------------------------------------------------
                         required time                         10.572    
                         arrival time                          -6.615    
  -------------------------------------------------------------------
                         slack                                  3.957    

Slack (MET) :             4.001ns  (required time - arrival time)
  Source:                 <hidden>
                            (rising edge-triggered cell FDPE clocked by clk_fpga_0  {rise@0.000ns fall@4.000ns period=8.000ns})
  Destination:            <hidden>
                            (recovery check against rising-edge clock clk_fpga_0  {rise@0.000ns fall@4.000ns period=8.000ns})
  Path Group:             **async_default**
  Path Type:              Recovery (Max at Slow Process Corner)
  Requirement:            8.000ns  (clk_fpga_0 rise@8.000ns - clk_fpga_0 rise@0.000ns)
  Data Path Delay:        3.492ns  (logic 0.776ns (22.221%)  route 2.716ns (77.779%))
  Logic Levels:           1  (LUT3=1)
  Clock Path Skew:        -0.021ns (DCD - SCD + CPR)
    Destination Clock Delay (DCD):    2.833ns = ( 10.833 - 8.000 ) 
    Source Clock Delay      (SCD):    3.123ns
    Clock Pessimism Removal (CPR):    0.269ns
  Clock Uncertainty:      0.125ns  ((TSJ^2 + TIJ^2)^1/2 + DJ) / 2 + PE
    Total System Jitter     (TSJ):    0.071ns
    Total Input Jitter      (TIJ):    0.240ns
    Discrete Jitter          (DJ):    0.000ns
    Phase Error              (PE):    0.000ns

    Location             Delay type                Incr(ns)  Path(ns)    Netlist Resource(s)
  -------------------------------------------------------------------    -------------------
                         (clock clk_fpga_0 rise edge)
                                                      0.000     0.000 r  
    PS7_X0Y0             PS7                          0.000     0.000 r  npu_system_i/ps7/inst/PS7_i/FCLKCLK[0]
                         net (fo=1, routed)           1.193     1.193    npu_system_i/ps7/inst/FCLK_CLK_unbuffered[0]
    BUFGCTRL_X0Y16       BUFG (Prop_bufg_I_O)         0.101     1.294 r  npu_system_i/ps7/inst/buffer_fclk_clk_0.FCLK_CLK_0_BUFG/O
                         net (fo=6213, routed)        1.829     3.123    <hidden>
    SLICE_X0Y32          FDPE                                         r  <hidden>
  -------------------------------------------------------------------    -------------------
    SLICE_X0Y32          FDPE (Prop_fdpe_C_Q)         0.478     3.601 f  <hidden>
                         net (fo=3, routed)           1.243     4.844    <hidden>
    SLICE_X6Y29          LUT3 (Prop_lut3_I2_O)        0.298     5.142 f  <hidden>
                         net (fo=32, routed)          1.474     6.615    <hidden>
    SLICE_X0Y36          FDPE                                         f  <hidden>
  -------------------------------------------------------------------    -------------------

                         (clock clk_fpga_0 rise edge)
                                                      8.000     8.000 r  
    PS7_X0Y0             PS7                          0.000     8.000 r  npu_system_i/ps7/inst/PS7_i/FCLKCLK[0]
                         net (fo=1, routed)           1.088     9.088    npu_system_i/ps7/inst/FCLK_CLK_unbuffered[0]
    BUFGCTRL_X0Y16       BUFG (Prop_bufg_I_O)         0.091     9.179 r  npu_system_i/ps7/inst/buffer_fclk_clk_0.FCLK_CLK_0_BUFG/O
                         net (fo=6213, routed)        1.654    10.833    <hidden>
    SLICE_X0Y36          FDPE                                         r  <hidden>
                         clock pessimism              0.269    11.102    
                         clock uncertainty           -0.125    10.977    
    SLICE_X0Y36          FDPE (Recov_fdpe_C_PRE)     -0.361    10.616    <hidden>
  -------------------------------------------------------------------
                         required time                         10.616    
                         arrival time                          -6.615    
  -------------------------------------------------------------------
                         slack                                  4.001    

Slack (MET) :             4.001ns  (required time - arrival time)
  Source:                 <hidden>
                            (rising edge-triggered cell FDPE clocked by clk_fpga_0  {rise@0.000ns fall@4.000ns period=8.000ns})
  Destination:            <hidden>
                            (recovery check against rising-edge clock clk_fpga_0  {rise@0.000ns fall@4.000ns period=8.000ns})
  Path Group:             **async_default**
  Path Type:              Recovery (Max at Slow Process Corner)
  Requirement:            8.000ns  (clk_fpga_0 rise@8.000ns - clk_fpga_0 rise@0.000ns)
  Data Path Delay:        3.492ns  (logic 0.776ns (22.221%)  route 2.716ns (77.779%))
  Logic Levels:           1  (LUT3=1)
  Clock Path Skew:        -0.021ns (DCD - SCD + CPR)
    Destination Clock Delay (DCD):    2.833ns = ( 10.833 - 8.000 ) 
    Source Clock Delay      (SCD):    3.123ns
    Clock Pessimism Removal (CPR):    0.269ns
  Clock Uncertainty:      0.125ns  ((TSJ^2 + TIJ^2)^1/2 + DJ) / 2 + PE
    Total System Jitter     (TSJ):    0.071ns
    Total Input Jitter      (TIJ):    0.240ns
    Discrete Jitter          (DJ):    0.000ns
    Phase Error              (PE):    0.000ns

    Location             Delay type                Incr(ns)  Path(ns)    Netlist Resource(s)
  -------------------------------------------------------------------    -------------------
                         (clock clk_fpga_0 rise edge)
                                                      0.000     0.000 r  
    PS7_X0Y0             PS7                          0.000     0.000 r  npu_system_i/ps7/inst/PS7_i/FCLKCLK[0]
                         net (fo=1, routed)           1.193     1.193    npu_system_i/ps7/inst/FCLK_CLK_unbuffered[0]
    BUFGCTRL_X0Y16       BUFG (Prop_bufg_I_O)         0.101     1.294 r  npu_system_i/ps7/inst/buffer_fclk_clk_0.FCLK_CLK_0_BUFG/O
                         net (fo=6213, routed)        1.829     3.123    <hidden>
    SLICE_X0Y32          FDPE                                         r  <hidden>
  -------------------------------------------------------------------    -------------------
    SLICE_X0Y32          FDPE (Prop_fdpe_C_Q)         0.478     3.601 f  <hidden>
                         net (fo=3, routed)           1.243     4.844    <hidden>
    SLICE_X6Y29          LUT3 (Prop_lut3_I2_O)        0.298     5.142 f  <hidden>
                         net (fo=32, routed)          1.474     6.615    <hidden>
    SLICE_X0Y36          FDCE                                         f  <hidden>
  -------------------------------------------------------------------    -------------------

                         (clock clk_fpga_0 rise edge)
                                                      8.000     8.000 r  
    PS7_X0Y0             PS7                          0.000     8.000 r  npu_system_i/ps7/inst/PS7_i/FCLKCLK[0]
                         net (fo=1, routed)           1.088     9.088    npu_system_i/ps7/inst/FCLK_CLK_unbuffered[0]
    BUFGCTRL_X0Y16       BUFG (Prop_bufg_I_O)         0.091     9.179 r  npu_system_i/ps7/inst/buffer_fclk_clk_0.FCLK_CLK_0_BUFG/O
                         net (fo=6213, routed)        1.654    10.833    <hidden>
    SLICE_X0Y36          FDCE                                         r  <hidden>
                         clock pessimism              0.269    11.102    
                         clock uncertainty           -0.125    10.977    
    SLICE_X0Y36          FDCE (Recov_fdce_C_CLR)     -0.361    10.616    <hidden>
  -------------------------------------------------------------------
                         required time                         10.616    
                         arrival time                          -6.615    
  -------------------------------------------------------------------
                         slack                                  4.001    

Slack (MET) :             4.012ns  (required time - arrival time)
  Source:                 <hidden>
                            (rising edge-triggered cell FDPE clocked by clk_fpga_0  {rise@0.000ns fall@4.000ns period=8.000ns})
  Destination:            <hidden>
                            (recovery check against rising-edge clock clk_fpga_0  {rise@0.000ns fall@4.000ns period=8.000ns})
  Path Group:             **async_default**
  Path Type:              Recovery (Max at Slow Process Corner)
  Requirement:            8.000ns  (clk_fpga_0 rise@8.000ns - clk_fpga_0 rise@0.000ns)
  Data Path Delay:        3.356ns  (logic 0.776ns (23.122%)  route 2.580ns (76.878%))
  Logic Levels:           1  (LUT3=1)
  Clock Path Skew:        -0.148ns (DCD - SCD + CPR)
    Destination Clock Delay (DCD):    2.745ns = ( 10.745 - 8.000 ) 
    Source Clock Delay      (SCD):    3.123ns
    Clock Pessimism Removal (CPR):    0.230ns
  Clock Uncertainty:      0.125ns  ((TSJ^2 + TIJ^2)^1/2 + DJ) / 2 + PE
    Total System Jitter     (TSJ):    0.071ns
    Total Input Jitter      (TIJ):    0.240ns
    Discrete Jitter          (DJ):    0.000ns
    Phase Error              (PE):    0.000ns

    Location             Delay type                Incr(ns)  Path(ns)    Netlist Resource(s)
  -------------------------------------------------------------------    -------------------
                         (clock clk_fpga_0 rise edge)
                                                      0.000     0.000 r  
    PS7_X0Y0             PS7                          0.000     0.000 r  npu_system_i/ps7/inst/PS7_i/FCLKCLK[0]
                         net (fo=1, routed)           1.193     1.193    npu_system_i/ps7/inst/FCLK_CLK_unbuffered[0]
    BUFGCTRL_X0Y16       BUFG (Prop_bufg_I_O)         0.101     1.294 r  npu_system_i/ps7/inst/buffer_fclk_clk_0.FCLK_CLK_0_BUFG/O
                         net (fo=6213, routed)        1.829     3.123    <hidden>
    SLICE_X0Y32          FDPE                                         r  <hidden>
  -------------------------------------------------------------------    -------------------
    SLICE_X0Y32          FDPE (Prop_fdpe_C_Q)         0.478     3.601 f  <hidden>
                         net (fo=3, routed)           1.243     4.844    <hidden>
    SLICE_X6Y29          LUT3 (Prop_lut3_I2_O)        0.298     5.142 f  <hidden>
                         net (fo=32, routed)          1.338     6.479    <hidden>
    SLICE_X19Y27         FDPE                                         f  <hidden>
  -------------------------------------------------------------------    -------------------

                         (clock clk_fpga_0 rise edge)
                                                      8.000     8.000 r  
    PS7_X0Y0             PS7                          0.000     8.000 r  npu_system_i/ps7/inst/PS7_i/FCLKCLK[0]
                         net (fo=1, routed)           1.088     9.088    npu_system_i/ps7/inst/FCLK_CLK_unbuffered[0]
    BUFGCTRL_X0Y16       BUFG (Prop_bufg_I_O)         0.091     9.179 r  npu_system_i/ps7/inst/buffer_fclk_clk_0.FCLK_CLK_0_BUFG/O
                         net (fo=6213, routed)        1.566    10.745    <hidden>
    SLICE_X19Y27         FDPE                                         r  <hidden>
                         clock pessimism              0.230    10.975    
                         clock uncertainty           -0.125    10.850    
    SLICE_X19Y27         FDPE (Recov_fdpe_C_PRE)     -0.359    10.491    <hidden>
  -------------------------------------------------------------------
                         required time                         10.491    
                         arrival time                          -6.479    
  -------------------------------------------------------------------
                         slack                                  4.012    

Slack (MET) :             4.012ns  (required time - arrival time)
  Source:                 <hidden>
                            (rising edge-triggered cell FDPE clocked by clk_fpga_0  {rise@0.000ns fall@4.000ns period=8.000ns})
  Destination:            <hidden>
                            (recovery check against rising-edge clock clk_fpga_0  {rise@0.000ns fall@4.000ns period=8.000ns})
  Path Group:             **async_default**
  Path Type:              Recovery (Max at Slow Process Corner)
  Requirement:            8.000ns  (clk_fpga_0 rise@8.000ns - clk_fpga_0 rise@0.000ns)
  Data Path Delay:        3.356ns  (logic 0.776ns (23.122%)  route 2.580ns (76.878%))
  Logic Levels:           1  (LUT3=1)
  Clock Path Skew:        -0.148ns (DCD - SCD + CPR)
    Destination Clock Delay (DCD):    2.745ns = ( 10.745 - 8.000 ) 
    Source Clock Delay      (SCD):    3.123ns
    Clock Pessimism Removal (CPR):    0.230ns
  Clock Uncertainty:      0.125ns  ((TSJ^2 + TIJ^2)^1/2 + DJ) / 2 + PE
    Total System Jitter     (TSJ):    0.071ns
    Total Input Jitter      (TIJ):    0.240ns
    Discrete Jitter          (DJ):    0.000ns
    Phase Error              (PE):    0.000ns

    Location             Delay type                Incr(ns)  Path(ns)    Netlist Resource(s)
  -------------------------------------------------------------------    -------------------
                         (clock clk_fpga_0 rise edge)
                                                      0.000     0.000 r  
    PS7_X0Y0             PS7                          0.000     0.000 r  npu_system_i/ps7/inst/PS7_i/FCLKCLK[0]
                         net (fo=1, routed)           1.193     1.193    npu_system_i/ps7/inst/FCLK_CLK_unbuffered[0]
    BUFGCTRL_X0Y16       BUFG (Prop_bufg_I_O)         0.101     1.294 r  npu_system_i/ps7/inst/buffer_fclk_clk_0.FCLK_CLK_0_BUFG/O
                         net (fo=6213, routed)        1.829     3.123    <hidden>
    SLICE_X0Y32          FDPE                                         r  <hidden>
  -------------------------------------------------------------------    -------------------
    SLICE_X0Y32          FDPE (Prop_fdpe_C_Q)         0.478     3.601 f  <hidden>
                         net (fo=3, routed)           1.243     4.844    <hidden>
    SLICE_X6Y29          LUT3 (Prop_lut3_I2_O)        0.298     5.142 f  <hidden>
                         net (fo=32, routed)          1.338     6.479    <hidden>
    SLICE_X19Y27         FDPE                                         f  <hidden>
  -------------------------------------------------------------------    -------------------

                         (clock clk_fpga_0 rise edge)
                                                      8.000     8.000 r  
    PS7_X0Y0             PS7                          0.000     8.000 r  npu_system_i/ps7/inst/PS7_i/FCLKCLK[0]
                         net (fo=1, routed)           1.088     9.088    npu_system_i/ps7/inst/FCLK_CLK_unbuffered[0]
    BUFGCTRL_X0Y16       BUFG (Prop_bufg_I_O)         0.091     9.179 r  npu_system_i/ps7/inst/buffer_fclk_clk_0.FCLK_CLK_0_BUFG/O
                         net (fo=6213, routed)        1.566    10.745    <hidden>
    SLICE_X19Y27         FDPE                                         r  <hidden>
                         clock pessimism              0.230    10.975    
                         clock uncertainty           -0.125    10.850    
    SLICE_X19Y27         FDPE (Recov_fdpe_C_PRE)     -0.359    10.491    <hidden>
  -------------------------------------------------------------------
                         required time                         10.491    
                         arrival time                          -6.479    
  -------------------------------------------------------------------
                         slack                                  4.012    

Slack (MET) :             4.012ns  (required time - arrival time)
  Source:                 <hidden>
                            (rising edge-triggered cell FDPE clocked by clk_fpga_0  {rise@0.000ns fall@4.000ns period=8.000ns})
  Destination:            <hidden>
                            (recovery check against rising-edge clock clk_fpga_0  {rise@0.000ns fall@4.000ns period=8.000ns})
  Path Group:             **async_default**
  Path Type:              Recovery (Max at Slow Process Corner)
  Requirement:            8.000ns  (clk_fpga_0 rise@8.000ns - clk_fpga_0 rise@0.000ns)
  Data Path Delay:        3.356ns  (logic 0.776ns (23.122%)  route 2.580ns (76.878%))
  Logic Levels:           1  (LUT3=1)
  Clock Path Skew:        -0.148ns (DCD - SCD + CPR)
    Destination Clock Delay (DCD):    2.745ns = ( 10.745 - 8.000 ) 
    Source Clock Delay      (SCD):    3.123ns
    Clock Pessimism Removal (CPR):    0.230ns
  Clock Uncertainty:      0.125ns  ((TSJ^2 + TIJ^2)^1/2 + DJ) / 2 + PE
    Total System Jitter     (TSJ):    0.071ns
    Total Input Jitter      (TIJ):    0.240ns
    Discrete Jitter          (DJ):    0.000ns
    Phase Error              (PE):    0.000ns

    Location             Delay type                Incr(ns)  Path(ns)    Netlist Resource(s)
  -------------------------------------------------------------------    -------------------
                         (clock clk_fpga_0 rise edge)
                                                      0.000     0.000 r  
    PS7_X0Y0             PS7                          0.000     0.000 r  npu_system_i/ps7/inst/PS7_i/FCLKCLK[0]
                         net (fo=1, routed)           1.193     1.193    npu_system_i/ps7/inst/FCLK_CLK_unbuffered[0]
    BUFGCTRL_X0Y16       BUFG (Prop_bufg_I_O)         0.101     1.294 r  npu_system_i/ps7/inst/buffer_fclk_clk_0.FCLK_CLK_0_BUFG/O
                         net (fo=6213, routed)        1.829     3.123    <hidden>
    SLICE_X0Y32          FDPE                                         r  <hidden>
  -------------------------------------------------------------------    -------------------
    SLICE_X0Y32          FDPE (Prop_fdpe_C_Q)         0.478     3.601 f  <hidden>
                         net (fo=3, routed)           1.243     4.844    <hidden>
    SLICE_X6Y29          LUT3 (Prop_lut3_I2_O)        0.298     5.142 f  <hidden>
                         net (fo=32, routed)          1.338     6.479    <hidden>
    SLICE_X19Y27         FDPE                                         f  <hidden>
  -------------------------------------------------------------------    -------------------

                         (clock clk_fpga_0 rise edge)
                                                      8.000     8.000 r  
    PS7_X0Y0             PS7                          0.000     8.000 r  npu_system_i/ps7/inst/PS7_i/FCLKCLK[0]
                         net (fo=1, routed)           1.088     9.088    npu_system_i/ps7/inst/FCLK_CLK_unbuffered[0]
    BUFGCTRL_X0Y16       BUFG (Prop_bufg_I_O)         0.091     9.179 r  npu_system_i/ps7/inst/buffer_fclk_clk_0.FCLK_CLK_0_BUFG/O
                         net (fo=6213, routed)        1.566    10.745    <hidden>
    SLICE_X19Y27         FDPE                                         r  <hidden>
                         clock pessimism              0.230    10.975    
                         clock uncertainty           -0.125    10.850    
    SLICE_X19Y27         FDPE (Recov_fdpe_C_PRE)     -0.359    10.491    <hidden>
  -------------------------------------------------------------------
                         required time                         10.491    
                         arrival time                          -6.479    
  -------------------------------------------------------------------
                         slack                                  4.012    

Slack (MET) :             4.012ns  (required time - arrival time)
  Source:                 <hidden>
                            (rising edge-triggered cell FDPE clocked by clk_fpga_0  {rise@0.000ns fall@4.000ns period=8.000ns})
  Destination:            <hidden>
                            (recovery check against rising-edge clock clk_fpga_0  {rise@0.000ns fall@4.000ns period=8.000ns})
  Path Group:             **async_default**
  Path Type:              Recovery (Max at Slow Process Corner)
  Requirement:            8.000ns  (clk_fpga_0 rise@8.000ns - clk_fpga_0 rise@0.000ns)
  Data Path Delay:        3.356ns  (logic 0.776ns (23.122%)  route 2.580ns (76.878%))
  Logic Levels:           1  (LUT3=1)
  Clock Path Skew:        -0.148ns (DCD - SCD + CPR)
    Destination Clock Delay (DCD):    2.745ns = ( 10.745 - 8.000 ) 
    Source Clock Delay      (SCD):    3.123ns
    Clock Pessimism Removal (CPR):    0.230ns
  Clock Uncertainty:      0.125ns  ((TSJ^2 + TIJ^2)^1/2 + DJ) / 2 + PE
    Total System Jitter     (TSJ):    0.071ns
    Total Input Jitter      (TIJ):    0.240ns
    Discrete Jitter          (DJ):    0.000ns
    Phase Error              (PE):    0.000ns

    Location             Delay type                Incr(ns)  Path(ns)    Netlist Resource(s)
  -------------------------------------------------------------------    -------------------
                         (clock clk_fpga_0 rise edge)
                                                      0.000     0.000 r  
    PS7_X0Y0             PS7                          0.000     0.000 r  npu_system_i/ps7/inst/PS7_i/FCLKCLK[0]
                         net (fo=1, routed)           1.193     1.193    npu_system_i/ps7/inst/FCLK_CLK_unbuffered[0]
    BUFGCTRL_X0Y16       BUFG (Prop_bufg_I_O)         0.101     1.294 r  npu_system_i/ps7/inst/buffer_fclk_clk_0.FCLK_CLK_0_BUFG/O
                         net (fo=6213, routed)        1.829     3.123    <hidden>
    SLICE_X0Y32          FDPE                                         r  <hidden>
  -------------------------------------------------------------------    -------------------
    SLICE_X0Y32          FDPE (Prop_fdpe_C_Q)         0.478     3.601 f  <hidden>
                         net (fo=3, routed)           1.243     4.844    <hidden>
    SLICE_X6Y29          LUT3 (Prop_lut3_I2_O)        0.298     5.142 f  <hidden>
                         net (fo=32, routed)          1.338     6.479    <hidden>
    SLICE_X19Y27         FDPE                                         f  <hidden>
  -------------------------------------------------------------------    -------------------

                         (clock clk_fpga_0 rise edge)
                                                      8.000     8.000 r  
    PS7_X0Y0             PS7                          0.000     8.000 r  npu_system_i/ps7/inst/PS7_i/FCLKCLK[0]
                         net (fo=1, routed)           1.088     9.088    npu_system_i/ps7/inst/FCLK_CLK_unbuffered[0]
    BUFGCTRL_X0Y16       BUFG (Prop_bufg_I_O)         0.091     9.179 r  npu_system_i/ps7/inst/buffer_fclk_clk_0.FCLK_CLK_0_BUFG/O
                         net (fo=6213, routed)        1.566    10.745    <hidden>
    SLICE_X19Y27         FDPE                                         r  <hidden>
                         clock pessimism              0.230    10.975    
                         clock uncertainty           -0.125    10.850    
    SLICE_X19Y27         FDPE (Recov_fdpe_C_PRE)     -0.359    10.491    <hidden>
  -------------------------------------------------------------------
                         required time                         10.491    
                         arrival time                          -6.479    
  -------------------------------------------------------------------
                         slack                                  4.012    

Slack (MET) :             4.014ns  (required time - arrival time)
  Source:                 <hidden>
                            (rising edge-triggered cell FDPE clocked by clk_fpga_0  {rise@0.000ns fall@4.000ns period=8.000ns})
  Destination:            <hidden>
                            (recovery check against rising-edge clock clk_fpga_0  {rise@0.000ns fall@4.000ns period=8.000ns})
  Path Group:             **async_default**
  Path Type:              Recovery (Max at Slow Process Corner)
  Requirement:            8.000ns  (clk_fpga_0 rise@8.000ns - clk_fpga_0 rise@0.000ns)
  Data Path Delay:        3.430ns  (logic 0.776ns (22.624%)  route 2.654ns (77.376%))
  Logic Levels:           1  (LUT3=1)
  Clock Path Skew:        -0.026ns (DCD - SCD + CPR)
    Destination Clock Delay (DCD):    2.828ns = ( 10.828 - 8.000 ) 
    Source Clock Delay      (SCD):    3.123ns
    Clock Pessimism Removal (CPR):    0.269ns
  Clock Uncertainty:      0.125ns  ((TSJ^2 + TIJ^2)^1/2 + DJ) / 2 + PE
    Total System Jitter     (TSJ):    0.071ns
    Total Input Jitter      (TIJ):    0.240ns
    Discrete Jitter          (DJ):    0.000ns
    Phase Error              (PE):    0.000ns

    Location             Delay type                Incr(ns)  Path(ns)    Netlist Resource(s)
  -------------------------------------------------------------------    -------------------
                         (clock clk_fpga_0 rise edge)
                                                      0.000     0.000 r  
    PS7_X0Y0             PS7                          0.000     0.000 r  npu_system_i/ps7/inst/PS7_i/FCLKCLK[0]
                         net (fo=1, routed)           1.193     1.193    npu_system_i/ps7/inst/FCLK_CLK_unbuffered[0]
    BUFGCTRL_X0Y16       BUFG (Prop_bufg_I_O)         0.101     1.294 r  npu_system_i/ps7/inst/buffer_fclk_clk_0.FCLK_CLK_0_BUFG/O
                         net (fo=6213, routed)        1.829     3.123    <hidden>
    SLICE_X0Y32          FDPE                                         r  <hidden>
  -------------------------------------------------------------------    -------------------
    SLICE_X0Y32          FDPE (Prop_fdpe_C_Q)         0.478     3.601 f  <hidden>
                         net (fo=3, routed)           1.243     4.844    <hidden>
    SLICE_X6Y29          LUT3 (Prop_lut3_I2_O)        0.298     5.142 f  <hidden>
                         net (fo=32, routed)          1.411     6.553    <hidden>
    SLICE_X1Y31          FDCE                                         f  <hidden>
  -------------------------------------------------------------------    -------------------

                         (clock clk_fpga_0 rise edge)
                                                      8.000     8.000 r  
    PS7_X0Y0             PS7                          0.000     8.000 r  npu_system_i/ps7/inst/PS7_i/FCLKCLK[0]
                         net (fo=1, routed)           1.088     9.088    npu_system_i/ps7/inst/FCLK_CLK_unbuffered[0]
    BUFGCTRL_X0Y16       BUFG (Prop_bufg_I_O)         0.091     9.179 r  npu_system_i/ps7/inst/buffer_fclk_clk_0.FCLK_CLK_0_BUFG/O
                         net (fo=6213, routed)        1.649    10.828    <hidden>
    SLICE_X1Y31          FDCE                                         r  <hidden>
                         clock pessimism              0.269    11.097    
                         clock uncertainty           -0.125    10.972    
    SLICE_X1Y31          FDCE (Recov_fdce_C_CLR)     -0.405    10.567    <hidden>
  -------------------------------------------------------------------
                         required time                         10.567    
                         arrival time                          -6.553    
  -------------------------------------------------------------------
                         slack                                  4.014    

Slack (MET) :             4.014ns  (required time - arrival time)
  Source:                 <hidden>
                            (rising edge-triggered cell FDPE clocked by clk_fpga_0  {rise@0.000ns fall@4.000ns period=8.000ns})
  Destination:            <hidden>
                            (recovery check against rising-edge clock clk_fpga_0  {rise@0.000ns fall@4.000ns period=8.000ns})
  Path Group:             **async_default**
  Path Type:              Recovery (Max at Slow Process Corner)
  Requirement:            8.000ns  (clk_fpga_0 rise@8.000ns - clk_fpga_0 rise@0.000ns)
  Data Path Delay:        3.430ns  (logic 0.776ns (22.624%)  route 2.654ns (77.376%))
  Logic Levels:           1  (LUT3=1)
  Clock Path Skew:        -0.026ns (DCD - SCD + CPR)
    Destination Clock Delay (DCD):    2.828ns = ( 10.828 - 8.000 ) 
    Source Clock Delay      (SCD):    3.123ns
    Clock Pessimism Removal (CPR):    0.269ns
  Clock Uncertainty:      0.125ns  ((TSJ^2 + TIJ^2)^1/2 + DJ) / 2 + PE
    Total System Jitter     (TSJ):    0.071ns
    Total Input Jitter      (TIJ):    0.240ns
    Discrete Jitter          (DJ):    0.000ns
    Phase Error              (PE):    0.000ns

    Location             Delay type                Incr(ns)  Path(ns)    Netlist Resource(s)
  -------------------------------------------------------------------    -------------------
                         (clock clk_fpga_0 rise edge)
                                                      0.000     0.000 r  
    PS7_X0Y0             PS7                          0.000     0.000 r  npu_system_i/ps7/inst/PS7_i/FCLKCLK[0]
                         net (fo=1, routed)           1.193     1.193    npu_system_i/ps7/inst/FCLK_CLK_unbuffered[0]
    BUFGCTRL_X0Y16       BUFG (Prop_bufg_I_O)         0.101     1.294 r  npu_system_i/ps7/inst/buffer_fclk_clk_0.FCLK_CLK_0_BUFG/O
                         net (fo=6213, routed)        1.829     3.123    <hidden>
    SLICE_X0Y32          FDPE                                         r  <hidden>
  -------------------------------------------------------------------    -------------------
    SLICE_X0Y32          FDPE (Prop_fdpe_C_Q)         0.478     3.601 f  <hidden>
                         net (fo=3, routed)           1.243     4.844    <hidden>
    SLICE_X6Y29          LUT3 (Prop_lut3_I2_O)        0.298     5.142 f  <hidden>
                         net (fo=32, routed)          1.411     6.553    <hidden>
    SLICE_X1Y31          FDCE                                         f  <hidden>
  -------------------------------------------------------------------    -------------------

                         (clock clk_fpga_0 rise edge)
                                                      8.000     8.000 r  
    PS7_X0Y0             PS7                          0.000     8.000 r  npu_system_i/ps7/inst/PS7_i/FCLKCLK[0]
                         net (fo=1, routed)           1.088     9.088    npu_system_i/ps7/inst/FCLK_CLK_unbuffered[0]
    BUFGCTRL_X0Y16       BUFG (Prop_bufg_I_O)         0.091     9.179 r  npu_system_i/ps7/inst/buffer_fclk_clk_0.FCLK_CLK_0_BUFG/O
                         net (fo=6213, routed)        1.649    10.828    <hidden>
    SLICE_X1Y31          FDCE                                         r  <hidden>
                         clock pessimism              0.269    11.097    
                         clock uncertainty           -0.125    10.972    
    SLICE_X1Y31          FDCE (Recov_fdce_C_CLR)     -0.405    10.567    <hidden>
  -------------------------------------------------------------------
                         required time                         10.567    
                         arrival time                          -6.553    
  -------------------------------------------------------------------
                         slack                                  4.014    

Slack (MET) :             4.014ns  (required time - arrival time)
  Source:                 <hidden>
                            (rising edge-triggered cell FDPE clocked by clk_fpga_0  {rise@0.000ns fall@4.000ns period=8.000ns})
  Destination:            <hidden>
                            (recovery check against rising-edge clock clk_fpga_0  {rise@0.000ns fall@4.000ns period=8.000ns})
  Path Group:             **async_default**
  Path Type:              Recovery (Max at Slow Process Corner)
  Requirement:            8.000ns  (clk_fpga_0 rise@8.000ns - clk_fpga_0 rise@0.000ns)
  Data Path Delay:        3.430ns  (logic 0.776ns (22.624%)  route 2.654ns (77.376%))
  Logic Levels:           1  (LUT3=1)
  Clock Path Skew:        -0.026ns (DCD - SCD + CPR)
    Destination Clock Delay (DCD):    2.828ns = ( 10.828 - 8.000 ) 
    Source Clock Delay      (SCD):    3.123ns
    Clock Pessimism Removal (CPR):    0.269ns
  Clock Uncertainty:      0.125ns  ((TSJ^2 + TIJ^2)^1/2 + DJ) / 2 + PE
    Total System Jitter     (TSJ):    0.071ns
    Total Input Jitter      (TIJ):    0.240ns
    Discrete Jitter          (DJ):    0.000ns
    Phase Error              (PE):    0.000ns

    Location             Delay type                Incr(ns)  Path(ns)    Netlist Resource(s)
  -------------------------------------------------------------------    -------------------
                         (clock clk_fpga_0 rise edge)
                                                      0.000     0.000 r  
    PS7_X0Y0             PS7                          0.000     0.000 r  npu_system_i/ps7/inst/PS7_i/FCLKCLK[0]
                         net (fo=1, routed)           1.193     1.193    npu_system_i/ps7/inst/FCLK_CLK_unbuffered[0]
    BUFGCTRL_X0Y16       BUFG (Prop_bufg_I_O)         0.101     1.294 r  npu_system_i/ps7/inst/buffer_fclk_clk_0.FCLK_CLK_0_BUFG/O
                         net (fo=6213, routed)        1.829     3.123    <hidden>
    SLICE_X0Y32          FDPE                                         r  <hidden>
  -------------------------------------------------------------------    -------------------
    SLICE_X0Y32          FDPE (Prop_fdpe_C_Q)         0.478     3.601 f  <hidden>
                         net (fo=3, routed)           1.243     4.844    <hidden>
    SLICE_X6Y29          LUT3 (Prop_lut3_I2_O)        0.298     5.142 f  <hidden>
                         net (fo=32, routed)          1.411     6.553    <hidden>
    SLICE_X1Y31          FDCE                                         f  <hidden>
  -------------------------------------------------------------------    -------------------

                         (clock clk_fpga_0 rise edge)
                                                      8.000     8.000 r  
    PS7_X0Y0             PS7                          0.000     8.000 r  npu_system_i/ps7/inst/PS7_i/FCLKCLK[0]
                         net (fo=1, routed)           1.088     9.088    npu_system_i/ps7/inst/FCLK_CLK_unbuffered[0]
    BUFGCTRL_X0Y16       BUFG (Prop_bufg_I_O)         0.091     9.179 r  npu_system_i/ps7/inst/buffer_fclk_clk_0.FCLK_CLK_0_BUFG/O
                         net (fo=6213, routed)        1.649    10.828    <hidden>
    SLICE_X1Y31          FDCE                                         r  <hidden>
                         clock pessimism              0.269    11.097    
                         clock uncertainty           -0.125    10.972    
    SLICE_X1Y31          FDCE (Recov_fdce_C_CLR)     -0.405    10.567    <hidden>
  -------------------------------------------------------------------
                         required time                         10.567    
                         arrival time                          -6.553    
  -------------------------------------------------------------------
                         slack                                  4.014    

Slack (MET) :             4.014ns  (required time - arrival time)
  Source:                 <hidden>
                            (rising edge-triggered cell FDPE clocked by clk_fpga_0  {rise@0.000ns fall@4.000ns period=8.000ns})
  Destination:            <hidden>
                            (recovery check against rising-edge clock clk_fpga_0  {rise@0.000ns fall@4.000ns period=8.000ns})
  Path Group:             **async_default**
  Path Type:              Recovery (Max at Slow Process Corner)
  Requirement:            8.000ns  (clk_fpga_0 rise@8.000ns - clk_fpga_0 rise@0.000ns)
  Data Path Delay:        3.430ns  (logic 0.776ns (22.624%)  route 2.654ns (77.376%))
  Logic Levels:           1  (LUT3=1)
  Clock Path Skew:        -0.026ns (DCD - SCD + CPR)
    Destination Clock Delay (DCD):    2.828ns = ( 10.828 - 8.000 ) 
    Source Clock Delay      (SCD):    3.123ns
    Clock Pessimism Removal (CPR):    0.269ns
  Clock Uncertainty:      0.125ns  ((TSJ^2 + TIJ^2)^1/2 + DJ) / 2 + PE
    Total System Jitter     (TSJ):    0.071ns
    Total Input Jitter      (TIJ):    0.240ns
    Discrete Jitter          (DJ):    0.000ns
    Phase Error              (PE):    0.000ns

    Location             Delay type                Incr(ns)  Path(ns)    Netlist Resource(s)
  -------------------------------------------------------------------    -------------------
                         (clock clk_fpga_0 rise edge)
                                                      0.000     0.000 r  
    PS7_X0Y0             PS7                          0.000     0.000 r  npu_system_i/ps7/inst/PS7_i/FCLKCLK[0]
                         net (fo=1, routed)           1.193     1.193    npu_system_i/ps7/inst/FCLK_CLK_unbuffered[0]
    BUFGCTRL_X0Y16       BUFG (Prop_bufg_I_O)         0.101     1.294 r  npu_system_i/ps7/inst/buffer_fclk_clk_0.FCLK_CLK_0_BUFG/O
                         net (fo=6213, routed)        1.829     3.123    <hidden>
    SLICE_X0Y32          FDPE                                         r  <hidden>
  -------------------------------------------------------------------    -------------------
    SLICE_X0Y32          FDPE (Prop_fdpe_C_Q)         0.478     3.601 f  <hidden>
                         net (fo=3, routed)           1.243     4.844    <hidden>
    SLICE_X6Y29          LUT3 (Prop_lut3_I2_O)        0.298     5.142 f  <hidden>
                         net (fo=32, routed)          1.411     6.553    <hidden>
    SLICE_X1Y31          FDCE                                         f  <hidden>
  -------------------------------------------------------------------    -------------------

                         (clock clk_fpga_0 rise edge)
                                                      8.000     8.000 r  
    PS7_X0Y0             PS7                          0.000     8.000 r  npu_system_i/ps7/inst/PS7_i/FCLKCLK[0]
                         net (fo=1, routed)           1.088     9.088    npu_system_i/ps7/inst/FCLK_CLK_unbuffered[0]
    BUFGCTRL_X0Y16       BUFG (Prop_bufg_I_O)         0.091     9.179 r  npu_system_i/ps7/inst/buffer_fclk_clk_0.FCLK_CLK_0_BUFG/O
                         net (fo=6213, routed)        1.649    10.828    <hidden>
    SLICE_X1Y31          FDCE                                         r  <hidden>
                         clock pessimism              0.269    11.097    
                         clock uncertainty           -0.125    10.972    
    SLICE_X1Y31          FDCE (Recov_fdce_C_CLR)     -0.405    10.567    <hidden>
  -------------------------------------------------------------------
                         required time                         10.567    
                         arrival time                          -6.553    
  -------------------------------------------------------------------
                         slack                                  4.014    

Slack (MET) :             4.043ns  (required time - arrival time)
  Source:                 <hidden>
                            (rising edge-triggered cell FDPE clocked by clk_fpga_0  {rise@0.000ns fall@4.000ns period=8.000ns})
  Destination:            <hidden>
                            (recovery check against rising-edge clock clk_fpga_0  {rise@0.000ns fall@4.000ns period=8.000ns})
  Path Group:             **async_default**
  Path Type:              Recovery (Max at Slow Process Corner)
  Requirement:            8.000ns  (clk_fpga_0 rise@8.000ns - clk_fpga_0 rise@0.000ns)
  Data Path Delay:        3.492ns  (logic 0.776ns (22.221%)  route 2.716ns (77.779%))
  Logic Levels:           1  (LUT3=1)
  Clock Path Skew:        -0.021ns (DCD - SCD + CPR)
    Destination Clock Delay (DCD):    2.833ns = ( 10.833 - 8.000 ) 
    Source Clock Delay      (SCD):    3.123ns
    Clock Pessimism Removal (CPR):    0.269ns
  Clock Uncertainty:      0.125ns  ((TSJ^2 + TIJ^2)^1/2 + DJ) / 2 + PE
    Total System Jitter     (TSJ):    0.071ns
    Total Input Jitter      (TIJ):    0.240ns
    Discrete Jitter          (DJ):    0.000ns
    Phase Error              (PE):    0.000ns

    Location             Delay type                Incr(ns)  Path(ns)    Netlist Resource(s)
  -------------------------------------------------------------------    -------------------
                         (clock clk_fpga_0 rise edge)
                                                      0.000     0.000 r  
    PS7_X0Y0             PS7                          0.000     0.000 r  npu_system_i/ps7/inst/PS7_i/FCLKCLK[0]
                         net (fo=1, routed)           1.193     1.193    npu_system_i/ps7/inst/FCLK_CLK_unbuffered[0]
    BUFGCTRL_X0Y16       BUFG (Prop_bufg_I_O)         0.101     1.294 r  npu_system_i/ps7/inst/buffer_fclk_clk_0.FCLK_CLK_0_BUFG/O
                         net (fo=6213, routed)        1.829     3.123    <hidden>
    SLICE_X0Y32          FDPE                                         r  <hidden>
  -------------------------------------------------------------------    -------------------
    SLICE_X0Y32          FDPE (Prop_fdpe_C_Q)         0.478     3.601 f  <hidden>
                         net (fo=3, routed)           1.243     4.844    <hidden>
    SLICE_X6Y29          LUT3 (Prop_lut3_I2_O)        0.298     5.142 f  <hidden>
                         net (fo=32, routed)          1.474     6.615    <hidden>
    SLICE_X0Y36          FDCE                                         f  <hidden>
  -------------------------------------------------------------------    -------------------

                         (clock clk_fpga_0 rise edge)
                                                      8.000     8.000 r  
    PS7_X0Y0             PS7                          0.000     8.000 r  npu_system_i/ps7/inst/PS7_i/FCLKCLK[0]
                         net (fo=1, routed)           1.088     9.088    npu_system_i/ps7/inst/FCLK_CLK_unbuffered[0]
    BUFGCTRL_X0Y16       BUFG (Prop_bufg_I_O)         0.091     9.179 r  npu_system_i/ps7/inst/buffer_fclk_clk_0.FCLK_CLK_0_BUFG/O
                         net (fo=6213, routed)        1.654    10.833    <hidden>
    SLICE_X0Y36          FDCE                                         r  <hidden>
                         clock pessimism              0.269    11.102    
                         clock uncertainty           -0.125    10.977    
    SLICE_X0Y36          FDCE (Recov_fdce_C_CLR)     -0.319    10.658    <hidden>
  -------------------------------------------------------------------
                         required time                         10.658    
                         arrival time                          -6.615    
  -------------------------------------------------------------------
                         slack                                  4.043    

Slack (MET) :             4.043ns  (required time - arrival time)
  Source:                 <hidden>
                            (rising edge-triggered cell FDPE clocked by clk_fpga_0  {rise@0.000ns fall@4.000ns period=8.000ns})
  Destination:            <hidden>
                            (recovery check against rising-edge clock clk_fpga_0  {rise@0.000ns fall@4.000ns period=8.000ns})
  Path Group:             **async_default**
  Path Type:              Recovery (Max at Slow Process Corner)
  Requirement:            8.000ns  (clk_fpga_0 rise@8.000ns - clk_fpga_0 rise@0.000ns)
  Data Path Delay:        3.492ns  (logic 0.776ns (22.221%)  route 2.716ns (77.779%))
  Logic Levels:           1  (LUT3=1)
  Clock Path Skew:        -0.021ns (DCD - SCD + CPR)
    Destination Clock Delay (DCD):    2.833ns = ( 10.833 - 8.000 ) 
    Source Clock Delay      (SCD):    3.123ns
    Clock Pessimism Removal (CPR):    0.269ns
  Clock Uncertainty:      0.125ns  ((TSJ^2 + TIJ^2)^1/2 + DJ) / 2 + PE
    Total System Jitter     (TSJ):    0.071ns
    Total Input Jitter      (TIJ):    0.240ns
    Discrete Jitter          (DJ):    0.000ns
    Phase Error              (PE):    0.000ns

    Location             Delay type                Incr(ns)  Path(ns)    Netlist Resource(s)
  -------------------------------------------------------------------    -------------------
                         (clock clk_fpga_0 rise edge)
                                                      0.000     0.000 r  
    PS7_X0Y0             PS7                          0.000     0.000 r  npu_system_i/ps7/inst/PS7_i/FCLKCLK[0]
                         net (fo=1, routed)           1.193     1.193    npu_system_i/ps7/inst/FCLK_CLK_unbuffered[0]
    BUFGCTRL_X0Y16       BUFG (Prop_bufg_I_O)         0.101     1.294 r  npu_system_i/ps7/inst/buffer_fclk_clk_0.FCLK_CLK_0_BUFG/O
                         net (fo=6213, routed)        1.829     3.123    <hidden>
    SLICE_X0Y32          FDPE                                         r  <hidden>
  -------------------------------------------------------------------    -------------------
    SLICE_X0Y32          FDPE (Prop_fdpe_C_Q)         0.478     3.601 f  <hidden>
                         net (fo=3, routed)           1.243     4.844    <hidden>
    SLICE_X6Y29          LUT3 (Prop_lut3_I2_O)        0.298     5.142 f  <hidden>
                         net (fo=32, routed)          1.474     6.615    <hidden>
    SLICE_X0Y36          FDCE                                         f  <hidden>
  -------------------------------------------------------------------    -------------------

                         (clock clk_fpga_0 rise edge)
                                                      8.000     8.000 r  
    PS7_X0Y0             PS7                          0.000     8.000 r  npu_system_i/ps7/inst/PS7_i/FCLKCLK[0]
                         net (fo=1, routed)           1.088     9.088    npu_system_i/ps7/inst/FCLK_CLK_unbuffered[0]
    BUFGCTRL_X0Y16       BUFG (Prop_bufg_I_O)         0.091     9.179 r  npu_system_i/ps7/inst/buffer_fclk_clk_0.FCLK_CLK_0_BUFG/O
                         net (fo=6213, routed)        1.654    10.833    <hidden>
    SLICE_X0Y36          FDCE                                         r  <hidden>
                         clock pessimism              0.269    11.102    
                         clock uncertainty           -0.125    10.977    
    SLICE_X0Y36          FDCE (Recov_fdce_C_CLR)     -0.319    10.658    <hidden>
  -------------------------------------------------------------------
                         required time                         10.658    
                         arrival time                          -6.615    
  -------------------------------------------------------------------
                         slack                                  4.043    

Slack (MET) :             4.058ns  (required time - arrival time)
  Source:                 <hidden>
                            (rising edge-triggered cell FDPE clocked by clk_fpga_0  {rise@0.000ns fall@4.000ns period=8.000ns})
  Destination:            <hidden>
                            (recovery check against rising-edge clock clk_fpga_0  {rise@0.000ns fall@4.000ns period=8.000ns})
  Path Group:             **async_default**
  Path Type:              Recovery (Max at Slow Process Corner)
  Requirement:            8.000ns  (clk_fpga_0 rise@8.000ns - clk_fpga_0 rise@0.000ns)
  Data Path Delay:        3.430ns  (logic 0.776ns (22.624%)  route 2.654ns (77.376%))
  Logic Levels:           1  (LUT3=1)
  Clock Path Skew:        -0.026ns (DCD - SCD + CPR)
    Destination Clock Delay (DCD):    2.828ns = ( 10.828 - 8.000 ) 
    Source Clock Delay      (SCD):    3.123ns
    Clock Pessimism Removal (CPR):    0.269ns
  Clock Uncertainty:      0.125ns  ((TSJ^2 + TIJ^2)^1/2 + DJ) / 2 + PE
    Total System Jitter     (TSJ):    0.071ns
    Total Input Jitter      (TIJ):    0.240ns
    Discrete Jitter          (DJ):    0.000ns
    Phase Error              (PE):    0.000ns

    Location             Delay type                Incr(ns)  Path(ns)    Netlist Resource(s)
  -------------------------------------------------------------------    -------------------
                         (clock clk_fpga_0 rise edge)
                                                      0.000     0.000 r  
    PS7_X0Y0             PS7                          0.000     0.000 r  npu_system_i/ps7/inst/PS7_i/FCLKCLK[0]
                         net (fo=1, routed)           1.193     1.193    npu_system_i/ps7/inst/FCLK_CLK_unbuffered[0]
    BUFGCTRL_X0Y16       BUFG (Prop_bufg_I_O)         0.101     1.294 r  npu_system_i/ps7/inst/buffer_fclk_clk_0.FCLK_CLK_0_BUFG/O
                         net (fo=6213, routed)        1.829     3.123    <hidden>
    SLICE_X0Y32          FDPE                                         r  <hidden>
  -------------------------------------------------------------------    -------------------
    SLICE_X0Y32          FDPE (Prop_fdpe_C_Q)         0.478     3.601 f  <hidden>
                         net (fo=3, routed)           1.243     4.844    <hidden>
    SLICE_X6Y29          LUT3 (Prop_lut3_I2_O)        0.298     5.142 f  <hidden>
                         net (fo=32, routed)          1.411     6.553    <hidden>
    SLICE_X0Y31          FDCE                                         f  <hidden>
  -------------------------------------------------------------------    -------------------

                         (clock clk_fpga_0 rise edge)
                                                      8.000     8.000 r  
    PS7_X0Y0             PS7                          0.000     8.000 r  npu_system_i/ps7/inst/PS7_i/FCLKCLK[0]
                         net (fo=1, routed)           1.088     9.088    npu_system_i/ps7/inst/FCLK_CLK_unbuffered[0]
    BUFGCTRL_X0Y16       BUFG (Prop_bufg_I_O)         0.091     9.179 r  npu_system_i/ps7/inst/buffer_fclk_clk_0.FCLK_CLK_0_BUFG/O
                         net (fo=6213, routed)        1.649    10.828    <hidden>
    SLICE_X0Y31          FDCE                                         r  <hidden>
                         clock pessimism              0.269    11.097    
                         clock uncertainty           -0.125    10.972    
    SLICE_X0Y31          FDCE (Recov_fdce_C_CLR)     -0.361    10.611    <hidden>
  -------------------------------------------------------------------
                         required time                         10.611    
                         arrival time                          -6.553    
  -------------------------------------------------------------------
                         slack                                  4.058    

Slack (MET) :             4.058ns  (required time - arrival time)
  Source:                 <hidden>
                            (rising edge-triggered cell FDPE clocked by clk_fpga_0  {rise@0.000ns fall@4.000ns period=8.000ns})
  Destination:            <hidden>
                            (recovery check against rising-edge clock clk_fpga_0  {rise@0.000ns fall@4.000ns period=8.000ns})
  Path Group:             **async_default**
  Path Type:              Recovery (Max at Slow Process Corner)
  Requirement:            8.000ns  (clk_fpga_0 rise@8.000ns - clk_fpga_0 rise@0.000ns)
  Data Path Delay:        3.430ns  (logic 0.776ns (22.624%)  route 2.654ns (77.376%))
  Logic Levels:           1  (LUT3=1)
  Clock Path Skew:        -0.026ns (DCD - SCD + CPR)
    Destination Clock Delay (DCD):    2.828ns = ( 10.828 - 8.000 ) 
    Source Clock Delay      (SCD):    3.123ns
    Clock Pessimism Removal (CPR):    0.269ns
  Clock Uncertainty:      0.125ns  ((TSJ^2 + TIJ^2)^1/2 + DJ) / 2 + PE
    Total System Jitter     (TSJ):    0.071ns
    Total Input Jitter      (TIJ):    0.240ns
    Discrete Jitter          (DJ):    0.000ns
    Phase Error              (PE):    0.000ns

    Location             Delay type                Incr(ns)  Path(ns)    Netlist Resource(s)
  -------------------------------------------------------------------    -------------------
                         (clock clk_fpga_0 rise edge)
                                                      0.000     0.000 r  
    PS7_X0Y0             PS7                          0.000     0.000 r  npu_system_i/ps7/inst/PS7_i/FCLKCLK[0]
                         net (fo=1, routed)           1.193     1.193    npu_system_i/ps7/inst/FCLK_CLK_unbuffered[0]
    BUFGCTRL_X0Y16       BUFG (Prop_bufg_I_O)         0.101     1.294 r  npu_system_i/ps7/inst/buffer_fclk_clk_0.FCLK_CLK_0_BUFG/O
                         net (fo=6213, routed)        1.829     3.123    <hidden>
    SLICE_X0Y32          FDPE                                         r  <hidden>
  -------------------------------------------------------------------    -------------------
    SLICE_X0Y32          FDPE (Prop_fdpe_C_Q)         0.478     3.601 f  <hidden>
                         net (fo=3, routed)           1.243     4.844    <hidden>
    SLICE_X6Y29          LUT3 (Prop_lut3_I2_O)        0.298     5.142 f  <hidden>
                         net (fo=32, routed)          1.411     6.553    <hidden>
    SLICE_X0Y31          FDPE                                         f  <hidden>
  -------------------------------------------------------------------    -------------------

                         (clock clk_fpga_0 rise edge)
                                                      8.000     8.000 r  
    PS7_X0Y0             PS7                          0.000     8.000 r  npu_system_i/ps7/inst/PS7_i/FCLKCLK[0]
                         net (fo=1, routed)           1.088     9.088    npu_system_i/ps7/inst/FCLK_CLK_unbuffered[0]
    BUFGCTRL_X0Y16       BUFG (Prop_bufg_I_O)         0.091     9.179 r  npu_system_i/ps7/inst/buffer_fclk_clk_0.FCLK_CLK_0_BUFG/O
                         net (fo=6213, routed)        1.649    10.828    <hidden>
    SLICE_X0Y31          FDPE                                         r  <hidden>
                         clock pessimism              0.269    11.097    
                         clock uncertainty           -0.125    10.972    
    SLICE_X0Y31          FDPE (Recov_fdpe_C_PRE)     -0.361    10.611    <hidden>
  -------------------------------------------------------------------
                         required time                         10.611    
                         arrival time                          -6.553    
  -------------------------------------------------------------------
                         slack                                  4.058    

Slack (MET) :             4.058ns  (required time - arrival time)
  Source:                 <hidden>
                            (rising edge-triggered cell FDPE clocked by clk_fpga_0  {rise@0.000ns fall@4.000ns period=8.000ns})
  Destination:            <hidden>
                            (recovery check against rising-edge clock clk_fpga_0  {rise@0.000ns fall@4.000ns period=8.000ns})
  Path Group:             **async_default**
  Path Type:              Recovery (Max at Slow Process Corner)
  Requirement:            8.000ns  (clk_fpga_0 rise@8.000ns - clk_fpga_0 rise@0.000ns)
  Data Path Delay:        3.430ns  (logic 0.776ns (22.624%)  route 2.654ns (77.376%))
  Logic Levels:           1  (LUT3=1)
  Clock Path Skew:        -0.026ns (DCD - SCD + CPR)
    Destination Clock Delay (DCD):    2.828ns = ( 10.828 - 8.000 ) 
    Source Clock Delay      (SCD):    3.123ns
    Clock Pessimism Removal (CPR):    0.269ns
  Clock Uncertainty:      0.125ns  ((TSJ^2 + TIJ^2)^1/2 + DJ) / 2 + PE
    Total System Jitter     (TSJ):    0.071ns
    Total Input Jitter      (TIJ):    0.240ns
    Discrete Jitter          (DJ):    0.000ns
    Phase Error              (PE):    0.000ns

    Location             Delay type                Incr(ns)  Path(ns)    Netlist Resource(s)
  -------------------------------------------------------------------    -------------------
                         (clock clk_fpga_0 rise edge)
                                                      0.000     0.000 r  
    PS7_X0Y0             PS7                          0.000     0.000 r  npu_system_i/ps7/inst/PS7_i/FCLKCLK[0]
                         net (fo=1, routed)           1.193     1.193    npu_system_i/ps7/inst/FCLK_CLK_unbuffered[0]
    BUFGCTRL_X0Y16       BUFG (Prop_bufg_I_O)         0.101     1.294 r  npu_system_i/ps7/inst/buffer_fclk_clk_0.FCLK_CLK_0_BUFG/O
                         net (fo=6213, routed)        1.829     3.123    <hidden>
    SLICE_X0Y32          FDPE                                         r  <hidden>
  -------------------------------------------------------------------    -------------------
    SLICE_X0Y32          FDPE (Prop_fdpe_C_Q)         0.478     3.601 f  <hidden>
                         net (fo=3, routed)           1.243     4.844    <hidden>
    SLICE_X6Y29          LUT3 (Prop_lut3_I2_O)        0.298     5.142 f  <hidden>
                         net (fo=32, routed)          1.411     6.553    <hidden>
    SLICE_X0Y31          FDCE                                         f  <hidden>
  -------------------------------------------------------------------    -------------------

                         (clock clk_fpga_0 rise edge)
                                                      8.000     8.000 r  
    PS7_X0Y0             PS7                          0.000     8.000 r  npu_system_i/ps7/inst/PS7_i/FCLKCLK[0]
                         net (fo=1, routed)           1.088     9.088    npu_system_i/ps7/inst/FCLK_CLK_unbuffered[0]
    BUFGCTRL_X0Y16       BUFG (Prop_bufg_I_O)         0.091     9.179 r  npu_system_i/ps7/inst/buffer_fclk_clk_0.FCLK_CLK_0_BUFG/O
                         net (fo=6213, routed)        1.649    10.828    <hidden>
    SLICE_X0Y31          FDCE                                         r  <hidden>
                         clock pessimism              0.269    11.097    
                         clock uncertainty           -0.125    10.972    
    SLICE_X0Y31          FDCE (Recov_fdce_C_CLR)     -0.361    10.611    <hidden>
  -------------------------------------------------------------------
                         required time                         10.611    
                         arrival time                          -6.553    
  -------------------------------------------------------------------
                         slack                                  4.058    

Slack (MET) :             4.100ns  (required time - arrival time)
  Source:                 <hidden>
                            (rising edge-triggered cell FDPE clocked by clk_fpga_0  {rise@0.000ns fall@4.000ns period=8.000ns})
  Destination:            <hidden>
                            (recovery check against rising-edge clock clk_fpga_0  {rise@0.000ns fall@4.000ns period=8.000ns})
  Path Group:             **async_default**
  Path Type:              Recovery (Max at Slow Process Corner)
  Requirement:            8.000ns  (clk_fpga_0 rise@8.000ns - clk_fpga_0 rise@0.000ns)
  Data Path Delay:        3.430ns  (logic 0.776ns (22.624%)  route 2.654ns (77.376%))
  Logic Levels:           1  (LUT3=1)
  Clock Path Skew:        -0.026ns (DCD - SCD + CPR)
    Destination Clock Delay (DCD):    2.828ns = ( 10.828 - 8.000 ) 
    Source Clock Delay      (SCD):    3.123ns
    Clock Pessimism Removal (CPR):    0.269ns
  Clock Uncertainty:      0.125ns  ((TSJ^2 + TIJ^2)^1/2 + DJ) / 2 + PE
    Total System Jitter     (TSJ):    0.071ns
    Total Input Jitter      (TIJ):    0.240ns
    Discrete Jitter          (DJ):    0.000ns
    Phase Error              (PE):    0.000ns

    Location             Delay type                Incr(ns)  Path(ns)    Netlist Resource(s)
  -------------------------------------------------------------------    -------------------
                         (clock clk_fpga_0 rise edge)
                                                      0.000     0.000 r  
    PS7_X0Y0             PS7                          0.000     0.000 r  npu_system_i/ps7/inst/PS7_i/FCLKCLK[0]
                         net (fo=1, routed)           1.193     1.193    npu_system_i/ps7/inst/FCLK_CLK_unbuffered[0]
    BUFGCTRL_X0Y16       BUFG (Prop_bufg_I_O)         0.101     1.294 r  npu_system_i/ps7/inst/buffer_fclk_clk_0.FCLK_CLK_0_BUFG/O
                         net (fo=6213, routed)        1.829     3.123    <hidden>
    SLICE_X0Y32          FDPE                                         r  <hidden>
  -------------------------------------------------------------------    -------------------
    SLICE_X0Y32          FDPE (Prop_fdpe_C_Q)         0.478     3.601 f  <hidden>
                         net (fo=3, routed)           1.243     4.844    <hidden>
    SLICE_X6Y29          LUT3 (Prop_lut3_I2_O)        0.298     5.142 f  <hidden>
                         net (fo=32, routed)          1.411     6.553    <hidden>
    SLICE_X0Y31          FDCE                                         f  <hidden>
  -------------------------------------------------------------------    -------------------

                         (clock clk_fpga_0 rise edge)
                                                      8.000     8.000 r  
    PS7_X0Y0             PS7                          0.000     8.000 r  npu_system_i/ps7/inst/PS7_i/FCLKCLK[0]
                         net (fo=1, routed)           1.088     9.088    npu_system_i/ps7/inst/FCLK_CLK_unbuffered[0]
    BUFGCTRL_X0Y16       BUFG (Prop_bufg_I_O)         0.091     9.179 r  npu_system_i/ps7/inst/buffer_fclk_clk_0.FCLK_CLK_0_BUFG/O
                         net (fo=6213, routed)        1.649    10.828    <hidden>
    SLICE_X0Y31          FDCE                                         r  <hidden>
                         clock pessimism              0.269    11.097    
                         clock uncertainty           -0.125    10.972    
    SLICE_X0Y31          FDCE (Recov_fdce_C_CLR)     -0.319    10.653    <hidden>
  -------------------------------------------------------------------
                         required time                         10.653    
                         arrival time                          -6.553    
  -------------------------------------------------------------------
                         slack                                  4.100    





Min Delay Paths
--------------------------------------------------------------------------------------
Slack (MET) :             0.620ns  (arrival time - required time)
  Source:                 <hidden>
                            (rising edge-triggered cell FDRE clocked by clk_fpga_0  {rise@0.000ns fall@4.000ns period=8.000ns})
  Destination:            <hidden>
                            (removal check against rising-edge clock clk_fpga_0  {rise@0.000ns fall@4.000ns period=8.000ns})
  Path Group:             **async_default**
  Path Type:              Removal (Min at Fast Process Corner)
  Requirement:            0.000ns  (clk_fpga_0 rise@0.000ns - clk_fpga_0 rise@0.000ns)
  Data Path Delay:        0.589ns  (logic 0.209ns (35.479%)  route 0.380ns (64.521%))
  Logic Levels:           1  (LUT3=1)
  Clock Path Skew:        0.036ns (DCD - SCD - CPR)
    Destination Clock Delay (DCD):    1.256ns
    Source Clock Delay      (SCD):    0.957ns
    Clock Pessimism Removal (CPR):    0.263ns

    Location             Delay type                Incr(ns)  Path(ns)    Netlist Resource(s)
  -------------------------------------------------------------------    -------------------
                         (clock clk_fpga_0 rise edge)
                                                      0.000     0.000 r  
    PS7_X0Y0             PS7                          0.000     0.000 r  npu_system_i/ps7/inst/PS7_i/FCLKCLK[0]
                         net (fo=1, routed)           0.310     0.310    npu_system_i/ps7/inst/FCLK_CLK_unbuffered[0]
    BUFGCTRL_X0Y16       BUFG (Prop_bufg_I_O)         0.026     0.336 r  npu_system_i/ps7/inst/buffer_fclk_clk_0.FCLK_CLK_0_BUFG/O
                         net (fo=6213, routed)        0.621     0.957    <hidden>
    SLICE_X6Y35          FDRE                                         r  <hidden>
  -------------------------------------------------------------------    -------------------
    SLICE_X6Y35          FDRE (Prop_fdre_C_Q)         0.164     1.121 f  <hidden>
                         net (fo=1, routed)           0.189     1.310    <hidden>
    SLICE_X7Y36          LUT3 (Prop_lut3_I0_O)        0.045     1.355 f  <hidden>
                         net (fo=33, routed)          0.191     1.546    <hidden>
    SLICE_X2Y36          FDCE                                         f  <hidden>
  -------------------------------------------------------------------    -------------------

                         (clock clk_fpga_0 rise edge)
                                                      0.000     0.000 r  
    PS7_X0Y0             PS7                          0.000     0.000 r  npu_system_i/ps7/inst/PS7_i/FCLKCLK[0]
                         net (fo=1, routed)           0.337     0.337    npu_system_i/ps7/inst/FCLK_CLK_unbuffered[0]
    BUFGCTRL_X0Y16       BUFG (Prop_bufg_I_O)         0.029     0.366 r  npu_system_i/ps7/inst/buffer_fclk_clk_0.FCLK_CLK_0_BUFG/O
                         net (fo=6213, routed)        0.890     1.256    <hidden>
    SLICE_X2Y36          FDCE                                         r  <hidden>
                         clock pessimism             -0.263     0.993    
    SLICE_X2Y36          FDCE (Remov_fdce_C_CLR)     -0.067     0.926    <hidden>
  -------------------------------------------------------------------
                         required time                         -0.925    
                         arrival time                           1.546    
  -------------------------------------------------------------------
                         slack                                  0.620    

Slack (MET) :             0.620ns  (arrival time - required time)
  Source:                 <hidden>
                            (rising edge-triggered cell FDRE clocked by clk_fpga_0  {rise@0.000ns fall@4.000ns period=8.000ns})
  Destination:            <hidden>
                            (removal check against rising-edge clock clk_fpga_0  {rise@0.000ns fall@4.000ns period=8.000ns})
  Path Group:             **async_default**
  Path Type:              Removal (Min at Fast Process Corner)
  Requirement:            0.000ns  (clk_fpga_0 rise@0.000ns - clk_fpga_0 rise@0.000ns)
  Data Path Delay:        0.589ns  (logic 0.209ns (35.479%)  route 0.380ns (64.521%))
  Logic Levels:           1  (LUT3=1)
  Clock Path Skew:        0.036ns (DCD - SCD - CPR)
    Destination Clock Delay (DCD):    1.256ns
    Source Clock Delay      (SCD):    0.957ns
    Clock Pessimism Removal (CPR):    0.263ns

    Location             Delay type                Incr(ns)  Path(ns)    Netlist Resource(s)
  -------------------------------------------------------------------    -------------------
                         (clock clk_fpga_0 rise edge)
                                                      0.000     0.000 r  
    PS7_X0Y0             PS7                          0.000     0.000 r  npu_system_i/ps7/inst/PS7_i/FCLKCLK[0]
                         net (fo=1, routed)           0.310     0.310    npu_system_i/ps7/inst/FCLK_CLK_unbuffered[0]
    BUFGCTRL_X0Y16       BUFG (Prop_bufg_I_O)         0.026     0.336 r  npu_system_i/ps7/inst/buffer_fclk_clk_0.FCLK_CLK_0_BUFG/O
                         net (fo=6213, routed)        0.621     0.957    <hidden>
    SLICE_X6Y35          FDRE                                         r  <hidden>
  -------------------------------------------------------------------    -------------------
    SLICE_X6Y35          FDRE (Prop_fdre_C_Q)         0.164     1.121 f  <hidden>
                         net (fo=1, routed)           0.189     1.310    <hidden>
    SLICE_X7Y36          LUT3 (Prop_lut3_I0_O)        0.045     1.355 f  <hidden>
                         net (fo=33, routed)          0.191     1.546    <hidden>
    SLICE_X2Y36          FDCE                                         f  <hidden>
  -------------------------------------------------------------------    -------------------

                         (clock clk_fpga_0 rise edge)
                                                      0.000     0.000 r  
    PS7_X0Y0             PS7                          0.000     0.000 r  npu_system_i/ps7/inst/PS7_i/FCLKCLK[0]
                         net (fo=1, routed)           0.337     0.337    npu_system_i/ps7/inst/FCLK_CLK_unbuffered[0]
    BUFGCTRL_X0Y16       BUFG (Prop_bufg_I_O)         0.029     0.366 r  npu_system_i/ps7/inst/buffer_fclk_clk_0.FCLK_CLK_0_BUFG/O
                         net (fo=6213, routed)        0.890     1.256    <hidden>
    SLICE_X2Y36          FDCE                                         r  <hidden>
                         clock pessimism             -0.263     0.993    
    SLICE_X2Y36          FDCE (Remov_fdce_C_CLR)     -0.067     0.926    <hidden>
  -------------------------------------------------------------------
                         required time                         -0.925    
                         arrival time                           1.546    
  -------------------------------------------------------------------
                         slack                                  0.620    

Slack (MET) :             0.622ns  (arrival time - required time)
  Source:                 <hidden>
                            (rising edge-triggered cell FDRE clocked by clk_fpga_0  {rise@0.000ns fall@4.000ns period=8.000ns})
  Destination:            <hidden>
                            (removal check against rising-edge clock clk_fpga_0  {rise@0.000ns fall@4.000ns period=8.000ns})
  Path Group:             **async_default**
  Path Type:              Removal (Min at Fast Process Corner)
  Requirement:            0.000ns  (clk_fpga_0 rise@0.000ns - clk_fpga_0 rise@0.000ns)
  Data Path Delay:        0.569ns  (logic 0.186ns (32.716%)  route 0.383ns (67.284%))
  Logic Levels:           1  (LUT3=1)
  Clock Path Skew:        0.014ns (DCD - SCD - CPR)
    Destination Clock Delay (DCD):    1.248ns
    Source Clock Delay      (SCD):    0.951ns
    Clock Pessimism Removal (CPR):    0.283ns

    Location             Delay type                Incr(ns)  Path(ns)    Netlist Resource(s)
  -------------------------------------------------------------------    -------------------
                         (clock clk_fpga_0 rise edge)
                                                      0.000     0.000 r  
    PS7_X0Y0             PS7                          0.000     0.000 r  npu_system_i/ps7/inst/PS7_i/FCLKCLK[0]
                         net (fo=1, routed)           0.310     0.310    npu_system_i/ps7/inst/FCLK_CLK_unbuffered[0]
    BUFGCTRL_X0Y16       BUFG (Prop_bufg_I_O)         0.026     0.336 r  npu_system_i/ps7/inst/buffer_fclk_clk_0.FCLK_CLK_0_BUFG/O
                         net (fo=6213, routed)        0.615     0.951    <hidden>
    SLICE_X5Y27          FDRE                                         r  <hidden>
  -------------------------------------------------------------------    -------------------
    SLICE_X5Y27          FDRE (Prop_fdre_C_Q)         0.141     1.092 f  <hidden>
                         net (fo=2, routed)           0.159     1.251    <hidden>
    SLICE_X6Y29          LUT3 (Prop_lut3_I0_O)        0.045     1.296 f  <hidden>
                         net (fo=32, routed)          0.223     1.519    <hidden>
    SLICE_X6Y28          FDCE                                         f  <hidden>
  -------------------------------------------------------------------    -------------------

                         (clock clk_fpga_0 rise edge)
                                                      0.000     0.000 r  
    PS7_X0Y0             PS7                          0.000     0.000 r  npu_system_i/ps7/inst/PS7_i/FCLKCLK[0]
                         net (fo=1, routed)           0.337     0.337    npu_system_i/ps7/inst/FCLK_CLK_unbuffered[0]
    BUFGCTRL_X0Y16       BUFG (Prop_bufg_I_O)         0.029     0.366 r  npu_system_i/ps7/inst/buffer_fclk_clk_0.FCLK_CLK_0_BUFG/O
                         net (fo=6213, routed)        0.882     1.248    <hidden>
    SLICE_X6Y28          FDCE                                         r  <hidden>
                         clock pessimism             -0.283     0.965    
    SLICE_X6Y28          FDCE (Remov_fdce_C_CLR)     -0.067     0.898    <hidden>
  -------------------------------------------------------------------
                         required time                         -0.898    
                         arrival time                           1.519    
  -------------------------------------------------------------------
                         slack                                  0.622    

Slack (MET) :             0.622ns  (arrival time - required time)
  Source:                 <hidden>
                            (rising edge-triggered cell FDRE clocked by clk_fpga_0  {rise@0.000ns fall@4.000ns period=8.000ns})
  Destination:            <hidden>
                            (removal check against rising-edge clock clk_fpga_0  {rise@0.000ns fall@4.000ns period=8.000ns})
  Path Group:             **async_default**
  Path Type:              Removal (Min at Fast Process Corner)
  Requirement:            0.000ns  (clk_fpga_0 rise@0.000ns - clk_fpga_0 rise@0.000ns)
  Data Path Delay:        0.569ns  (logic 0.186ns (32.716%)  route 0.383ns (67.284%))
  Logic Levels:           1  (LUT3=1)
  Clock Path Skew:        0.014ns (DCD - SCD - CPR)
    Destination Clock Delay (DCD):    1.248ns
    Source Clock Delay      (SCD):    0.951ns
    Clock Pessimism Removal (CPR):    0.283ns

    Location             Delay type                Incr(ns)  Path(ns)    Netlist Resource(s)
  -------------------------------------------------------------------    -------------------
                         (clock clk_fpga_0 rise edge)
                                                      0.000     0.000 r  
    PS7_X0Y0             PS7                          0.000     0.000 r  npu_system_i/ps7/inst/PS7_i/FCLKCLK[0]
                         net (fo=1, routed)           0.310     0.310    npu_system_i/ps7/inst/FCLK_CLK_unbuffered[0]
    BUFGCTRL_X0Y16       BUFG (Prop_bufg_I_O)         0.026     0.336 r  npu_system_i/ps7/inst/buffer_fclk_clk_0.FCLK_CLK_0_BUFG/O
                         net (fo=6213, routed)        0.615     0.951    <hidden>
    SLICE_X5Y27          FDRE                                         r  <hidden>
  -------------------------------------------------------------------    -------------------
    SLICE_X5Y27          FDRE (Prop_fdre_C_Q)         0.141     1.092 f  <hidden>
                         net (fo=2, routed)           0.159     1.251    <hidden>
    SLICE_X6Y29          LUT3 (Prop_lut3_I0_O)        0.045     1.296 f  <hidden>
                         net (fo=32, routed)          0.223     1.519    <hidden>
    SLICE_X6Y28          FDCE                                         f  <hidden>
  -------------------------------------------------------------------    -------------------

                         (clock clk_fpga_0 rise edge)
                                                      0.000     0.000 r  
    PS7_X0Y0             PS7                          0.000     0.000 r  npu_system_i/ps7/inst/PS7_i/FCLKCLK[0]
                         net (fo=1, routed)           0.337     0.337    npu_system_i/ps7/inst/FCLK_CLK_unbuffered[0]
    BUFGCTRL_X0Y16       BUFG (Prop_bufg_I_O)         0.029     0.366 r  npu_system_i/ps7/inst/buffer_fclk_clk_0.FCLK_CLK_0_BUFG/O
                         net (fo=6213, routed)        0.882     1.248    <hidden>
    SLICE_X6Y28          FDCE                                         r  <hidden>
                         clock pessimism             -0.283     0.965    
    SLICE_X6Y28          FDCE (Remov_fdce_C_CLR)     -0.067     0.898    <hidden>
  -------------------------------------------------------------------
                         required time                         -0.898    
                         arrival time                           1.519    
  -------------------------------------------------------------------
                         slack                                  0.622    

Slack (MET) :             0.622ns  (arrival time - required time)
  Source:                 <hidden>
                            (rising edge-triggered cell FDRE clocked by clk_fpga_0  {rise@0.000ns fall@4.000ns period=8.000ns})
  Destination:            <hidden>
                            (removal check against rising-edge clock clk_fpga_0  {rise@0.000ns fall@4.000ns period=8.000ns})
  Path Group:             **async_default**
  Path Type:              Removal (Min at Fast Process Corner)
  Requirement:            0.000ns  (clk_fpga_0 rise@0.000ns - clk_fpga_0 rise@0.000ns)
  Data Path Delay:        0.569ns  (logic 0.186ns (32.716%)  route 0.383ns (67.284%))
  Logic Levels:           1  (LUT3=1)
  Clock Path Skew:        0.014ns (DCD - SCD - CPR)
    Destination Clock Delay (DCD):    1.248ns
    Source Clock Delay      (SCD):    0.951ns
    Clock Pessimism Removal (CPR):    0.283ns

    Location             Delay type                Incr(ns)  Path(ns)    Netlist Resource(s)
  -------------------------------------------------------------------    -------------------
                         (clock clk_fpga_0 rise edge)
                                                      0.000     0.000 r  
    PS7_X0Y0             PS7                          0.000     0.000 r  npu_system_i/ps7/inst/PS7_i/FCLKCLK[0]
                         net (fo=1, routed)           0.310     0.310    npu_system_i/ps7/inst/FCLK_CLK_unbuffered[0]
    BUFGCTRL_X0Y16       BUFG (Prop_bufg_I_O)         0.026     0.336 r  npu_system_i/ps7/inst/buffer_fclk_clk_0.FCLK_CLK_0_BUFG/O
                         net (fo=6213, routed)        0.615     0.951    <hidden>
    SLICE_X5Y27          FDRE                                         r  <hidden>
  -------------------------------------------------------------------    -------------------
    SLICE_X5Y27          FDRE (Prop_fdre_C_Q)         0.141     1.092 f  <hidden>
                         net (fo=2, routed)           0.159     1.251    <hidden>
    SLICE_X6Y29          LUT3 (Prop_lut3_I0_O)        0.045     1.296 f  <hidden>
                         net (fo=32, routed)          0.223     1.519    <hidden>
    SLICE_X6Y28          FDCE                                         f  <hidden>
  -------------------------------------------------------------------    -------------------

                         (clock clk_fpga_0 rise edge)
                                                      0.000     0.000 r  
    PS7_X0Y0             PS7                          0.000     0.000 r  npu_system_i/ps7/inst/PS7_i/FCLKCLK[0]
                         net (fo=1, routed)           0.337     0.337    npu_system_i/ps7/inst/FCLK_CLK_unbuffered[0]
    BUFGCTRL_X0Y16       BUFG (Prop_bufg_I_O)         0.029     0.366 r  npu_system_i/ps7/inst/buffer_fclk_clk_0.FCLK_CLK_0_BUFG/O
                         net (fo=6213, routed)        0.882     1.248    <hidden>
    SLICE_X6Y28          FDCE                                         r  <hidden>
                         clock pessimism             -0.283     0.965    
    SLICE_X6Y28          FDCE (Remov_fdce_C_CLR)     -0.067     0.898    <hidden>
  -------------------------------------------------------------------
                         required time                         -0.898    
                         arrival time                           1.519    
  -------------------------------------------------------------------
                         slack                                  0.622    

Slack (MET) :             0.622ns  (arrival time - required time)
  Source:                 <hidden>
                            (rising edge-triggered cell FDRE clocked by clk_fpga_0  {rise@0.000ns fall@4.000ns period=8.000ns})
  Destination:            <hidden>
                            (removal check against rising-edge clock clk_fpga_0  {rise@0.000ns fall@4.000ns period=8.000ns})
  Path Group:             **async_default**
  Path Type:              Removal (Min at Fast Process Corner)
  Requirement:            0.000ns  (clk_fpga_0 rise@0.000ns - clk_fpga_0 rise@0.000ns)
  Data Path Delay:        0.569ns  (logic 0.186ns (32.716%)  route 0.383ns (67.284%))
  Logic Levels:           1  (LUT3=1)
  Clock Path Skew:        0.014ns (DCD - SCD - CPR)
    Destination Clock Delay (DCD):    1.248ns
    Source Clock Delay      (SCD):    0.951ns
    Clock Pessimism Removal (CPR):    0.283ns

    Location             Delay type                Incr(ns)  Path(ns)    Netlist Resource(s)
  -------------------------------------------------------------------    -------------------
                         (clock clk_fpga_0 rise edge)
                                                      0.000     0.000 r  
    PS7_X0Y0             PS7                          0.000     0.000 r  npu_system_i/ps7/inst/PS7_i/FCLKCLK[0]
                         net (fo=1, routed)           0.310     0.310    npu_system_i/ps7/inst/FCLK_CLK_unbuffered[0]
    BUFGCTRL_X0Y16       BUFG (Prop_bufg_I_O)         0.026     0.336 r  npu_system_i/ps7/inst/buffer_fclk_clk_0.FCLK_CLK_0_BUFG/O
                         net (fo=6213, routed)        0.615     0.951    <hidden>
    SLICE_X5Y27          FDRE                                         r  <hidden>
  -------------------------------------------------------------------    -------------------
    SLICE_X5Y27          FDRE (Prop_fdre_C_Q)         0.141     1.092 f  <hidden>
                         net (fo=2, routed)           0.159     1.251    <hidden>
    SLICE_X6Y29          LUT3 (Prop_lut3_I0_O)        0.045     1.296 f  <hidden>
                         net (fo=32, routed)          0.223     1.519    <hidden>
    SLICE_X6Y28          FDCE                                         f  <hidden>
  -------------------------------------------------------------------    -------------------

                         (clock clk_fpga_0 rise edge)
                                                      0.000     0.000 r  
    PS7_X0Y0             PS7                          0.000     0.000 r  npu_system_i/ps7/inst/PS7_i/FCLKCLK[0]
                         net (fo=1, routed)           0.337     0.337    npu_system_i/ps7/inst/FCLK_CLK_unbuffered[0]
    BUFGCTRL_X0Y16       BUFG (Prop_bufg_I_O)         0.029     0.366 r  npu_system_i/ps7/inst/buffer_fclk_clk_0.FCLK_CLK_0_BUFG/O
                         net (fo=6213, routed)        0.882     1.248    <hidden>
    SLICE_X6Y28          FDCE                                         r  <hidden>
                         clock pessimism             -0.283     0.965    
    SLICE_X6Y28          FDCE (Remov_fdce_C_CLR)     -0.067     0.898    <hidden>
  -------------------------------------------------------------------
                         required time                         -0.898    
                         arrival time                           1.519    
  -------------------------------------------------------------------
                         slack                                  0.622    

Slack (MET) :             0.622ns  (arrival time - required time)
  Source:                 <hidden>
                            (rising edge-triggered cell FDRE clocked by clk_fpga_0  {rise@0.000ns fall@4.000ns period=8.000ns})
  Destination:            <hidden>
                            (removal check against rising-edge clock clk_fpga_0  {rise@0.000ns fall@4.000ns period=8.000ns})
  Path Group:             **async_default**
  Path Type:              Removal (Min at Fast Process Corner)
  Requirement:            0.000ns  (clk_fpga_0 rise@0.000ns - clk_fpga_0 rise@0.000ns)
  Data Path Delay:        0.569ns  (logic 0.186ns (32.716%)  route 0.383ns (67.284%))
  Logic Levels:           1  (LUT3=1)
  Clock Path Skew:        0.014ns (DCD - SCD - CPR)
    Destination Clock Delay (DCD):    1.248ns
    Source Clock Delay      (SCD):    0.951ns
    Clock Pessimism Removal (CPR):    0.283ns

    Location             Delay type                Incr(ns)  Path(ns)    Netlist Resource(s)
  -------------------------------------------------------------------    -------------------
                         (clock clk_fpga_0 rise edge)
                                                      0.000     0.000 r  
    PS7_X0Y0             PS7                          0.000     0.000 r  npu_system_i/ps7/inst/PS7_i/FCLKCLK[0]
                         net (fo=1, routed)           0.310     0.310    npu_system_i/ps7/inst/FCLK_CLK_unbuffered[0]
    BUFGCTRL_X0Y16       BUFG (Prop_bufg_I_O)         0.026     0.336 r  npu_system_i/ps7/inst/buffer_fclk_clk_0.FCLK_CLK_0_BUFG/O
                         net (fo=6213, routed)        0.615     0.951    <hidden>
    SLICE_X5Y27          FDRE                                         r  <hidden>
  -------------------------------------------------------------------    -------------------
    SLICE_X5Y27          FDRE (Prop_fdre_C_Q)         0.141     1.092 f  <hidden>
                         net (fo=2, routed)           0.159     1.251    <hidden>
    SLICE_X6Y29          LUT3 (Prop_lut3_I0_O)        0.045     1.296 f  <hidden>
                         net (fo=32, routed)          0.223     1.519    <hidden>
    SLICE_X6Y28          FDCE                                         f  <hidden>
  -------------------------------------------------------------------    -------------------

                         (clock clk_fpga_0 rise edge)
                                                      0.000     0.000 r  
    PS7_X0Y0             PS7                          0.000     0.000 r  npu_system_i/ps7/inst/PS7_i/FCLKCLK[0]
                         net (fo=1, routed)           0.337     0.337    npu_system_i/ps7/inst/FCLK_CLK_unbuffered[0]
    BUFGCTRL_X0Y16       BUFG (Prop_bufg_I_O)         0.029     0.366 r  npu_system_i/ps7/inst/buffer_fclk_clk_0.FCLK_CLK_0_BUFG/O
                         net (fo=6213, routed)        0.882     1.248    <hidden>
    SLICE_X6Y28          FDCE                                         r  <hidden>
                         clock pessimism             -0.283     0.965    
    SLICE_X6Y28          FDCE (Remov_fdce_C_CLR)     -0.067     0.898    <hidden>
  -------------------------------------------------------------------
                         required time                         -0.898    
                         arrival time                           1.519    
  -------------------------------------------------------------------
                         slack                                  0.622    

Slack (MET) :             0.624ns  (arrival time - required time)
  Source:                 <hidden>
                            (rising edge-triggered cell FDRE clocked by clk_fpga_0  {rise@0.000ns fall@4.000ns period=8.000ns})
  Destination:            <hidden>
                            (removal check against rising-edge clock clk_fpga_0  {rise@0.000ns fall@4.000ns period=8.000ns})
  Path Group:             **async_default**
  Path Type:              Removal (Min at Fast Process Corner)
  Requirement:            0.000ns  (clk_fpga_0 rise@0.000ns - clk_fpga_0 rise@0.000ns)
  Data Path Delay:        0.589ns  (logic 0.209ns (35.479%)  route 0.380ns (64.521%))
  Logic Levels:           1  (LUT3=1)
  Clock Path Skew:        0.036ns (DCD - SCD - CPR)
    Destination Clock Delay (DCD):    1.256ns
    Source Clock Delay      (SCD):    0.957ns
    Clock Pessimism Removal (CPR):    0.263ns

    Location             Delay type                Incr(ns)  Path(ns)    Netlist Resource(s)
  -------------------------------------------------------------------    -------------------
                         (clock clk_fpga_0 rise edge)
                                                      0.000     0.000 r  
    PS7_X0Y0             PS7                          0.000     0.000 r  npu_system_i/ps7/inst/PS7_i/FCLKCLK[0]
                         net (fo=1, routed)           0.310     0.310    npu_system_i/ps7/inst/FCLK_CLK_unbuffered[0]
    BUFGCTRL_X0Y16       BUFG (Prop_bufg_I_O)         0.026     0.336 r  npu_system_i/ps7/inst/buffer_fclk_clk_0.FCLK_CLK_0_BUFG/O
                         net (fo=6213, routed)        0.621     0.957    <hidden>
    SLICE_X6Y35          FDRE                                         r  <hidden>
  -------------------------------------------------------------------    -------------------
    SLICE_X6Y35          FDRE (Prop_fdre_C_Q)         0.164     1.121 f  <hidden>
                         net (fo=1, routed)           0.189     1.310    <hidden>
    SLICE_X7Y36          LUT3 (Prop_lut3_I0_O)        0.045     1.355 f  <hidden>
                         net (fo=33, routed)          0.191     1.546    <hidden>
    SLICE_X2Y36          FDPE                                         f  <hidden>
  -------------------------------------------------------------------    -------------------

                         (clock clk_fpga_0 rise edge)
                                                      0.000     0.000 r  
    PS7_X0Y0             PS7                          0.000     0.000 r  npu_system_i/ps7/inst/PS7_i/FCLKCLK[0]
                         net (fo=1, routed)           0.337     0.337    npu_system_i/ps7/inst/FCLK_CLK_unbuffered[0]
    BUFGCTRL_X0Y16       BUFG (Prop_bufg_I_O)         0.029     0.366 r  npu_system_i/ps7/inst/buffer_fclk_clk_0.FCLK_CLK_0_BUFG/O
                         net (fo=6213, routed)        0.890     1.256    <hidden>
    SLICE_X2Y36          FDPE                                         r  <hidden>
                         clock pessimism             -0.263     0.993    
    SLICE_X2Y36          FDPE (Remov_fdpe_C_PRE)     -0.071     0.922    <hidden>
  -------------------------------------------------------------------
                         required time                         -0.921    
                         arrival time                           1.546    
  -------------------------------------------------------------------
                         slack                                  0.624    

Slack (MET) :             0.626ns  (arrival time - required time)
  Source:                 <hidden>
                            (rising edge-triggered cell FDRE clocked by clk_fpga_0  {rise@0.000ns fall@4.000ns period=8.000ns})
  Destination:            <hidden>
                            (removal check against rising-edge clock clk_fpga_0  {rise@0.000ns fall@4.000ns period=8.000ns})
  Path Group:             **async_default**
  Path Type:              Removal (Min at Fast Process Corner)
  Requirement:            0.000ns  (clk_fpga_0 rise@0.000ns - clk_fpga_0 rise@0.000ns)
  Data Path Delay:        0.569ns  (logic 0.186ns (32.716%)  route 0.383ns (67.284%))
  Logic Levels:           1  (LUT3=1)
  Clock Path Skew:        0.014ns (DCD - SCD - CPR)
    Destination Clock Delay (DCD):    1.248ns
    Source Clock Delay      (SCD):    0.951ns
    Clock Pessimism Removal (CPR):    0.283ns

    Location             Delay type                Incr(ns)  Path(ns)    Netlist Resource(s)
  -------------------------------------------------------------------    -------------------
                         (clock clk_fpga_0 rise edge)
                                                      0.000     0.000 r  
    PS7_X0Y0             PS7                          0.000     0.000 r  npu_system_i/ps7/inst/PS7_i/FCLKCLK[0]
                         net (fo=1, routed)           0.310     0.310    npu_system_i/ps7/inst/FCLK_CLK_unbuffered[0]
    BUFGCTRL_X0Y16       BUFG (Prop_bufg_I_O)         0.026     0.336 r  npu_system_i/ps7/inst/buffer_fclk_clk_0.FCLK_CLK_0_BUFG/O
                         net (fo=6213, routed)        0.615     0.951    <hidden>
    SLICE_X5Y27          FDRE                                         r  <hidden>
  -------------------------------------------------------------------    -------------------
    SLICE_X5Y27          FDRE (Prop_fdre_C_Q)         0.141     1.092 f  <hidden>
                         net (fo=2, routed)           0.159     1.251    <hidden>
    SLICE_X6Y29          LUT3 (Prop_lut3_I0_O)        0.045     1.296 f  <hidden>
                         net (fo=32, routed)          0.223     1.519    <hidden>
    SLICE_X6Y28          FDPE                                         f  <hidden>
  -------------------------------------------------------------------    -------------------

                         (clock clk_fpga_0 rise edge)
                                                      0.000     0.000 r  
    PS7_X0Y0             PS7                          0.000     0.000 r  npu_system_i/ps7/inst/PS7_i/FCLKCLK[0]
                         net (fo=1, routed)           0.337     0.337    npu_system_i/ps7/inst/FCLK_CLK_unbuffered[0]
    BUFGCTRL_X0Y16       BUFG (Prop_bufg_I_O)         0.029     0.366 r  npu_system_i/ps7/inst/buffer_fclk_clk_0.FCLK_CLK_0_BUFG/O
                         net (fo=6213, routed)        0.882     1.248    <hidden>
    SLICE_X6Y28          FDPE                                         r  <hidden>
                         clock pessimism             -0.283     0.965    
    SLICE_X6Y28          FDPE (Remov_fdpe_C_PRE)     -0.071     0.894    <hidden>
  -------------------------------------------------------------------
                         required time                         -0.894    
                         arrival time                           1.519    
  -------------------------------------------------------------------
                         slack                                  0.626    

Slack (MET) :             0.626ns  (arrival time - required time)
  Source:                 <hidden>
                            (rising edge-triggered cell FDRE clocked by clk_fpga_0  {rise@0.000ns fall@4.000ns period=8.000ns})
  Destination:            <hidden>
                            (removal check against rising-edge clock clk_fpga_0  {rise@0.000ns fall@4.000ns period=8.000ns})
  Path Group:             **async_default**
  Path Type:              Removal (Min at Fast Process Corner)
  Requirement:            0.000ns  (clk_fpga_0 rise@0.000ns - clk_fpga_0 rise@0.000ns)
  Data Path Delay:        0.569ns  (logic 0.186ns (32.716%)  route 0.383ns (67.284%))
  Logic Levels:           1  (LUT3=1)
  Clock Path Skew:        0.014ns (DCD - SCD - CPR)
    Destination Clock Delay (DCD):    1.248ns
    Source Clock Delay      (SCD):    0.951ns
    Clock Pessimism Removal (CPR):    0.283ns

    Location             Delay type                Incr(ns)  Path(ns)    Netlist Resource(s)
  -------------------------------------------------------------------    -------------------
                         (clock clk_fpga_0 rise edge)
                                                      0.000     0.000 r  
    PS7_X0Y0             PS7                          0.000     0.000 r  npu_system_i/ps7/inst/PS7_i/FCLKCLK[0]
                         net (fo=1, routed)           0.310     0.310    npu_system_i/ps7/inst/FCLK_CLK_unbuffered[0]
    BUFGCTRL_X0Y16       BUFG (Prop_bufg_I_O)         0.026     0.336 r  npu_system_i/ps7/inst/buffer_fclk_clk_0.FCLK_CLK_0_BUFG/O
                         net (fo=6213, routed)        0.615     0.951    <hidden>
    SLICE_X5Y27          FDRE                                         r  <hidden>
  -------------------------------------------------------------------    -------------------
    SLICE_X5Y27          FDRE (Prop_fdre_C_Q)         0.141     1.092 f  <hidden>
                         net (fo=2, routed)           0.159     1.251    <hidden>
    SLICE_X6Y29          LUT3 (Prop_lut3_I0_O)        0.045     1.296 f  <hidden>
                         net (fo=32, routed)          0.223     1.519    <hidden>
    SLICE_X6Y28          FDPE                                         f  <hidden>
  -------------------------------------------------------------------    -------------------

                         (clock clk_fpga_0 rise edge)
                                                      0.000     0.000 r  
    PS7_X0Y0             PS7                          0.000     0.000 r  npu_system_i/ps7/inst/PS7_i/FCLKCLK[0]
                         net (fo=1, routed)           0.337     0.337    npu_system_i/ps7/inst/FCLK_CLK_unbuffered[0]
    BUFGCTRL_X0Y16       BUFG (Prop_bufg_I_O)         0.029     0.366 r  npu_system_i/ps7/inst/buffer_fclk_clk_0.FCLK_CLK_0_BUFG/O
                         net (fo=6213, routed)        0.882     1.248    <hidden>
    SLICE_X6Y28          FDPE                                         r  <hidden>
                         clock pessimism             -0.283     0.965    
    SLICE_X6Y28          FDPE (Remov_fdpe_C_PRE)     -0.071     0.894    <hidden>
  -------------------------------------------------------------------
                         required time                         -0.894    
                         arrival time                           1.519    
  -------------------------------------------------------------------
                         slack                                  0.626    

Slack (MET) :             0.688ns  (arrival time - required time)
  Source:                 <hidden>
                            (rising edge-triggered cell FDRE clocked by clk_fpga_0  {rise@0.000ns fall@4.000ns period=8.000ns})
  Destination:            <hidden>
                            (removal check against rising-edge clock clk_fpga_0  {rise@0.000ns fall@4.000ns period=8.000ns})
  Path Group:             **async_default**
  Path Type:              Removal (Min at Fast Process Corner)
  Requirement:            0.000ns  (clk_fpga_0 rise@0.000ns - clk_fpga_0 rise@0.000ns)
  Data Path Delay:        0.660ns  (logic 0.209ns (31.649%)  route 0.451ns (68.351%))
  Logic Levels:           1  (LUT3=1)
  Clock Path Skew:        0.039ns (DCD - SCD - CPR)
    Destination Clock Delay (DCD):    1.259ns
    Source Clock Delay      (SCD):    0.957ns
    Clock Pessimism Removal (CPR):    0.263ns

    Location             Delay type                Incr(ns)  Path(ns)    Netlist Resource(s)
  -------------------------------------------------------------------    -------------------
                         (clock clk_fpga_0 rise edge)
                                                      0.000     0.000 r  
    PS7_X0Y0             PS7                          0.000     0.000 r  npu_system_i/ps7/inst/PS7_i/FCLKCLK[0]
                         net (fo=1, routed)           0.310     0.310    npu_system_i/ps7/inst/FCLK_CLK_unbuffered[0]
    BUFGCTRL_X0Y16       BUFG (Prop_bufg_I_O)         0.026     0.336 r  npu_system_i/ps7/inst/buffer_fclk_clk_0.FCLK_CLK_0_BUFG/O
                         net (fo=6213, routed)        0.621     0.957    <hidden>
    SLICE_X6Y35          FDRE                                         r  <hidden>
  -------------------------------------------------------------------    -------------------
    SLICE_X6Y35          FDRE (Prop_fdre_C_Q)         0.164     1.121 f  <hidden>
                         net (fo=1, routed)           0.189     1.310    <hidden>
    SLICE_X7Y36          LUT3 (Prop_lut3_I0_O)        0.045     1.355 f  <hidden>
                         net (fo=33, routed)          0.262     1.617    <hidden>
    SLICE_X0Y38          FDCE                                         f  <hidden>
  -------------------------------------------------------------------    -------------------

                         (clock clk_fpga_0 rise edge)
                                                      0.000     0.000 r  
    PS7_X0Y0             PS7                          0.000     0.000 r  npu_system_i/ps7/inst/PS7_i/FCLKCLK[0]
                         net (fo=1, routed)           0.337     0.337    npu_system_i/ps7/inst/FCLK_CLK_unbuffered[0]
    BUFGCTRL_X0Y16       BUFG (Prop_bufg_I_O)         0.029     0.366 r  npu_system_i/ps7/inst/buffer_fclk_clk_0.FCLK_CLK_0_BUFG/O
                         net (fo=6213, routed)        0.893     1.259    <hidden>
    SLICE_X0Y38          FDCE                                         r  <hidden>
                         clock pessimism             -0.263     0.996    
    SLICE_X0Y38          FDCE (Remov_fdce_C_CLR)     -0.067     0.929    <hidden>
  -------------------------------------------------------------------
                         required time                         -0.928    
                         arrival time                           1.617    
  -------------------------------------------------------------------
                         slack                                  0.688    

Slack (MET) :             0.688ns  (arrival time - required time)
  Source:                 <hidden>
                            (rising edge-triggered cell FDRE clocked by clk_fpga_0  {rise@0.000ns fall@4.000ns period=8.000ns})
  Destination:            <hidden>
                            (removal check against rising-edge clock clk_fpga_0  {rise@0.000ns fall@4.000ns period=8.000ns})
  Path Group:             **async_default**
  Path Type:              Removal (Min at Fast Process Corner)
  Requirement:            0.000ns  (clk_fpga_0 rise@0.000ns - clk_fpga_0 rise@0.000ns)
  Data Path Delay:        0.660ns  (logic 0.209ns (31.649%)  route 0.451ns (68.351%))
  Logic Levels:           1  (LUT3=1)
  Clock Path Skew:        0.039ns (DCD - SCD - CPR)
    Destination Clock Delay (DCD):    1.259ns
    Source Clock Delay      (SCD):    0.957ns
    Clock Pessimism Removal (CPR):    0.263ns

    Location             Delay type                Incr(ns)  Path(ns)    Netlist Resource(s)
  -------------------------------------------------------------------    -------------------
                         (clock clk_fpga_0 rise edge)
                                                      0.000     0.000 r  
    PS7_X0Y0             PS7                          0.000     0.000 r  npu_system_i/ps7/inst/PS7_i/FCLKCLK[0]
                         net (fo=1, routed)           0.310     0.310    npu_system_i/ps7/inst/FCLK_CLK_unbuffered[0]
    BUFGCTRL_X0Y16       BUFG (Prop_bufg_I_O)         0.026     0.336 r  npu_system_i/ps7/inst/buffer_fclk_clk_0.FCLK_CLK_0_BUFG/O
                         net (fo=6213, routed)        0.621     0.957    <hidden>
    SLICE_X6Y35          FDRE                                         r  <hidden>
  -------------------------------------------------------------------    -------------------
    SLICE_X6Y35          FDRE (Prop_fdre_C_Q)         0.164     1.121 f  <hidden>
                         net (fo=1, routed)           0.189     1.310    <hidden>
    SLICE_X7Y36          LUT3 (Prop_lut3_I0_O)        0.045     1.355 f  <hidden>
                         net (fo=33, routed)          0.262     1.617    <hidden>
    SLICE_X0Y38          FDCE                                         f  <hidden>
  -------------------------------------------------------------------    -------------------

                         (clock clk_fpga_0 rise edge)
                                                      0.000     0.000 r  
    PS7_X0Y0             PS7                          0.000     0.000 r  npu_system_i/ps7/inst/PS7_i/FCLKCLK[0]
                         net (fo=1, routed)           0.337     0.337    npu_system_i/ps7/inst/FCLK_CLK_unbuffered[0]
    BUFGCTRL_X0Y16       BUFG (Prop_bufg_I_O)         0.029     0.366 r  npu_system_i/ps7/inst/buffer_fclk_clk_0.FCLK_CLK_0_BUFG/O
                         net (fo=6213, routed)        0.893     1.259    <hidden>
    SLICE_X0Y38          FDCE                                         r  <hidden>
                         clock pessimism             -0.263     0.996    
    SLICE_X0Y38          FDCE (Remov_fdce_C_CLR)     -0.067     0.929    <hidden>
  -------------------------------------------------------------------
                         required time                         -0.928    
                         arrival time                           1.617    
  -------------------------------------------------------------------
                         slack                                  0.688    

Slack (MET) :             0.688ns  (arrival time - required time)
  Source:                 <hidden>
                            (rising edge-triggered cell FDRE clocked by clk_fpga_0  {rise@0.000ns fall@4.000ns period=8.000ns})
  Destination:            <hidden>
                            (removal check against rising-edge clock clk_fpga_0  {rise@0.000ns fall@4.000ns period=8.000ns})
  Path Group:             **async_default**
  Path Type:              Removal (Min at Fast Process Corner)
  Requirement:            0.000ns  (clk_fpga_0 rise@0.000ns - clk_fpga_0 rise@0.000ns)
  Data Path Delay:        0.660ns  (logic 0.209ns (31.649%)  route 0.451ns (68.351%))
  Logic Levels:           1  (LUT3=1)
  Clock Path Skew:        0.039ns (DCD - SCD - CPR)
    Destination Clock Delay (DCD):    1.259ns
    Source Clock Delay      (SCD):    0.957ns
    Clock Pessimism Removal (CPR):    0.263ns

    Location             Delay type                Incr(ns)  Path(ns)    Netlist Resource(s)
  -------------------------------------------------------------------    -------------------
                         (clock clk_fpga_0 rise edge)
                                                      0.000     0.000 r  
    PS7_X0Y0             PS7                          0.000     0.000 r  npu_system_i/ps7/inst/PS7_i/FCLKCLK[0]
                         net (fo=1, routed)           0.310     0.310    npu_system_i/ps7/inst/FCLK_CLK_unbuffered[0]
    BUFGCTRL_X0Y16       BUFG (Prop_bufg_I_O)         0.026     0.336 r  npu_system_i/ps7/inst/buffer_fclk_clk_0.FCLK_CLK_0_BUFG/O
                         net (fo=6213, routed)        0.621     0.957    <hidden>
    SLICE_X6Y35          FDRE                                         r  <hidden>
  -------------------------------------------------------------------    -------------------
    SLICE_X6Y35          FDRE (Prop_fdre_C_Q)         0.164     1.121 f  <hidden>
                         net (fo=1, routed)           0.189     1.310    <hidden>
    SLICE_X7Y36          LUT3 (Prop_lut3_I0_O)        0.045     1.355 f  <hidden>
                         net (fo=33, routed)          0.262     1.617    <hidden>
    SLICE_X0Y38          FDCE                                         f  <hidden>
  -------------------------------------------------------------------    -------------------

                         (clock clk_fpga_0 rise edge)
                                                      0.000     0.000 r  
    PS7_X0Y0             PS7                          0.000     0.000 r  npu_system_i/ps7/inst/PS7_i/FCLKCLK[0]
                         net (fo=1, routed)           0.337     0.337    npu_system_i/ps7/inst/FCLK_CLK_unbuffered[0]
    BUFGCTRL_X0Y16       BUFG (Prop_bufg_I_O)         0.029     0.366 r  npu_system_i/ps7/inst/buffer_fclk_clk_0.FCLK_CLK_0_BUFG/O
                         net (fo=6213, routed)        0.893     1.259    <hidden>
    SLICE_X0Y38          FDCE                                         r  <hidden>
                         clock pessimism             -0.263     0.996    
    SLICE_X0Y38          FDCE (Remov_fdce_C_CLR)     -0.067     0.929    <hidden>
  -------------------------------------------------------------------
                         required time                         -0.928    
                         arrival time                           1.617    
  -------------------------------------------------------------------
                         slack                                  0.688    

Slack (MET) :             0.688ns  (arrival time - required time)
  Source:                 <hidden>
                            (rising edge-triggered cell FDRE clocked by clk_fpga_0  {rise@0.000ns fall@4.000ns period=8.000ns})
  Destination:            <hidden>
                            (removal check against rising-edge clock clk_fpga_0  {rise@0.000ns fall@4.000ns period=8.000ns})
  Path Group:             **async_default**
  Path Type:              Removal (Min at Fast Process Corner)
  Requirement:            0.000ns  (clk_fpga_0 rise@0.000ns - clk_fpga_0 rise@0.000ns)
  Data Path Delay:        0.660ns  (logic 0.209ns (31.649%)  route 0.451ns (68.351%))
  Logic Levels:           1  (LUT3=1)
  Clock Path Skew:        0.039ns (DCD - SCD - CPR)
    Destination Clock Delay (DCD):    1.259ns
    Source Clock Delay      (SCD):    0.957ns
    Clock Pessimism Removal (CPR):    0.263ns

    Location             Delay type                Incr(ns)  Path(ns)    Netlist Resource(s)
  -------------------------------------------------------------------    -------------------
                         (clock clk_fpga_0 rise edge)
                                                      0.000     0.000 r  
    PS7_X0Y0             PS7                          0.000     0.000 r  npu_system_i/ps7/inst/PS7_i/FCLKCLK[0]
                         net (fo=1, routed)           0.310     0.310    npu_system_i/ps7/inst/FCLK_CLK_unbuffered[0]
    BUFGCTRL_X0Y16       BUFG (Prop_bufg_I_O)         0.026     0.336 r  npu_system_i/ps7/inst/buffer_fclk_clk_0.FCLK_CLK_0_BUFG/O
                         net (fo=6213, routed)        0.621     0.957    <hidden>
    SLICE_X6Y35          FDRE                                         r  <hidden>
  -------------------------------------------------------------------    -------------------
    SLICE_X6Y35          FDRE (Prop_fdre_C_Q)         0.164     1.121 f  <hidden>
                         net (fo=1, routed)           0.189     1.310    <hidden>
    SLICE_X7Y36          LUT3 (Prop_lut3_I0_O)        0.045     1.355 f  <hidden>
                         net (fo=33, routed)          0.262     1.617    <hidden>
    SLICE_X0Y38          FDCE                                         f  <hidden>
  -------------------------------------------------------------------    -------------------

                         (clock clk_fpga_0 rise edge)
                                                      0.000     0.000 r  
    PS7_X0Y0             PS7                          0.000     0.000 r  npu_system_i/ps7/inst/PS7_i/FCLKCLK[0]
                         net (fo=1, routed)           0.337     0.337    npu_system_i/ps7/inst/FCLK_CLK_unbuffered[0]
    BUFGCTRL_X0Y16       BUFG (Prop_bufg_I_O)         0.029     0.366 r  npu_system_i/ps7/inst/buffer_fclk_clk_0.FCLK_CLK_0_BUFG/O
                         net (fo=6213, routed)        0.893     1.259    <hidden>
    SLICE_X0Y38          FDCE                                         r  <hidden>
                         clock pessimism             -0.263     0.996    
    SLICE_X0Y38          FDCE (Remov_fdce_C_CLR)     -0.067     0.929    <hidden>
  -------------------------------------------------------------------
                         required time                         -0.928    
                         arrival time                           1.617    
  -------------------------------------------------------------------
                         slack                                  0.688    

Slack (MET) :             0.688ns  (arrival time - required time)
  Source:                 <hidden>
                            (rising edge-triggered cell FDRE clocked by clk_fpga_0  {rise@0.000ns fall@4.000ns period=8.000ns})
  Destination:            <hidden>
                            (removal check against rising-edge clock clk_fpga_0  {rise@0.000ns fall@4.000ns period=8.000ns})
  Path Group:             **async_default**
  Path Type:              Removal (Min at Fast Process Corner)
  Requirement:            0.000ns  (clk_fpga_0 rise@0.000ns - clk_fpga_0 rise@0.000ns)
  Data Path Delay:        0.660ns  (logic 0.209ns (31.649%)  route 0.451ns (68.351%))
  Logic Levels:           1  (LUT3=1)
  Clock Path Skew:        0.039ns (DCD - SCD - CPR)
    Destination Clock Delay (DCD):    1.259ns
    Source Clock Delay      (SCD):    0.957ns
    Clock Pessimism Removal (CPR):    0.263ns

    Location             Delay type                Incr(ns)  Path(ns)    Netlist Resource(s)
  -------------------------------------------------------------------    -------------------
                         (clock clk_fpga_0 rise edge)
                                                      0.000     0.000 r  
    PS7_X0Y0             PS7                          0.000     0.000 r  npu_system_i/ps7/inst/PS7_i/FCLKCLK[0]
                         net (fo=1, routed)           0.310     0.310    npu_system_i/ps7/inst/FCLK_CLK_unbuffered[0]
    BUFGCTRL_X0Y16       BUFG (Prop_bufg_I_O)         0.026     0.336 r  npu_system_i/ps7/inst/buffer_fclk_clk_0.FCLK_CLK_0_BUFG/O
                         net (fo=6213, routed)        0.621     0.957    <hidden>
    SLICE_X6Y35          FDRE                                         r  <hidden>
  -------------------------------------------------------------------    -------------------
    SLICE_X6Y35          FDRE (Prop_fdre_C_Q)         0.164     1.121 f  <hidden>
                         net (fo=1, routed)           0.189     1.310    <hidden>
    SLICE_X7Y36          LUT3 (Prop_lut3_I0_O)        0.045     1.355 f  <hidden>
                         net (fo=33, routed)          0.262     1.617    <hidden>
    SLICE_X0Y38          FDCE                                         f  <hidden>
  -------------------------------------------------------------------    -------------------

                         (clock clk_fpga_0 rise edge)
                                                      0.000     0.000 r  
    PS7_X0Y0             PS7                          0.000     0.000 r  npu_system_i/ps7/inst/PS7_i/FCLKCLK[0]
                         net (fo=1, routed)           0.337     0.337    npu_system_i/ps7/inst/FCLK_CLK_unbuffered[0]
    BUFGCTRL_X0Y16       BUFG (Prop_bufg_I_O)         0.029     0.366 r  npu_system_i/ps7/inst/buffer_fclk_clk_0.FCLK_CLK_0_BUFG/O
                         net (fo=6213, routed)        0.893     1.259    <hidden>
    SLICE_X0Y38          FDCE                                         r  <hidden>
                         clock pessimism             -0.263     0.996    
    SLICE_X0Y38          FDCE (Remov_fdce_C_CLR)     -0.067     0.929    <hidden>
  -------------------------------------------------------------------
                         required time                         -0.928    
                         arrival time                           1.617    
  -------------------------------------------------------------------
                         slack                                  0.688    

Slack (MET) :             0.688ns  (arrival time - required time)
  Source:                 <hidden>
                            (rising edge-triggered cell FDRE clocked by clk_fpga_0  {rise@0.000ns fall@4.000ns period=8.000ns})
  Destination:            <hidden>
                            (removal check against rising-edge clock clk_fpga_0  {rise@0.000ns fall@4.000ns period=8.000ns})
  Path Group:             **async_default**
  Path Type:              Removal (Min at Fast Process Corner)
  Requirement:            0.000ns  (clk_fpga_0 rise@0.000ns - clk_fpga_0 rise@0.000ns)
  Data Path Delay:        0.660ns  (logic 0.209ns (31.649%)  route 0.451ns (68.351%))
  Logic Levels:           1  (LUT3=1)
  Clock Path Skew:        0.039ns (DCD - SCD - CPR)
    Destination Clock Delay (DCD):    1.259ns
    Source Clock Delay      (SCD):    0.957ns
    Clock Pessimism Removal (CPR):    0.263ns

    Location             Delay type                Incr(ns)  Path(ns)    Netlist Resource(s)
  -------------------------------------------------------------------    -------------------
                         (clock clk_fpga_0 rise edge)
                                                      0.000     0.000 r  
    PS7_X0Y0             PS7                          0.000     0.000 r  npu_system_i/ps7/inst/PS7_i/FCLKCLK[0]
                         net (fo=1, routed)           0.310     0.310    npu_system_i/ps7/inst/FCLK_CLK_unbuffered[0]
    BUFGCTRL_X0Y16       BUFG (Prop_bufg_I_O)         0.026     0.336 r  npu_system_i/ps7/inst/buffer_fclk_clk_0.FCLK_CLK_0_BUFG/O
                         net (fo=6213, routed)        0.621     0.957    <hidden>
    SLICE_X6Y35          FDRE                                         r  <hidden>
  -------------------------------------------------------------------    -------------------
    SLICE_X6Y35          FDRE (Prop_fdre_C_Q)         0.164     1.121 f  <hidden>
                         net (fo=1, routed)           0.189     1.310    <hidden>
    SLICE_X7Y36          LUT3 (Prop_lut3_I0_O)        0.045     1.355 f  <hidden>
                         net (fo=33, routed)          0.262     1.617    <hidden>
    SLICE_X0Y38          FDCE                                         f  <hidden>
  -------------------------------------------------------------------    -------------------

                         (clock clk_fpga_0 rise edge)
                                                      0.000     0.000 r  
    PS7_X0Y0             PS7                          0.000     0.000 r  npu_system_i/ps7/inst/PS7_i/FCLKCLK[0]
                         net (fo=1, routed)           0.337     0.337    npu_system_i/ps7/inst/FCLK_CLK_unbuffered[0]
    BUFGCTRL_X0Y16       BUFG (Prop_bufg_I_O)         0.029     0.366 r  npu_system_i/ps7/inst/buffer_fclk_clk_0.FCLK_CLK_0_BUFG/O
                         net (fo=6213, routed)        0.893     1.259    <hidden>
    SLICE_X0Y38          FDCE                                         r  <hidden>
                         clock pessimism             -0.263     0.996    
    SLICE_X0Y38          FDCE (Remov_fdce_C_CLR)     -0.067     0.929    <hidden>
  -------------------------------------------------------------------
                         required time                         -0.928    
                         arrival time                           1.617    
  -------------------------------------------------------------------
                         slack                                  0.688    

Slack (MET) :             0.688ns  (arrival time - required time)
  Source:                 <hidden>
                            (rising edge-triggered cell FDRE clocked by clk_fpga_0  {rise@0.000ns fall@4.000ns period=8.000ns})
  Destination:            <hidden>
                            (removal check against rising-edge clock clk_fpga_0  {rise@0.000ns fall@4.000ns period=8.000ns})
  Path Group:             **async_default**
  Path Type:              Removal (Min at Fast Process Corner)
  Requirement:            0.000ns  (clk_fpga_0 rise@0.000ns - clk_fpga_0 rise@0.000ns)
  Data Path Delay:        0.660ns  (logic 0.209ns (31.649%)  route 0.451ns (68.351%))
  Logic Levels:           1  (LUT3=1)
  Clock Path Skew:        0.039ns (DCD - SCD - CPR)
    Destination Clock Delay (DCD):    1.259ns
    Source Clock Delay      (SCD):    0.957ns
    Clock Pessimism Removal (CPR):    0.263ns

    Location             Delay type                Incr(ns)  Path(ns)    Netlist Resource(s)
  -------------------------------------------------------------------    -------------------
                         (clock clk_fpga_0 rise edge)
                                                      0.000     0.000 r  
    PS7_X0Y0             PS7                          0.000     0.000 r  npu_system_i/ps7/inst/PS7_i/FCLKCLK[0]
                         net (fo=1, routed)           0.310     0.310    npu_system_i/ps7/inst/FCLK_CLK_unbuffered[0]
    BUFGCTRL_X0Y16       BUFG (Prop_bufg_I_O)         0.026     0.336 r  npu_system_i/ps7/inst/buffer_fclk_clk_0.FCLK_CLK_0_BUFG/O
                         net (fo=6213, routed)        0.621     0.957    <hidden>
    SLICE_X6Y35          FDRE                                         r  <hidden>
  -------------------------------------------------------------------    -------------------
    SLICE_X6Y35          FDRE (Prop_fdre_C_Q)         0.164     1.121 f  <hidden>
                         net (fo=1, routed)           0.189     1.310    <hidden>
    SLICE_X7Y36          LUT3 (Prop_lut3_I0_O)        0.045     1.355 f  <hidden>
                         net (fo=33, routed)          0.262     1.617    <hidden>
    SLICE_X0Y38          FDCE                                         f  <hidden>
  -------------------------------------------------------------------    -------------------

                         (clock clk_fpga_0 rise edge)
                                                      0.000     0.000 r  
    PS7_X0Y0             PS7                          0.000     0.000 r  npu_system_i/ps7/inst/PS7_i/FCLKCLK[0]
                         net (fo=1, routed)           0.337     0.337    npu_system_i/ps7/inst/FCLK_CLK_unbuffered[0]
    BUFGCTRL_X0Y16       BUFG (Prop_bufg_I_O)         0.029     0.366 r  npu_system_i/ps7/inst/buffer_fclk_clk_0.FCLK_CLK_0_BUFG/O
                         net (fo=6213, routed)        0.893     1.259    <hidden>
    SLICE_X0Y38          FDCE                                         r  <hidden>
                         clock pessimism             -0.263     0.996    
    SLICE_X0Y38          FDCE (Remov_fdce_C_CLR)     -0.067     0.929    <hidden>
  -------------------------------------------------------------------
                         required time                         -0.928    
                         arrival time                           1.617    
  -------------------------------------------------------------------
                         slack                                  0.688    

Slack (MET) :             0.713ns  (arrival time - required time)
  Source:                 <hidden>
                            (rising edge-triggered cell FDRE clocked by clk_fpga_0  {rise@0.000ns fall@4.000ns period=8.000ns})
  Destination:            <hidden>
                            (removal check against rising-edge clock clk_fpga_0  {rise@0.000ns fall@4.000ns period=8.000ns})
  Path Group:             **async_default**
  Path Type:              Removal (Min at Fast Process Corner)
  Requirement:            0.000ns  (clk_fpga_0 rise@0.000ns - clk_fpga_0 rise@0.000ns)
  Data Path Delay:        0.660ns  (logic 0.209ns (31.649%)  route 0.451ns (68.351%))
  Logic Levels:           1  (LUT3=1)
  Clock Path Skew:        0.039ns (DCD - SCD - CPR)
    Destination Clock Delay (DCD):    1.259ns
    Source Clock Delay      (SCD):    0.957ns
    Clock Pessimism Removal (CPR):    0.263ns

    Location             Delay type                Incr(ns)  Path(ns)    Netlist Resource(s)
  -------------------------------------------------------------------    -------------------
                         (clock clk_fpga_0 rise edge)
                                                      0.000     0.000 r  
    PS7_X0Y0             PS7                          0.000     0.000 r  npu_system_i/ps7/inst/PS7_i/FCLKCLK[0]
                         net (fo=1, routed)           0.310     0.310    npu_system_i/ps7/inst/FCLK_CLK_unbuffered[0]
    BUFGCTRL_X0Y16       BUFG (Prop_bufg_I_O)         0.026     0.336 r  npu_system_i/ps7/inst/buffer_fclk_clk_0.FCLK_CLK_0_BUFG/O
                         net (fo=6213, routed)        0.621     0.957    <hidden>
    SLICE_X6Y35          FDRE                                         r  <hidden>
  -------------------------------------------------------------------    -------------------
    SLICE_X6Y35          FDRE (Prop_fdre_C_Q)         0.164     1.121 f  <hidden>
                         net (fo=1, routed)           0.189     1.310    <hidden>
    SLICE_X7Y36          LUT3 (Prop_lut3_I0_O)        0.045     1.355 f  <hidden>
                         net (fo=33, routed)          0.262     1.617    <hidden>
    SLICE_X1Y38          FDCE                                         f  <hidden>
  -------------------------------------------------------------------    -------------------

                         (clock clk_fpga_0 rise edge)
                                                      0.000     0.000 r  
    PS7_X0Y0             PS7                          0.000     0.000 r  npu_system_i/ps7/inst/PS7_i/FCLKCLK[0]
                         net (fo=1, routed)           0.337     0.337    npu_system_i/ps7/inst/FCLK_CLK_unbuffered[0]
    BUFGCTRL_X0Y16       BUFG (Prop_bufg_I_O)         0.029     0.366 r  npu_system_i/ps7/inst/buffer_fclk_clk_0.FCLK_CLK_0_BUFG/O
                         net (fo=6213, routed)        0.893     1.259    <hidden>
    SLICE_X1Y38          FDCE                                         r  <hidden>
                         clock pessimism             -0.263     0.996    
    SLICE_X1Y38          FDCE (Remov_fdce_C_CLR)     -0.092     0.904    <hidden>
  -------------------------------------------------------------------
                         required time                         -0.904    
                         arrival time                           1.617    
  -------------------------------------------------------------------
                         slack                                  0.713    

Slack (MET) :             0.713ns  (arrival time - required time)
  Source:                 <hidden>
                            (rising edge-triggered cell FDRE clocked by clk_fpga_0  {rise@0.000ns fall@4.000ns period=8.000ns})
  Destination:            <hidden>
                            (removal check against rising-edge clock clk_fpga_0  {rise@0.000ns fall@4.000ns period=8.000ns})
  Path Group:             **async_default**
  Path Type:              Removal (Min at Fast Process Corner)
  Requirement:            0.000ns  (clk_fpga_0 rise@0.000ns - clk_fpga_0 rise@0.000ns)
  Data Path Delay:        0.660ns  (logic 0.209ns (31.649%)  route 0.451ns (68.351%))
  Logic Levels:           1  (LUT3=1)
  Clock Path Skew:        0.039ns (DCD - SCD - CPR)
    Destination Clock Delay (DCD):    1.259ns
    Source Clock Delay      (SCD):    0.957ns
    Clock Pessimism Removal (CPR):    0.263ns

    Location             Delay type                Incr(ns)  Path(ns)    Netlist Resource(s)
  -------------------------------------------------------------------    -------------------
                         (clock clk_fpga_0 rise edge)
                                                      0.000     0.000 r  
    PS7_X0Y0             PS7                          0.000     0.000 r  npu_system_i/ps7/inst/PS7_i/FCLKCLK[0]
                         net (fo=1, routed)           0.310     0.310    npu_system_i/ps7/inst/FCLK_CLK_unbuffered[0]
    BUFGCTRL_X0Y16       BUFG (Prop_bufg_I_O)         0.026     0.336 r  npu_system_i/ps7/inst/buffer_fclk_clk_0.FCLK_CLK_0_BUFG/O
                         net (fo=6213, routed)        0.621     0.957    <hidden>
    SLICE_X6Y35          FDRE                                         r  <hidden>
  -------------------------------------------------------------------    -------------------
    SLICE_X6Y35          FDRE (Prop_fdre_C_Q)         0.164     1.121 f  <hidden>
                         net (fo=1, routed)           0.189     1.310    <hidden>
    SLICE_X7Y36          LUT3 (Prop_lut3_I0_O)        0.045     1.355 f  <hidden>
                         net (fo=33, routed)          0.262     1.617    <hidden>
    SLICE_X1Y38          FDCE                                         f  <hidden>
  -------------------------------------------------------------------    -------------------

                         (clock clk_fpga_0 rise edge)
                                                      0.000     0.000 r  
    PS7_X0Y0             PS7                          0.000     0.000 r  npu_system_i/ps7/inst/PS7_i/FCLKCLK[0]
                         net (fo=1, routed)           0.337     0.337    npu_system_i/ps7/inst/FCLK_CLK_unbuffered[0]
    BUFGCTRL_X0Y16       BUFG (Prop_bufg_I_O)         0.029     0.366 r  npu_system_i/ps7/inst/buffer_fclk_clk_0.FCLK_CLK_0_BUFG/O
                         net (fo=6213, routed)        0.893     1.259    <hidden>
    SLICE_X1Y38          FDCE                                         r  <hidden>
                         clock pessimism             -0.263     0.996    
    SLICE_X1Y38          FDCE (Remov_fdce_C_CLR)     -0.092     0.904    <hidden>
  -------------------------------------------------------------------
                         required time                         -0.904    
                         arrival time                           1.617    
  -------------------------------------------------------------------
                         slack                                  0.713    

Slack (MET) :             0.713ns  (arrival time - required time)
  Source:                 <hidden>
                            (rising edge-triggered cell FDRE clocked by clk_fpga_0  {rise@0.000ns fall@4.000ns period=8.000ns})
  Destination:            <hidden>
                            (removal check against rising-edge clock clk_fpga_0  {rise@0.000ns fall@4.000ns period=8.000ns})
  Path Group:             **async_default**
  Path Type:              Removal (Min at Fast Process Corner)
  Requirement:            0.000ns  (clk_fpga_0 rise@0.000ns - clk_fpga_0 rise@0.000ns)
  Data Path Delay:        0.660ns  (logic 0.209ns (31.649%)  route 0.451ns (68.351%))
  Logic Levels:           1  (LUT3=1)
  Clock Path Skew:        0.039ns (DCD - SCD - CPR)
    Destination Clock Delay (DCD):    1.259ns
    Source Clock Delay      (SCD):    0.957ns
    Clock Pessimism Removal (CPR):    0.263ns

    Location             Delay type                Incr(ns)  Path(ns)    Netlist Resource(s)
  -------------------------------------------------------------------    -------------------
                         (clock clk_fpga_0 rise edge)
                                                      0.000     0.000 r  
    PS7_X0Y0             PS7                          0.000     0.000 r  npu_system_i/ps7/inst/PS7_i/FCLKCLK[0]
                         net (fo=1, routed)           0.310     0.310    npu_system_i/ps7/inst/FCLK_CLK_unbuffered[0]
    BUFGCTRL_X0Y16       BUFG (Prop_bufg_I_O)         0.026     0.336 r  npu_system_i/ps7/inst/buffer_fclk_clk_0.FCLK_CLK_0_BUFG/O
                         net (fo=6213, routed)        0.621     0.957    <hidden>
    SLICE_X6Y35          FDRE                                         r  <hidden>
  -------------------------------------------------------------------    -------------------
    SLICE_X6Y35          FDRE (Prop_fdre_C_Q)         0.164     1.121 f  <hidden>
                         net (fo=1, routed)           0.189     1.310    <hidden>
    SLICE_X7Y36          LUT3 (Prop_lut3_I0_O)        0.045     1.355 f  <hidden>
                         net (fo=33, routed)          0.262     1.617    <hidden>
    SLICE_X1Y38          FDCE                                         f  <hidden>
  -------------------------------------------------------------------    -------------------

                         (clock clk_fpga_0 rise edge)
                                                      0.000     0.000 r  
    PS7_X0Y0             PS7                          0.000     0.000 r  npu_system_i/ps7/inst/PS7_i/FCLKCLK[0]
                         net (fo=1, routed)           0.337     0.337    npu_system_i/ps7/inst/FCLK_CLK_unbuffered[0]
    BUFGCTRL_X0Y16       BUFG (Prop_bufg_I_O)         0.029     0.366 r  npu_system_i/ps7/inst/buffer_fclk_clk_0.FCLK_CLK_0_BUFG/O
                         net (fo=6213, routed)        0.893     1.259    <hidden>
    SLICE_X1Y38          FDCE                                         r  <hidden>
                         clock pessimism             -0.263     0.996    
    SLICE_X1Y38          FDCE (Remov_fdce_C_CLR)     -0.092     0.904    <hidden>
  -------------------------------------------------------------------
                         required time                         -0.904    
                         arrival time                           1.617    
  -------------------------------------------------------------------
                         slack                                  0.713    





---------------------------------------------------------------------------------------------------
Path Group:  **async_default**
From Clock:  clk_fpga_1
  To Clock:  clk_fpga_1

Setup :            0  Failing Endpoints,  Worst Slack        3.306ns,  Total Violation        0.000ns
Hold  :            0  Failing Endpoints,  Worst Slack        0.446ns,  Total Violation        0.000ns
---------------------------------------------------------------------------------------------------


Max Delay Paths
--------------------------------------------------------------------------------------
Slack (MET) :             3.306ns  (required time - arrival time)
  Source:                 npu_system_i/dvi2rgb_0/U0/TMDS_ClockingX/LockLostReset/SyncAsyncx/oSyncStages_reg[1]/C
                            (rising edge-triggered cell FDPE clocked by clk_fpga_1  {rise@0.000ns fall@2.500ns period=5.000ns})
  Destination:            npu_system_i/dvi2rgb_0/U0/TMDS_ClockingX/rMMCM_Reset_q_reg[0]/PRE
                            (recovery check against rising-edge clock clk_fpga_1  {rise@0.000ns fall@2.500ns period=5.000ns})
  Path Group:             **async_default**
  Path Type:              Recovery (Max at Slow Process Corner)
  Requirement:            5.000ns  (clk_fpga_1 rise@5.000ns - clk_fpga_1 rise@0.000ns)
  Data Path Delay:        1.060ns  (logic 0.419ns (39.522%)  route 0.641ns (60.478%))
  Logic Levels:           0  
  Clock Path Skew:        -0.017ns (DCD - SCD + CPR)
    Destination Clock Delay (DCD):    2.853ns = ( 7.853 - 5.000 ) 
    Source Clock Delay      (SCD):    3.139ns
    Clock Pessimism Removal (CPR):    0.269ns
  Clock Uncertainty:      0.083ns  ((TSJ^2 + TIJ^2)^1/2 + DJ) / 2 + PE
    Total System Jitter     (TSJ):    0.071ns
    Total Input Jitter      (TIJ):    0.150ns
    Discrete Jitter          (DJ):    0.000ns
    Phase Error              (PE):    0.000ns

    Location             Delay type                Incr(ns)  Path(ns)    Netlist Resource(s)
  -------------------------------------------------------------------    -------------------
                         (clock clk_fpga_1 rise edge)
                                                      0.000     0.000 r  
    PS7_X0Y0             PS7                          0.000     0.000 r  npu_system_i/ps7/inst/PS7_i/FCLKCLK[1]
                         net (fo=1, routed)           1.193     1.193    npu_system_i/ps7/inst/FCLK_CLK_unbuffered[1]
    BUFGCTRL_X0Y17       BUFG (Prop_bufg_I_O)         0.101     1.294 r  npu_system_i/ps7/inst/buffer_fclk_clk_1.FCLK_CLK_1_BUFG/O
                         net (fo=158, routed)         1.845     3.139    npu_system_i/dvi2rgb_0/U0/TMDS_ClockingX/LockLostReset/SyncAsyncx/RefClk
    SLICE_X113Y74        FDPE                                         r  npu_system_i/dvi2rgb_0/U0/TMDS_ClockingX/LockLostReset/SyncAsyncx/oSyncStages_reg[1]/C
  -------------------------------------------------------------------    -------------------
    SLICE_X113Y74        FDPE (Prop_fdpe_C_Q)         0.419     3.558 f  npu_system_i/dvi2rgb_0/U0/TMDS_ClockingX/LockLostReset/SyncAsyncx/oSyncStages_reg[1]/Q
                         net (fo=8, routed)           0.641     4.199    npu_system_i/dvi2rgb_0/U0/TMDS_ClockingX/rLockLostRst
    SLICE_X113Y71        FDPE                                         f  npu_system_i/dvi2rgb_0/U0/TMDS_ClockingX/rMMCM_Reset_q_reg[0]/PRE
  -------------------------------------------------------------------    -------------------

                         (clock clk_fpga_1 rise edge)
                                                      5.000     5.000 r  
    PS7_X0Y0             PS7                          0.000     5.000 r  npu_system_i/ps7/inst/PS7_i/FCLKCLK[1]
                         net (fo=1, routed)           1.088     6.088    npu_system_i/ps7/inst/FCLK_CLK_unbuffered[1]
    BUFGCTRL_X0Y17       BUFG (Prop_bufg_I_O)         0.091     6.179 r  npu_system_i/ps7/inst/buffer_fclk_clk_1.FCLK_CLK_1_BUFG/O
                         net (fo=158, routed)         1.674     7.853    npu_system_i/dvi2rgb_0/U0/TMDS_ClockingX/RefClk
    SLICE_X113Y71        FDPE                                         r  npu_system_i/dvi2rgb_0/U0/TMDS_ClockingX/rMMCM_Reset_q_reg[0]/C
                         clock pessimism              0.269     8.122    
                         clock uncertainty           -0.083     8.039    
    SLICE_X113Y71        FDPE (Recov_fdpe_C_PRE)     -0.534     7.505    npu_system_i/dvi2rgb_0/U0/TMDS_ClockingX/rMMCM_Reset_q_reg[0]
  -------------------------------------------------------------------
                         required time                          7.505    
                         arrival time                          -4.199    
  -------------------------------------------------------------------
                         slack                                  3.306    

Slack (MET) :             3.306ns  (required time - arrival time)
  Source:                 npu_system_i/dvi2rgb_0/U0/TMDS_ClockingX/LockLostReset/SyncAsyncx/oSyncStages_reg[1]/C
                            (rising edge-triggered cell FDPE clocked by clk_fpga_1  {rise@0.000ns fall@2.500ns period=5.000ns})
  Destination:            npu_system_i/dvi2rgb_0/U0/TMDS_ClockingX/rMMCM_Reset_q_reg[1]/PRE
                            (recovery check against rising-edge clock clk_fpga_1  {rise@0.000ns fall@2.500ns period=5.000ns})
  Path Group:             **async_default**
  Path Type:              Recovery (Max at Slow Process Corner)
  Requirement:            5.000ns  (clk_fpga_1 rise@5.000ns - clk_fpga_1 rise@0.000ns)
  Data Path Delay:        1.060ns  (logic 0.419ns (39.522%)  route 0.641ns (60.478%))
  Logic Levels:           0  
  Clock Path Skew:        -0.017ns (DCD - SCD + CPR)
    Destination Clock Delay (DCD):    2.853ns = ( 7.853 - 5.000 ) 
    Source Clock Delay      (SCD):    3.139ns
    Clock Pessimism Removal (CPR):    0.269ns
  Clock Uncertainty:      0.083ns  ((TSJ^2 + TIJ^2)^1/2 + DJ) / 2 + PE
    Total System Jitter     (TSJ):    0.071ns
    Total Input Jitter      (TIJ):    0.150ns
    Discrete Jitter          (DJ):    0.000ns
    Phase Error              (PE):    0.000ns

    Location             Delay type                Incr(ns)  Path(ns)    Netlist Resource(s)
  -------------------------------------------------------------------    -------------------
                         (clock clk_fpga_1 rise edge)
                                                      0.000     0.000 r  
    PS7_X0Y0             PS7                          0.000     0.000 r  npu_system_i/ps7/inst/PS7_i/FCLKCLK[1]
                         net (fo=1, routed)           1.193     1.193    npu_system_i/ps7/inst/FCLK_CLK_unbuffered[1]
    BUFGCTRL_X0Y17       BUFG (Prop_bufg_I_O)         0.101     1.294 r  npu_system_i/ps7/inst/buffer_fclk_clk_1.FCLK_CLK_1_BUFG/O
                         net (fo=158, routed)         1.845     3.139    npu_system_i/dvi2rgb_0/U0/TMDS_ClockingX/LockLostReset/SyncAsyncx/RefClk
    SLICE_X113Y74        FDPE                                         r  npu_system_i/dvi2rgb_0/U0/TMDS_ClockingX/LockLostReset/SyncAsyncx/oSyncStages_reg[1]/C
  -------------------------------------------------------------------    -------------------
    SLICE_X113Y74        FDPE (Prop_fdpe_C_Q)         0.419     3.558 f  npu_system_i/dvi2rgb_0/U0/TMDS_ClockingX/LockLostReset/SyncAsyncx/oSyncStages_reg[1]/Q
                         net (fo=8, routed)           0.641     4.199    npu_system_i/dvi2rgb_0/U0/TMDS_ClockingX/rLockLostRst
    SLICE_X113Y71        FDPE                                         f  npu_system_i/dvi2rgb_0/U0/TMDS_ClockingX/rMMCM_Reset_q_reg[1]/PRE
  -------------------------------------------------------------------    -------------------

                         (clock clk_fpga_1 rise edge)
                                                      5.000     5.000 r  
    PS7_X0Y0             PS7                          0.000     5.000 r  npu_system_i/ps7/inst/PS7_i/FCLKCLK[1]
                         net (fo=1, routed)           1.088     6.088    npu_system_i/ps7/inst/FCLK_CLK_unbuffered[1]
    BUFGCTRL_X0Y17       BUFG (Prop_bufg_I_O)         0.091     6.179 r  npu_system_i/ps7/inst/buffer_fclk_clk_1.FCLK_CLK_1_BUFG/O
                         net (fo=158, routed)         1.674     7.853    npu_system_i/dvi2rgb_0/U0/TMDS_ClockingX/RefClk
    SLICE_X113Y71        FDPE                                         r  npu_system_i/dvi2rgb_0/U0/TMDS_ClockingX/rMMCM_Reset_q_reg[1]/C
                         clock pessimism              0.269     8.122    
                         clock uncertainty           -0.083     8.039    
    SLICE_X113Y71        FDPE (Recov_fdpe_C_PRE)     -0.534     7.505    npu_system_i/dvi2rgb_0/U0/TMDS_ClockingX/rMMCM_Reset_q_reg[1]
  -------------------------------------------------------------------
                         required time                          7.505    
                         arrival time                          -4.199    
  -------------------------------------------------------------------
                         slack                                  3.306    

Slack (MET) :             3.361ns  (required time - arrival time)
  Source:                 npu_system_i/dvi2rgb_0/U0/TMDS_ClockingX/RdyLostReset/SyncAsyncx/oSyncStages_reg[1]/C
                            (rising edge-triggered cell FDPE clocked by clk_fpga_1  {rise@0.000ns fall@2.500ns period=5.000ns})
  Destination:            npu_system_i/dvi2rgb_0/U0/TMDS_ClockingX/aLocked_reg/CLR
                            (recovery check against rising-edge clock clk_fpga_1  {rise@0.000ns fall@2.500ns period=5.000ns})
  Path Group:             **async_default**
  Path Type:              Recovery (Max at Slow Process Corner)
  Requirement:            5.000ns  (clk_fpga_1 rise@5.000ns - clk_fpga_1 rise@0.000ns)
  Data Path Delay:        0.951ns  (logic 0.419ns (44.045%)  route 0.532ns (55.954%))
  Logic Levels:           0  
  Clock Path Skew:        -0.025ns (DCD - SCD + CPR)
    Destination Clock Delay (DCD):    2.848ns = ( 7.848 - 5.000 ) 
    Source Clock Delay      (SCD):    3.142ns
    Clock Pessimism Removal (CPR):    0.269ns
  Clock Uncertainty:      0.083ns  ((TSJ^2 + TIJ^2)^1/2 + DJ) / 2 + PE
    Total System Jitter     (TSJ):    0.071ns
    Total Input Jitter      (TIJ):    0.150ns
    Discrete Jitter          (DJ):    0.000ns
    Phase Error              (PE):    0.000ns

    Location             Delay type                Incr(ns)  Path(ns)    Netlist Resource(s)
  -------------------------------------------------------------------    -------------------
                         (clock clk_fpga_1 rise edge)
                                                      0.000     0.000 r  
    PS7_X0Y0             PS7                          0.000     0.000 r  npu_system_i/ps7/inst/PS7_i/FCLKCLK[1]
                         net (fo=1, routed)           1.193     1.193    npu_system_i/ps7/inst/FCLK_CLK_unbuffered[1]
    BUFGCTRL_X0Y17       BUFG (Prop_bufg_I_O)         0.101     1.294 r  npu_system_i/ps7/inst/buffer_fclk_clk_1.FCLK_CLK_1_BUFG/O
                         net (fo=158, routed)         1.848     3.142    npu_system_i/dvi2rgb_0/U0/TMDS_ClockingX/RdyLostReset/SyncAsyncx/RefClk
    SLICE_X113Y77        FDPE                                         r  npu_system_i/dvi2rgb_0/U0/TMDS_ClockingX/RdyLostReset/SyncAsyncx/oSyncStages_reg[1]/C
  -------------------------------------------------------------------    -------------------
    SLICE_X113Y77        FDPE (Prop_fdpe_C_Q)         0.419     3.561 f  npu_system_i/dvi2rgb_0/U0/TMDS_ClockingX/RdyLostReset/SyncAsyncx/oSyncStages_reg[1]/Q
                         net (fo=1, routed)           0.532     4.093    npu_system_i/dvi2rgb_0/U0/TMDS_ClockingX/RdyLostReset_n_0
    SLICE_X113Y75        FDCE                                         f  npu_system_i/dvi2rgb_0/U0/TMDS_ClockingX/aLocked_reg/CLR
  -------------------------------------------------------------------    -------------------

                         (clock clk_fpga_1 rise edge)
                                                      5.000     5.000 r  
    PS7_X0Y0             PS7                          0.000     5.000 r  npu_system_i/ps7/inst/PS7_i/FCLKCLK[1]
                         net (fo=1, routed)           1.088     6.088    npu_system_i/ps7/inst/FCLK_CLK_unbuffered[1]
    BUFGCTRL_X0Y17       BUFG (Prop_bufg_I_O)         0.091     6.179 r  npu_system_i/ps7/inst/buffer_fclk_clk_1.FCLK_CLK_1_BUFG/O
                         net (fo=158, routed)         1.669     7.848    npu_system_i/dvi2rgb_0/U0/TMDS_ClockingX/RefClk
    SLICE_X113Y75        FDCE                                         r  npu_system_i/dvi2rgb_0/U0/TMDS_ClockingX/aLocked_reg/C
                         clock pessimism              0.269     8.117    
                         clock uncertainty           -0.083     8.034    
    SLICE_X113Y75        FDCE (Recov_fdce_C_CLR)     -0.580     7.454    npu_system_i/dvi2rgb_0/U0/TMDS_ClockingX/aLocked_reg
  -------------------------------------------------------------------
                         required time                          7.454    
                         arrival time                          -4.093    
  -------------------------------------------------------------------
                         slack                                  3.361    





Min Delay Paths
--------------------------------------------------------------------------------------
Slack (MET) :             0.446ns  (arrival time - required time)
  Source:                 npu_system_i/dvi2rgb_0/U0/TMDS_ClockingX/RdyLostReset/SyncAsyncx/oSyncStages_reg[1]/C
                            (rising edge-triggered cell FDPE clocked by clk_fpga_1  {rise@0.000ns fall@2.500ns period=5.000ns})
  Destination:            npu_system_i/dvi2rgb_0/U0/TMDS_ClockingX/aLocked_reg/CLR
                            (removal check against rising-edge clock clk_fpga_1  {rise@0.000ns fall@2.500ns period=5.000ns})
  Path Group:             **async_default**
  Path Type:              Removal (Min at Fast Process Corner)
  Requirement:            0.000ns  (clk_fpga_1 rise@0.000ns - clk_fpga_1 rise@0.000ns)
  Data Path Delay:        0.310ns  (logic 0.128ns (41.252%)  route 0.182ns (58.748%))
  Logic Levels:           0  
  Clock Path Skew:        0.010ns (DCD - SCD - CPR)
    Destination Clock Delay (DCD):    1.258ns
    Source Clock Delay      (SCD):    0.962ns
    Clock Pessimism Removal (CPR):    0.286ns

    Location             Delay type                Incr(ns)  Path(ns)    Netlist Resource(s)
  -------------------------------------------------------------------    -------------------
                         (clock clk_fpga_1 rise edge)
                                                      0.000     0.000 r  
    PS7_X0Y0             PS7                          0.000     0.000 r  npu_system_i/ps7/inst/PS7_i/FCLKCLK[1]
                         net (fo=1, routed)           0.310     0.310    npu_system_i/ps7/inst/FCLK_CLK_unbuffered[1]
    BUFGCTRL_X0Y17       BUFG (Prop_bufg_I_O)         0.026     0.336 r  npu_system_i/ps7/inst/buffer_fclk_clk_1.FCLK_CLK_1_BUFG/O
                         net (fo=158, routed)         0.626     0.962    npu_system_i/dvi2rgb_0/U0/TMDS_ClockingX/RdyLostReset/SyncAsyncx/RefClk
    SLICE_X113Y77        FDPE                                         r  npu_system_i/dvi2rgb_0/U0/TMDS_ClockingX/RdyLostReset/SyncAsyncx/oSyncStages_reg[1]/C
  -------------------------------------------------------------------    -------------------
    SLICE_X113Y77        FDPE (Prop_fdpe_C_Q)         0.128     1.090 f  npu_system_i/dvi2rgb_0/U0/TMDS_ClockingX/RdyLostReset/SyncAsyncx/oSyncStages_reg[1]/Q
                         net (fo=1, routed)           0.182     1.272    npu_system_i/dvi2rgb_0/U0/TMDS_ClockingX/RdyLostReset_n_0
    SLICE_X113Y75        FDCE                                         f  npu_system_i/dvi2rgb_0/U0/TMDS_ClockingX/aLocked_reg/CLR
  -------------------------------------------------------------------    -------------------

                         (clock clk_fpga_1 rise edge)
                                                      0.000     0.000 r  
    PS7_X0Y0             PS7                          0.000     0.000 r  npu_system_i/ps7/inst/PS7_i/FCLKCLK[1]
                         net (fo=1, routed)           0.337     0.337    npu_system_i/ps7/inst/FCLK_CLK_unbuffered[1]
    BUFGCTRL_X0Y17       BUFG (Prop_bufg_I_O)         0.029     0.366 r  npu_system_i/ps7/inst/buffer_fclk_clk_1.FCLK_CLK_1_BUFG/O
                         net (fo=158, routed)         0.892     1.258    npu_system_i/dvi2rgb_0/U0/TMDS_ClockingX/RefClk
    SLICE_X113Y75        FDCE                                         r  npu_system_i/dvi2rgb_0/U0/TMDS_ClockingX/aLocked_reg/C
                         clock pessimism             -0.286     0.972    
    SLICE_X113Y75        FDCE (Remov_fdce_C_CLR)     -0.146     0.826    npu_system_i/dvi2rgb_0/U0/TMDS_ClockingX/aLocked_reg
  -------------------------------------------------------------------
                         required time                         -0.826    
                         arrival time                           1.272    
  -------------------------------------------------------------------
                         slack                                  0.446    

Slack (MET) :             0.513ns  (arrival time - required time)
  Source:                 npu_system_i/dvi2rgb_0/U0/TMDS_ClockingX/LockLostReset/SyncAsyncx/oSyncStages_reg[1]/C
                            (rising edge-triggered cell FDPE clocked by clk_fpga_1  {rise@0.000ns fall@2.500ns period=5.000ns})
  Destination:            npu_system_i/dvi2rgb_0/U0/TMDS_ClockingX/rMMCM_Reset_q_reg[0]/PRE
                            (removal check against rising-edge clock clk_fpga_1  {rise@0.000ns fall@2.500ns period=5.000ns})
  Path Group:             **async_default**
  Path Type:              Removal (Min at Fast Process Corner)
  Requirement:            0.000ns  (clk_fpga_1 rise@0.000ns - clk_fpga_1 rise@0.000ns)
  Data Path Delay:        0.381ns  (logic 0.128ns (33.580%)  route 0.253ns (66.420%))
  Logic Levels:           0  
  Clock Path Skew:        0.017ns (DCD - SCD - CPR)
    Destination Clock Delay (DCD):    1.262ns
    Source Clock Delay      (SCD):    0.959ns
    Clock Pessimism Removal (CPR):    0.286ns

    Location             Delay type                Incr(ns)  Path(ns)    Netlist Resource(s)
  -------------------------------------------------------------------    -------------------
                         (clock clk_fpga_1 rise edge)
                                                      0.000     0.000 r  
    PS7_X0Y0             PS7                          0.000     0.000 r  npu_system_i/ps7/inst/PS7_i/FCLKCLK[1]
                         net (fo=1, routed)           0.310     0.310    npu_system_i/ps7/inst/FCLK_CLK_unbuffered[1]
    BUFGCTRL_X0Y17       BUFG (Prop_bufg_I_O)         0.026     0.336 r  npu_system_i/ps7/inst/buffer_fclk_clk_1.FCLK_CLK_1_BUFG/O
                         net (fo=158, routed)         0.623     0.959    npu_system_i/dvi2rgb_0/U0/TMDS_ClockingX/LockLostReset/SyncAsyncx/RefClk
    SLICE_X113Y74        FDPE                                         r  npu_system_i/dvi2rgb_0/U0/TMDS_ClockingX/LockLostReset/SyncAsyncx/oSyncStages_reg[1]/C
  -------------------------------------------------------------------    -------------------
    SLICE_X113Y74        FDPE (Prop_fdpe_C_Q)         0.128     1.087 f  npu_system_i/dvi2rgb_0/U0/TMDS_ClockingX/LockLostReset/SyncAsyncx/oSyncStages_reg[1]/Q
                         net (fo=8, routed)           0.253     1.340    npu_system_i/dvi2rgb_0/U0/TMDS_ClockingX/rLockLostRst
    SLICE_X113Y71        FDPE                                         f  npu_system_i/dvi2rgb_0/U0/TMDS_ClockingX/rMMCM_Reset_q_reg[0]/PRE
  -------------------------------------------------------------------    -------------------

                         (clock clk_fpga_1 rise edge)
                                                      0.000     0.000 r  
    PS7_X0Y0             PS7                          0.000     0.000 r  npu_system_i/ps7/inst/PS7_i/FCLKCLK[1]
                         net (fo=1, routed)           0.337     0.337    npu_system_i/ps7/inst/FCLK_CLK_unbuffered[1]
    BUFGCTRL_X0Y17       BUFG (Prop_bufg_I_O)         0.029     0.366 r  npu_system_i/ps7/inst/buffer_fclk_clk_1.FCLK_CLK_1_BUFG/O
                         net (fo=158, routed)         0.896     1.262    npu_system_i/dvi2rgb_0/U0/TMDS_ClockingX/RefClk
    SLICE_X113Y71        FDPE                                         r  npu_system_i/dvi2rgb_0/U0/TMDS_ClockingX/rMMCM_Reset_q_reg[0]/C
                         clock pessimism             -0.286     0.976    
    SLICE_X113Y71        FDPE (Remov_fdpe_C_PRE)     -0.149     0.827    npu_system_i/dvi2rgb_0/U0/TMDS_ClockingX/rMMCM_Reset_q_reg[0]
  -------------------------------------------------------------------
                         required time                         -0.827    
                         arrival time                           1.340    
  -------------------------------------------------------------------
                         slack                                  0.513    

Slack (MET) :             0.513ns  (arrival time - required time)
  Source:                 npu_system_i/dvi2rgb_0/U0/TMDS_ClockingX/LockLostReset/SyncAsyncx/oSyncStages_reg[1]/C
                            (rising edge-triggered cell FDPE clocked by clk_fpga_1  {rise@0.000ns fall@2.500ns period=5.000ns})
  Destination:            npu_system_i/dvi2rgb_0/U0/TMDS_ClockingX/rMMCM_Reset_q_reg[1]/PRE
                            (removal check against rising-edge clock clk_fpga_1  {rise@0.000ns fall@2.500ns period=5.000ns})
  Path Group:             **async_default**
  Path Type:              Removal (Min at Fast Process Corner)
  Requirement:            0.000ns  (clk_fpga_1 rise@0.000ns - clk_fpga_1 rise@0.000ns)
  Data Path Delay:        0.381ns  (logic 0.128ns (33.580%)  route 0.253ns (66.420%))
  Logic Levels:           0  
  Clock Path Skew:        0.017ns (DCD - SCD - CPR)
    Destination Clock Delay (DCD):    1.262ns
    Source Clock Delay      (SCD):    0.959ns
    Clock Pessimism Removal (CPR):    0.286ns

    Location             Delay type                Incr(ns)  Path(ns)    Netlist Resource(s)
  -------------------------------------------------------------------    -------------------
                         (clock clk_fpga_1 rise edge)
                                                      0.000     0.000 r  
    PS7_X0Y0             PS7                          0.000     0.000 r  npu_system_i/ps7/inst/PS7_i/FCLKCLK[1]
                         net (fo=1, routed)           0.310     0.310    npu_system_i/ps7/inst/FCLK_CLK_unbuffered[1]
    BUFGCTRL_X0Y17       BUFG (Prop_bufg_I_O)         0.026     0.336 r  npu_system_i/ps7/inst/buffer_fclk_clk_1.FCLK_CLK_1_BUFG/O
                         net (fo=158, routed)         0.623     0.959    npu_system_i/dvi2rgb_0/U0/TMDS_ClockingX/LockLostReset/SyncAsyncx/RefClk
    SLICE_X113Y74        FDPE                                         r  npu_system_i/dvi2rgb_0/U0/TMDS_ClockingX/LockLostReset/SyncAsyncx/oSyncStages_reg[1]/C
  -------------------------------------------------------------------    -------------------
    SLICE_X113Y74        FDPE (Prop_fdpe_C_Q)         0.128     1.087 f  npu_system_i/dvi2rgb_0/U0/TMDS_ClockingX/LockLostReset/SyncAsyncx/oSyncStages_reg[1]/Q
                         net (fo=8, routed)           0.253     1.340    npu_system_i/dvi2rgb_0/U0/TMDS_ClockingX/rLockLostRst
    SLICE_X113Y71        FDPE                                         f  npu_system_i/dvi2rgb_0/U0/TMDS_ClockingX/rMMCM_Reset_q_reg[1]/PRE
  -------------------------------------------------------------------    -------------------

                         (clock clk_fpga_1 rise edge)
                                                      0.000     0.000 r  
    PS7_X0Y0             PS7                          0.000     0.000 r  npu_system_i/ps7/inst/PS7_i/FCLKCLK[1]
                         net (fo=1, routed)           0.337     0.337    npu_system_i/ps7/inst/FCLK_CLK_unbuffered[1]
    BUFGCTRL_X0Y17       BUFG (Prop_bufg_I_O)         0.029     0.366 r  npu_system_i/ps7/inst/buffer_fclk_clk_1.FCLK_CLK_1_BUFG/O
                         net (fo=158, routed)         0.896     1.262    npu_system_i/dvi2rgb_0/U0/TMDS_ClockingX/RefClk
    SLICE_X113Y71        FDPE                                         r  npu_system_i/dvi2rgb_0/U0/TMDS_ClockingX/rMMCM_Reset_q_reg[1]/C
                         clock pessimism             -0.286     0.976    
    SLICE_X113Y71        FDPE (Remov_fdpe_C_PRE)     -0.149     0.827    npu_system_i/dvi2rgb_0/U0/TMDS_ClockingX/rMMCM_Reset_q_reg[1]
  -------------------------------------------------------------------
                         required time                         -0.827    
                         arrival time                           1.340    
  -------------------------------------------------------------------
                         slack                                  0.513    





---------------------------------------------------------------------------------------------------
Path Group:  **default**
From Clock:  clk_fpga_0
  To Clock:  

Setup :            0  Failing Endpoints,  Worst Slack        6.239ns,  Total Violation        0.000ns
Hold  :           NA  Failing Endpoints,  Worst Slack           NA  ,  Total Violation           NA
---------------------------------------------------------------------------------------------------


Max Delay Paths
--------------------------------------------------------------------------------------
Slack (MET) :             6.239ns  (required time - arrival time)
  Source:                 npu_system_i/vid_out/inst/COUPLER_INST/generate_async_fifo.FIFO_INST/XPM_FIFO_ASYNC_INST/gnuram_async_fifo.xpm_fifo_base_inst/gen_cdc_pntr.wr_pntr_cdc_dc_inst/src_gray_ff_reg[9]/C
                            (rising edge-triggered cell FDRE clocked by clk_fpga_0  {rise@0.000ns fall@4.000ns period=8.000ns})
  Destination:            npu_system_i/vid_out/inst/COUPLER_INST/generate_async_fifo.FIFO_INST/XPM_FIFO_ASYNC_INST/gnuram_async_fifo.xpm_fifo_base_inst/gen_cdc_pntr.wr_pntr_cdc_dc_inst/dest_graysync_ff_reg[0][9]/D
  Path Group:             **default**
  Path Type:              Setup (Max at Slow Process Corner)
  Requirement:            8.000ns  (MaxDelay Path 8.000ns)
  Data Path Delay:        1.491ns  (logic 0.419ns (28.110%)  route 1.072ns (71.890%))
  Logic Levels:           0  
  Timing Exception:       MaxDelay Path 8.000ns -datapath_only

    Location             Delay type                Incr(ns)  Path(ns)    Netlist Resource(s)
  -------------------------------------------------------------------    -------------------
    SLICE_X43Y139                                     0.000     0.000 r  npu_system_i/vid_out/inst/COUPLER_INST/generate_async_fifo.FIFO_INST/XPM_FIFO_ASYNC_INST/gnuram_async_fifo.xpm_fifo_base_inst/gen_cdc_pntr.wr_pntr_cdc_dc_inst/src_gray_ff_reg[9]/C
    SLICE_X43Y139        FDRE (Prop_fdre_C_Q)         0.419     0.419 r  npu_system_i/vid_out/inst/COUPLER_INST/generate_async_fifo.FIFO_INST/XPM_FIFO_ASYNC_INST/gnuram_async_fifo.xpm_fifo_base_inst/gen_cdc_pntr.wr_pntr_cdc_dc_inst/src_gray_ff_reg[9]/Q
                         net (fo=1, routed)           1.072     1.491    npu_system_i/vid_out/inst/COUPLER_INST/generate_async_fifo.FIFO_INST/XPM_FIFO_ASYNC_INST/gnuram_async_fifo.xpm_fifo_base_inst/gen_cdc_pntr.wr_pntr_cdc_dc_inst/async_path[9]
    SLICE_X28Y144        FDRE                                         r  npu_system_i/vid_out/inst/COUPLER_INST/generate_async_fifo.FIFO_INST/XPM_FIFO_ASYNC_INST/gnuram_async_fifo.xpm_fifo_base_inst/gen_cdc_pntr.wr_pntr_cdc_dc_inst/dest_graysync_ff_reg[0][9]/D
  -------------------------------------------------------------------    -------------------

                         max delay                    8.000     8.000    
    SLICE_X28Y144        FDRE (Setup_fdre_C_D)       -0.270     7.730    npu_system_i/vid_out/inst/COUPLER_INST/generate_async_fifo.FIFO_INST/XPM_FIFO_ASYNC_INST/gnuram_async_fifo.xpm_fifo_base_inst/gen_cdc_pntr.wr_pntr_cdc_dc_inst/dest_graysync_ff_reg[0][9]
  -------------------------------------------------------------------
                         required time                          7.730    
                         arrival time                          -1.491    
  -------------------------------------------------------------------
                         slack                                  6.239    

Slack (MET) :             6.297ns  (required time - arrival time)
  Source:                 npu_system_i/vid_out/inst/COUPLER_INST/generate_async_fifo.FIFO_INST/XPM_FIFO_ASYNC_INST/gnuram_async_fifo.xpm_fifo_base_inst/gen_cdc_pntr.wr_pntr_cdc_dc_inst/src_gray_ff_reg[10]/C
                            (rising edge-triggered cell FDRE clocked by clk_fpga_0  {rise@0.000ns fall@4.000ns period=8.000ns})
  Destination:            npu_system_i/vid_out/inst/COUPLER_INST/generate_async_fifo.FIFO_INST/XPM_FIFO_ASYNC_INST/gnuram_async_fifo.xpm_fifo_base_inst/gen_cdc_pntr.wr_pntr_cdc_dc_inst/dest_graysync_ff_reg[0][10]/D
  Path Group:             **default**
  Path Type:              Setup (Max at Slow Process Corner)
  Requirement:            8.000ns  (MaxDelay Path 8.000ns)
  Data Path Delay:        1.482ns  (logic 0.478ns (32.257%)  route 1.004ns (67.743%))
  Logic Levels:           0  
  Timing Exception:       MaxDelay Path 8.000ns -datapath_only

    Location             Delay type                Incr(ns)  Path(ns)    Netlist Resource(s)
  -------------------------------------------------------------------    -------------------
    SLICE_X38Y139                                     0.000     0.000 r  npu_system_i/vid_out/inst/COUPLER_INST/generate_async_fifo.FIFO_INST/XPM_FIFO_ASYNC_INST/gnuram_async_fifo.xpm_fifo_base_inst/gen_cdc_pntr.wr_pntr_cdc_dc_inst/src_gray_ff_reg[10]/C
    SLICE_X38Y139        FDRE (Prop_fdre_C_Q)         0.478     0.478 r  npu_system_i/vid_out/inst/COUPLER_INST/generate_async_fifo.FIFO_INST/XPM_FIFO_ASYNC_INST/gnuram_async_fifo.xpm_fifo_base_inst/gen_cdc_pntr.wr_pntr_cdc_dc_inst/src_gray_ff_reg[10]/Q
                         net (fo=1, routed)           1.004     1.482    npu_system_i/vid_out/inst/COUPLER_INST/generate_async_fifo.FIFO_INST/XPM_FIFO_ASYNC_INST/gnuram_async_fifo.xpm_fifo_base_inst/gen_cdc_pntr.wr_pntr_cdc_dc_inst/async_path[10]
    SLICE_X38Y141        FDRE                                         r  npu_system_i/vid_out/inst/COUPLER_INST/generate_async_fifo.FIFO_INST/XPM_FIFO_ASYNC_INST/gnuram_async_fifo.xpm_fifo_base_inst/gen_cdc_pntr.wr_pntr_cdc_dc_inst/dest_graysync_ff_reg[0][10]/D
  -------------------------------------------------------------------    -------------------

                         max delay                    8.000     8.000    
    SLICE_X38Y141        FDRE (Setup_fdre_C_D)       -0.221     7.779    npu_system_i/vid_out/inst/COUPLER_INST/generate_async_fifo.FIFO_INST/XPM_FIFO_ASYNC_INST/gnuram_async_fifo.xpm_fifo_base_inst/gen_cdc_pntr.wr_pntr_cdc_dc_inst/dest_graysync_ff_reg[0][10]
  -------------------------------------------------------------------
                         required time                          7.779    
                         arrival time                          -1.482    
  -------------------------------------------------------------------
                         slack                                  6.297    

Slack (MET) :             6.454ns  (required time - arrival time)
  Source:                 npu_system_i/vid_in/inst/COUPLER_INST/generate_async_fifo.FIFO_INST/XPM_FIFO_ASYNC_INST/gnuram_async_fifo.xpm_fifo_base_inst/gen_cdc_pntr.rd_pntr_cdc_dc_inst/src_gray_ff_reg[3]/C
                            (rising edge-triggered cell FDRE clocked by clk_fpga_0  {rise@0.000ns fall@4.000ns period=8.000ns})
  Destination:            npu_system_i/vid_in/inst/COUPLER_INST/generate_async_fifo.FIFO_INST/XPM_FIFO_ASYNC_INST/gnuram_async_fifo.xpm_fifo_base_inst/gen_cdc_pntr.rd_pntr_cdc_dc_inst/dest_graysync_ff_reg[0][3]/D
  Path Group:             **default**
  Path Type:              Setup (Max at Slow Process Corner)
  Requirement:            8.000ns  (MaxDelay Path 8.000ns)
  Data Path Delay:        1.279ns  (logic 0.419ns (32.772%)  route 0.860ns (67.228%))
  Logic Levels:           0  
  Timing Exception:       MaxDelay Path 8.000ns -datapath_only

    Location             Delay type                Incr(ns)  Path(ns)    Netlist Resource(s)
  -------------------------------------------------------------------    -------------------
    SLICE_X84Y60                                      0.000     0.000 r  npu_system_i/vid_in/inst/COUPLER_INST/generate_async_fifo.FIFO_INST/XPM_FIFO_ASYNC_INST/gnuram_async_fifo.xpm_fifo_base_inst/gen_cdc_pntr.rd_pntr_cdc_dc_inst/src_gray_ff_reg[3]/C
    SLICE_X84Y60         FDRE (Prop_fdre_C_Q)         0.419     0.419 r  npu_system_i/vid_in/inst/COUPLER_INST/generate_async_fifo.FIFO_INST/XPM_FIFO_ASYNC_INST/gnuram_async_fifo.xpm_fifo_base_inst/gen_cdc_pntr.rd_pntr_cdc_dc_inst/src_gray_ff_reg[3]/Q
                         net (fo=1, routed)           0.860     1.279    npu_system_i/vid_in/inst/COUPLER_INST/generate_async_fifo.FIFO_INST/XPM_FIFO_ASYNC_INST/gnuram_async_fifo.xpm_fifo_base_inst/gen_cdc_pntr.rd_pntr_cdc_dc_inst/async_path[3]
    SLICE_X84Y54         FDRE                                         r  npu_system_i/vid_in/inst/COUPLER_INST/generate_async_fifo.FIFO_INST/XPM_FIFO_ASYNC_INST/gnuram_async_fifo.xpm_fifo_base_inst/gen_cdc_pntr.rd_pntr_cdc_dc_inst/dest_graysync_ff_reg[0][3]/D
  -------------------------------------------------------------------    -------------------

                         max delay                    8.000     8.000    
    SLICE_X84Y54         FDRE (Setup_fdre_C_D)       -0.267     7.733    npu_system_i/vid_in/inst/COUPLER_INST/generate_async_fifo.FIFO_INST/XPM_FIFO_ASYNC_INST/gnuram_async_fifo.xpm_fifo_base_inst/gen_cdc_pntr.rd_pntr_cdc_dc_inst/dest_graysync_ff_reg[0][3]
  -------------------------------------------------------------------
                         required time                          7.733    
                         arrival time                          -1.279    
  -------------------------------------------------------------------
                         slack                                  6.454    

Slack (MET) :             6.475ns  (required time - arrival time)
  Source:                 npu_system_i/vid_out/inst/COUPLER_INST/generate_async_fifo.FIFO_INST/XPM_FIFO_ASYNC_INST/gnuram_async_fifo.xpm_fifo_base_inst/gen_cdc_pntr.wr_pntr_cdc_dc_inst/src_gray_ff_reg[2]/C
                            (rising edge-triggered cell FDRE clocked by clk_fpga_0  {rise@0.000ns fall@4.000ns period=8.000ns})
  Destination:            npu_system_i/vid_out/inst/COUPLER_INST/generate_async_fifo.FIFO_INST/XPM_FIFO_ASYNC_INST/gnuram_async_fifo.xpm_fifo_base_inst/gen_cdc_pntr.wr_pntr_cdc_dc_inst/dest_graysync_ff_reg[0][2]/D
  Path Group:             **default**
  Path Type:              Setup (Max at Slow Process Corner)
  Requirement:            8.000ns  (MaxDelay Path 8.000ns)
  Data Path Delay:        1.430ns  (logic 0.456ns (31.893%)  route 0.974ns (68.107%))
  Logic Levels:           0  
  Timing Exception:       MaxDelay Path 8.000ns -datapath_only

    Location             Delay type                Incr(ns)  Path(ns)    Netlist Resource(s)
  -------------------------------------------------------------------    -------------------
    SLICE_X56Y138                                     0.000     0.000 r  npu_system_i/vid_out/inst/COUPLER_INST/generate_async_fifo.FIFO_INST/XPM_FIFO_ASYNC_INST/gnuram_async_fifo.xpm_fifo_base_inst/gen_cdc_pntr.wr_pntr_cdc_dc_inst/src_gray_ff_reg[2]/C
    SLICE_X56Y138        FDRE (Prop_fdre_C_Q)         0.456     0.456 r  npu_system_i/vid_out/inst/COUPLER_INST/generate_async_fifo.FIFO_INST/XPM_FIFO_ASYNC_INST/gnuram_async_fifo.xpm_fifo_base_inst/gen_cdc_pntr.wr_pntr_cdc_dc_inst/src_gray_ff_reg[2]/Q
                         net (fo=1, routed)           0.974     1.430    npu_system_i/vid_out/inst/COUPLER_INST/generate_async_fifo.FIFO_INST/XPM_FIFO_ASYNC_INST/gnuram_async_fifo.xpm_fifo_base_inst/gen_cdc_pntr.wr_pntr_cdc_dc_inst/async_path[2]
    SLICE_X41Y142        FDRE                                         r  npu_system_i/vid_out/inst/COUPLER_INST/generate_async_fifo.FIFO_INST/XPM_FIFO_ASYNC_INST/gnuram_async_fifo.xpm_fifo_base_inst/gen_cdc_pntr.wr_pntr_cdc_dc_inst/dest_graysync_ff_reg[0][2]/D
  -------------------------------------------------------------------    -------------------

                         max delay                    8.000     8.000    
    SLICE_X41Y142        FDRE (Setup_fdre_C_D)       -0.095     7.905    npu_system_i/vid_out/inst/COUPLER_INST/generate_async_fifo.FIFO_INST/XPM_FIFO_ASYNC_INST/gnuram_async_fifo.xpm_fifo_base_inst/gen_cdc_pntr.wr_pntr_cdc_dc_inst/dest_graysync_ff_reg[0][2]
  -------------------------------------------------------------------
                         required time                          7.905    
                         arrival time                          -1.430    
  -------------------------------------------------------------------
                         slack                                  6.475    

Slack (MET) :             6.607ns  (required time - arrival time)
  Source:                 npu_system_i/vid_in/inst/COUPLER_INST/generate_async_fifo.FIFO_INST/XPM_FIFO_ASYNC_INST/gnuram_async_fifo.xpm_fifo_base_inst/gen_cdc_pntr.rd_pntr_cdc_dc_inst/src_gray_ff_reg[7]/C
                            (rising edge-triggered cell FDRE clocked by clk_fpga_0  {rise@0.000ns fall@4.000ns period=8.000ns})
  Destination:            npu_system_i/vid_in/inst/COUPLER_INST/generate_async_fifo.FIFO_INST/XPM_FIFO_ASYNC_INST/gnuram_async_fifo.xpm_fifo_base_inst/gen_cdc_pntr.rd_pntr_cdc_dc_inst/dest_graysync_ff_reg[0][7]/D
  Path Group:             **default**
  Path Type:              Setup (Max at Slow Process Corner)
  Requirement:            8.000ns  (MaxDelay Path 8.000ns)
  Data Path Delay:        1.128ns  (logic 0.478ns (42.380%)  route 0.650ns (57.620%))
  Logic Levels:           0  
  Timing Exception:       MaxDelay Path 8.000ns -datapath_only

    Location             Delay type                Incr(ns)  Path(ns)    Netlist Resource(s)
  -------------------------------------------------------------------    -------------------
    SLICE_X86Y60                                      0.000     0.000 r  npu_system_i/vid_in/inst/COUPLER_INST/generate_async_fifo.FIFO_INST/XPM_FIFO_ASYNC_INST/gnuram_async_fifo.xpm_fifo_base_inst/gen_cdc_pntr.rd_pntr_cdc_dc_inst/src_gray_ff_reg[7]/C
    SLICE_X86Y60         FDRE (Prop_fdre_C_Q)         0.478     0.478 r  npu_system_i/vid_in/inst/COUPLER_INST/generate_async_fifo.FIFO_INST/XPM_FIFO_ASYNC_INST/gnuram_async_fifo.xpm_fifo_base_inst/gen_cdc_pntr.rd_pntr_cdc_dc_inst/src_gray_ff_reg[7]/Q
                         net (fo=1, routed)           0.650     1.128    npu_system_i/vid_in/inst/COUPLER_INST/generate_async_fifo.FIFO_INST/XPM_FIFO_ASYNC_INST/gnuram_async_fifo.xpm_fifo_base_inst/gen_cdc_pntr.rd_pntr_cdc_dc_inst/async_path[7]
    SLICE_X87Y60         FDRE                                         r  npu_system_i/vid_in/inst/COUPLER_INST/generate_async_fifo.FIFO_INST/XPM_FIFO_ASYNC_INST/gnuram_async_fifo.xpm_fifo_base_inst/gen_cdc_pntr.rd_pntr_cdc_dc_inst/dest_graysync_ff_reg[0][7]/D
  -------------------------------------------------------------------    -------------------

                         max delay                    8.000     8.000    
    SLICE_X87Y60         FDRE (Setup_fdre_C_D)       -0.265     7.735    npu_system_i/vid_in/inst/COUPLER_INST/generate_async_fifo.FIFO_INST/XPM_FIFO_ASYNC_INST/gnuram_async_fifo.xpm_fifo_base_inst/gen_cdc_pntr.rd_pntr_cdc_dc_inst/dest_graysync_ff_reg[0][7]
  -------------------------------------------------------------------
                         required time                          7.735    
                         arrival time                          -1.128    
  -------------------------------------------------------------------
                         slack                                  6.607    

Slack (MET) :             6.616ns  (required time - arrival time)
  Source:                 npu_system_i/vid_out/inst/COUPLER_INST/generate_async_fifo.FIFO_INST/XPM_FIFO_ASYNC_INST/gnuram_async_fifo.xpm_fifo_base_inst/gen_cdc_pntr.wr_pntr_cdc_dc_inst/src_gray_ff_reg[1]/C
                            (rising edge-triggered cell FDRE clocked by clk_fpga_0  {rise@0.000ns fall@4.000ns period=8.000ns})
  Destination:            npu_system_i/vid_out/inst/COUPLER_INST/generate_async_fifo.FIFO_INST/XPM_FIFO_ASYNC_INST/gnuram_async_fifo.xpm_fifo_base_inst/gen_cdc_pntr.wr_pntr_cdc_dc_inst/dest_graysync_ff_reg[0][1]/D
  Path Group:             **default**
  Path Type:              Setup (Max at Slow Process Corner)
  Requirement:            8.000ns  (MaxDelay Path 8.000ns)
  Data Path Delay:        1.114ns  (logic 0.419ns (37.608%)  route 0.695ns (62.392%))
  Logic Levels:           0  
  Timing Exception:       MaxDelay Path 8.000ns -datapath_only

    Location             Delay type                Incr(ns)  Path(ns)    Netlist Resource(s)
  -------------------------------------------------------------------    -------------------
    SLICE_X56Y138                                     0.000     0.000 r  npu_system_i/vid_out/inst/COUPLER_INST/generate_async_fifo.FIFO_INST/XPM_FIFO_ASYNC_INST/gnuram_async_fifo.xpm_fifo_base_inst/gen_cdc_pntr.wr_pntr_cdc_dc_inst/src_gray_ff_reg[1]/C
    SLICE_X56Y138        FDRE (Prop_fdre_C_Q)         0.419     0.419 r  npu_system_i/vid_out/inst/COUPLER_INST/generate_async_fifo.FIFO_INST/XPM_FIFO_ASYNC_INST/gnuram_async_fifo.xpm_fifo_base_inst/gen_cdc_pntr.wr_pntr_cdc_dc_inst/src_gray_ff_reg[1]/Q
                         net (fo=1, routed)           0.695     1.114    npu_system_i/vid_out/inst/COUPLER_INST/generate_async_fifo.FIFO_INST/XPM_FIFO_ASYNC_INST/gnuram_async_fifo.xpm_fifo_base_inst/gen_cdc_pntr.wr_pntr_cdc_dc_inst/async_path[1]
    SLICE_X53Y141        FDRE                                         r  npu_system_i/vid_out/inst/COUPLER_INST/generate_async_fifo.FIFO_INST/XPM_FIFO_ASYNC_INST/gnuram_async_fifo.xpm_fifo_base_inst/gen_cdc_pntr.wr_pntr_cdc_dc_inst/dest_graysync_ff_reg[0][1]/D
  -------------------------------------------------------------------    -------------------

                         max delay                    8.000     8.000    
    SLICE_X53Y141        FDRE (Setup_fdre_C_D)       -0.270     7.730    npu_system_i/vid_out/inst/COUPLER_INST/generate_async_fifo.FIFO_INST/XPM_FIFO_ASYNC_INST/gnuram_async_fifo.xpm_fifo_base_inst/gen_cdc_pntr.wr_pntr_cdc_dc_inst/dest_graysync_ff_reg[0][1]
  -------------------------------------------------------------------
                         required time                          7.730    
                         arrival time                          -1.114    
  -------------------------------------------------------------------
                         slack                                  6.616    

Slack (MET) :             6.617ns  (required time - arrival time)
  Source:                 npu_system_i/vid_out/inst/COUPLER_INST/generate_async_fifo.FIFO_INST/XPM_FIFO_ASYNC_INST/gnuram_async_fifo.xpm_fifo_base_inst/gen_cdc_pntr.wr_pntr_cdc_dc_inst/src_gray_ff_reg[0]/C
                            (rising edge-triggered cell FDRE clocked by clk_fpga_0  {rise@0.000ns fall@4.000ns period=8.000ns})
  Destination:            npu_system_i/vid_out/inst/COUPLER_INST/generate_async_fifo.FIFO_INST/XPM_FIFO_ASYNC_INST/gnuram_async_fifo.xpm_fifo_base_inst/gen_cdc_pntr.wr_pntr_cdc_dc_inst/dest_graysync_ff_reg[0][0]/D
  Path Group:             **default**
  Path Type:              Setup (Max at Slow Process Corner)
  Requirement:            8.000ns  (MaxDelay Path 8.000ns)
  Data Path Delay:        1.288ns  (logic 0.456ns (35.413%)  route 0.832ns (64.587%))
  Logic Levels:           0  
  Timing Exception:       MaxDelay Path 8.000ns -datapath_only

    Location             Delay type                Incr(ns)  Path(ns)    Netlist Resource(s)
  -------------------------------------------------------------------    -------------------
    SLICE_X56Y138                                     0.000     0.000 r  npu_system_i/vid_out/inst/COUPLER_INST/generate_async_fifo.FIFO_INST/XPM_FIFO_ASYNC_INST/gnuram_async_fifo.xpm_fifo_base_inst/gen_cdc_pntr.wr_pntr_cdc_dc_inst/src_gray_ff_reg[0]/C
    SLICE_X56Y138        FDRE (Prop_fdre_C_Q)         0.456     0.456 r  npu_system_i/vid_out/inst/COUPLER_INST/generate_async_fifo.FIFO_INST/XPM_FIFO_ASYNC_INST/gnuram_async_fifo.xpm_fifo_base_inst/gen_cdc_pntr.wr_pntr_cdc_dc_inst/src_gray_ff_reg[0]/Q
                         net (fo=1, routed)           0.832     1.288    npu_system_i/vid_out/inst/COUPLER_INST/generate_async_fifo.FIFO_INST/XPM_FIFO_ASYNC_INST/gnuram_async_fifo.xpm_fifo_base_inst/gen_cdc_pntr.wr_pntr_cdc_dc_inst/async_path[0]
    SLICE_X52Y141        FDRE                                         r  npu_system_i/vid_out/inst/COUPLER_INST/generate_async_fifo.FIFO_INST/XPM_FIFO_ASYNC_INST/gnuram_async_fifo.xpm_fifo_base_inst/gen_cdc_pntr.wr_pntr_cdc_dc_inst/dest_graysync_ff_reg[0][0]/D
  -------------------------------------------------------------------    -------------------

                         max delay                    8.000     8.000    
    SLICE_X52Y141        FDRE (Setup_fdre_C_D)       -0.095     7.905    npu_system_i/vid_out/inst/COUPLER_INST/generate_async_fifo.FIFO_INST/XPM_FIFO_ASYNC_INST/gnuram_async_fifo.xpm_fifo_base_inst/gen_cdc_pntr.wr_pntr_cdc_dc_inst/dest_graysync_ff_reg[0][0]
  -------------------------------------------------------------------
                         required time                          7.905    
                         arrival time                          -1.288    
  -------------------------------------------------------------------
                         slack                                  6.617    

Slack (MET) :             6.619ns  (required time - arrival time)
  Source:                 npu_system_i/vid_out/inst/COUPLER_INST/generate_async_fifo.FIFO_INST/XPM_FIFO_ASYNC_INST/gnuram_async_fifo.xpm_fifo_base_inst/gen_cdc_pntr.wr_pntr_cdc_dc_inst/src_gray_ff_reg[3]/C
                            (rising edge-triggered cell FDRE clocked by clk_fpga_0  {rise@0.000ns fall@4.000ns period=8.000ns})
  Destination:            npu_system_i/vid_out/inst/COUPLER_INST/generate_async_fifo.FIFO_INST/XPM_FIFO_ASYNC_INST/gnuram_async_fifo.xpm_fifo_base_inst/gen_cdc_pntr.wr_pntr_cdc_dc_inst/dest_graysync_ff_reg[0][3]/D
  Path Group:             **default**
  Path Type:              Setup (Max at Slow Process Corner)
  Requirement:            8.000ns  (MaxDelay Path 8.000ns)
  Data Path Delay:        1.114ns  (logic 0.419ns (37.620%)  route 0.695ns (62.380%))
  Logic Levels:           0  
  Timing Exception:       MaxDelay Path 8.000ns -datapath_only

    Location             Delay type                Incr(ns)  Path(ns)    Netlist Resource(s)
  -------------------------------------------------------------------    -------------------
    SLICE_X56Y138                                     0.000     0.000 r  npu_system_i/vid_out/inst/COUPLER_INST/generate_async_fifo.FIFO_INST/XPM_FIFO_ASYNC_INST/gnuram_async_fifo.xpm_fifo_base_inst/gen_cdc_pntr.wr_pntr_cdc_dc_inst/src_gray_ff_reg[3]/C
    SLICE_X56Y138        FDRE (Prop_fdre_C_Q)         0.419     0.419 r  npu_system_i/vid_out/inst/COUPLER_INST/generate_async_fifo.FIFO_INST/XPM_FIFO_ASYNC_INST/gnuram_async_fifo.xpm_fifo_base_inst/gen_cdc_pntr.wr_pntr_cdc_dc_inst/src_gray_ff_reg[3]/Q
                         net (fo=1, routed)           0.695     1.114    npu_system_i/vid_out/inst/COUPLER_INST/generate_async_fifo.FIFO_INST/XPM_FIFO_ASYNC_INST/gnuram_async_fifo.xpm_fifo_base_inst/gen_cdc_pntr.wr_pntr_cdc_dc_inst/async_path[3]
    SLICE_X53Y140        FDRE                                         r  npu_system_i/vid_out/inst/COUPLER_INST/generate_async_fifo.FIFO_INST/XPM_FIFO_ASYNC_INST/gnuram_async_fifo.xpm_fifo_base_inst/gen_cdc_pntr.wr_pntr_cdc_dc_inst/dest_graysync_ff_reg[0][3]/D
  -------------------------------------------------------------------    -------------------

                         max delay                    8.000     8.000    
    SLICE_X53Y140        FDRE (Setup_fdre_C_D)       -0.267     7.733    npu_system_i/vid_out/inst/COUPLER_INST/generate_async_fifo.FIFO_INST/XPM_FIFO_ASYNC_INST/gnuram_async_fifo.xpm_fifo_base_inst/gen_cdc_pntr.wr_pntr_cdc_dc_inst/dest_graysync_ff_reg[0][3]
  -------------------------------------------------------------------
                         required time                          7.733    
                         arrival time                          -1.114    
  -------------------------------------------------------------------
                         slack                                  6.619    

Slack (MET) :             6.630ns  (required time - arrival time)
  Source:                 npu_system_i/vid_in/inst/COUPLER_INST/generate_async_fifo.FIFO_INST/XPM_FIFO_ASYNC_INST/gnuram_async_fifo.xpm_fifo_base_inst/gen_cdc_pntr.rd_pntr_cdc_inst/src_gray_ff_reg[5]/C
                            (rising edge-triggered cell FDRE clocked by clk_fpga_0  {rise@0.000ns fall@4.000ns period=8.000ns})
  Destination:            npu_system_i/vid_in/inst/COUPLER_INST/generate_async_fifo.FIFO_INST/XPM_FIFO_ASYNC_INST/gnuram_async_fifo.xpm_fifo_base_inst/gen_cdc_pntr.rd_pntr_cdc_inst/dest_graysync_ff_reg[0][5]/D
  Path Group:             **default**
  Path Type:              Setup (Max at Slow Process Corner)
  Requirement:            8.000ns  (MaxDelay Path 8.000ns)
  Data Path Delay:        1.103ns  (logic 0.419ns (38.003%)  route 0.684ns (61.997%))
  Logic Levels:           0  
  Timing Exception:       MaxDelay Path 8.000ns -datapath_only

    Location             Delay type                Incr(ns)  Path(ns)    Netlist Resource(s)
  -------------------------------------------------------------------    -------------------
    SLICE_X81Y62                                      0.000     0.000 r  npu_system_i/vid_in/inst/COUPLER_INST/generate_async_fifo.FIFO_INST/XPM_FIFO_ASYNC_INST/gnuram_async_fifo.xpm_fifo_base_inst/gen_cdc_pntr.rd_pntr_cdc_inst/src_gray_ff_reg[5]/C
    SLICE_X81Y62         FDRE (Prop_fdre_C_Q)         0.419     0.419 r  npu_system_i/vid_in/inst/COUPLER_INST/generate_async_fifo.FIFO_INST/XPM_FIFO_ASYNC_INST/gnuram_async_fifo.xpm_fifo_base_inst/gen_cdc_pntr.rd_pntr_cdc_inst/src_gray_ff_reg[5]/Q
                         net (fo=1, routed)           0.684     1.103    npu_system_i/vid_in/inst/COUPLER_INST/generate_async_fifo.FIFO_INST/XPM_FIFO_ASYNC_INST/gnuram_async_fifo.xpm_fifo_base_inst/gen_cdc_pntr.rd_pntr_cdc_inst/async_path[5]
    SLICE_X85Y60         FDRE                                         r  npu_system_i/vid_in/inst/COUPLER_INST/generate_async_fifo.FIFO_INST/XPM_FIFO_ASYNC_INST/gnuram_async_fifo.xpm_fifo_base_inst/gen_cdc_pntr.rd_pntr_cdc_inst/dest_graysync_ff_reg[0][5]/D
  -------------------------------------------------------------------    -------------------

                         max delay                    8.000     8.000    
    SLICE_X85Y60         FDRE (Setup_fdre_C_D)       -0.267     7.733    npu_system_i/vid_in/inst/COUPLER_INST/generate_async_fifo.FIFO_INST/XPM_FIFO_ASYNC_INST/gnuram_async_fifo.xpm_fifo_base_inst/gen_cdc_pntr.rd_pntr_cdc_inst/dest_graysync_ff_reg[0][5]
  -------------------------------------------------------------------
                         required time                          7.733    
                         arrival time                          -1.103    
  -------------------------------------------------------------------
                         slack                                  6.630    

Slack (MET) :             6.647ns  (required time - arrival time)
  Source:                 npu_system_i/vid_out/inst/COUPLER_INST/generate_async_fifo.FIFO_INST/XPM_FIFO_ASYNC_INST/gnuram_async_fifo.xpm_fifo_base_inst/gen_cdc_pntr.wr_pntr_cdc_dc_inst/src_gray_ff_reg[4]/C
                            (rising edge-triggered cell FDRE clocked by clk_fpga_0  {rise@0.000ns fall@4.000ns period=8.000ns})
  Destination:            npu_system_i/vid_out/inst/COUPLER_INST/generate_async_fifo.FIFO_INST/XPM_FIFO_ASYNC_INST/gnuram_async_fifo.xpm_fifo_base_inst/gen_cdc_pntr.wr_pntr_cdc_dc_inst/dest_graysync_ff_reg[0][4]/D
  Path Group:             **default**
  Path Type:              Setup (Max at Slow Process Corner)
  Requirement:            8.000ns  (MaxDelay Path 8.000ns)
  Data Path Delay:        1.258ns  (logic 0.456ns (36.236%)  route 0.802ns (63.764%))
  Logic Levels:           0  
  Timing Exception:       MaxDelay Path 8.000ns -datapath_only

    Location             Delay type                Incr(ns)  Path(ns)    Netlist Resource(s)
  -------------------------------------------------------------------    -------------------
    SLICE_X59Y148                                     0.000     0.000 r  npu_system_i/vid_out/inst/COUPLER_INST/generate_async_fifo.FIFO_INST/XPM_FIFO_ASYNC_INST/gnuram_async_fifo.xpm_fifo_base_inst/gen_cdc_pntr.wr_pntr_cdc_dc_inst/src_gray_ff_reg[4]/C
    SLICE_X59Y148        FDRE (Prop_fdre_C_Q)         0.456     0.456 r  npu_system_i/vid_out/inst/COUPLER_INST/generate_async_fifo.FIFO_INST/XPM_FIFO_ASYNC_INST/gnuram_async_fifo.xpm_fifo_base_inst/gen_cdc_pntr.wr_pntr_cdc_dc_inst/src_gray_ff_reg[4]/Q
                         net (fo=1, routed)           0.802     1.258    npu_system_i/vid_out/inst/COUPLER_INST/generate_async_fifo.FIFO_INST/XPM_FIFO_ASYNC_INST/gnuram_async_fifo.xpm_fifo_base_inst/gen_cdc_pntr.wr_pntr_cdc_dc_inst/async_path[4]
    SLICE_X59Y142        FDRE                                         r  npu_system_i/vid_out/inst/COUPLER_INST/generate_async_fifo.FIFO_INST/XPM_FIFO_ASYNC_INST/gnuram_async_fifo.xpm_fifo_base_inst/gen_cdc_pntr.wr_pntr_cdc_dc_inst/dest_graysync_ff_reg[0][4]/D
  -------------------------------------------------------------------    -------------------

                         max delay                    8.000     8.000    
    SLICE_X59Y142        FDRE (Setup_fdre_C_D)       -0.095     7.905    npu_system_i/vid_out/inst/COUPLER_INST/generate_async_fifo.FIFO_INST/XPM_FIFO_ASYNC_INST/gnuram_async_fifo.xpm_fifo_base_inst/gen_cdc_pntr.wr_pntr_cdc_dc_inst/dest_graysync_ff_reg[0][4]
  -------------------------------------------------------------------
                         required time                          7.905    
                         arrival time                          -1.258    
  -------------------------------------------------------------------
                         slack                                  6.647    

Slack (MET) :             6.662ns  (required time - arrival time)
  Source:                 npu_system_i/vid_in/inst/COUPLER_INST/generate_async_fifo.FIFO_INST/XPM_FIFO_ASYNC_INST/gnuram_async_fifo.xpm_fifo_base_inst/gen_cdc_pntr.rd_pntr_cdc_inst/src_gray_ff_reg[1]/C
                            (rising edge-triggered cell FDRE clocked by clk_fpga_0  {rise@0.000ns fall@4.000ns period=8.000ns})
  Destination:            npu_system_i/vid_in/inst/COUPLER_INST/generate_async_fifo.FIFO_INST/XPM_FIFO_ASYNC_INST/gnuram_async_fifo.xpm_fifo_base_inst/gen_cdc_pntr.rd_pntr_cdc_inst/dest_graysync_ff_reg[0][1]/D
  Path Group:             **default**
  Path Type:              Setup (Max at Slow Process Corner)
  Requirement:            8.000ns  (MaxDelay Path 8.000ns)
  Data Path Delay:        1.118ns  (logic 0.419ns (37.489%)  route 0.699ns (62.511%))
  Logic Levels:           0  
  Timing Exception:       MaxDelay Path 8.000ns -datapath_only

    Location             Delay type                Incr(ns)  Path(ns)    Netlist Resource(s)
  -------------------------------------------------------------------    -------------------
    SLICE_X84Y56                                      0.000     0.000 r  npu_system_i/vid_in/inst/COUPLER_INST/generate_async_fifo.FIFO_INST/XPM_FIFO_ASYNC_INST/gnuram_async_fifo.xpm_fifo_base_inst/gen_cdc_pntr.rd_pntr_cdc_inst/src_gray_ff_reg[1]/C
    SLICE_X84Y56         FDRE (Prop_fdre_C_Q)         0.419     0.419 r  npu_system_i/vid_in/inst/COUPLER_INST/generate_async_fifo.FIFO_INST/XPM_FIFO_ASYNC_INST/gnuram_async_fifo.xpm_fifo_base_inst/gen_cdc_pntr.rd_pntr_cdc_inst/src_gray_ff_reg[1]/Q
                         net (fo=1, routed)           0.699     1.118    npu_system_i/vid_in/inst/COUPLER_INST/generate_async_fifo.FIFO_INST/XPM_FIFO_ASYNC_INST/gnuram_async_fifo.xpm_fifo_base_inst/gen_cdc_pntr.rd_pntr_cdc_inst/async_path[1]
    SLICE_X86Y57         FDRE                                         r  npu_system_i/vid_in/inst/COUPLER_INST/generate_async_fifo.FIFO_INST/XPM_FIFO_ASYNC_INST/gnuram_async_fifo.xpm_fifo_base_inst/gen_cdc_pntr.rd_pntr_cdc_inst/dest_graysync_ff_reg[0][1]/D
  -------------------------------------------------------------------    -------------------

                         max delay                    8.000     8.000    
    SLICE_X86Y57         FDRE (Setup_fdre_C_D)       -0.220     7.780    npu_system_i/vid_in/inst/COUPLER_INST/generate_async_fifo.FIFO_INST/XPM_FIFO_ASYNC_INST/gnuram_async_fifo.xpm_fifo_base_inst/gen_cdc_pntr.rd_pntr_cdc_inst/dest_graysync_ff_reg[0][1]
  -------------------------------------------------------------------
                         required time                          7.780    
                         arrival time                          -1.118    
  -------------------------------------------------------------------
                         slack                                  6.662    

Slack (MET) :             6.684ns  (required time - arrival time)
  Source:                 npu_system_i/vid_out/inst/COUPLER_INST/generate_async_fifo.FIFO_INST/XPM_FIFO_ASYNC_INST/gnuram_async_fifo.xpm_fifo_base_inst/gen_cdc_pntr.wr_pntr_cdc_dc_inst/src_gray_ff_reg[5]/C
                            (rising edge-triggered cell FDRE clocked by clk_fpga_0  {rise@0.000ns fall@4.000ns period=8.000ns})
  Destination:            npu_system_i/vid_out/inst/COUPLER_INST/generate_async_fifo.FIFO_INST/XPM_FIFO_ASYNC_INST/gnuram_async_fifo.xpm_fifo_base_inst/gen_cdc_pntr.wr_pntr_cdc_dc_inst/dest_graysync_ff_reg[0][5]/D
  Path Group:             **default**
  Path Type:              Setup (Max at Slow Process Corner)
  Requirement:            8.000ns  (MaxDelay Path 8.000ns)
  Data Path Delay:        1.094ns  (logic 0.419ns (38.317%)  route 0.675ns (61.683%))
  Logic Levels:           0  
  Timing Exception:       MaxDelay Path 8.000ns -datapath_only

    Location             Delay type                Incr(ns)  Path(ns)    Netlist Resource(s)
  -------------------------------------------------------------------    -------------------
    SLICE_X59Y148                                     0.000     0.000 r  npu_system_i/vid_out/inst/COUPLER_INST/generate_async_fifo.FIFO_INST/XPM_FIFO_ASYNC_INST/gnuram_async_fifo.xpm_fifo_base_inst/gen_cdc_pntr.wr_pntr_cdc_dc_inst/src_gray_ff_reg[5]/C
    SLICE_X59Y148        FDRE (Prop_fdre_C_Q)         0.419     0.419 r  npu_system_i/vid_out/inst/COUPLER_INST/generate_async_fifo.FIFO_INST/XPM_FIFO_ASYNC_INST/gnuram_async_fifo.xpm_fifo_base_inst/gen_cdc_pntr.wr_pntr_cdc_dc_inst/src_gray_ff_reg[5]/Q
                         net (fo=1, routed)           0.675     1.094    npu_system_i/vid_out/inst/COUPLER_INST/generate_async_fifo.FIFO_INST/XPM_FIFO_ASYNC_INST/gnuram_async_fifo.xpm_fifo_base_inst/gen_cdc_pntr.wr_pntr_cdc_dc_inst/async_path[5]
    SLICE_X58Y142        FDRE                                         r  npu_system_i/vid_out/inst/COUPLER_INST/generate_async_fifo.FIFO_INST/XPM_FIFO_ASYNC_INST/gnuram_async_fifo.xpm_fifo_base_inst/gen_cdc_pntr.wr_pntr_cdc_dc_inst/dest_graysync_ff_reg[0][5]/D
  -------------------------------------------------------------------    -------------------

                         max delay                    8.000     8.000    
    SLICE_X58Y142        FDRE (Setup_fdre_C_D)       -0.222     7.778    npu_system_i/vid_out/inst/COUPLER_INST/generate_async_fifo.FIFO_INST/XPM_FIFO_ASYNC_INST/gnuram_async_fifo.xpm_fifo_base_inst/gen_cdc_pntr.wr_pntr_cdc_dc_inst/dest_graysync_ff_reg[0][5]
  -------------------------------------------------------------------
                         required time                          7.778    
                         arrival time                          -1.094    
  -------------------------------------------------------------------
                         slack                                  6.684    

Slack (MET) :             6.720ns  (required time - arrival time)
  Source:                 npu_system_i/vid_out/inst/COUPLER_INST/generate_async_fifo.FIFO_INST/XPM_FIFO_ASYNC_INST/gnuram_async_fifo.xpm_fifo_base_inst/gen_cdc_pntr.wr_pntr_cdc_dc_inst/src_gray_ff_reg[7]/C
                            (rising edge-triggered cell FDRE clocked by clk_fpga_0  {rise@0.000ns fall@4.000ns period=8.000ns})
  Destination:            npu_system_i/vid_out/inst/COUPLER_INST/generate_async_fifo.FIFO_INST/XPM_FIFO_ASYNC_INST/gnuram_async_fifo.xpm_fifo_base_inst/gen_cdc_pntr.wr_pntr_cdc_dc_inst/dest_graysync_ff_reg[0][7]/D
  Path Group:             **default**
  Path Type:              Setup (Max at Slow Process Corner)
  Requirement:            8.000ns  (MaxDelay Path 8.000ns)
  Data Path Delay:        1.010ns  (logic 0.419ns (41.471%)  route 0.591ns (58.529%))
  Logic Levels:           0  
  Timing Exception:       MaxDelay Path 8.000ns -datapath_only

    Location             Delay type                Incr(ns)  Path(ns)    Netlist Resource(s)
  -------------------------------------------------------------------    -------------------
    SLICE_X57Y138                                     0.000     0.000 r  npu_system_i/vid_out/inst/COUPLER_INST/generate_async_fifo.FIFO_INST/XPM_FIFO_ASYNC_INST/gnuram_async_fifo.xpm_fifo_base_inst/gen_cdc_pntr.wr_pntr_cdc_dc_inst/src_gray_ff_reg[7]/C
    SLICE_X57Y138        FDRE (Prop_fdre_C_Q)         0.419     0.419 r  npu_system_i/vid_out/inst/COUPLER_INST/generate_async_fifo.FIFO_INST/XPM_FIFO_ASYNC_INST/gnuram_async_fifo.xpm_fifo_base_inst/gen_cdc_pntr.wr_pntr_cdc_dc_inst/src_gray_ff_reg[7]/Q
                         net (fo=1, routed)           0.591     1.010    npu_system_i/vid_out/inst/COUPLER_INST/generate_async_fifo.FIFO_INST/XPM_FIFO_ASYNC_INST/gnuram_async_fifo.xpm_fifo_base_inst/gen_cdc_pntr.wr_pntr_cdc_dc_inst/async_path[7]
    SLICE_X55Y141        FDRE                                         r  npu_system_i/vid_out/inst/COUPLER_INST/generate_async_fifo.FIFO_INST/XPM_FIFO_ASYNC_INST/gnuram_async_fifo.xpm_fifo_base_inst/gen_cdc_pntr.wr_pntr_cdc_dc_inst/dest_graysync_ff_reg[0][7]/D
  -------------------------------------------------------------------    -------------------

                         max delay                    8.000     8.000    
    SLICE_X55Y141        FDRE (Setup_fdre_C_D)       -0.270     7.730    npu_system_i/vid_out/inst/COUPLER_INST/generate_async_fifo.FIFO_INST/XPM_FIFO_ASYNC_INST/gnuram_async_fifo.xpm_fifo_base_inst/gen_cdc_pntr.wr_pntr_cdc_dc_inst/dest_graysync_ff_reg[0][7]
  -------------------------------------------------------------------
                         required time                          7.730    
                         arrival time                          -1.010    
  -------------------------------------------------------------------
                         slack                                  6.720    

Slack (MET) :             6.729ns  (required time - arrival time)
  Source:                 npu_system_i/vid_in/inst/COUPLER_INST/generate_async_fifo.FIFO_INST/XPM_FIFO_ASYNC_INST/gnuram_async_fifo.xpm_fifo_base_inst/gen_cdc_pntr.rd_pntr_cdc_dc_inst/src_gray_ff_reg[9]/C
                            (rising edge-triggered cell FDRE clocked by clk_fpga_0  {rise@0.000ns fall@4.000ns period=8.000ns})
  Destination:            npu_system_i/vid_in/inst/COUPLER_INST/generate_async_fifo.FIFO_INST/XPM_FIFO_ASYNC_INST/gnuram_async_fifo.xpm_fifo_base_inst/gen_cdc_pntr.rd_pntr_cdc_dc_inst/dest_graysync_ff_reg[0][9]/D
  Path Group:             **default**
  Path Type:              Setup (Max at Slow Process Corner)
  Requirement:            8.000ns  (MaxDelay Path 8.000ns)
  Data Path Delay:        1.003ns  (logic 0.419ns (41.790%)  route 0.584ns (58.210%))
  Logic Levels:           0  
  Timing Exception:       MaxDelay Path 8.000ns -datapath_only

    Location             Delay type                Incr(ns)  Path(ns)    Netlist Resource(s)
  -------------------------------------------------------------------    -------------------
    SLICE_X81Y61                                      0.000     0.000 r  npu_system_i/vid_in/inst/COUPLER_INST/generate_async_fifo.FIFO_INST/XPM_FIFO_ASYNC_INST/gnuram_async_fifo.xpm_fifo_base_inst/gen_cdc_pntr.rd_pntr_cdc_dc_inst/src_gray_ff_reg[9]/C
    SLICE_X81Y61         FDRE (Prop_fdre_C_Q)         0.419     0.419 r  npu_system_i/vid_in/inst/COUPLER_INST/generate_async_fifo.FIFO_INST/XPM_FIFO_ASYNC_INST/gnuram_async_fifo.xpm_fifo_base_inst/gen_cdc_pntr.rd_pntr_cdc_dc_inst/src_gray_ff_reg[9]/Q
                         net (fo=1, routed)           0.584     1.003    npu_system_i/vid_in/inst/COUPLER_INST/generate_async_fifo.FIFO_INST/XPM_FIFO_ASYNC_INST/gnuram_async_fifo.xpm_fifo_base_inst/gen_cdc_pntr.rd_pntr_cdc_dc_inst/async_path[9]
    SLICE_X84Y61         FDRE                                         r  npu_system_i/vid_in/inst/COUPLER_INST/generate_async_fifo.FIFO_INST/XPM_FIFO_ASYNC_INST/gnuram_async_fifo.xpm_fifo_base_inst/gen_cdc_pntr.rd_pntr_cdc_dc_inst/dest_graysync_ff_reg[0][9]/D
  -------------------------------------------------------------------    -------------------

                         max delay                    8.000     8.000    
    SLICE_X84Y61         FDRE (Setup_fdre_C_D)       -0.268     7.732    npu_system_i/vid_in/inst/COUPLER_INST/generate_async_fifo.FIFO_INST/XPM_FIFO_ASYNC_INST/gnuram_async_fifo.xpm_fifo_base_inst/gen_cdc_pntr.rd_pntr_cdc_dc_inst/dest_graysync_ff_reg[0][9]
  -------------------------------------------------------------------
                         required time                          7.732    
                         arrival time                          -1.003    
  -------------------------------------------------------------------
                         slack                                  6.729    

Slack (MET) :             6.737ns  (required time - arrival time)
  Source:                 npu_system_i/vid_in/inst/COUPLER_INST/generate_async_fifo.FIFO_INST/XPM_FIFO_ASYNC_INST/gnuram_async_fifo.xpm_fifo_base_inst/gen_cdc_pntr.rd_pntr_cdc_inst/src_gray_ff_reg[4]/C
                            (rising edge-triggered cell FDRE clocked by clk_fpga_0  {rise@0.000ns fall@4.000ns period=8.000ns})
  Destination:            npu_system_i/vid_in/inst/COUPLER_INST/generate_async_fifo.FIFO_INST/XPM_FIFO_ASYNC_INST/gnuram_async_fifo.xpm_fifo_base_inst/gen_cdc_pntr.rd_pntr_cdc_inst/dest_graysync_ff_reg[0][4]/D
  Path Group:             **default**
  Path Type:              Setup (Max at Slow Process Corner)
  Requirement:            8.000ns  (MaxDelay Path 8.000ns)
  Data Path Delay:        1.168ns  (logic 0.456ns (39.039%)  route 0.712ns (60.961%))
  Logic Levels:           0  
  Timing Exception:       MaxDelay Path 8.000ns -datapath_only

    Location             Delay type                Incr(ns)  Path(ns)    Netlist Resource(s)
  -------------------------------------------------------------------    -------------------
    SLICE_X81Y62                                      0.000     0.000 r  npu_system_i/vid_in/inst/COUPLER_INST/generate_async_fifo.FIFO_INST/XPM_FIFO_ASYNC_INST/gnuram_async_fifo.xpm_fifo_base_inst/gen_cdc_pntr.rd_pntr_cdc_inst/src_gray_ff_reg[4]/C
    SLICE_X81Y62         FDRE (Prop_fdre_C_Q)         0.456     0.456 r  npu_system_i/vid_in/inst/COUPLER_INST/generate_async_fifo.FIFO_INST/XPM_FIFO_ASYNC_INST/gnuram_async_fifo.xpm_fifo_base_inst/gen_cdc_pntr.rd_pntr_cdc_inst/src_gray_ff_reg[4]/Q
                         net (fo=1, routed)           0.712     1.168    npu_system_i/vid_in/inst/COUPLER_INST/generate_async_fifo.FIFO_INST/XPM_FIFO_ASYNC_INST/gnuram_async_fifo.xpm_fifo_base_inst/gen_cdc_pntr.rd_pntr_cdc_inst/async_path[4]
    SLICE_X81Y64         FDRE                                         r  npu_system_i/vid_in/inst/COUPLER_INST/generate_async_fifo.FIFO_INST/XPM_FIFO_ASYNC_INST/gnuram_async_fifo.xpm_fifo_base_inst/gen_cdc_pntr.rd_pntr_cdc_inst/dest_graysync_ff_reg[0][4]/D
  -------------------------------------------------------------------    -------------------

                         max delay                    8.000     8.000    
    SLICE_X81Y64         FDRE (Setup_fdre_C_D)       -0.095     7.905    npu_system_i/vid_in/inst/COUPLER_INST/generate_async_fifo.FIFO_INST/XPM_FIFO_ASYNC_INST/gnuram_async_fifo.xpm_fifo_base_inst/gen_cdc_pntr.rd_pntr_cdc_inst/dest_graysync_ff_reg[0][4]
  -------------------------------------------------------------------
                         required time                          7.905    
                         arrival time                          -1.168    
  -------------------------------------------------------------------
                         slack                                  6.737    

Slack (MET) :             6.758ns  (required time - arrival time)
  Source:                 npu_system_i/vid_in/inst/COUPLER_INST/generate_async_fifo.FIFO_INST/XPM_FIFO_ASYNC_INST/gnuram_async_fifo.xpm_fifo_base_inst/gen_cdc_pntr.rd_pntr_cdc_dc_inst/src_gray_ff_reg[8]/C
                            (rising edge-triggered cell FDRE clocked by clk_fpga_0  {rise@0.000ns fall@4.000ns period=8.000ns})
  Destination:            npu_system_i/vid_in/inst/COUPLER_INST/generate_async_fifo.FIFO_INST/XPM_FIFO_ASYNC_INST/gnuram_async_fifo.xpm_fifo_base_inst/gen_cdc_pntr.rd_pntr_cdc_dc_inst/dest_graysync_ff_reg[0][8]/D
  Path Group:             **default**
  Path Type:              Setup (Max at Slow Process Corner)
  Requirement:            8.000ns  (MaxDelay Path 8.000ns)
  Data Path Delay:        1.197ns  (logic 0.456ns (38.104%)  route 0.741ns (61.896%))
  Logic Levels:           0  
  Timing Exception:       MaxDelay Path 8.000ns -datapath_only

    Location             Delay type                Incr(ns)  Path(ns)    Netlist Resource(s)
  -------------------------------------------------------------------    -------------------
    SLICE_X81Y61                                      0.000     0.000 r  npu_system_i/vid_in/inst/COUPLER_INST/generate_async_fifo.FIFO_INST/XPM_FIFO_ASYNC_INST/gnuram_async_fifo.xpm_fifo_base_inst/gen_cdc_pntr.rd_pntr_cdc_dc_inst/src_gray_ff_reg[8]/C
    SLICE_X81Y61         FDRE (Prop_fdre_C_Q)         0.456     0.456 r  npu_system_i/vid_in/inst/COUPLER_INST/generate_async_fifo.FIFO_INST/XPM_FIFO_ASYNC_INST/gnuram_async_fifo.xpm_fifo_base_inst/gen_cdc_pntr.rd_pntr_cdc_dc_inst/src_gray_ff_reg[8]/Q
                         net (fo=1, routed)           0.741     1.197    npu_system_i/vid_in/inst/COUPLER_INST/generate_async_fifo.FIFO_INST/XPM_FIFO_ASYNC_INST/gnuram_async_fifo.xpm_fifo_base_inst/gen_cdc_pntr.rd_pntr_cdc_dc_inst/async_path[8]
    SLICE_X86Y59         FDRE                                         r  npu_system_i/vid_in/inst/COUPLER_INST/generate_async_fifo.FIFO_INST/XPM_FIFO_ASYNC_INST/gnuram_async_fifo.xpm_fifo_base_inst/gen_cdc_pntr.rd_pntr_cdc_dc_inst/dest_graysync_ff_reg[0][8]/D
  -------------------------------------------------------------------    -------------------

                         max delay                    8.000     8.000    
    SLICE_X86Y59         FDRE (Setup_fdre_C_D)       -0.045     7.955    npu_system_i/vid_in/inst/COUPLER_INST/generate_async_fifo.FIFO_INST/XPM_FIFO_ASYNC_INST/gnuram_async_fifo.xpm_fifo_base_inst/gen_cdc_pntr.rd_pntr_cdc_dc_inst/dest_graysync_ff_reg[0][8]
  -------------------------------------------------------------------
                         required time                          7.955    
                         arrival time                          -1.197    
  -------------------------------------------------------------------
                         slack                                  6.758    

Slack (MET) :             6.764ns  (required time - arrival time)
  Source:                 npu_system_i/vid_out/inst/COUPLER_INST/generate_async_fifo.FIFO_INST/XPM_FIFO_ASYNC_INST/gnuram_async_fifo.xpm_fifo_base_inst/gen_cdc_pntr.wr_pntr_cdc_inst/src_gray_ff_reg[9]/C
                            (rising edge-triggered cell FDRE clocked by clk_fpga_0  {rise@0.000ns fall@4.000ns period=8.000ns})
  Destination:            npu_system_i/vid_out/inst/COUPLER_INST/generate_async_fifo.FIFO_INST/XPM_FIFO_ASYNC_INST/gnuram_async_fifo.xpm_fifo_base_inst/gen_cdc_pntr.wr_pntr_cdc_inst/dest_graysync_ff_reg[0][9]/D
  Path Group:             **default**
  Path Type:              Setup (Max at Slow Process Corner)
  Requirement:            8.000ns  (MaxDelay Path 8.000ns)
  Data Path Delay:        1.016ns  (logic 0.419ns (41.257%)  route 0.597ns (58.743%))
  Logic Levels:           0  
  Timing Exception:       MaxDelay Path 8.000ns -datapath_only

    Location             Delay type                Incr(ns)  Path(ns)    Netlist Resource(s)
  -------------------------------------------------------------------    -------------------
    SLICE_X57Y138                                     0.000     0.000 r  npu_system_i/vid_out/inst/COUPLER_INST/generate_async_fifo.FIFO_INST/XPM_FIFO_ASYNC_INST/gnuram_async_fifo.xpm_fifo_base_inst/gen_cdc_pntr.wr_pntr_cdc_inst/src_gray_ff_reg[9]/C
    SLICE_X57Y138        FDRE (Prop_fdre_C_Q)         0.419     0.419 r  npu_system_i/vid_out/inst/COUPLER_INST/generate_async_fifo.FIFO_INST/XPM_FIFO_ASYNC_INST/gnuram_async_fifo.xpm_fifo_base_inst/gen_cdc_pntr.wr_pntr_cdc_inst/src_gray_ff_reg[9]/Q
                         net (fo=1, routed)           0.597     1.016    npu_system_i/vid_out/inst/COUPLER_INST/generate_async_fifo.FIFO_INST/XPM_FIFO_ASYNC_INST/gnuram_async_fifo.xpm_fifo_base_inst/gen_cdc_pntr.wr_pntr_cdc_inst/async_path[9]
    SLICE_X58Y139        FDRE                                         r  npu_system_i/vid_out/inst/COUPLER_INST/generate_async_fifo.FIFO_INST/XPM_FIFO_ASYNC_INST/gnuram_async_fifo.xpm_fifo_base_inst/gen_cdc_pntr.wr_pntr_cdc_inst/dest_graysync_ff_reg[0][9]/D
  -------------------------------------------------------------------    -------------------

                         max delay                    8.000     8.000    
    SLICE_X58Y139        FDRE (Setup_fdre_C_D)       -0.220     7.780    npu_system_i/vid_out/inst/COUPLER_INST/generate_async_fifo.FIFO_INST/XPM_FIFO_ASYNC_INST/gnuram_async_fifo.xpm_fifo_base_inst/gen_cdc_pntr.wr_pntr_cdc_inst/dest_graysync_ff_reg[0][9]
  -------------------------------------------------------------------
                         required time                          7.780    
                         arrival time                          -1.016    
  -------------------------------------------------------------------
                         slack                                  6.764    

Slack (MET) :             6.767ns  (required time - arrival time)
  Source:                 npu_system_i/vid_out/inst/COUPLER_INST/generate_async_fifo.FIFO_INST/XPM_FIFO_ASYNC_INST/gnuram_async_fifo.xpm_fifo_base_inst/gen_cdc_pntr.wr_pntr_cdc_inst/src_gray_ff_reg[8]/C
                            (rising edge-triggered cell FDRE clocked by clk_fpga_0  {rise@0.000ns fall@4.000ns period=8.000ns})
  Destination:            npu_system_i/vid_out/inst/COUPLER_INST/generate_async_fifo.FIFO_INST/XPM_FIFO_ASYNC_INST/gnuram_async_fifo.xpm_fifo_base_inst/gen_cdc_pntr.wr_pntr_cdc_inst/dest_graysync_ff_reg[0][8]/D
  Path Group:             **default**
  Path Type:              Setup (Max at Slow Process Corner)
  Requirement:            8.000ns  (MaxDelay Path 8.000ns)
  Data Path Delay:        1.186ns  (logic 0.456ns (38.435%)  route 0.730ns (61.565%))
  Logic Levels:           0  
  Timing Exception:       MaxDelay Path 8.000ns -datapath_only

    Location             Delay type                Incr(ns)  Path(ns)    Netlist Resource(s)
  -------------------------------------------------------------------    -------------------
    SLICE_X57Y138                                     0.000     0.000 r  npu_system_i/vid_out/inst/COUPLER_INST/generate_async_fifo.FIFO_INST/XPM_FIFO_ASYNC_INST/gnuram_async_fifo.xpm_fifo_base_inst/gen_cdc_pntr.wr_pntr_cdc_inst/src_gray_ff_reg[8]/C
    SLICE_X57Y138        FDRE (Prop_fdre_C_Q)         0.456     0.456 r  npu_system_i/vid_out/inst/COUPLER_INST/generate_async_fifo.FIFO_INST/XPM_FIFO_ASYNC_INST/gnuram_async_fifo.xpm_fifo_base_inst/gen_cdc_pntr.wr_pntr_cdc_inst/src_gray_ff_reg[8]/Q
                         net (fo=1, routed)           0.730     1.186    npu_system_i/vid_out/inst/COUPLER_INST/generate_async_fifo.FIFO_INST/XPM_FIFO_ASYNC_INST/gnuram_async_fifo.xpm_fifo_base_inst/gen_cdc_pntr.wr_pntr_cdc_inst/async_path[8]
    SLICE_X58Y139        FDRE                                         r  npu_system_i/vid_out/inst/COUPLER_INST/generate_async_fifo.FIFO_INST/XPM_FIFO_ASYNC_INST/gnuram_async_fifo.xpm_fifo_base_inst/gen_cdc_pntr.wr_pntr_cdc_inst/dest_graysync_ff_reg[0][8]/D
  -------------------------------------------------------------------    -------------------

                         max delay                    8.000     8.000    
    SLICE_X58Y139        FDRE (Setup_fdre_C_D)       -0.047     7.953    npu_system_i/vid_out/inst/COUPLER_INST/generate_async_fifo.FIFO_INST/XPM_FIFO_ASYNC_INST/gnuram_async_fifo.xpm_fifo_base_inst/gen_cdc_pntr.wr_pntr_cdc_inst/dest_graysync_ff_reg[0][8]
  -------------------------------------------------------------------
                         required time                          7.953    
                         arrival time                          -1.186    
  -------------------------------------------------------------------
                         slack                                  6.767    

Slack (MET) :             6.783ns  (required time - arrival time)
  Source:                 npu_system_i/vid_in/inst/COUPLER_INST/generate_async_fifo.FIFO_INST/XPM_FIFO_ASYNC_INST/gnuram_async_fifo.xpm_fifo_base_inst/gen_cdc_pntr.rd_pntr_cdc_inst/src_gray_ff_reg[6]/C
                            (rising edge-triggered cell FDRE clocked by clk_fpga_0  {rise@0.000ns fall@4.000ns period=8.000ns})
  Destination:            npu_system_i/vid_in/inst/COUPLER_INST/generate_async_fifo.FIFO_INST/XPM_FIFO_ASYNC_INST/gnuram_async_fifo.xpm_fifo_base_inst/gen_cdc_pntr.rd_pntr_cdc_inst/dest_graysync_ff_reg[0][6]/D
  Path Group:             **default**
  Path Type:              Setup (Max at Slow Process Corner)
  Requirement:            8.000ns  (MaxDelay Path 8.000ns)
  Data Path Delay:        1.124ns  (logic 0.456ns (40.577%)  route 0.668ns (59.423%))
  Logic Levels:           0  
  Timing Exception:       MaxDelay Path 8.000ns -datapath_only

    Location             Delay type                Incr(ns)  Path(ns)    Netlist Resource(s)
  -------------------------------------------------------------------    -------------------
    SLICE_X84Y60                                      0.000     0.000 r  npu_system_i/vid_in/inst/COUPLER_INST/generate_async_fifo.FIFO_INST/XPM_FIFO_ASYNC_INST/gnuram_async_fifo.xpm_fifo_base_inst/gen_cdc_pntr.rd_pntr_cdc_inst/src_gray_ff_reg[6]/C
    SLICE_X84Y60         FDRE (Prop_fdre_C_Q)         0.456     0.456 r  npu_system_i/vid_in/inst/COUPLER_INST/generate_async_fifo.FIFO_INST/XPM_FIFO_ASYNC_INST/gnuram_async_fifo.xpm_fifo_base_inst/gen_cdc_pntr.rd_pntr_cdc_inst/src_gray_ff_reg[6]/Q
                         net (fo=1, routed)           0.668     1.124    npu_system_i/vid_in/inst/COUPLER_INST/generate_async_fifo.FIFO_INST/XPM_FIFO_ASYNC_INST/gnuram_async_fifo.xpm_fifo_base_inst/gen_cdc_pntr.rd_pntr_cdc_inst/async_path[6]
    SLICE_X81Y64         FDRE                                         r  npu_system_i/vid_in/inst/COUPLER_INST/generate_async_fifo.FIFO_INST/XPM_FIFO_ASYNC_INST/gnuram_async_fifo.xpm_fifo_base_inst/gen_cdc_pntr.rd_pntr_cdc_inst/dest_graysync_ff_reg[0][6]/D
  -------------------------------------------------------------------    -------------------

                         max delay                    8.000     8.000    
    SLICE_X81Y64         FDRE (Setup_fdre_C_D)       -0.093     7.907    npu_system_i/vid_in/inst/COUPLER_INST/generate_async_fifo.FIFO_INST/XPM_FIFO_ASYNC_INST/gnuram_async_fifo.xpm_fifo_base_inst/gen_cdc_pntr.rd_pntr_cdc_inst/dest_graysync_ff_reg[0][6]
  -------------------------------------------------------------------
                         required time                          7.907    
                         arrival time                          -1.124    
  -------------------------------------------------------------------
                         slack                                  6.783    

Slack (MET) :             6.784ns  (required time - arrival time)
  Source:                 npu_system_i/vid_in/inst/COUPLER_INST/generate_async_fifo.FIFO_INST/XPM_FIFO_ASYNC_INST/gnuram_async_fifo.xpm_fifo_base_inst/gen_cdc_pntr.rd_pntr_cdc_inst/src_gray_ff_reg[7]/C
                            (rising edge-triggered cell FDRE clocked by clk_fpga_0  {rise@0.000ns fall@4.000ns period=8.000ns})
  Destination:            npu_system_i/vid_in/inst/COUPLER_INST/generate_async_fifo.FIFO_INST/XPM_FIFO_ASYNC_INST/gnuram_async_fifo.xpm_fifo_base_inst/gen_cdc_pntr.rd_pntr_cdc_inst/dest_graysync_ff_reg[0][7]/D
  Path Group:             **default**
  Path Type:              Setup (Max at Slow Process Corner)
  Requirement:            8.000ns  (MaxDelay Path 8.000ns)
  Data Path Delay:        0.950ns  (logic 0.419ns (44.120%)  route 0.531ns (55.880%))
  Logic Levels:           0  
  Timing Exception:       MaxDelay Path 8.000ns -datapath_only

    Location             Delay type                Incr(ns)  Path(ns)    Netlist Resource(s)
  -------------------------------------------------------------------    -------------------
    SLICE_X84Y60                                      0.000     0.000 r  npu_system_i/vid_in/inst/COUPLER_INST/generate_async_fifo.FIFO_INST/XPM_FIFO_ASYNC_INST/gnuram_async_fifo.xpm_fifo_base_inst/gen_cdc_pntr.rd_pntr_cdc_inst/src_gray_ff_reg[7]/C
    SLICE_X84Y60         FDRE (Prop_fdre_C_Q)         0.419     0.419 r  npu_system_i/vid_in/inst/COUPLER_INST/generate_async_fifo.FIFO_INST/XPM_FIFO_ASYNC_INST/gnuram_async_fifo.xpm_fifo_base_inst/gen_cdc_pntr.rd_pntr_cdc_inst/src_gray_ff_reg[7]/Q
                         net (fo=1, routed)           0.531     0.950    npu_system_i/vid_in/inst/COUPLER_INST/generate_async_fifo.FIFO_INST/XPM_FIFO_ASYNC_INST/gnuram_async_fifo.xpm_fifo_base_inst/gen_cdc_pntr.rd_pntr_cdc_inst/async_path[7]
    SLICE_X85Y60         FDRE                                         r  npu_system_i/vid_in/inst/COUPLER_INST/generate_async_fifo.FIFO_INST/XPM_FIFO_ASYNC_INST/gnuram_async_fifo.xpm_fifo_base_inst/gen_cdc_pntr.rd_pntr_cdc_inst/dest_graysync_ff_reg[0][7]/D
  -------------------------------------------------------------------    -------------------

                         max delay                    8.000     8.000    
    SLICE_X85Y60         FDRE (Setup_fdre_C_D)       -0.266     7.734    npu_system_i/vid_in/inst/COUPLER_INST/generate_async_fifo.FIFO_INST/XPM_FIFO_ASYNC_INST/gnuram_async_fifo.xpm_fifo_base_inst/gen_cdc_pntr.rd_pntr_cdc_inst/dest_graysync_ff_reg[0][7]
  -------------------------------------------------------------------
                         required time                          7.734    
                         arrival time                          -0.950    
  -------------------------------------------------------------------
                         slack                                  6.784    





