Copyright 1986-2022 Xilinx, Inc. All Rights Reserved. Copyright 2022-2025 Advanced Micro Devices, Inc. All Rights Reserved.
---------------------------------------------------------------------------------------------------------------------------------------------
| Tool Version : Vivado v.2025.1 (win64) Build 6140274 Thu May 22 00:12:29 MDT 2025
| Date         : Thu Sep  3 15:42:35 2026
| Host         : TMP215-54 running 64-bit major release  (build 9200)
| Command      : report_drc -file {D:/Final year project/npu200jpmax/reports/impl_drc.rpt}
| Design       : npu_system_wrapper
| Device       : xc7z020clg400-1
| Speed File   : -1
| Design State : Fully Routed
---------------------------------------------------------------------------------------------------------------------------------------------

Report DRC

Table of Contents
-----------------
1. REPORT SUMMARY
2. REPORT DETAILS

1. REPORT SUMMARY
-----------------
            Netlist: netlist
          Floorplan: impl_1
      Design limits: <entire design considered>
           Ruledeck: default
             Max checks: <unlimited>
             Checks found: 552
+-----------+----------+----------------------------+--------+
| Rule      | Severity | Description                | Checks |
+-----------+----------+----------------------------+--------+
| DPIP-1    | Warning  | Input pipelining           | 309    |
| DPOP-1    | Warning  | PREG Output pipelining     | 32     |
| DPOP-2    | Warning  | MREG Output pipelining     | 204    |
| PDCN-1569 | Warning  | LUT equation term check    | 3      |
| PLCK-1    | Warning  | Clock Placer Checks        | 1      |
| REQP-1839 | Warning  | RAMB36 async control check | 1      |
| RTSTAT-10 | Warning  | No routable loads          | 1      |
| REQP-181  | Advisory | writefirst                 | 1      |
+-----------+----------+----------------------------+--------+

2. REPORT DETAILS
-----------------
DPIP-1#1 Warning
Input pipelining  
DSP npu_system_i/tinynpu_0/inst/u_requant/mul_result_reg[0] input npu_system_i/tinynpu_0/inst/u_requant/mul_result_reg[0]/A[29:0] is not pipelined. Pipelining DSP48 input will improve performance.
Related violations: <none>

DPIP-1#2 Warning
Input pipelining  
DSP npu_system_i/tinynpu_0/inst/u_requant/mul_result_reg[0]__0 input npu_system_i/tinynpu_0/inst/u_requant/mul_result_reg[0]__0/B[17:0] is not pipelined. Pipelining DSP48 input will improve performance.
Related violations: <none>

DPIP-1#3 Warning
Input pipelining  
DSP npu_system_i/tinynpu_0/inst/u_requant/mul_result_reg[13] input npu_system_i/tinynpu_0/inst/u_requant/mul_result_reg[13]/A[29:0] is not pipelined. Pipelining DSP48 input will improve performance.
Related violations: <none>

DPIP-1#4 Warning
Input pipelining  
DSP npu_system_i/tinynpu_0/inst/u_requant/mul_result_reg[13]__0 input npu_system_i/tinynpu_0/inst/u_requant/mul_result_reg[13]__0/B[17:0] is not pipelined. Pipelining DSP48 input will improve performance.
Related violations: <none>

DPIP-1#5 Warning
Input pipelining  
DSP npu_system_i/tinynpu_0/inst/u_requant/mul_result_reg[14] input npu_system_i/tinynpu_0/inst/u_requant/mul_result_reg[14]/A[29:0] is not pipelined. Pipelining DSP48 input will improve performance.
Related violations: <none>

DPIP-1#6 Warning
Input pipelining  
DSP npu_system_i/tinynpu_0/inst/u_requant/mul_result_reg[14]__0 input npu_system_i/tinynpu_0/inst/u_requant/mul_result_reg[14]__0/B[17:0] is not pipelined. Pipelining DSP48 input will improve performance.
Related violations: <none>

DPIP-1#7 Warning
Input pipelining  
DSP npu_system_i/tinynpu_0/inst/u_requant/mul_result_reg[15] input npu_system_i/tinynpu_0/inst/u_requant/mul_result_reg[15]/A[29:0] is not pipelined. Pipelining DSP48 input will improve performance.
Related violations: <none>

DPIP-1#8 Warning
Input pipelining  
DSP npu_system_i/tinynpu_0/inst/u_requant/mul_result_reg[15]__0 input npu_system_i/tinynpu_0/inst/u_requant/mul_result_reg[15]__0/B[17:0] is not pipelined. Pipelining DSP48 input will improve performance.
Related violations: <none>

DPIP-1#9 Warning
Input pipelining  
DSP npu_system_i/tinynpu_0/inst/u_requant/mul_result_reg[16] input npu_system_i/tinynpu_0/inst/u_requant/mul_result_reg[16]/A[29:0] is not pipelined. Pipelining DSP48 input will improve performance.
Related violations: <none>

DPIP-1#10 Warning
Input pipelining  
DSP npu_system_i/tinynpu_0/inst/u_requant/mul_result_reg[16]__0 input npu_system_i/tinynpu_0/inst/u_requant/mul_result_reg[16]__0/B[17:0] is not pipelined. Pipelining DSP48 input will improve performance.
Related violations: <none>

DPIP-1#11 Warning
Input pipelining  
DSP npu_system_i/tinynpu_0/inst/u_requant/mul_result_reg[17] input npu_system_i/tinynpu_0/inst/u_requant/mul_result_reg[17]/A[29:0] is not pipelined. Pipelining DSP48 input will improve performance.
Related violations: <none>

DPIP-1#12 Warning
Input pipelining  
DSP npu_system_i/tinynpu_0/inst/u_requant/mul_result_reg[17]__0 input npu_system_i/tinynpu_0/inst/u_requant/mul_result_reg[17]__0/B[17:0] is not pipelined. Pipelining DSP48 input will improve performance.
Related violations: <none>

DPIP-1#13 Warning
Input pipelining  
DSP npu_system_i/tinynpu_0/inst/u_requant/mul_result_reg[18] input npu_system_i/tinynpu_0/inst/u_requant/mul_result_reg[18]/A[29:0] is not pipelined. Pipelining DSP48 input will improve performance.
Related violations: <none>

DPIP-1#14 Warning
Input pipelining  
DSP npu_system_i/tinynpu_0/inst/u_requant/mul_result_reg[18]__0 input npu_system_i/tinynpu_0/inst/u_requant/mul_result_reg[18]__0/B[17:0] is not pipelined. Pipelining DSP48 input will improve performance.
Related violations: <none>

DPIP-1#15 Warning
Input pipelining  
DSP npu_system_i/tinynpu_0/inst/u_requant/mul_result_reg[19] input npu_system_i/tinynpu_0/inst/u_requant/mul_result_reg[19]/A[29:0] is not pipelined. Pipelining DSP48 input will improve performance.
Related violations: <none>

DPIP-1#16 Warning
Input pipelining  
DSP npu_system_i/tinynpu_0/inst/u_requant/mul_result_reg[19]__0 input npu_system_i/tinynpu_0/inst/u_requant/mul_result_reg[19]__0/B[17:0] is not pipelined. Pipelining DSP48 input will improve performance.
Related violations: <none>

DPIP-1#17 Warning
Input pipelining  
DSP npu_system_i/tinynpu_0/inst/u_requant/mul_result_reg[1] input npu_system_i/tinynpu_0/inst/u_requant/mul_result_reg[1]/A[29:0] is not pipelined. Pipelining DSP48 input will improve performance.
Related violations: <none>

DPIP-1#18 Warning
Input pipelining  
DSP npu_system_i/tinynpu_0/inst/u_requant/mul_result_reg[1]__0 input npu_system_i/tinynpu_0/inst/u_requant/mul_result_reg[1]__0/B[17:0] is not pipelined. Pipelining DSP48 input will improve performance.
Related violations: <none>

DPIP-1#19 Warning
Input pipelining  
DSP npu_system_i/tinynpu_0/inst/u_requant/mul_result_reg[2] input npu_system_i/tinynpu_0/inst/u_requant/mul_result_reg[2]/A[29:0] is not pipelined. Pipelining DSP48 input will improve performance.
Related violations: <none>

DPIP-1#20 Warning
Input pipelining  
DSP npu_system_i/tinynpu_0/inst/u_requant/mul_result_reg[2]__0 input npu_system_i/tinynpu_0/inst/u_requant/mul_result_reg[2]__0/B[17:0] is not pipelined. Pipelining DSP48 input will improve performance.
Related violations: <none>

DPIP-1#21 Warning
Input pipelining  
DSP npu_system_i/tinynpu_0/inst/u_requant/mul_result_reg[3] input npu_system_i/tinynpu_0/inst/u_requant/mul_result_reg[3]/A[29:0] is not pipelined. Pipelining DSP48 input will improve performance.
Related violations: <none>

DPIP-1#22 Warning
Input pipelining  
DSP npu_system_i/tinynpu_0/inst/u_requant/mul_result_reg[3]__0 input npu_system_i/tinynpu_0/inst/u_requant/mul_result_reg[3]__0/B[17:0] is not pipelined. Pipelining DSP48 input will improve performance.
Related violations: <none>

DPIP-1#23 Warning
Input pipelining  
DSP npu_system_i/tinynpu_0/inst/u_requant/mul_result_reg[4] input npu_system_i/tinynpu_0/inst/u_requant/mul_result_reg[4]/A[29:0] is not pipelined. Pipelining DSP48 input will improve performance.
Related violations: <none>

DPIP-1#24 Warning
Input pipelining  
DSP npu_system_i/tinynpu_0/inst/u_requant/mul_result_reg[4]__0 input npu_system_i/tinynpu_0/inst/u_requant/mul_result_reg[4]__0/B[17:0] is not pipelined. Pipelining DSP48 input will improve performance.
Related violations: <none>

DPIP-1#25 Warning
Input pipelining  
DSP npu_system_i/tinynpu_0/inst/u_requant/mul_result_reg[5] input npu_system_i/tinynpu_0/inst/u_requant/mul_result_reg[5]/A[29:0] is not pipelined. Pipelining DSP48 input will improve performance.
Related violations: <none>

DPIP-1#26 Warning
Input pipelining  
DSP npu_system_i/tinynpu_0/inst/u_requant/mul_result_reg[5]__0 input npu_system_i/tinynpu_0/inst/u_requant/mul_result_reg[5]__0/B[17:0] is not pipelined. Pipelining DSP48 input will improve performance.
Related violations: <none>

DPIP-1#27 Warning
Input pipelining  
DSP npu_system_i/tinynpu_0/inst/u_requant/mul_result_reg[6] input npu_system_i/tinynpu_0/inst/u_requant/mul_result_reg[6]/A[29:0] is not pipelined. Pipelining DSP48 input will improve performance.
Related violations: <none>

DPIP-1#28 Warning
Input pipelining  
DSP npu_system_i/tinynpu_0/inst/u_requant/mul_result_reg[6]__0 input npu_system_i/tinynpu_0/inst/u_requant/mul_result_reg[6]__0/B[17:0] is not pipelined. Pipelining DSP48 input will improve performance.
Related violations: <none>

DPIP-1#29 Warning
Input pipelining  
DSP npu_system_i/tinynpu_0/inst/u_requant/mul_result_reg[7] input npu_system_i/tinynpu_0/inst/u_requant/mul_result_reg[7]/A[29:0] is not pipelined. Pipelining DSP48 input will improve performance.
Related violations: <none>

DPIP-1#30 Warning
Input pipelining  
DSP npu_system_i/tinynpu_0/inst/u_requant/mul_result_reg[7]__0 input npu_system_i/tinynpu_0/inst/u_requant/mul_result_reg[7]__0/B[17:0] is not pipelined. Pipelining DSP48 input will improve performance.
Related violations: <none>

DPIP-1#31 Warning
Input pipelining  
DSP npu_system_i/tinynpu_0/inst/u_requant/mul_result_reg[8] input npu_system_i/tinynpu_0/inst/u_requant/mul_result_reg[8]/A[29:0] is not pipelined. Pipelining DSP48 input will improve performance.
Related violations: <none>

DPIP-1#32 Warning
Input pipelining  
DSP npu_system_i/tinynpu_0/inst/u_requant/mul_result_reg[8]__0 input npu_system_i/tinynpu_0/inst/u_requant/mul_result_reg[8]__0/B[17:0] is not pipelined. Pipelining DSP48 input will improve performance.
Related violations: <none>

DPIP-1#33 Warning
Input pipelining  
DSP npu_system_i/tinynpu_0/inst/u_requant/p_0_out__0 input npu_system_i/tinynpu_0/inst/u_requant/p_0_out__0/A[29:0] is not pipelined. Pipelining DSP48 input will improve performance.
Related violations: <none>

DPIP-1#34 Warning
Input pipelining  
DSP npu_system_i/tinynpu_0/inst/u_requant/p_0_out__0__0 input npu_system_i/tinynpu_0/inst/u_requant/p_0_out__0__0/B[17:0] is not pipelined. Pipelining DSP48 input will improve performance.
Related violations: <none>

DPIP-1#35 Warning
Input pipelining  
DSP npu_system_i/tinynpu_0/inst/u_requant/p_0_out__1 input npu_system_i/tinynpu_0/inst/u_requant/p_0_out__1/A[29:0] is not pipelined. Pipelining DSP48 input will improve performance.
Related violations: <none>

DPIP-1#36 Warning
Input pipelining  
DSP npu_system_i/tinynpu_0/inst/u_requant/p_0_out__10 input npu_system_i/tinynpu_0/inst/u_requant/p_0_out__10/B[17:0] is not pipelined. Pipelining DSP48 input will improve performance.
Related violations: <none>

DPIP-1#37 Warning
Input pipelining  
DSP npu_system_i/tinynpu_0/inst/u_requant/p_0_out__11 input npu_system_i/tinynpu_0/inst/u_requant/p_0_out__11/A[29:0] is not pipelined. Pipelining DSP48 input will improve performance.
Related violations: <none>

DPIP-1#38 Warning
Input pipelining  
DSP npu_system_i/tinynpu_0/inst/u_requant/p_0_out__12 input npu_system_i/tinynpu_0/inst/u_requant/p_0_out__12/B[17:0] is not pipelined. Pipelining DSP48 input will improve performance.
Related violations: <none>

DPIP-1#39 Warning
Input pipelining  
DSP npu_system_i/tinynpu_0/inst/u_requant/p_0_out__13 input npu_system_i/tinynpu_0/inst/u_requant/p_0_out__13/A[29:0] is not pipelined. Pipelining DSP48 input will improve performance.
Related violations: <none>

DPIP-1#40 Warning
Input pipelining  
DSP npu_system_i/tinynpu_0/inst/u_requant/p_0_out__14 input npu_system_i/tinynpu_0/inst/u_requant/p_0_out__14/B[17:0] is not pipelined. Pipelining DSP48 input will improve performance.
Related violations: <none>

DPIP-1#41 Warning
Input pipelining  
DSP npu_system_i/tinynpu_0/inst/u_requant/p_0_out__15 input npu_system_i/tinynpu_0/inst/u_requant/p_0_out__15/A[29:0] is not pipelined. Pipelining DSP48 input will improve performance.
Related violations: <none>

DPIP-1#42 Warning
Input pipelining  
DSP npu_system_i/tinynpu_0/inst/u_requant/p_0_out__16 input npu_system_i/tinynpu_0/inst/u_requant/p_0_out__16/B[17:0] is not pipelined. Pipelining DSP48 input will improve performance.
Related violations: <none>

DPIP-1#43 Warning
Input pipelining  
DSP npu_system_i/tinynpu_0/inst/u_requant/p_0_out__17 input npu_system_i/tinynpu_0/inst/u_requant/p_0_out__17/A[29:0] is not pipelined. Pipelining DSP48 input will improve performance.
Related violations: <none>

DPIP-1#44 Warning
Input pipelining  
DSP npu_system_i/tinynpu_0/inst/u_requant/p_0_out__18 input npu_system_i/tinynpu_0/inst/u_requant/p_0_out__18/B[17:0] is not pipelined. Pipelining DSP48 input will improve performance.
Related violations: <none>

DPIP-1#45 Warning
Input pipelining  
DSP npu_system_i/tinynpu_0/inst/u_requant/p_0_out__19 input npu_system_i/tinynpu_0/inst/u_requant/p_0_out__19/A[29:0] is not pipelined. Pipelining DSP48 input will improve performance.
Related violations: <none>

DPIP-1#46 Warning
Input pipelining  
DSP npu_system_i/tinynpu_0/inst/u_requant/p_0_out__2 input npu_system_i/tinynpu_0/inst/u_requant/p_0_out__2/B[17:0] is not pipelined. Pipelining DSP48 input will improve performance.
Related violations: <none>

DPIP-1#47 Warning
Input pipelining  
DSP npu_system_i/tinynpu_0/inst/u_requant/p_0_out__20 input npu_system_i/tinynpu_0/inst/u_requant/p_0_out__20/B[17:0] is not pipelined. Pipelining DSP48 input will improve performance.
Related violations: <none>

DPIP-1#48 Warning
Input pipelining  
DSP npu_system_i/tinynpu_0/inst/u_requant/p_0_out__21 input npu_system_i/tinynpu_0/inst/u_requant/p_0_out__21/A[29:0] is not pipelined. Pipelining DSP48 input will improve performance.
Related violations: <none>

DPIP-1#49 Warning
Input pipelining  
DSP npu_system_i/tinynpu_0/inst/u_requant/p_0_out__22 input npu_system_i/tinynpu_0/inst/u_requant/p_0_out__22/B[17:0] is not pipelined. Pipelining DSP48 input will improve performance.
Related violations: <none>

DPIP-1#50 Warning
Input pipelining  
DSP npu_system_i/tinynpu_0/inst/u_requant/p_0_out__23 input npu_system_i/tinynpu_0/inst/u_requant/p_0_out__23/A[29:0] is not pipelined. Pipelining DSP48 input will improve performance.
Related violations: <none>

DPIP-1#51 Warning
Input pipelining  
DSP npu_system_i/tinynpu_0/inst/u_requant/p_0_out__24 input npu_system_i/tinynpu_0/inst/u_requant/p_0_out__24/B[17:0] is not pipelined. Pipelining DSP48 input will improve performance.
Related violations: <none>

DPIP-1#52 Warning
Input pipelining  
DSP npu_system_i/tinynpu_0/inst/u_requant/p_0_out__25 input npu_system_i/tinynpu_0/inst/u_requant/p_0_out__25/A[29:0] is not pipelined. Pipelining DSP48 input will improve performance.
Related violations: <none>

DPIP-1#53 Warning
Input pipelining  
DSP npu_system_i/tinynpu_0/inst/u_requant/p_0_out__26 input npu_system_i/tinynpu_0/inst/u_requant/p_0_out__26/B[17:0] is not pipelined. Pipelining DSP48 input will improve performance.
Related violations: <none>

DPIP-1#54 Warning
Input pipelining  
DSP npu_system_i/tinynpu_0/inst/u_requant/p_0_out__3 input npu_system_i/tinynpu_0/inst/u_requant/p_0_out__3/A[29:0] is not pipelined. Pipelining DSP48 input will improve performance.
Related violations: <none>

DPIP-1#55 Warning
Input pipelining  
DSP npu_system_i/tinynpu_0/inst/u_requant/p_0_out__35 input npu_system_i/tinynpu_0/inst/u_requant/p_0_out__35/A[29:0] is not pipelined. Pipelining DSP48 input will improve performance.
Related violations: <none>

DPIP-1#56 Warning
Input pipelining  
DSP npu_system_i/tinynpu_0/inst/u_requant/p_0_out__36 input npu_system_i/tinynpu_0/inst/u_requant/p_0_out__36/B[17:0] is not pipelined. Pipelining DSP48 input will improve performance.
Related violations: <none>

DPIP-1#57 Warning
Input pipelining  
DSP npu_system_i/tinynpu_0/inst/u_requant/p_0_out__37 input npu_system_i/tinynpu_0/inst/u_requant/p_0_out__37/A[29:0] is not pipelined. Pipelining DSP48 input will improve performance.
Related violations: <none>

DPIP-1#58 Warning
Input pipelining  
DSP npu_system_i/tinynpu_0/inst/u_requant/p_0_out__38 input npu_system_i/tinynpu_0/inst/u_requant/p_0_out__38/B[17:0] is not pipelined. Pipelining DSP48 input will improve performance.
Related violations: <none>

DPIP-1#59 Warning
Input pipelining  
DSP npu_system_i/tinynpu_0/inst/u_requant/p_0_out__4 input npu_system_i/tinynpu_0/inst/u_requant/p_0_out__4/B[17:0] is not pipelined. Pipelining DSP48 input will improve performance.
Related violations: <none>

DPIP-1#60 Warning
Input pipelining  
DSP npu_system_i/tinynpu_0/inst/u_requant/p_0_out__5 input npu_system_i/tinynpu_0/inst/u_requant/p_0_out__5/A[29:0] is not pipelined. Pipelining DSP48 input will improve performance.
Related violations: <none>

DPIP-1#61 Warning
Input pipelining  
DSP npu_system_i/tinynpu_0/inst/u_requant/p_0_out__6 input npu_system_i/tinynpu_0/inst/u_requant/p_0_out__6/B[17:0] is not pipelined. Pipelining DSP48 input will improve performance.
Related violations: <none>

DPIP-1#62 Warning
Input pipelining  
DSP npu_system_i/tinynpu_0/inst/u_requant/p_0_out__7 input npu_system_i/tinynpu_0/inst/u_requant/p_0_out__7/A[29:0] is not pipelined. Pipelining DSP48 input will improve performance.
Related violations: <none>

DPIP-1#63 Warning
Input pipelining  
DSP npu_system_i/tinynpu_0/inst/u_requant/p_0_out__8 input npu_system_i/tinynpu_0/inst/u_requant/p_0_out__8/B[17:0] is not pipelined. Pipelining DSP48 input will improve performance.
Related violations: <none>

DPIP-1#64 Warning
Input pipelining  
DSP npu_system_i/tinynpu_0/inst/u_requant/p_0_out__9 input npu_system_i/tinynpu_0/inst/u_requant/p_0_out__9/A[29:0] is not pipelined. Pipelining DSP48 input will improve performance.
Related violations: <none>

DPIP-1#65 Warning
Input pipelining  
DSP npu_system_i/tinynpu_0/inst/u_systolic/row[0].col[0].pe_inst/mul_s10 input npu_system_i/tinynpu_0/inst/u_systolic/row[0].col[0].pe_inst/mul_s10/A[29:0] is not pipelined. Pipelining DSP48 input will improve performance.
Related violations: <none>

DPIP-1#66 Warning
Input pipelining  
DSP npu_system_i/tinynpu_0/inst/u_systolic/row[0].col[0].pe_inst/mul_s10 input npu_system_i/tinynpu_0/inst/u_systolic/row[0].col[0].pe_inst/mul_s10/B[17:0] is not pipelined. Pipelining DSP48 input will improve performance.
Related violations: <none>

DPIP-1#67 Warning
Input pipelining  
DSP npu_system_i/tinynpu_0/inst/u_systolic/row[0].col[1].pe_inst/mul_s10 input npu_system_i/tinynpu_0/inst/u_systolic/row[0].col[1].pe_inst/mul_s10/A[29:0] is not pipelined. Pipelining DSP48 input will improve performance.
Related violations: <none>

DPIP-1#68 Warning
Input pipelining  
DSP npu_system_i/tinynpu_0/inst/u_systolic/row[0].col[1].pe_inst/mul_s10 input npu_system_i/tinynpu_0/inst/u_systolic/row[0].col[1].pe_inst/mul_s10/B[17:0] is not pipelined. Pipelining DSP48 input will improve performance.
Related violations: <none>

DPIP-1#69 Warning
Input pipelining  
DSP npu_system_i/tinynpu_0/inst/u_systolic/row[0].col[2].pe_inst/mul_s10 input npu_system_i/tinynpu_0/inst/u_systolic/row[0].col[2].pe_inst/mul_s10/A[29:0] is not pipelined. Pipelining DSP48 input will improve performance.
Related violations: <none>

DPIP-1#70 Warning
Input pipelining  
DSP npu_system_i/tinynpu_0/inst/u_systolic/row[0].col[2].pe_inst/mul_s10 input npu_system_i/tinynpu_0/inst/u_systolic/row[0].col[2].pe_inst/mul_s10/B[17:0] is not pipelined. Pipelining DSP48 input will improve performance.
Related violations: <none>

DPIP-1#71 Warning
Input pipelining  
DSP npu_system_i/tinynpu_0/inst/u_systolic/row[0].col[3].pe_inst/mul_s10 input npu_system_i/tinynpu_0/inst/u_systolic/row[0].col[3].pe_inst/mul_s10/A[29:0] is not pipelined. Pipelining DSP48 input will improve performance.
Related violations: <none>

DPIP-1#72 Warning
Input pipelining  
DSP npu_system_i/tinynpu_0/inst/u_systolic/row[0].col[3].pe_inst/mul_s10 input npu_system_i/tinynpu_0/inst/u_systolic/row[0].col[3].pe_inst/mul_s10/B[17:0] is not pipelined. Pipelining DSP48 input will improve performance.
Related violations: <none>

DPIP-1#73 Warning
Input pipelining  
DSP npu_system_i/tinynpu_0/inst/u_systolic/row[0].col[4].pe_inst/mul_s10 input npu_system_i/tinynpu_0/inst/u_systolic/row[0].col[4].pe_inst/mul_s10/A[29:0] is not pipelined. Pipelining DSP48 input will improve performance.
Related violations: <none>

DPIP-1#74 Warning
Input pipelining  
DSP npu_system_i/tinynpu_0/inst/u_systolic/row[0].col[4].pe_inst/mul_s10 input npu_system_i/tinynpu_0/inst/u_systolic/row[0].col[4].pe_inst/mul_s10/B[17:0] is not pipelined. Pipelining DSP48 input will improve performance.
Related violations: <none>

DPIP-1#75 Warning
Input pipelining  
DSP npu_system_i/tinynpu_0/inst/u_systolic/row[0].col[5].pe_inst/mul_s10 input npu_system_i/tinynpu_0/inst/u_systolic/row[0].col[5].pe_inst/mul_s10/A[29:0] is not pipelined. Pipelining DSP48 input will improve performance.
Related violations: <none>

DPIP-1#76 Warning
Input pipelining  
DSP npu_system_i/tinynpu_0/inst/u_systolic/row[0].col[5].pe_inst/mul_s10 input npu_system_i/tinynpu_0/inst/u_systolic/row[0].col[5].pe_inst/mul_s10/B[17:0] is not pipelined. Pipelining DSP48 input will improve performance.
Related violations: <none>

DPIP-1#77 Warning
Input pipelining  
DSP npu_system_i/tinynpu_0/inst/u_systolic/row[0].col[6].pe_inst/mul_s10 input npu_system_i/tinynpu_0/inst/u_systolic/row[0].col[6].pe_inst/mul_s10/A[29:0] is not pipelined. Pipelining DSP48 input will improve performance.
Related violations: <none>

DPIP-1#78 Warning
Input pipelining  
DSP npu_system_i/tinynpu_0/inst/u_systolic/row[0].col[6].pe_inst/mul_s10 input npu_system_i/tinynpu_0/inst/u_systolic/row[0].col[6].pe_inst/mul_s10/B[17:0] is not pipelined. Pipelining DSP48 input will improve performance.
Related violations: <none>

DPIP-1#79 Warning
Input pipelining  
DSP npu_system_i/tinynpu_0/inst/u_systolic/row[0].col[7].pe_inst/mul_s10 input npu_system_i/tinynpu_0/inst/u_systolic/row[0].col[7].pe_inst/mul_s10/A[29:0] is not pipelined. Pipelining DSP48 input will improve performance.
Related violations: <none>

DPIP-1#80 Warning
Input pipelining  
DSP npu_system_i/tinynpu_0/inst/u_systolic/row[0].col[7].pe_inst/mul_s10 input npu_system_i/tinynpu_0/inst/u_systolic/row[0].col[7].pe_inst/mul_s10/B[17:0] is not pipelined. Pipelining DSP48 input will improve performance.
Related violations: <none>

DPIP-1#81 Warning
Input pipelining  
DSP npu_system_i/tinynpu_0/inst/u_systolic/row[10].col[0].pe_inst/mul_s10 input npu_system_i/tinynpu_0/inst/u_systolic/row[10].col[0].pe_inst/mul_s10/A[29:0] is not pipelined. Pipelining DSP48 input will improve performance.
Related violations: <none>

DPIP-1#82 Warning
Input pipelining  
DSP npu_system_i/tinynpu_0/inst/u_systolic/row[10].col[0].pe_inst/mul_s10 input npu_system_i/tinynpu_0/inst/u_systolic/row[10].col[0].pe_inst/mul_s10/B[17:0] is not pipelined. Pipelining DSP48 input will improve performance.
Related violations: <none>

DPIP-1#83 Warning
Input pipelining  
DSP npu_system_i/tinynpu_0/inst/u_systolic/row[10].col[1].pe_inst/mul_s10 input npu_system_i/tinynpu_0/inst/u_systolic/row[10].col[1].pe_inst/mul_s10/A[29:0] is not pipelined. Pipelining DSP48 input will improve performance.
Related violations: <none>

DPIP-1#84 Warning
Input pipelining  
DSP npu_system_i/tinynpu_0/inst/u_systolic/row[10].col[1].pe_inst/mul_s10 input npu_system_i/tinynpu_0/inst/u_systolic/row[10].col[1].pe_inst/mul_s10/B[17:0] is not pipelined. Pipelining DSP48 input will improve performance.
Related violations: <none>

DPIP-1#85 Warning
Input pipelining  
DSP npu_system_i/tinynpu_0/inst/u_systolic/row[10].col[2].pe_inst/mul_s10 input npu_system_i/tinynpu_0/inst/u_systolic/row[10].col[2].pe_inst/mul_s10/A[29:0] is not pipelined. Pipelining DSP48 input will improve performance.
Related violations: <none>

DPIP-1#86 Warning
Input pipelining  
DSP npu_system_i/tinynpu_0/inst/u_systolic/row[10].col[2].pe_inst/mul_s10 input npu_system_i/tinynpu_0/inst/u_systolic/row[10].col[2].pe_inst/mul_s10/B[17:0] is not pipelined. Pipelining DSP48 input will improve performance.
Related violations: <none>

DPIP-1#87 Warning
Input pipelining  
DSP npu_system_i/tinynpu_0/inst/u_systolic/row[10].col[3].pe_inst/mul_s10 input npu_system_i/tinynpu_0/inst/u_systolic/row[10].col[3].pe_inst/mul_s10/A[29:0] is not pipelined. Pipelining DSP48 input will improve performance.
Related violations: <none>

DPIP-1#88 Warning
Input pipelining  
DSP npu_system_i/tinynpu_0/inst/u_systolic/row[10].col[3].pe_inst/mul_s10 input npu_system_i/tinynpu_0/inst/u_systolic/row[10].col[3].pe_inst/mul_s10/B[17:0] is not pipelined. Pipelining DSP48 input will improve performance.
Related violations: <none>

DPIP-1#89 Warning
Input pipelining  
DSP npu_system_i/tinynpu_0/inst/u_systolic/row[10].col[4].pe_inst/mul_s10 input npu_system_i/tinynpu_0/inst/u_systolic/row[10].col[4].pe_inst/mul_s10/A[29:0] is not pipelined. Pipelining DSP48 input will improve performance.
Related violations: <none>

DPIP-1#90 Warning
Input pipelining  
DSP npu_system_i/tinynpu_0/inst/u_systolic/row[10].col[4].pe_inst/mul_s10 input npu_system_i/tinynpu_0/inst/u_systolic/row[10].col[4].pe_inst/mul_s10/B[17:0] is not pipelined. Pipelining DSP48 input will improve performance.
Related violations: <none>

DPIP-1#91 Warning
Input pipelining  
DSP npu_system_i/tinynpu_0/inst/u_systolic/row[10].col[6].pe_inst/mul_s10 input npu_system_i/tinynpu_0/inst/u_systolic/row[10].col[6].pe_inst/mul_s10/A[29:0] is not pipelined. Pipelining DSP48 input will improve performance.
Related violations: <none>

DPIP-1#92 Warning
Input pipelining  
DSP npu_system_i/tinynpu_0/inst/u_systolic/row[10].col[6].pe_inst/mul_s10 input npu_system_i/tinynpu_0/inst/u_systolic/row[10].col[6].pe_inst/mul_s10/B[17:0] is not pipelined. Pipelining DSP48 input will improve performance.
Related violations: <none>

DPIP-1#93 Warning
Input pipelining  
DSP npu_system_i/tinynpu_0/inst/u_systolic/row[10].col[7].pe_inst/mul_s10 input npu_system_i/tinynpu_0/inst/u_systolic/row[10].col[7].pe_inst/mul_s10/A[29:0] is not pipelined. Pipelining DSP48 input will improve performance.
Related violations: <none>

DPIP-1#94 Warning
Input pipelining  
DSP npu_system_i/tinynpu_0/inst/u_systolic/row[10].col[7].pe_inst/mul_s10 input npu_system_i/tinynpu_0/inst/u_systolic/row[10].col[7].pe_inst/mul_s10/B[17:0] is not pipelined. Pipelining DSP48 input will improve performance.
Related violations: <none>

DPIP-1#95 Warning
Input pipelining  
DSP npu_system_i/tinynpu_0/inst/u_systolic/row[11].col[0].pe_inst/mul_s10 input npu_system_i/tinynpu_0/inst/u_systolic/row[11].col[0].pe_inst/mul_s10/A[29:0] is not pipelined. Pipelining DSP48 input will improve performance.
Related violations: <none>

DPIP-1#96 Warning
Input pipelining  
DSP npu_system_i/tinynpu_0/inst/u_systolic/row[11].col[1].pe_inst/mul_s10 input npu_system_i/tinynpu_0/inst/u_systolic/row[11].col[1].pe_inst/mul_s10/A[29:0] is not pipelined. Pipelining DSP48 input will improve performance.
Related violations: <none>

DPIP-1#97 Warning
Input pipelining  
DSP npu_system_i/tinynpu_0/inst/u_systolic/row[11].col[2].pe_inst/mul_s10 input npu_system_i/tinynpu_0/inst/u_systolic/row[11].col[2].pe_inst/mul_s10/A[29:0] is not pipelined. Pipelining DSP48 input will improve performance.
Related violations: <none>

DPIP-1#98 Warning
Input pipelining  
DSP npu_system_i/tinynpu_0/inst/u_systolic/row[11].col[5].pe_inst/mul_s10 input npu_system_i/tinynpu_0/inst/u_systolic/row[11].col[5].pe_inst/mul_s10/A[29:0] is not pipelined. Pipelining DSP48 input will improve performance.
Related violations: <none>

DPIP-1#99 Warning
Input pipelining  
DSP npu_system_i/tinynpu_0/inst/u_systolic/row[11].col[7].pe_inst/mul_s10 input npu_system_i/tinynpu_0/inst/u_systolic/row[11].col[7].pe_inst/mul_s10/A[29:0] is not pipelined. Pipelining DSP48 input will improve performance.
Related violations: <none>

DPIP-1#100 Warning
Input pipelining  
DSP npu_system_i/tinynpu_0/inst/u_systolic/row[12].col[0].pe_inst/mul_s10 input npu_system_i/tinynpu_0/inst/u_systolic/row[12].col[0].pe_inst/mul_s10/A[29:0] is not pipelined. Pipelining DSP48 input will improve performance.
Related violations: <none>

DPIP-1#101 Warning
Input pipelining  
DSP npu_system_i/tinynpu_0/inst/u_systolic/row[12].col[0].pe_inst/mul_s10 input npu_system_i/tinynpu_0/inst/u_systolic/row[12].col[0].pe_inst/mul_s10/B[17:0] is not pipelined. Pipelining DSP48 input will improve performance.
Related violations: <none>

DPIP-1#102 Warning
Input pipelining  
DSP npu_system_i/tinynpu_0/inst/u_systolic/row[12].col[1].pe_inst/mul_s10 input npu_system_i/tinynpu_0/inst/u_systolic/row[12].col[1].pe_inst/mul_s10/A[29:0] is not pipelined. Pipelining DSP48 input will improve performance.
Related violations: <none>

DPIP-1#103 Warning
Input pipelining  
DSP npu_system_i/tinynpu_0/inst/u_systolic/row[12].col[1].pe_inst/mul_s10 input npu_system_i/tinynpu_0/inst/u_systolic/row[12].col[1].pe_inst/mul_s10/B[17:0] is not pipelined. Pipelining DSP48 input will improve performance.
Related violations: <none>

DPIP-1#104 Warning
Input pipelining  
DSP npu_system_i/tinynpu_0/inst/u_systolic/row[12].col[2].pe_inst/mul_s10 input npu_system_i/tinynpu_0/inst/u_systolic/row[12].col[2].pe_inst/mul_s10/A[29:0] is not pipelined. Pipelining DSP48 input will improve performance.
Related violations: <none>

DPIP-1#105 Warning
Input pipelining  
DSP npu_system_i/tinynpu_0/inst/u_systolic/row[12].col[2].pe_inst/mul_s10 input npu_system_i/tinynpu_0/inst/u_systolic/row[12].col[2].pe_inst/mul_s10/B[17:0] is not pipelined. Pipelining DSP48 input will improve performance.
Related violations: <none>

DPIP-1#106 Warning
Input pipelining  
DSP npu_system_i/tinynpu_0/inst/u_systolic/row[12].col[3].pe_inst/mul_s10 input npu_system_i/tinynpu_0/inst/u_systolic/row[12].col[3].pe_inst/mul_s10/A[29:0] is not pipelined. Pipelining DSP48 input will improve performance.
Related violations: <none>

DPIP-1#107 Warning
Input pipelining  
DSP npu_system_i/tinynpu_0/inst/u_systolic/row[12].col[3].pe_inst/mul_s10 input npu_system_i/tinynpu_0/inst/u_systolic/row[12].col[3].pe_inst/mul_s10/B[17:0] is not pipelined. Pipelining DSP48 input will improve performance.
Related violations: <none>

DPIP-1#108 Warning
Input pipelining  
DSP npu_system_i/tinynpu_0/inst/u_systolic/row[12].col[4].pe_inst/mul_s10 input npu_system_i/tinynpu_0/inst/u_systolic/row[12].col[4].pe_inst/mul_s10/A[29:0] is not pipelined. Pipelining DSP48 input will improve performance.
Related violations: <none>

DPIP-1#109 Warning
Input pipelining  
DSP npu_system_i/tinynpu_0/inst/u_systolic/row[12].col[4].pe_inst/mul_s10 input npu_system_i/tinynpu_0/inst/u_systolic/row[12].col[4].pe_inst/mul_s10/B[17:0] is not pipelined. Pipelining DSP48 input will improve performance.
Related violations: <none>

DPIP-1#110 Warning
Input pipelining  
DSP npu_system_i/tinynpu_0/inst/u_systolic/row[12].col[5].pe_inst/mul_s10 input npu_system_i/tinynpu_0/inst/u_systolic/row[12].col[5].pe_inst/mul_s10/A[29:0] is not pipelined. Pipelining DSP48 input will improve performance.
Related violations: <none>

DPIP-1#111 Warning
Input pipelining  
DSP npu_system_i/tinynpu_0/inst/u_systolic/row[12].col[5].pe_inst/mul_s10 input npu_system_i/tinynpu_0/inst/u_systolic/row[12].col[5].pe_inst/mul_s10/B[17:0] is not pipelined. Pipelining DSP48 input will improve performance.
Related violations: <none>

DPIP-1#112 Warning
Input pipelining  
DSP npu_system_i/tinynpu_0/inst/u_systolic/row[12].col[6].pe_inst/mul_s10 input npu_system_i/tinynpu_0/inst/u_systolic/row[12].col[6].pe_inst/mul_s10/A[29:0] is not pipelined. Pipelining DSP48 input will improve performance.
Related violations: <none>

DPIP-1#113 Warning
Input pipelining  
DSP npu_system_i/tinynpu_0/inst/u_systolic/row[12].col[6].pe_inst/mul_s10 input npu_system_i/tinynpu_0/inst/u_systolic/row[12].col[6].pe_inst/mul_s10/B[17:0] is not pipelined. Pipelining DSP48 input will improve performance.
Related violations: <none>

DPIP-1#114 Warning
Input pipelining  
DSP npu_system_i/tinynpu_0/inst/u_systolic/row[12].col[7].pe_inst/mul_s10 input npu_system_i/tinynpu_0/inst/u_systolic/row[12].col[7].pe_inst/mul_s10/A[29:0] is not pipelined. Pipelining DSP48 input will improve performance.
Related violations: <none>

DPIP-1#115 Warning
Input pipelining  
DSP npu_system_i/tinynpu_0/inst/u_systolic/row[12].col[7].pe_inst/mul_s10 input npu_system_i/tinynpu_0/inst/u_systolic/row[12].col[7].pe_inst/mul_s10/B[17:0] is not pipelined. Pipelining DSP48 input will improve performance.
Related violations: <none>

DPIP-1#116 Warning
Input pipelining  
DSP npu_system_i/tinynpu_0/inst/u_systolic/row[13].col[0].pe_inst/mul_s10 input npu_system_i/tinynpu_0/inst/u_systolic/row[13].col[0].pe_inst/mul_s10/A[29:0] is not pipelined. Pipelining DSP48 input will improve performance.
Related violations: <none>

DPIP-1#117 Warning
Input pipelining  
DSP npu_system_i/tinynpu_0/inst/u_systolic/row[13].col[0].pe_inst/mul_s10 input npu_system_i/tinynpu_0/inst/u_systolic/row[13].col[0].pe_inst/mul_s10/B[17:0] is not pipelined. Pipelining DSP48 input will improve performance.
Related violations: <none>

DPIP-1#118 Warning
Input pipelining  
DSP npu_system_i/tinynpu_0/inst/u_systolic/row[13].col[1].pe_inst/mul_s10 input npu_system_i/tinynpu_0/inst/u_systolic/row[13].col[1].pe_inst/mul_s10/A[29:0] is not pipelined. Pipelining DSP48 input will improve performance.
Related violations: <none>

DPIP-1#119 Warning
Input pipelining  
DSP npu_system_i/tinynpu_0/inst/u_systolic/row[13].col[1].pe_inst/mul_s10 input npu_system_i/tinynpu_0/inst/u_systolic/row[13].col[1].pe_inst/mul_s10/B[17:0] is not pipelined. Pipelining DSP48 input will improve performance.
Related violations: <none>

DPIP-1#120 Warning
Input pipelining  
DSP npu_system_i/tinynpu_0/inst/u_systolic/row[13].col[2].pe_inst/mul_s10 input npu_system_i/tinynpu_0/inst/u_systolic/row[13].col[2].pe_inst/mul_s10/A[29:0] is not pipelined. Pipelining DSP48 input will improve performance.
Related violations: <none>

DPIP-1#121 Warning
Input pipelining  
DSP npu_system_i/tinynpu_0/inst/u_systolic/row[13].col[2].pe_inst/mul_s10 input npu_system_i/tinynpu_0/inst/u_systolic/row[13].col[2].pe_inst/mul_s10/B[17:0] is not pipelined. Pipelining DSP48 input will improve performance.
Related violations: <none>

DPIP-1#122 Warning
Input pipelining  
DSP npu_system_i/tinynpu_0/inst/u_systolic/row[13].col[3].pe_inst/mul_s10 input npu_system_i/tinynpu_0/inst/u_systolic/row[13].col[3].pe_inst/mul_s10/A[29:0] is not pipelined. Pipelining DSP48 input will improve performance.
Related violations: <none>

DPIP-1#123 Warning
Input pipelining  
DSP npu_system_i/tinynpu_0/inst/u_systolic/row[13].col[3].pe_inst/mul_s10 input npu_system_i/tinynpu_0/inst/u_systolic/row[13].col[3].pe_inst/mul_s10/B[17:0] is not pipelined. Pipelining DSP48 input will improve performance.
Related violations: <none>

DPIP-1#124 Warning
Input pipelining  
DSP npu_system_i/tinynpu_0/inst/u_systolic/row[13].col[4].pe_inst/mul_s10 input npu_system_i/tinynpu_0/inst/u_systolic/row[13].col[4].pe_inst/mul_s10/A[29:0] is not pipelined. Pipelining DSP48 input will improve performance.
Related violations: <none>

DPIP-1#125 Warning
Input pipelining  
DSP npu_system_i/tinynpu_0/inst/u_systolic/row[13].col[4].pe_inst/mul_s10 input npu_system_i/tinynpu_0/inst/u_systolic/row[13].col[4].pe_inst/mul_s10/B[17:0] is not pipelined. Pipelining DSP48 input will improve performance.
Related violations: <none>

DPIP-1#126 Warning
Input pipelining  
DSP npu_system_i/tinynpu_0/inst/u_systolic/row[13].col[5].pe_inst/mul_s10 input npu_system_i/tinynpu_0/inst/u_systolic/row[13].col[5].pe_inst/mul_s10/A[29:0] is not pipelined. Pipelining DSP48 input will improve performance.
Related violations: <none>

DPIP-1#127 Warning
Input pipelining  
DSP npu_system_i/tinynpu_0/inst/u_systolic/row[13].col[5].pe_inst/mul_s10 input npu_system_i/tinynpu_0/inst/u_systolic/row[13].col[5].pe_inst/mul_s10/B[17:0] is not pipelined. Pipelining DSP48 input will improve performance.
Related violations: <none>

DPIP-1#128 Warning
Input pipelining  
DSP npu_system_i/tinynpu_0/inst/u_systolic/row[13].col[6].pe_inst/mul_s10 input npu_system_i/tinynpu_0/inst/u_systolic/row[13].col[6].pe_inst/mul_s10/A[29:0] is not pipelined. Pipelining DSP48 input will improve performance.
Related violations: <none>

DPIP-1#129 Warning
Input pipelining  
DSP npu_system_i/tinynpu_0/inst/u_systolic/row[13].col[6].pe_inst/mul_s10 input npu_system_i/tinynpu_0/inst/u_systolic/row[13].col[6].pe_inst/mul_s10/B[17:0] is not pipelined. Pipelining DSP48 input will improve performance.
Related violations: <none>

DPIP-1#130 Warning
Input pipelining  
DSP npu_system_i/tinynpu_0/inst/u_systolic/row[13].col[7].pe_inst/mul_s10 input npu_system_i/tinynpu_0/inst/u_systolic/row[13].col[7].pe_inst/mul_s10/A[29:0] is not pipelined. Pipelining DSP48 input will improve performance.
Related violations: <none>

DPIP-1#131 Warning
Input pipelining  
DSP npu_system_i/tinynpu_0/inst/u_systolic/row[13].col[7].pe_inst/mul_s10 input npu_system_i/tinynpu_0/inst/u_systolic/row[13].col[7].pe_inst/mul_s10/B[17:0] is not pipelined. Pipelining DSP48 input will improve performance.
Related violations: <none>

DPIP-1#132 Warning
Input pipelining  
DSP npu_system_i/tinynpu_0/inst/u_systolic/row[14].col[0].pe_inst/mul_s10 input npu_system_i/tinynpu_0/inst/u_systolic/row[14].col[0].pe_inst/mul_s10/A[29:0] is not pipelined. Pipelining DSP48 input will improve performance.
Related violations: <none>

DPIP-1#133 Warning
Input pipelining  
DSP npu_system_i/tinynpu_0/inst/u_systolic/row[14].col[0].pe_inst/mul_s10 input npu_system_i/tinynpu_0/inst/u_systolic/row[14].col[0].pe_inst/mul_s10/B[17:0] is not pipelined. Pipelining DSP48 input will improve performance.
Related violations: <none>

DPIP-1#134 Warning
Input pipelining  
DSP npu_system_i/tinynpu_0/inst/u_systolic/row[14].col[1].pe_inst/mul_s10 input npu_system_i/tinynpu_0/inst/u_systolic/row[14].col[1].pe_inst/mul_s10/A[29:0] is not pipelined. Pipelining DSP48 input will improve performance.
Related violations: <none>

DPIP-1#135 Warning
Input pipelining  
DSP npu_system_i/tinynpu_0/inst/u_systolic/row[14].col[1].pe_inst/mul_s10 input npu_system_i/tinynpu_0/inst/u_systolic/row[14].col[1].pe_inst/mul_s10/B[17:0] is not pipelined. Pipelining DSP48 input will improve performance.
Related violations: <none>

DPIP-1#136 Warning
Input pipelining  
DSP npu_system_i/tinynpu_0/inst/u_systolic/row[14].col[2].pe_inst/mul_s10 input npu_system_i/tinynpu_0/inst/u_systolic/row[14].col[2].pe_inst/mul_s10/A[29:0] is not pipelined. Pipelining DSP48 input will improve performance.
Related violations: <none>

DPIP-1#137 Warning
Input pipelining  
DSP npu_system_i/tinynpu_0/inst/u_systolic/row[14].col[2].pe_inst/mul_s10 input npu_system_i/tinynpu_0/inst/u_systolic/row[14].col[2].pe_inst/mul_s10/B[17:0] is not pipelined. Pipelining DSP48 input will improve performance.
Related violations: <none>

DPIP-1#138 Warning
Input pipelining  
DSP npu_system_i/tinynpu_0/inst/u_systolic/row[14].col[3].pe_inst/mul_s10 input npu_system_i/tinynpu_0/inst/u_systolic/row[14].col[3].pe_inst/mul_s10/A[29:0] is not pipelined. Pipelining DSP48 input will improve performance.
Related violations: <none>

DPIP-1#139 Warning
Input pipelining  
DSP npu_system_i/tinynpu_0/inst/u_systolic/row[14].col[3].pe_inst/mul_s10 input npu_system_i/tinynpu_0/inst/u_systolic/row[14].col[3].pe_inst/mul_s10/B[17:0] is not pipelined. Pipelining DSP48 input will improve performance.
Related violations: <none>

DPIP-1#140 Warning
Input pipelining  
DSP npu_system_i/tinynpu_0/inst/u_systolic/row[14].col[4].pe_inst/mul_s10 input npu_system_i/tinynpu_0/inst/u_systolic/row[14].col[4].pe_inst/mul_s10/A[29:0] is not pipelined. Pipelining DSP48 input will improve performance.
Related violations: <none>

DPIP-1#141 Warning
Input pipelining  
DSP npu_system_i/tinynpu_0/inst/u_systolic/row[14].col[4].pe_inst/mul_s10 input npu_system_i/tinynpu_0/inst/u_systolic/row[14].col[4].pe_inst/mul_s10/B[17:0] is not pipelined. Pipelining DSP48 input will improve performance.
Related violations: <none>

DPIP-1#142 Warning
Input pipelining  
DSP npu_system_i/tinynpu_0/inst/u_systolic/row[14].col[6].pe_inst/mul_s10 input npu_system_i/tinynpu_0/inst/u_systolic/row[14].col[6].pe_inst/mul_s10/A[29:0] is not pipelined. Pipelining DSP48 input will improve performance.
Related violations: <none>

DPIP-1#143 Warning
Input pipelining  
DSP npu_system_i/tinynpu_0/inst/u_systolic/row[14].col[6].pe_inst/mul_s10 input npu_system_i/tinynpu_0/inst/u_systolic/row[14].col[6].pe_inst/mul_s10/B[17:0] is not pipelined. Pipelining DSP48 input will improve performance.
Related violations: <none>

DPIP-1#144 Warning
Input pipelining  
DSP npu_system_i/tinynpu_0/inst/u_systolic/row[14].col[7].pe_inst/mul_s10 input npu_system_i/tinynpu_0/inst/u_systolic/row[14].col[7].pe_inst/mul_s10/A[29:0] is not pipelined. Pipelining DSP48 input will improve performance.
Related violations: <none>

DPIP-1#145 Warning
Input pipelining  
DSP npu_system_i/tinynpu_0/inst/u_systolic/row[14].col[7].pe_inst/mul_s10 input npu_system_i/tinynpu_0/inst/u_systolic/row[14].col[7].pe_inst/mul_s10/B[17:0] is not pipelined. Pipelining DSP48 input will improve performance.
Related violations: <none>

DPIP-1#146 Warning
Input pipelining  
DSP npu_system_i/tinynpu_0/inst/u_systolic/row[15].col[0].pe_inst/mul_s10 input npu_system_i/tinynpu_0/inst/u_systolic/row[15].col[0].pe_inst/mul_s10/A[29:0] is not pipelined. Pipelining DSP48 input will improve performance.
Related violations: <none>

DPIP-1#147 Warning
Input pipelining  
DSP npu_system_i/tinynpu_0/inst/u_systolic/row[15].col[1].pe_inst/mul_s10 input npu_system_i/tinynpu_0/inst/u_systolic/row[15].col[1].pe_inst/mul_s10/A[29:0] is not pipelined. Pipelining DSP48 input will improve performance.
Related violations: <none>

DPIP-1#148 Warning
Input pipelining  
DSP npu_system_i/tinynpu_0/inst/u_systolic/row[15].col[2].pe_inst/mul_s10 input npu_system_i/tinynpu_0/inst/u_systolic/row[15].col[2].pe_inst/mul_s10/A[29:0] is not pipelined. Pipelining DSP48 input will improve performance.
Related violations: <none>

DPIP-1#149 Warning
Input pipelining  
DSP npu_system_i/tinynpu_0/inst/u_systolic/row[15].col[3].pe_inst/mul_s10 input npu_system_i/tinynpu_0/inst/u_systolic/row[15].col[3].pe_inst/mul_s10/A[29:0] is not pipelined. Pipelining DSP48 input will improve performance.
Related violations: <none>

DPIP-1#150 Warning
Input pipelining  
DSP npu_system_i/tinynpu_0/inst/u_systolic/row[15].col[4].pe_inst/mul_s10 input npu_system_i/tinynpu_0/inst/u_systolic/row[15].col[4].pe_inst/mul_s10/A[29:0] is not pipelined. Pipelining DSP48 input will improve performance.
Related violations: <none>

DPIP-1#151 Warning
Input pipelining  
DSP npu_system_i/tinynpu_0/inst/u_systolic/row[15].col[5].pe_inst/mul_s10 input npu_system_i/tinynpu_0/inst/u_systolic/row[15].col[5].pe_inst/mul_s10/A[29:0] is not pipelined. Pipelining DSP48 input will improve performance.
Related violations: <none>

DPIP-1#152 Warning
Input pipelining  
DSP npu_system_i/tinynpu_0/inst/u_systolic/row[15].col[6].pe_inst/mul_s10 input npu_system_i/tinynpu_0/inst/u_systolic/row[15].col[6].pe_inst/mul_s10/A[29:0] is not pipelined. Pipelining DSP48 input will improve performance.
Related violations: <none>

DPIP-1#153 Warning
Input pipelining  
DSP npu_system_i/tinynpu_0/inst/u_systolic/row[15].col[7].pe_inst/mul_s10 input npu_system_i/tinynpu_0/inst/u_systolic/row[15].col[7].pe_inst/mul_s10/A[29:0] is not pipelined. Pipelining DSP48 input will improve performance.
Related violations: <none>

DPIP-1#154 Warning
Input pipelining  
DSP npu_system_i/tinynpu_0/inst/u_systolic/row[16].col[0].pe_inst/mul_s10 input npu_system_i/tinynpu_0/inst/u_systolic/row[16].col[0].pe_inst/mul_s10/A[29:0] is not pipelined. Pipelining DSP48 input will improve performance.
Related violations: <none>

DPIP-1#155 Warning
Input pipelining  
DSP npu_system_i/tinynpu_0/inst/u_systolic/row[16].col[0].pe_inst/mul_s10 input npu_system_i/tinynpu_0/inst/u_systolic/row[16].col[0].pe_inst/mul_s10/B[17:0] is not pipelined. Pipelining DSP48 input will improve performance.
Related violations: <none>

DPIP-1#156 Warning
Input pipelining  
DSP npu_system_i/tinynpu_0/inst/u_systolic/row[16].col[1].pe_inst/mul_s10 input npu_system_i/tinynpu_0/inst/u_systolic/row[16].col[1].pe_inst/mul_s10/A[29:0] is not pipelined. Pipelining DSP48 input will improve performance.
Related violations: <none>

DPIP-1#157 Warning
Input pipelining  
DSP npu_system_i/tinynpu_0/inst/u_systolic/row[16].col[1].pe_inst/mul_s10 input npu_system_i/tinynpu_0/inst/u_systolic/row[16].col[1].pe_inst/mul_s10/B[17:0] is not pipelined. Pipelining DSP48 input will improve performance.
Related violations: <none>

DPIP-1#158 Warning
Input pipelining  
DSP npu_system_i/tinynpu_0/inst/u_systolic/row[16].col[2].pe_inst/mul_s10 input npu_system_i/tinynpu_0/inst/u_systolic/row[16].col[2].pe_inst/mul_s10/A[29:0] is not pipelined. Pipelining DSP48 input will improve performance.
Related violations: <none>

DPIP-1#159 Warning
Input pipelining  
DSP npu_system_i/tinynpu_0/inst/u_systolic/row[16].col[2].pe_inst/mul_s10 input npu_system_i/tinynpu_0/inst/u_systolic/row[16].col[2].pe_inst/mul_s10/B[17:0] is not pipelined. Pipelining DSP48 input will improve performance.
Related violations: <none>

DPIP-1#160 Warning
Input pipelining  
DSP npu_system_i/tinynpu_0/inst/u_systolic/row[16].col[3].pe_inst/mul_s10 input npu_system_i/tinynpu_0/inst/u_systolic/row[16].col[3].pe_inst/mul_s10/A[29:0] is not pipelined. Pipelining DSP48 input will improve performance.
Related violations: <none>

DPIP-1#161 Warning
Input pipelining  
DSP npu_system_i/tinynpu_0/inst/u_systolic/row[16].col[3].pe_inst/mul_s10 input npu_system_i/tinynpu_0/inst/u_systolic/row[16].col[3].pe_inst/mul_s10/B[17:0] is not pipelined. Pipelining DSP48 input will improve performance.
Related violations: <none>

DPIP-1#162 Warning
Input pipelining  
DSP npu_system_i/tinynpu_0/inst/u_systolic/row[16].col[4].pe_inst/mul_s10 input npu_system_i/tinynpu_0/inst/u_systolic/row[16].col[4].pe_inst/mul_s10/A[29:0] is not pipelined. Pipelining DSP48 input will improve performance.
Related violations: <none>

DPIP-1#163 Warning
Input pipelining  
DSP npu_system_i/tinynpu_0/inst/u_systolic/row[16].col[4].pe_inst/mul_s10 input npu_system_i/tinynpu_0/inst/u_systolic/row[16].col[4].pe_inst/mul_s10/B[17:0] is not pipelined. Pipelining DSP48 input will improve performance.
Related violations: <none>

DPIP-1#164 Warning
Input pipelining  
DSP npu_system_i/tinynpu_0/inst/u_systolic/row[16].col[5].pe_inst/mul_s10 input npu_system_i/tinynpu_0/inst/u_systolic/row[16].col[5].pe_inst/mul_s10/A[29:0] is not pipelined. Pipelining DSP48 input will improve performance.
Related violations: <none>

DPIP-1#165 Warning
Input pipelining  
DSP npu_system_i/tinynpu_0/inst/u_systolic/row[16].col[5].pe_inst/mul_s10 input npu_system_i/tinynpu_0/inst/u_systolic/row[16].col[5].pe_inst/mul_s10/B[17:0] is not pipelined. Pipelining DSP48 input will improve performance.
Related violations: <none>

DPIP-1#166 Warning
Input pipelining  
DSP npu_system_i/tinynpu_0/inst/u_systolic/row[17].col[5].pe_inst/mul_s10 input npu_system_i/tinynpu_0/inst/u_systolic/row[17].col[5].pe_inst/mul_s10/A[29:0] is not pipelined. Pipelining DSP48 input will improve performance.
Related violations: <none>

DPIP-1#167 Warning
Input pipelining  
DSP npu_system_i/tinynpu_0/inst/u_systolic/row[17].col[5].pe_inst/mul_s10 input npu_system_i/tinynpu_0/inst/u_systolic/row[17].col[5].pe_inst/mul_s10/B[17:0] is not pipelined. Pipelining DSP48 input will improve performance.
Related violations: <none>

DPIP-1#168 Warning
Input pipelining  
DSP npu_system_i/tinynpu_0/inst/u_systolic/row[17].col[6].pe_inst/mul_s10 input npu_system_i/tinynpu_0/inst/u_systolic/row[17].col[6].pe_inst/mul_s10/A[29:0] is not pipelined. Pipelining DSP48 input will improve performance.
Related violations: <none>

DPIP-1#169 Warning
Input pipelining  
DSP npu_system_i/tinynpu_0/inst/u_systolic/row[17].col[6].pe_inst/mul_s10 input npu_system_i/tinynpu_0/inst/u_systolic/row[17].col[6].pe_inst/mul_s10/B[17:0] is not pipelined. Pipelining DSP48 input will improve performance.
Related violations: <none>

DPIP-1#170 Warning
Input pipelining  
DSP npu_system_i/tinynpu_0/inst/u_systolic/row[17].col[7].pe_inst/mul_s10 input npu_system_i/tinynpu_0/inst/u_systolic/row[17].col[7].pe_inst/mul_s10/A[29:0] is not pipelined. Pipelining DSP48 input will improve performance.
Related violations: <none>

DPIP-1#171 Warning
Input pipelining  
DSP npu_system_i/tinynpu_0/inst/u_systolic/row[17].col[7].pe_inst/mul_s10 input npu_system_i/tinynpu_0/inst/u_systolic/row[17].col[7].pe_inst/mul_s10/B[17:0] is not pipelined. Pipelining DSP48 input will improve performance.
Related violations: <none>

DPIP-1#172 Warning
Input pipelining  
DSP npu_system_i/tinynpu_0/inst/u_systolic/row[18].col[0].pe_inst/mul_s10 input npu_system_i/tinynpu_0/inst/u_systolic/row[18].col[0].pe_inst/mul_s10/A[29:0] is not pipelined. Pipelining DSP48 input will improve performance.
Related violations: <none>

DPIP-1#173 Warning
Input pipelining  
DSP npu_system_i/tinynpu_0/inst/u_systolic/row[18].col[0].pe_inst/mul_s10 input npu_system_i/tinynpu_0/inst/u_systolic/row[18].col[0].pe_inst/mul_s10/B[17:0] is not pipelined. Pipelining DSP48 input will improve performance.
Related violations: <none>

DPIP-1#174 Warning
Input pipelining  
DSP npu_system_i/tinynpu_0/inst/u_systolic/row[18].col[1].pe_inst/mul_s10 input npu_system_i/tinynpu_0/inst/u_systolic/row[18].col[1].pe_inst/mul_s10/A[29:0] is not pipelined. Pipelining DSP48 input will improve performance.
Related violations: <none>

DPIP-1#175 Warning
Input pipelining  
DSP npu_system_i/tinynpu_0/inst/u_systolic/row[18].col[1].pe_inst/mul_s10 input npu_system_i/tinynpu_0/inst/u_systolic/row[18].col[1].pe_inst/mul_s10/B[17:0] is not pipelined. Pipelining DSP48 input will improve performance.
Related violations: <none>

DPIP-1#176 Warning
Input pipelining  
DSP npu_system_i/tinynpu_0/inst/u_systolic/row[18].col[2].pe_inst/mul_s10 input npu_system_i/tinynpu_0/inst/u_systolic/row[18].col[2].pe_inst/mul_s10/A[29:0] is not pipelined. Pipelining DSP48 input will improve performance.
Related violations: <none>

DPIP-1#177 Warning
Input pipelining  
DSP npu_system_i/tinynpu_0/inst/u_systolic/row[18].col[2].pe_inst/mul_s10 input npu_system_i/tinynpu_0/inst/u_systolic/row[18].col[2].pe_inst/mul_s10/B[17:0] is not pipelined. Pipelining DSP48 input will improve performance.
Related violations: <none>

DPIP-1#178 Warning
Input pipelining  
DSP npu_system_i/tinynpu_0/inst/u_systolic/row[18].col[3].pe_inst/mul_s10 input npu_system_i/tinynpu_0/inst/u_systolic/row[18].col[3].pe_inst/mul_s10/A[29:0] is not pipelined. Pipelining DSP48 input will improve performance.
Related violations: <none>

DPIP-1#179 Warning
Input pipelining  
DSP npu_system_i/tinynpu_0/inst/u_systolic/row[18].col[3].pe_inst/mul_s10 input npu_system_i/tinynpu_0/inst/u_systolic/row[18].col[3].pe_inst/mul_s10/B[17:0] is not pipelined. Pipelining DSP48 input will improve performance.
Related violations: <none>

DPIP-1#180 Warning
Input pipelining  
DSP npu_system_i/tinynpu_0/inst/u_systolic/row[18].col[4].pe_inst/mul_s10 input npu_system_i/tinynpu_0/inst/u_systolic/row[18].col[4].pe_inst/mul_s10/A[29:0] is not pipelined. Pipelining DSP48 input will improve performance.
Related violations: <none>

DPIP-1#181 Warning
Input pipelining  
DSP npu_system_i/tinynpu_0/inst/u_systolic/row[18].col[4].pe_inst/mul_s10 input npu_system_i/tinynpu_0/inst/u_systolic/row[18].col[4].pe_inst/mul_s10/B[17:0] is not pipelined. Pipelining DSP48 input will improve performance.
Related violations: <none>

DPIP-1#182 Warning
Input pipelining  
DSP npu_system_i/tinynpu_0/inst/u_systolic/row[18].col[5].pe_inst/mul_s10 input npu_system_i/tinynpu_0/inst/u_systolic/row[18].col[5].pe_inst/mul_s10/A[29:0] is not pipelined. Pipelining DSP48 input will improve performance.
Related violations: <none>

DPIP-1#183 Warning
Input pipelining  
DSP npu_system_i/tinynpu_0/inst/u_systolic/row[18].col[5].pe_inst/mul_s10 input npu_system_i/tinynpu_0/inst/u_systolic/row[18].col[5].pe_inst/mul_s10/B[17:0] is not pipelined. Pipelining DSP48 input will improve performance.
Related violations: <none>

DPIP-1#184 Warning
Input pipelining  
DSP npu_system_i/tinynpu_0/inst/u_systolic/row[18].col[6].pe_inst/mul_s10 input npu_system_i/tinynpu_0/inst/u_systolic/row[18].col[6].pe_inst/mul_s10/A[29:0] is not pipelined. Pipelining DSP48 input will improve performance.
Related violations: <none>

DPIP-1#185 Warning
Input pipelining  
DSP npu_system_i/tinynpu_0/inst/u_systolic/row[18].col[6].pe_inst/mul_s10 input npu_system_i/tinynpu_0/inst/u_systolic/row[18].col[6].pe_inst/mul_s10/B[17:0] is not pipelined. Pipelining DSP48 input will improve performance.
Related violations: <none>

DPIP-1#186 Warning
Input pipelining  
DSP npu_system_i/tinynpu_0/inst/u_systolic/row[18].col[7].pe_inst/mul_s10 input npu_system_i/tinynpu_0/inst/u_systolic/row[18].col[7].pe_inst/mul_s10/A[29:0] is not pipelined. Pipelining DSP48 input will improve performance.
Related violations: <none>

DPIP-1#187 Warning
Input pipelining  
DSP npu_system_i/tinynpu_0/inst/u_systolic/row[18].col[7].pe_inst/mul_s10 input npu_system_i/tinynpu_0/inst/u_systolic/row[18].col[7].pe_inst/mul_s10/B[17:0] is not pipelined. Pipelining DSP48 input will improve performance.
Related violations: <none>

DPIP-1#188 Warning
Input pipelining  
DSP npu_system_i/tinynpu_0/inst/u_systolic/row[19].col[0].pe_inst/mul_s10 input npu_system_i/tinynpu_0/inst/u_systolic/row[19].col[0].pe_inst/mul_s10/A[29:0] is not pipelined. Pipelining DSP48 input will improve performance.
Related violations: <none>

DPIP-1#189 Warning
Input pipelining  
DSP npu_system_i/tinynpu_0/inst/u_systolic/row[19].col[1].pe_inst/mul_s10 input npu_system_i/tinynpu_0/inst/u_systolic/row[19].col[1].pe_inst/mul_s10/A[29:0] is not pipelined. Pipelining DSP48 input will improve performance.
Related violations: <none>

DPIP-1#190 Warning
Input pipelining  
DSP npu_system_i/tinynpu_0/inst/u_systolic/row[19].col[2].pe_inst/mul_s10 input npu_system_i/tinynpu_0/inst/u_systolic/row[19].col[2].pe_inst/mul_s10/A[29:0] is not pipelined. Pipelining DSP48 input will improve performance.
Related violations: <none>

DPIP-1#191 Warning
Input pipelining  
DSP npu_system_i/tinynpu_0/inst/u_systolic/row[19].col[3].pe_inst/mul_s10 input npu_system_i/tinynpu_0/inst/u_systolic/row[19].col[3].pe_inst/mul_s10/A[29:0] is not pipelined. Pipelining DSP48 input will improve performance.
Related violations: <none>

DPIP-1#192 Warning
Input pipelining  
DSP npu_system_i/tinynpu_0/inst/u_systolic/row[19].col[4].pe_inst/mul_s10 input npu_system_i/tinynpu_0/inst/u_systolic/row[19].col[4].pe_inst/mul_s10/A[29:0] is not pipelined. Pipelining DSP48 input will improve performance.
Related violations: <none>

DPIP-1#193 Warning
Input pipelining  
DSP npu_system_i/tinynpu_0/inst/u_systolic/row[19].col[5].pe_inst/mul_s10 input npu_system_i/tinynpu_0/inst/u_systolic/row[19].col[5].pe_inst/mul_s10/A[29:0] is not pipelined. Pipelining DSP48 input will improve performance.
Related violations: <none>

DPIP-1#194 Warning
Input pipelining  
DSP npu_system_i/tinynpu_0/inst/u_systolic/row[19].col[6].pe_inst/mul_s10 input npu_system_i/tinynpu_0/inst/u_systolic/row[19].col[6].pe_inst/mul_s10/A[29:0] is not pipelined. Pipelining DSP48 input will improve performance.
Related violations: <none>

DPIP-1#195 Warning
Input pipelining  
DSP npu_system_i/tinynpu_0/inst/u_systolic/row[19].col[7].pe_inst/mul_s10 input npu_system_i/tinynpu_0/inst/u_systolic/row[19].col[7].pe_inst/mul_s10/A[29:0] is not pipelined. Pipelining DSP48 input will improve performance.
Related violations: <none>

DPIP-1#196 Warning
Input pipelining  
DSP npu_system_i/tinynpu_0/inst/u_systolic/row[1].col[4].pe_inst/mul_s10 input npu_system_i/tinynpu_0/inst/u_systolic/row[1].col[4].pe_inst/mul_s10/A[29:0] is not pipelined. Pipelining DSP48 input will improve performance.
Related violations: <none>

DPIP-1#197 Warning
Input pipelining  
DSP npu_system_i/tinynpu_0/inst/u_systolic/row[1].col[4].pe_inst/mul_s10 input npu_system_i/tinynpu_0/inst/u_systolic/row[1].col[4].pe_inst/mul_s10/B[17:0] is not pipelined. Pipelining DSP48 input will improve performance.
Related violations: <none>

DPIP-1#198 Warning
Input pipelining  
DSP npu_system_i/tinynpu_0/inst/u_systolic/row[1].col[5].pe_inst/mul_s10 input npu_system_i/tinynpu_0/inst/u_systolic/row[1].col[5].pe_inst/mul_s10/A[29:0] is not pipelined. Pipelining DSP48 input will improve performance.
Related violations: <none>

DPIP-1#199 Warning
Input pipelining  
DSP npu_system_i/tinynpu_0/inst/u_systolic/row[1].col[5].pe_inst/mul_s10 input npu_system_i/tinynpu_0/inst/u_systolic/row[1].col[5].pe_inst/mul_s10/B[17:0] is not pipelined. Pipelining DSP48 input will improve performance.
Related violations: <none>

DPIP-1#200 Warning
Input pipelining  
DSP npu_system_i/tinynpu_0/inst/u_systolic/row[1].col[6].pe_inst/mul_s10 input npu_system_i/tinynpu_0/inst/u_systolic/row[1].col[6].pe_inst/mul_s10/A[29:0] is not pipelined. Pipelining DSP48 input will improve performance.
Related violations: <none>

DPIP-1#201 Warning
Input pipelining  
DSP npu_system_i/tinynpu_0/inst/u_systolic/row[1].col[6].pe_inst/mul_s10 input npu_system_i/tinynpu_0/inst/u_systolic/row[1].col[6].pe_inst/mul_s10/B[17:0] is not pipelined. Pipelining DSP48 input will improve performance.
Related violations: <none>

DPIP-1#202 Warning
Input pipelining  
DSP npu_system_i/tinynpu_0/inst/u_systolic/row[1].col[7].pe_inst/mul_s10 input npu_system_i/tinynpu_0/inst/u_systolic/row[1].col[7].pe_inst/mul_s10/A[29:0] is not pipelined. Pipelining DSP48 input will improve performance.
Related violations: <none>

DPIP-1#203 Warning
Input pipelining  
DSP npu_system_i/tinynpu_0/inst/u_systolic/row[1].col[7].pe_inst/mul_s10 input npu_system_i/tinynpu_0/inst/u_systolic/row[1].col[7].pe_inst/mul_s10/B[17:0] is not pipelined. Pipelining DSP48 input will improve performance.
Related violations: <none>

DPIP-1#204 Warning
Input pipelining  
DSP npu_system_i/tinynpu_0/inst/u_systolic/row[2].col[0].pe_inst/mul_s10 input npu_system_i/tinynpu_0/inst/u_systolic/row[2].col[0].pe_inst/mul_s10/A[29:0] is not pipelined. Pipelining DSP48 input will improve performance.
Related violations: <none>

DPIP-1#205 Warning
Input pipelining  
DSP npu_system_i/tinynpu_0/inst/u_systolic/row[2].col[0].pe_inst/mul_s10 input npu_system_i/tinynpu_0/inst/u_systolic/row[2].col[0].pe_inst/mul_s10/B[17:0] is not pipelined. Pipelining DSP48 input will improve performance.
Related violations: <none>

DPIP-1#206 Warning
Input pipelining  
DSP npu_system_i/tinynpu_0/inst/u_systolic/row[2].col[1].pe_inst/mul_s10 input npu_system_i/tinynpu_0/inst/u_systolic/row[2].col[1].pe_inst/mul_s10/A[29:0] is not pipelined. Pipelining DSP48 input will improve performance.
Related violations: <none>

DPIP-1#207 Warning
Input pipelining  
DSP npu_system_i/tinynpu_0/inst/u_systolic/row[2].col[1].pe_inst/mul_s10 input npu_system_i/tinynpu_0/inst/u_systolic/row[2].col[1].pe_inst/mul_s10/B[17:0] is not pipelined. Pipelining DSP48 input will improve performance.
Related violations: <none>

DPIP-1#208 Warning
Input pipelining  
DSP npu_system_i/tinynpu_0/inst/u_systolic/row[2].col[2].pe_inst/mul_s10 input npu_system_i/tinynpu_0/inst/u_systolic/row[2].col[2].pe_inst/mul_s10/A[29:0] is not pipelined. Pipelining DSP48 input will improve performance.
Related violations: <none>

DPIP-1#209 Warning
Input pipelining  
DSP npu_system_i/tinynpu_0/inst/u_systolic/row[2].col[2].pe_inst/mul_s10 input npu_system_i/tinynpu_0/inst/u_systolic/row[2].col[2].pe_inst/mul_s10/B[17:0] is not pipelined. Pipelining DSP48 input will improve performance.
Related violations: <none>

DPIP-1#210 Warning
Input pipelining  
DSP npu_system_i/tinynpu_0/inst/u_systolic/row[2].col[3].pe_inst/mul_s10 input npu_system_i/tinynpu_0/inst/u_systolic/row[2].col[3].pe_inst/mul_s10/A[29:0] is not pipelined. Pipelining DSP48 input will improve performance.
Related violations: <none>

DPIP-1#211 Warning
Input pipelining  
DSP npu_system_i/tinynpu_0/inst/u_systolic/row[2].col[3].pe_inst/mul_s10 input npu_system_i/tinynpu_0/inst/u_systolic/row[2].col[3].pe_inst/mul_s10/B[17:0] is not pipelined. Pipelining DSP48 input will improve performance.
Related violations: <none>

DPIP-1#212 Warning
Input pipelining  
DSP npu_system_i/tinynpu_0/inst/u_systolic/row[2].col[6].pe_inst/mul_s10 input npu_system_i/tinynpu_0/inst/u_systolic/row[2].col[6].pe_inst/mul_s10/A[29:0] is not pipelined. Pipelining DSP48 input will improve performance.
Related violations: <none>

DPIP-1#213 Warning
Input pipelining  
DSP npu_system_i/tinynpu_0/inst/u_systolic/row[2].col[6].pe_inst/mul_s10 input npu_system_i/tinynpu_0/inst/u_systolic/row[2].col[6].pe_inst/mul_s10/B[17:0] is not pipelined. Pipelining DSP48 input will improve performance.
Related violations: <none>

DPIP-1#214 Warning
Input pipelining  
DSP npu_system_i/tinynpu_0/inst/u_systolic/row[2].col[7].pe_inst/mul_s10 input npu_system_i/tinynpu_0/inst/u_systolic/row[2].col[7].pe_inst/mul_s10/A[29:0] is not pipelined. Pipelining DSP48 input will improve performance.
Related violations: <none>

DPIP-1#215 Warning
Input pipelining  
DSP npu_system_i/tinynpu_0/inst/u_systolic/row[2].col[7].pe_inst/mul_s10 input npu_system_i/tinynpu_0/inst/u_systolic/row[2].col[7].pe_inst/mul_s10/B[17:0] is not pipelined. Pipelining DSP48 input will improve performance.
Related violations: <none>

DPIP-1#216 Warning
Input pipelining  
DSP npu_system_i/tinynpu_0/inst/u_systolic/row[3].col[0].pe_inst/mul_s10 input npu_system_i/tinynpu_0/inst/u_systolic/row[3].col[0].pe_inst/mul_s10/A[29:0] is not pipelined. Pipelining DSP48 input will improve performance.
Related violations: <none>

DPIP-1#217 Warning
Input pipelining  
DSP npu_system_i/tinynpu_0/inst/u_systolic/row[3].col[1].pe_inst/mul_s10 input npu_system_i/tinynpu_0/inst/u_systolic/row[3].col[1].pe_inst/mul_s10/A[29:0] is not pipelined. Pipelining DSP48 input will improve performance.
Related violations: <none>

DPIP-1#218 Warning
Input pipelining  
DSP npu_system_i/tinynpu_0/inst/u_systolic/row[3].col[2].pe_inst/mul_s10 input npu_system_i/tinynpu_0/inst/u_systolic/row[3].col[2].pe_inst/mul_s10/A[29:0] is not pipelined. Pipelining DSP48 input will improve performance.
Related violations: <none>

DPIP-1#219 Warning
Input pipelining  
DSP npu_system_i/tinynpu_0/inst/u_systolic/row[3].col[3].pe_inst/mul_s10 input npu_system_i/tinynpu_0/inst/u_systolic/row[3].col[3].pe_inst/mul_s10/A[29:0] is not pipelined. Pipelining DSP48 input will improve performance.
Related violations: <none>

DPIP-1#220 Warning
Input pipelining  
DSP npu_system_i/tinynpu_0/inst/u_systolic/row[3].col[6].pe_inst/mul_s10 input npu_system_i/tinynpu_0/inst/u_systolic/row[3].col[6].pe_inst/mul_s10/A[29:0] is not pipelined. Pipelining DSP48 input will improve performance.
Related violations: <none>

DPIP-1#221 Warning
Input pipelining  
DSP npu_system_i/tinynpu_0/inst/u_systolic/row[3].col[7].pe_inst/mul_s10 input npu_system_i/tinynpu_0/inst/u_systolic/row[3].col[7].pe_inst/mul_s10/A[29:0] is not pipelined. Pipelining DSP48 input will improve performance.
Related violations: <none>

DPIP-1#222 Warning
Input pipelining  
DSP npu_system_i/tinynpu_0/inst/u_systolic/row[4].col[0].pe_inst/mul_s10 input npu_system_i/tinynpu_0/inst/u_systolic/row[4].col[0].pe_inst/mul_s10/A[29:0] is not pipelined. Pipelining DSP48 input will improve performance.
Related violations: <none>

DPIP-1#223 Warning
Input pipelining  
DSP npu_system_i/tinynpu_0/inst/u_systolic/row[4].col[0].pe_inst/mul_s10 input npu_system_i/tinynpu_0/inst/u_systolic/row[4].col[0].pe_inst/mul_s10/B[17:0] is not pipelined. Pipelining DSP48 input will improve performance.
Related violations: <none>

DPIP-1#224 Warning
Input pipelining  
DSP npu_system_i/tinynpu_0/inst/u_systolic/row[4].col[1].pe_inst/mul_s10 input npu_system_i/tinynpu_0/inst/u_systolic/row[4].col[1].pe_inst/mul_s10/A[29:0] is not pipelined. Pipelining DSP48 input will improve performance.
Related violations: <none>

DPIP-1#225 Warning
Input pipelining  
DSP npu_system_i/tinynpu_0/inst/u_systolic/row[4].col[1].pe_inst/mul_s10 input npu_system_i/tinynpu_0/inst/u_systolic/row[4].col[1].pe_inst/mul_s10/B[17:0] is not pipelined. Pipelining DSP48 input will improve performance.
Related violations: <none>

DPIP-1#226 Warning
Input pipelining  
DSP npu_system_i/tinynpu_0/inst/u_systolic/row[4].col[2].pe_inst/mul_s10 input npu_system_i/tinynpu_0/inst/u_systolic/row[4].col[2].pe_inst/mul_s10/A[29:0] is not pipelined. Pipelining DSP48 input will improve performance.
Related violations: <none>

DPIP-1#227 Warning
Input pipelining  
DSP npu_system_i/tinynpu_0/inst/u_systolic/row[4].col[2].pe_inst/mul_s10 input npu_system_i/tinynpu_0/inst/u_systolic/row[4].col[2].pe_inst/mul_s10/B[17:0] is not pipelined. Pipelining DSP48 input will improve performance.
Related violations: <none>

DPIP-1#228 Warning
Input pipelining  
DSP npu_system_i/tinynpu_0/inst/u_systolic/row[4].col[3].pe_inst/mul_s10 input npu_system_i/tinynpu_0/inst/u_systolic/row[4].col[3].pe_inst/mul_s10/A[29:0] is not pipelined. Pipelining DSP48 input will improve performance.
Related violations: <none>

DPIP-1#229 Warning
Input pipelining  
DSP npu_system_i/tinynpu_0/inst/u_systolic/row[4].col[3].pe_inst/mul_s10 input npu_system_i/tinynpu_0/inst/u_systolic/row[4].col[3].pe_inst/mul_s10/B[17:0] is not pipelined. Pipelining DSP48 input will improve performance.
Related violations: <none>

DPIP-1#230 Warning
Input pipelining  
DSP npu_system_i/tinynpu_0/inst/u_systolic/row[4].col[4].pe_inst/mul_s10 input npu_system_i/tinynpu_0/inst/u_systolic/row[4].col[4].pe_inst/mul_s10/A[29:0] is not pipelined. Pipelining DSP48 input will improve performance.
Related violations: <none>

DPIP-1#231 Warning
Input pipelining  
DSP npu_system_i/tinynpu_0/inst/u_systolic/row[4].col[4].pe_inst/mul_s10 input npu_system_i/tinynpu_0/inst/u_systolic/row[4].col[4].pe_inst/mul_s10/B[17:0] is not pipelined. Pipelining DSP48 input will improve performance.
Related violations: <none>

DPIP-1#232 Warning
Input pipelining  
DSP npu_system_i/tinynpu_0/inst/u_systolic/row[4].col[5].pe_inst/mul_s10 input npu_system_i/tinynpu_0/inst/u_systolic/row[4].col[5].pe_inst/mul_s10/A[29:0] is not pipelined. Pipelining DSP48 input will improve performance.
Related violations: <none>

DPIP-1#233 Warning
Input pipelining  
DSP npu_system_i/tinynpu_0/inst/u_systolic/row[4].col[5].pe_inst/mul_s10 input npu_system_i/tinynpu_0/inst/u_systolic/row[4].col[5].pe_inst/mul_s10/B[17:0] is not pipelined. Pipelining DSP48 input will improve performance.
Related violations: <none>

DPIP-1#234 Warning
Input pipelining  
DSP npu_system_i/tinynpu_0/inst/u_systolic/row[4].col[6].pe_inst/mul_s10 input npu_system_i/tinynpu_0/inst/u_systolic/row[4].col[6].pe_inst/mul_s10/A[29:0] is not pipelined. Pipelining DSP48 input will improve performance.
Related violations: <none>

DPIP-1#235 Warning
Input pipelining  
DSP npu_system_i/tinynpu_0/inst/u_systolic/row[4].col[6].pe_inst/mul_s10 input npu_system_i/tinynpu_0/inst/u_systolic/row[4].col[6].pe_inst/mul_s10/B[17:0] is not pipelined. Pipelining DSP48 input will improve performance.
Related violations: <none>

DPIP-1#236 Warning
Input pipelining  
DSP npu_system_i/tinynpu_0/inst/u_systolic/row[4].col[7].pe_inst/mul_s10 input npu_system_i/tinynpu_0/inst/u_systolic/row[4].col[7].pe_inst/mul_s10/A[29:0] is not pipelined. Pipelining DSP48 input will improve performance.
Related violations: <none>

DPIP-1#237 Warning
Input pipelining  
DSP npu_system_i/tinynpu_0/inst/u_systolic/row[4].col[7].pe_inst/mul_s10 input npu_system_i/tinynpu_0/inst/u_systolic/row[4].col[7].pe_inst/mul_s10/B[17:0] is not pipelined. Pipelining DSP48 input will improve performance.
Related violations: <none>

DPIP-1#238 Warning
Input pipelining  
DSP npu_system_i/tinynpu_0/inst/u_systolic/row[5].col[0].pe_inst/mul_s10 input npu_system_i/tinynpu_0/inst/u_systolic/row[5].col[0].pe_inst/mul_s10/A[29:0] is not pipelined. Pipelining DSP48 input will improve performance.
Related violations: <none>

DPIP-1#239 Warning
Input pipelining  
DSP npu_system_i/tinynpu_0/inst/u_systolic/row[5].col[0].pe_inst/mul_s10 input npu_system_i/tinynpu_0/inst/u_systolic/row[5].col[0].pe_inst/mul_s10/B[17:0] is not pipelined. Pipelining DSP48 input will improve performance.
Related violations: <none>

DPIP-1#240 Warning
Input pipelining  
DSP npu_system_i/tinynpu_0/inst/u_systolic/row[5].col[1].pe_inst/mul_s10 input npu_system_i/tinynpu_0/inst/u_systolic/row[5].col[1].pe_inst/mul_s10/A[29:0] is not pipelined. Pipelining DSP48 input will improve performance.
Related violations: <none>

DPIP-1#241 Warning
Input pipelining  
DSP npu_system_i/tinynpu_0/inst/u_systolic/row[5].col[1].pe_inst/mul_s10 input npu_system_i/tinynpu_0/inst/u_systolic/row[5].col[1].pe_inst/mul_s10/B[17:0] is not pipelined. Pipelining DSP48 input will improve performance.
Related violations: <none>

DPIP-1#242 Warning
Input pipelining  
DSP npu_system_i/tinynpu_0/inst/u_systolic/row[5].col[2].pe_inst/mul_s10 input npu_system_i/tinynpu_0/inst/u_systolic/row[5].col[2].pe_inst/mul_s10/A[29:0] is not pipelined. Pipelining DSP48 input will improve performance.
Related violations: <none>

DPIP-1#243 Warning
Input pipelining  
DSP npu_system_i/tinynpu_0/inst/u_systolic/row[5].col[2].pe_inst/mul_s10 input npu_system_i/tinynpu_0/inst/u_systolic/row[5].col[2].pe_inst/mul_s10/B[17:0] is not pipelined. Pipelining DSP48 input will improve performance.
Related violations: <none>

DPIP-1#244 Warning
Input pipelining  
DSP npu_system_i/tinynpu_0/inst/u_systolic/row[5].col[3].pe_inst/mul_s10 input npu_system_i/tinynpu_0/inst/u_systolic/row[5].col[3].pe_inst/mul_s10/A[29:0] is not pipelined. Pipelining DSP48 input will improve performance.
Related violations: <none>

DPIP-1#245 Warning
Input pipelining  
DSP npu_system_i/tinynpu_0/inst/u_systolic/row[5].col[3].pe_inst/mul_s10 input npu_system_i/tinynpu_0/inst/u_systolic/row[5].col[3].pe_inst/mul_s10/B[17:0] is not pipelined. Pipelining DSP48 input will improve performance.
Related violations: <none>

DPIP-1#246 Warning
Input pipelining  
DSP npu_system_i/tinynpu_0/inst/u_systolic/row[5].col[4].pe_inst/mul_s10 input npu_system_i/tinynpu_0/inst/u_systolic/row[5].col[4].pe_inst/mul_s10/A[29:0] is not pipelined. Pipelining DSP48 input will improve performance.
Related violations: <none>

DPIP-1#247 Warning
Input pipelining  
DSP npu_system_i/tinynpu_0/inst/u_systolic/row[5].col[4].pe_inst/mul_s10 input npu_system_i/tinynpu_0/inst/u_systolic/row[5].col[4].pe_inst/mul_s10/B[17:0] is not pipelined. Pipelining DSP48 input will improve performance.
Related violations: <none>

DPIP-1#248 Warning
Input pipelining  
DSP npu_system_i/tinynpu_0/inst/u_systolic/row[5].col[5].pe_inst/mul_s10 input npu_system_i/tinynpu_0/inst/u_systolic/row[5].col[5].pe_inst/mul_s10/A[29:0] is not pipelined. Pipelining DSP48 input will improve performance.
Related violations: <none>

DPIP-1#249 Warning
Input pipelining  
DSP npu_system_i/tinynpu_0/inst/u_systolic/row[5].col[5].pe_inst/mul_s10 input npu_system_i/tinynpu_0/inst/u_systolic/row[5].col[5].pe_inst/mul_s10/B[17:0] is not pipelined. Pipelining DSP48 input will improve performance.
Related violations: <none>

DPIP-1#250 Warning
Input pipelining  
DSP npu_system_i/tinynpu_0/inst/u_systolic/row[5].col[6].pe_inst/mul_s10 input npu_system_i/tinynpu_0/inst/u_systolic/row[5].col[6].pe_inst/mul_s10/A[29:0] is not pipelined. Pipelining DSP48 input will improve performance.
Related violations: <none>

DPIP-1#251 Warning
Input pipelining  
DSP npu_system_i/tinynpu_0/inst/u_systolic/row[5].col[6].pe_inst/mul_s10 input npu_system_i/tinynpu_0/inst/u_systolic/row[5].col[6].pe_inst/mul_s10/B[17:0] is not pipelined. Pipelining DSP48 input will improve performance.
Related violations: <none>

DPIP-1#252 Warning
Input pipelining  
DSP npu_system_i/tinynpu_0/inst/u_systolic/row[5].col[7].pe_inst/mul_s10 input npu_system_i/tinynpu_0/inst/u_systolic/row[5].col[7].pe_inst/mul_s10/A[29:0] is not pipelined. Pipelining DSP48 input will improve performance.
Related violations: <none>

DPIP-1#253 Warning
Input pipelining  
DSP npu_system_i/tinynpu_0/inst/u_systolic/row[5].col[7].pe_inst/mul_s10 input npu_system_i/tinynpu_0/inst/u_systolic/row[5].col[7].pe_inst/mul_s10/B[17:0] is not pipelined. Pipelining DSP48 input will improve performance.
Related violations: <none>

DPIP-1#254 Warning
Input pipelining  
DSP npu_system_i/tinynpu_0/inst/u_systolic/row[6].col[0].pe_inst/mul_s10 input npu_system_i/tinynpu_0/inst/u_systolic/row[6].col[0].pe_inst/mul_s10/A[29:0] is not pipelined. Pipelining DSP48 input will improve performance.
Related violations: <none>

DPIP-1#255 Warning
Input pipelining  
DSP npu_system_i/tinynpu_0/inst/u_systolic/row[6].col[0].pe_inst/mul_s10 input npu_system_i/tinynpu_0/inst/u_systolic/row[6].col[0].pe_inst/mul_s10/B[17:0] is not pipelined. Pipelining DSP48 input will improve performance.
Related violations: <none>

DPIP-1#256 Warning
Input pipelining  
DSP npu_system_i/tinynpu_0/inst/u_systolic/row[6].col[1].pe_inst/mul_s10 input npu_system_i/tinynpu_0/inst/u_systolic/row[6].col[1].pe_inst/mul_s10/A[29:0] is not pipelined. Pipelining DSP48 input will improve performance.
Related violations: <none>

DPIP-1#257 Warning
Input pipelining  
DSP npu_system_i/tinynpu_0/inst/u_systolic/row[6].col[1].pe_inst/mul_s10 input npu_system_i/tinynpu_0/inst/u_systolic/row[6].col[1].pe_inst/mul_s10/B[17:0] is not pipelined. Pipelining DSP48 input will improve performance.
Related violations: <none>

DPIP-1#258 Warning
Input pipelining  
DSP npu_system_i/tinynpu_0/inst/u_systolic/row[6].col[2].pe_inst/mul_s10 input npu_system_i/tinynpu_0/inst/u_systolic/row[6].col[2].pe_inst/mul_s10/A[29:0] is not pipelined. Pipelining DSP48 input will improve performance.
Related violations: <none>

DPIP-1#259 Warning
Input pipelining  
DSP npu_system_i/tinynpu_0/inst/u_systolic/row[6].col[2].pe_inst/mul_s10 input npu_system_i/tinynpu_0/inst/u_systolic/row[6].col[2].pe_inst/mul_s10/B[17:0] is not pipelined. Pipelining DSP48 input will improve performance.
Related violations: <none>

DPIP-1#260 Warning
Input pipelining  
DSP npu_system_i/tinynpu_0/inst/u_systolic/row[6].col[3].pe_inst/mul_s10 input npu_system_i/tinynpu_0/inst/u_systolic/row[6].col[3].pe_inst/mul_s10/A[29:0] is not pipelined. Pipelining DSP48 input will improve performance.
Related violations: <none>

DPIP-1#261 Warning
Input pipelining  
DSP npu_system_i/tinynpu_0/inst/u_systolic/row[6].col[3].pe_inst/mul_s10 input npu_system_i/tinynpu_0/inst/u_systolic/row[6].col[3].pe_inst/mul_s10/B[17:0] is not pipelined. Pipelining DSP48 input will improve performance.
Related violations: <none>

DPIP-1#262 Warning
Input pipelining  
DSP npu_system_i/tinynpu_0/inst/u_systolic/row[6].col[4].pe_inst/mul_s10 input npu_system_i/tinynpu_0/inst/u_systolic/row[6].col[4].pe_inst/mul_s10/A[29:0] is not pipelined. Pipelining DSP48 input will improve performance.
Related violations: <none>

DPIP-1#263 Warning
Input pipelining  
DSP npu_system_i/tinynpu_0/inst/u_systolic/row[6].col[4].pe_inst/mul_s10 input npu_system_i/tinynpu_0/inst/u_systolic/row[6].col[4].pe_inst/mul_s10/B[17:0] is not pipelined. Pipelining DSP48 input will improve performance.
Related violations: <none>

DPIP-1#264 Warning
Input pipelining  
DSP npu_system_i/tinynpu_0/inst/u_systolic/row[6].col[5].pe_inst/mul_s10 input npu_system_i/tinynpu_0/inst/u_systolic/row[6].col[5].pe_inst/mul_s10/A[29:0] is not pipelined. Pipelining DSP48 input will improve performance.
Related violations: <none>

DPIP-1#265 Warning
Input pipelining  
DSP npu_system_i/tinynpu_0/inst/u_systolic/row[6].col[5].pe_inst/mul_s10 input npu_system_i/tinynpu_0/inst/u_systolic/row[6].col[5].pe_inst/mul_s10/B[17:0] is not pipelined. Pipelining DSP48 input will improve performance.
Related violations: <none>

DPIP-1#266 Warning
Input pipelining  
DSP npu_system_i/tinynpu_0/inst/u_systolic/row[6].col[6].pe_inst/mul_s10 input npu_system_i/tinynpu_0/inst/u_systolic/row[6].col[6].pe_inst/mul_s10/A[29:0] is not pipelined. Pipelining DSP48 input will improve performance.
Related violations: <none>

DPIP-1#267 Warning
Input pipelining  
DSP npu_system_i/tinynpu_0/inst/u_systolic/row[6].col[6].pe_inst/mul_s10 input npu_system_i/tinynpu_0/inst/u_systolic/row[6].col[6].pe_inst/mul_s10/B[17:0] is not pipelined. Pipelining DSP48 input will improve performance.
Related violations: <none>

DPIP-1#268 Warning
Input pipelining  
DSP npu_system_i/tinynpu_0/inst/u_systolic/row[6].col[7].pe_inst/mul_s10 input npu_system_i/tinynpu_0/inst/u_systolic/row[6].col[7].pe_inst/mul_s10/A[29:0] is not pipelined. Pipelining DSP48 input will improve performance.
Related violations: <none>

DPIP-1#269 Warning
Input pipelining  
DSP npu_system_i/tinynpu_0/inst/u_systolic/row[6].col[7].pe_inst/mul_s10 input npu_system_i/tinynpu_0/inst/u_systolic/row[6].col[7].pe_inst/mul_s10/B[17:0] is not pipelined. Pipelining DSP48 input will improve performance.
Related violations: <none>

DPIP-1#270 Warning
Input pipelining  
DSP npu_system_i/tinynpu_0/inst/u_systolic/row[7].col[0].pe_inst/mul_s10 input npu_system_i/tinynpu_0/inst/u_systolic/row[7].col[0].pe_inst/mul_s10/A[29:0] is not pipelined. Pipelining DSP48 input will improve performance.
Related violations: <none>

DPIP-1#271 Warning
Input pipelining  
DSP npu_system_i/tinynpu_0/inst/u_systolic/row[7].col[1].pe_inst/mul_s10 input npu_system_i/tinynpu_0/inst/u_systolic/row[7].col[1].pe_inst/mul_s10/A[29:0] is not pipelined. Pipelining DSP48 input will improve performance.
Related violations: <none>

DPIP-1#272 Warning
Input pipelining  
DSP npu_system_i/tinynpu_0/inst/u_systolic/row[7].col[2].pe_inst/mul_s10 input npu_system_i/tinynpu_0/inst/u_systolic/row[7].col[2].pe_inst/mul_s10/A[29:0] is not pipelined. Pipelining DSP48 input will improve performance.
Related violations: <none>

DPIP-1#273 Warning
Input pipelining  
DSP npu_system_i/tinynpu_0/inst/u_systolic/row[7].col[3].pe_inst/mul_s10 input npu_system_i/tinynpu_0/inst/u_systolic/row[7].col[3].pe_inst/mul_s10/A[29:0] is not pipelined. Pipelining DSP48 input will improve performance.
Related violations: <none>

DPIP-1#274 Warning
Input pipelining  
DSP npu_system_i/tinynpu_0/inst/u_systolic/row[7].col[4].pe_inst/mul_s10 input npu_system_i/tinynpu_0/inst/u_systolic/row[7].col[4].pe_inst/mul_s10/A[29:0] is not pipelined. Pipelining DSP48 input will improve performance.
Related violations: <none>

DPIP-1#275 Warning
Input pipelining  
DSP npu_system_i/tinynpu_0/inst/u_systolic/row[7].col[5].pe_inst/mul_s10 input npu_system_i/tinynpu_0/inst/u_systolic/row[7].col[5].pe_inst/mul_s10/A[29:0] is not pipelined. Pipelining DSP48 input will improve performance.
Related violations: <none>

DPIP-1#276 Warning
Input pipelining  
DSP npu_system_i/tinynpu_0/inst/u_systolic/row[7].col[6].pe_inst/mul_s10 input npu_system_i/tinynpu_0/inst/u_systolic/row[7].col[6].pe_inst/mul_s10/A[29:0] is not pipelined. Pipelining DSP48 input will improve performance.
Related violations: <none>

DPIP-1#277 Warning
Input pipelining  
DSP npu_system_i/tinynpu_0/inst/u_systolic/row[7].col[7].pe_inst/mul_s10 input npu_system_i/tinynpu_0/inst/u_systolic/row[7].col[7].pe_inst/mul_s10/A[29:0] is not pipelined. Pipelining DSP48 input will improve performance.
Related violations: <none>

DPIP-1#278 Warning
Input pipelining  
DSP npu_system_i/tinynpu_0/inst/u_systolic/row[8].col[0].pe_inst/mul_s10 input npu_system_i/tinynpu_0/inst/u_systolic/row[8].col[0].pe_inst/mul_s10/A[29:0] is not pipelined. Pipelining DSP48 input will improve performance.
Related violations: <none>

DPIP-1#279 Warning
Input pipelining  
DSP npu_system_i/tinynpu_0/inst/u_systolic/row[8].col[0].pe_inst/mul_s10 input npu_system_i/tinynpu_0/inst/u_systolic/row[8].col[0].pe_inst/mul_s10/B[17:0] is not pipelined. Pipelining DSP48 input will improve performance.
Related violations: <none>

DPIP-1#280 Warning
Input pipelining  
DSP npu_system_i/tinynpu_0/inst/u_systolic/row[8].col[1].pe_inst/mul_s10 input npu_system_i/tinynpu_0/inst/u_systolic/row[8].col[1].pe_inst/mul_s10/A[29:0] is not pipelined. Pipelining DSP48 input will improve performance.
Related violations: <none>

DPIP-1#281 Warning
Input pipelining  
DSP npu_system_i/tinynpu_0/inst/u_systolic/row[8].col[1].pe_inst/mul_s10 input npu_system_i/tinynpu_0/inst/u_systolic/row[8].col[1].pe_inst/mul_s10/B[17:0] is not pipelined. Pipelining DSP48 input will improve performance.
Related violations: <none>

DPIP-1#282 Warning
Input pipelining  
DSP npu_system_i/tinynpu_0/inst/u_systolic/row[8].col[2].pe_inst/mul_s10 input npu_system_i/tinynpu_0/inst/u_systolic/row[8].col[2].pe_inst/mul_s10/A[29:0] is not pipelined. Pipelining DSP48 input will improve performance.
Related violations: <none>

DPIP-1#283 Warning
Input pipelining  
DSP npu_system_i/tinynpu_0/inst/u_systolic/row[8].col[2].pe_inst/mul_s10 input npu_system_i/tinynpu_0/inst/u_systolic/row[8].col[2].pe_inst/mul_s10/B[17:0] is not pipelined. Pipelining DSP48 input will improve performance.
Related violations: <none>

DPIP-1#284 Warning
Input pipelining  
DSP npu_system_i/tinynpu_0/inst/u_systolic/row[8].col[3].pe_inst/mul_s10 input npu_system_i/tinynpu_0/inst/u_systolic/row[8].col[3].pe_inst/mul_s10/A[29:0] is not pipelined. Pipelining DSP48 input will improve performance.
Related violations: <none>

DPIP-1#285 Warning
Input pipelining  
DSP npu_system_i/tinynpu_0/inst/u_systolic/row[8].col[3].pe_inst/mul_s10 input npu_system_i/tinynpu_0/inst/u_systolic/row[8].col[3].pe_inst/mul_s10/B[17:0] is not pipelined. Pipelining DSP48 input will improve performance.
Related violations: <none>

DPIP-1#286 Warning
Input pipelining  
DSP npu_system_i/tinynpu_0/inst/u_systolic/row[8].col[4].pe_inst/mul_s10 input npu_system_i/tinynpu_0/inst/u_systolic/row[8].col[4].pe_inst/mul_s10/A[29:0] is not pipelined. Pipelining DSP48 input will improve performance.
Related violations: <none>

DPIP-1#287 Warning
Input pipelining  
DSP npu_system_i/tinynpu_0/inst/u_systolic/row[8].col[4].pe_inst/mul_s10 input npu_system_i/tinynpu_0/inst/u_systolic/row[8].col[4].pe_inst/mul_s10/B[17:0] is not pipelined. Pipelining DSP48 input will improve performance.
Related violations: <none>

DPIP-1#288 Warning
Input pipelining  
DSP npu_system_i/tinynpu_0/inst/u_systolic/row[8].col[5].pe_inst/mul_s10 input npu_system_i/tinynpu_0/inst/u_systolic/row[8].col[5].pe_inst/mul_s10/A[29:0] is not pipelined. Pipelining DSP48 input will improve performance.
Related violations: <none>

DPIP-1#289 Warning
Input pipelining  
DSP npu_system_i/tinynpu_0/inst/u_systolic/row[8].col[5].pe_inst/mul_s10 input npu_system_i/tinynpu_0/inst/u_systolic/row[8].col[5].pe_inst/mul_s10/B[17:0] is not pipelined. Pipelining DSP48 input will improve performance.
Related violations: <none>

DPIP-1#290 Warning
Input pipelining  
DSP npu_system_i/tinynpu_0/inst/u_systolic/row[8].col[6].pe_inst/mul_s10 input npu_system_i/tinynpu_0/inst/u_systolic/row[8].col[6].pe_inst/mul_s10/A[29:0] is not pipelined. Pipelining DSP48 input will improve performance.
Related violations: <none>

DPIP-1#291 Warning
Input pipelining  
DSP npu_system_i/tinynpu_0/inst/u_systolic/row[8].col[6].pe_inst/mul_s10 input npu_system_i/tinynpu_0/inst/u_systolic/row[8].col[6].pe_inst/mul_s10/B[17:0] is not pipelined. Pipelining DSP48 input will improve performance.
Related violations: <none>

DPIP-1#292 Warning
Input pipelining  
DSP npu_system_i/tinynpu_0/inst/u_systolic/row[8].col[7].pe_inst/mul_s10 input npu_system_i/tinynpu_0/inst/u_systolic/row[8].col[7].pe_inst/mul_s10/A[29:0] is not pipelined. Pipelining DSP48 input will improve performance.
Related violations: <none>

DPIP-1#293 Warning
Input pipelining  
DSP npu_system_i/tinynpu_0/inst/u_systolic/row[8].col[7].pe_inst/mul_s10 input npu_system_i/tinynpu_0/inst/u_systolic/row[8].col[7].pe_inst/mul_s10/B[17:0] is not pipelined. Pipelining DSP48 input will improve performance.
Related violations: <none>

DPIP-1#294 Warning
Input pipelining  
DSP npu_system_i/tinynpu_0/inst/u_systolic/row[9].col[0].pe_inst/mul_s10 input npu_system_i/tinynpu_0/inst/u_systolic/row[9].col[0].pe_inst/mul_s10/A[29:0] is not pipelined. Pipelining DSP48 input will improve performance.
Related violations: <none>

DPIP-1#295 Warning
Input pipelining  
DSP npu_system_i/tinynpu_0/inst/u_systolic/row[9].col[0].pe_inst/mul_s10 input npu_system_i/tinynpu_0/inst/u_systolic/row[9].col[0].pe_inst/mul_s10/B[17:0] is not pipelined. Pipelining DSP48 input will improve performance.
Related violations: <none>

DPIP-1#296 Warning
Input pipelining  
DSP npu_system_i/tinynpu_0/inst/u_systolic/row[9].col[1].pe_inst/mul_s10 input npu_system_i/tinynpu_0/inst/u_systolic/row[9].col[1].pe_inst/mul_s10/A[29:0] is not pipelined. Pipelining DSP48 input will improve performance.
Related violations: <none>

DPIP-1#297 Warning
Input pipelining  
DSP npu_system_i/tinynpu_0/inst/u_systolic/row[9].col[1].pe_inst/mul_s10 input npu_system_i/tinynpu_0/inst/u_systolic/row[9].col[1].pe_inst/mul_s10/B[17:0] is not pipelined. Pipelining DSP48 input will improve performance.
Related violations: <none>

DPIP-1#298 Warning
Input pipelining  
DSP npu_system_i/tinynpu_0/inst/u_systolic/row[9].col[2].pe_inst/mul_s10 input npu_system_i/tinynpu_0/inst/u_systolic/row[9].col[2].pe_inst/mul_s10/A[29:0] is not pipelined. Pipelining DSP48 input will improve performance.
Related violations: <none>

DPIP-1#299 Warning
Input pipelining  
DSP npu_system_i/tinynpu_0/inst/u_systolic/row[9].col[2].pe_inst/mul_s10 input npu_system_i/tinynpu_0/inst/u_systolic/row[9].col[2].pe_inst/mul_s10/B[17:0] is not pipelined. Pipelining DSP48 input will improve performance.
Related violations: <none>

DPIP-1#300 Warning
Input pipelining  
DSP npu_system_i/tinynpu_0/inst/u_systolic/row[9].col[3].pe_inst/mul_s10 input npu_system_i/tinynpu_0/inst/u_systolic/row[9].col[3].pe_inst/mul_s10/A[29:0] is not pipelined. Pipelining DSP48 input will improve performance.
Related violations: <none>

DPIP-1#301 Warning
Input pipelining  
DSP npu_system_i/tinynpu_0/inst/u_systolic/row[9].col[3].pe_inst/mul_s10 input npu_system_i/tinynpu_0/inst/u_systolic/row[9].col[3].pe_inst/mul_s10/B[17:0] is not pipelined. Pipelining DSP48 input will improve performance.
Related violations: <none>

DPIP-1#302 Warning
Input pipelining  
DSP npu_system_i/tinynpu_0/inst/u_systolic/row[9].col[4].pe_inst/mul_s10 input npu_system_i/tinynpu_0/inst/u_systolic/row[9].col[4].pe_inst/mul_s10/A[29:0] is not pipelined. Pipelining DSP48 input will improve performance.
Related violations: <none>

DPIP-1#303 Warning
Input pipelining  
DSP npu_system_i/tinynpu_0/inst/u_systolic/row[9].col[4].pe_inst/mul_s10 input npu_system_i/tinynpu_0/inst/u_systolic/row[9].col[4].pe_inst/mul_s10/B[17:0] is not pipelined. Pipelining DSP48 input will improve performance.
Related violations: <none>

DPIP-1#304 Warning
Input pipelining  
DSP npu_system_i/tinynpu_0/inst/u_systolic/row[9].col[5].pe_inst/mul_s10 input npu_system_i/tinynpu_0/inst/u_systolic/row[9].col[5].pe_inst/mul_s10/A[29:0] is not pipelined. Pipelining DSP48 input will improve performance.
Related violations: <none>

DPIP-1#305 Warning
Input pipelining  
DSP npu_system_i/tinynpu_0/inst/u_systolic/row[9].col[5].pe_inst/mul_s10 input npu_system_i/tinynpu_0/inst/u_systolic/row[9].col[5].pe_inst/mul_s10/B[17:0] is not pipelined. Pipelining DSP48 input will improve performance.
Related violations: <none>

DPIP-1#306 Warning
Input pipelining  
DSP npu_system_i/tinynpu_0/inst/u_systolic/row[9].col[6].pe_inst/mul_s10 input npu_system_i/tinynpu_0/inst/u_systolic/row[9].col[6].pe_inst/mul_s10/A[29:0] is not pipelined. Pipelining DSP48 input will improve performance.
Related violations: <none>

DPIP-1#307 Warning
Input pipelining  
DSP npu_system_i/tinynpu_0/inst/u_systolic/row[9].col[6].pe_inst/mul_s10 input npu_system_i/tinynpu_0/inst/u_systolic/row[9].col[6].pe_inst/mul_s10/B[17:0] is not pipelined. Pipelining DSP48 input will improve performance.
Related violations: <none>

DPIP-1#308 Warning
Input pipelining  
DSP npu_system_i/tinynpu_0/inst/u_systolic/row[9].col[7].pe_inst/mul_s10 input npu_system_i/tinynpu_0/inst/u_systolic/row[9].col[7].pe_inst/mul_s10/A[29:0] is not pipelined. Pipelining DSP48 input will improve performance.
Related violations: <none>

DPIP-1#309 Warning
Input pipelining  
DSP npu_system_i/tinynpu_0/inst/u_systolic/row[9].col[7].pe_inst/mul_s10 input npu_system_i/tinynpu_0/inst/u_systolic/row[9].col[7].pe_inst/mul_s10/B[17:0] is not pipelined. Pipelining DSP48 input will improve performance.
Related violations: <none>

DPOP-1#1 Warning
PREG Output pipelining  
DSP npu_system_i/tinynpu_0/inst/u_requant/p_0_out__0 output npu_system_i/tinynpu_0/inst/u_requant/p_0_out__0/P[47:0] is not pipelined (PREG=0). Pipelining the DSP48 output will improve performance and often saves power so it is suggested whenever possible to fully pipeline this function.  If this DSP48 function was inferred, it is suggested to describe an additional register stage after this function.  If the DSP48 was instantiated in the design, it is suggested to set the PREG attribute to 1.
Related violations: <none>

DPOP-1#2 Warning
PREG Output pipelining  
DSP npu_system_i/tinynpu_0/inst/u_requant/p_0_out__0__0 output npu_system_i/tinynpu_0/inst/u_requant/p_0_out__0__0/P[47:0] is not pipelined (PREG=0). Pipelining the DSP48 output will improve performance and often saves power so it is suggested whenever possible to fully pipeline this function.  If this DSP48 function was inferred, it is suggested to describe an additional register stage after this function.  If the DSP48 was instantiated in the design, it is suggested to set the PREG attribute to 1.
Related violations: <none>

DPOP-1#3 Warning
PREG Output pipelining  
DSP npu_system_i/tinynpu_0/inst/u_requant/p_0_out__1 output npu_system_i/tinynpu_0/inst/u_requant/p_0_out__1/P[47:0] is not pipelined (PREG=0). Pipelining the DSP48 output will improve performance and often saves power so it is suggested whenever possible to fully pipeline this function.  If this DSP48 function was inferred, it is suggested to describe an additional register stage after this function.  If the DSP48 was instantiated in the design, it is suggested to set the PREG attribute to 1.
Related violations: <none>

DPOP-1#4 Warning
PREG Output pipelining  
DSP npu_system_i/tinynpu_0/inst/u_requant/p_0_out__10 output npu_system_i/tinynpu_0/inst/u_requant/p_0_out__10/P[47:0] is not pipelined (PREG=0). Pipelining the DSP48 output will improve performance and often saves power so it is suggested whenever possible to fully pipeline this function.  If this DSP48 function was inferred, it is suggested to describe an additional register stage after this function.  If the DSP48 was instantiated in the design, it is suggested to set the PREG attribute to 1.
Related violations: <none>

DPOP-1#5 Warning
PREG Output pipelining  
DSP npu_system_i/tinynpu_0/inst/u_requant/p_0_out__11 output npu_system_i/tinynpu_0/inst/u_requant/p_0_out__11/P[47:0] is not pipelined (PREG=0). Pipelining the DSP48 output will improve performance and often saves power so it is suggested whenever possible to fully pipeline this function.  If this DSP48 function was inferred, it is suggested to describe an additional register stage after this function.  If the DSP48 was instantiated in the design, it is suggested to set the PREG attribute to 1.
Related violations: <none>

DPOP-1#6 Warning
PREG Output pipelining  
DSP npu_system_i/tinynpu_0/inst/u_requant/p_0_out__12 output npu_system_i/tinynpu_0/inst/u_requant/p_0_out__12/P[47:0] is not pipelined (PREG=0). Pipelining the DSP48 output will improve performance and often saves power so it is suggested whenever possible to fully pipeline this function.  If this DSP48 function was inferred, it is suggested to describe an additional register stage after this function.  If the DSP48 was instantiated in the design, it is suggested to set the PREG attribute to 1.
Related violations: <none>

DPOP-1#7 Warning
PREG Output pipelining  
DSP npu_system_i/tinynpu_0/inst/u_requant/p_0_out__13 output npu_system_i/tinynpu_0/inst/u_requant/p_0_out__13/P[47:0] is not pipelined (PREG=0). Pipelining the DSP48 output will improve performance and often saves power so it is suggested whenever possible to fully pipeline this function.  If this DSP48 function was inferred, it is suggested to describe an additional register stage after this function.  If the DSP48 was instantiated in the design, it is suggested to set the PREG attribute to 1.
Related violations: <none>

DPOP-1#8 Warning
PREG Output pipelining  
DSP npu_system_i/tinynpu_0/inst/u_requant/p_0_out__14 output npu_system_i/tinynpu_0/inst/u_requant/p_0_out__14/P[47:0] is not pipelined (PREG=0). Pipelining the DSP48 output will improve performance and often saves power so it is suggested whenever possible to fully pipeline this function.  If this DSP48 function was inferred, it is suggested to describe an additional register stage after this function.  If the DSP48 was instantiated in the design, it is suggested to set the PREG attribute to 1.
Related violations: <none>

DPOP-1#9 Warning
PREG Output pipelining  
DSP npu_system_i/tinynpu_0/inst/u_requant/p_0_out__15 output npu_system_i/tinynpu_0/inst/u_requant/p_0_out__15/P[47:0] is not pipelined (PREG=0). Pipelining the DSP48 output will improve performance and often saves power so it is suggested whenever possible to fully pipeline this function.  If this DSP48 function was inferred, it is suggested to describe an additional register stage after this function.  If the DSP48 was instantiated in the design, it is suggested to set the PREG attribute to 1.
Related violations: <none>

DPOP-1#10 Warning
PREG Output pipelining  
DSP npu_system_i/tinynpu_0/inst/u_requant/p_0_out__16 output npu_system_i/tinynpu_0/inst/u_requant/p_0_out__16/P[47:0] is not pipelined (PREG=0). Pipelining the DSP48 output will improve performance and often saves power so it is suggested whenever possible to fully pipeline this function.  If this DSP48 function was inferred, it is suggested to describe an additional register stage after this function.  If the DSP48 was instantiated in the design, it is suggested to set the PREG attribute to 1.
Related violations: <none>

DPOP-1#11 Warning
PREG Output pipelining  
DSP npu_system_i/tinynpu_0/inst/u_requant/p_0_out__17 output npu_system_i/tinynpu_0/inst/u_requant/p_0_out__17/P[47:0] is not pipelined (PREG=0). Pipelining the DSP48 output will improve performance and often saves power so it is suggested whenever possible to fully pipeline this function.  If this DSP48 function was inferred, it is suggested to describe an additional register stage after this function.  If the DSP48 was instantiated in the design, it is suggested to set the PREG attribute to 1.
Related violations: <none>

DPOP-1#12 Warning
PREG Output pipelining  
DSP npu_system_i/tinynpu_0/inst/u_requant/p_0_out__18 output npu_system_i/tinynpu_0/inst/u_requant/p_0_out__18/P[47:0] is not pipelined (PREG=0). Pipelining the DSP48 output will improve performance and often saves power so it is suggested whenever possible to fully pipeline this function.  If this DSP48 function was inferred, it is suggested to describe an additional register stage after this function.  If the DSP48 was instantiated in the design, it is suggested to set the PREG attribute to 1.
Related violations: <none>

DPOP-1#13 Warning
PREG Output pipelining  
DSP npu_system_i/tinynpu_0/inst/u_requant/p_0_out__19 output npu_system_i/tinynpu_0/inst/u_requant/p_0_out__19/P[47:0] is not pipelined (PREG=0). Pipelining the DSP48 output will improve performance and often saves power so it is suggested whenever possible to fully pipeline this function.  If this DSP48 function was inferred, it is suggested to describe an additional register stage after this function.  If the DSP48 was instantiated in the design, it is suggested to set the PREG attribute to 1.
Related violations: <none>

DPOP-1#14 Warning
PREG Output pipelining  
DSP npu_system_i/tinynpu_0/inst/u_requant/p_0_out__2 output npu_system_i/tinynpu_0/inst/u_requant/p_0_out__2/P[47:0] is not pipelined (PREG=0). Pipelining the DSP48 output will improve performance and often saves power so it is suggested whenever possible to fully pipeline this function.  If this DSP48 function was inferred, it is suggested to describe an additional register stage after this function.  If the DSP48 was instantiated in the design, it is suggested to set the PREG attribute to 1.
Related violations: <none>

DPOP-1#15 Warning
PREG Output pipelining  
DSP npu_system_i/tinynpu_0/inst/u_requant/p_0_out__20 output npu_system_i/tinynpu_0/inst/u_requant/p_0_out__20/P[47:0] is not pipelined (PREG=0). Pipelining the DSP48 output will improve performance and often saves power so it is suggested whenever possible to fully pipeline this function.  If this DSP48 function was inferred, it is suggested to describe an additional register stage after this function.  If the DSP48 was instantiated in the design, it is suggested to set the PREG attribute to 1.
Related violations: <none>

DPOP-1#16 Warning
PREG Output pipelining  
DSP npu_system_i/tinynpu_0/inst/u_requant/p_0_out__21 output npu_system_i/tinynpu_0/inst/u_requant/p_0_out__21/P[47:0] is not pipelined (PREG=0). Pipelining the DSP48 output will improve performance and often saves power so it is suggested whenever possible to fully pipeline this function.  If this DSP48 function was inferred, it is suggested to describe an additional register stage after this function.  If the DSP48 was instantiated in the design, it is suggested to set the PREG attribute to 1.
Related violations: <none>

DPOP-1#17 Warning
PREG Output pipelining  
DSP npu_system_i/tinynpu_0/inst/u_requant/p_0_out__22 output npu_system_i/tinynpu_0/inst/u_requant/p_0_out__22/P[47:0] is not pipelined (PREG=0). Pipelining the DSP48 output will improve performance and often saves power so it is suggested whenever possible to fully pipeline this function.  If this DSP48 function was inferred, it is suggested to describe an additional register stage after this function.  If the DSP48 was instantiated in the design, it is suggested to set the PREG attribute to 1.
Related violations: <none>

DPOP-1#18 Warning
PREG Output pipelining  
DSP npu_system_i/tinynpu_0/inst/u_requant/p_0_out__23 output npu_system_i/tinynpu_0/inst/u_requant/p_0_out__23/P[47:0] is not pipelined (PREG=0). Pipelining the DSP48 output will improve performance and often saves power so it is suggested whenever possible to fully pipeline this function.  If this DSP48 function was inferred, it is suggested to describe an additional register stage after this function.  If the DSP48 was instantiated in the design, it is suggested to set the PREG attribute to 1.
Related violations: <none>

DPOP-1#19 Warning
PREG Output pipelining  
DSP npu_system_i/tinynpu_0/inst/u_requant/p_0_out__24 output npu_system_i/tinynpu_0/inst/u_requant/p_0_out__24/P[47:0] is not pipelined (PREG=0). Pipelining the DSP48 output will improve performance and often saves power so it is suggested whenever possible to fully pipeline this function.  If this DSP48 function was inferred, it is suggested to describe an additional register stage after this function.  If the DSP48 was instantiated in the design, it is suggested to set the PREG attribute to 1.
Related violations: <none>

DPOP-1#20 Warning
PREG Output pipelining  
DSP npu_system_i/tinynpu_0/inst/u_requant/p_0_out__25 output npu_system_i/tinynpu_0/inst/u_requant/p_0_out__25/P[47:0] is not pipelined (PREG=0). Pipelining the DSP48 output will improve performance and often saves power so it is suggested whenever possible to fully pipeline this function.  If this DSP48 function was inferred, it is suggested to describe an additional register stage after this function.  If the DSP48 was instantiated in the design, it is suggested to set the PREG attribute to 1.
Related violations: <none>

DPOP-1#21 Warning
PREG Output pipelining  
DSP npu_system_i/tinynpu_0/inst/u_requant/p_0_out__26 output npu_system_i/tinynpu_0/inst/u_requant/p_0_out__26/P[47:0] is not pipelined (PREG=0). Pipelining the DSP48 output will improve performance and often saves power so it is suggested whenever possible to fully pipeline this function.  If this DSP48 function was inferred, it is suggested to describe an additional register stage after this function.  If the DSP48 was instantiated in the design, it is suggested to set the PREG attribute to 1.
Related violations: <none>

DPOP-1#22 Warning
PREG Output pipelining  
DSP npu_system_i/tinynpu_0/inst/u_requant/p_0_out__3 output npu_system_i/tinynpu_0/inst/u_requant/p_0_out__3/P[47:0] is not pipelined (PREG=0). Pipelining the DSP48 output will improve performance and often saves power so it is suggested whenever possible to fully pipeline this function.  If this DSP48 function was inferred, it is suggested to describe an additional register stage after this function.  If the DSP48 was instantiated in the design, it is suggested to set the PREG attribute to 1.
Related violations: <none>

DPOP-1#23 Warning
PREG Output pipelining  
DSP npu_system_i/tinynpu_0/inst/u_requant/p_0_out__35 output npu_system_i/tinynpu_0/inst/u_requant/p_0_out__35/P[47:0] is not pipelined (PREG=0). Pipelining the DSP48 output will improve performance and often saves power so it is suggested whenever possible to fully pipeline this function.  If this DSP48 function was inferred, it is suggested to describe an additional register stage after this function.  If the DSP48 was instantiated in the design, it is suggested to set the PREG attribute to 1.
Related violations: <none>

DPOP-1#24 Warning
PREG Output pipelining  
DSP npu_system_i/tinynpu_0/inst/u_requant/p_0_out__36 output npu_system_i/tinynpu_0/inst/u_requant/p_0_out__36/P[47:0] is not pipelined (PREG=0). Pipelining the DSP48 output will improve performance and often saves power so it is suggested whenever possible to fully pipeline this function.  If this DSP48 function was inferred, it is suggested to describe an additional register stage after this function.  If the DSP48 was instantiated in the design, it is suggested to set the PREG attribute to 1.
Related violations: <none>

DPOP-1#25 Warning
PREG Output pipelining  
DSP npu_system_i/tinynpu_0/inst/u_requant/p_0_out__37 output npu_system_i/tinynpu_0/inst/u_requant/p_0_out__37/P[47:0] is not pipelined (PREG=0). Pipelining the DSP48 output will improve performance and often saves power so it is suggested whenever possible to fully pipeline this function.  If this DSP48 function was inferred, it is suggested to describe an additional register stage after this function.  If the DSP48 was instantiated in the design, it is suggested to set the PREG attribute to 1.
Related violations: <none>

DPOP-1#26 Warning
PREG Output pipelining  
DSP npu_system_i/tinynpu_0/inst/u_requant/p_0_out__38 output npu_system_i/tinynpu_0/inst/u_requant/p_0_out__38/P[47:0] is not pipelined (PREG=0). Pipelining the DSP48 output will improve performance and often saves power so it is suggested whenever possible to fully pipeline this function.  If this DSP48 function was inferred, it is suggested to describe an additional register stage after this function.  If the DSP48 was instantiated in the design, it is suggested to set the PREG attribute to 1.
Related violations: <none>

DPOP-1#27 Warning
PREG Output pipelining  
DSP npu_system_i/tinynpu_0/inst/u_requant/p_0_out__4 output npu_system_i/tinynpu_0/inst/u_requant/p_0_out__4/P[47:0] is not pipelined (PREG=0). Pipelining the DSP48 output will improve performance and often saves power so it is suggested whenever possible to fully pipeline this function.  If this DSP48 function was inferred, it is suggested to describe an additional register stage after this function.  If the DSP48 was instantiated in the design, it is suggested to set the PREG attribute to 1.
Related violations: <none>

DPOP-1#28 Warning
PREG Output pipelining  
DSP npu_system_i/tinynpu_0/inst/u_requant/p_0_out__5 output npu_system_i/tinynpu_0/inst/u_requant/p_0_out__5/P[47:0] is not pipelined (PREG=0). Pipelining the DSP48 output will improve performance and often saves power so it is suggested whenever possible to fully pipeline this function.  If this DSP48 function was inferred, it is suggested to describe an additional register stage after this function.  If the DSP48 was instantiated in the design, it is suggested to set the PREG attribute to 1.
Related violations: <none>

DPOP-1#29 Warning
PREG Output pipelining  
DSP npu_system_i/tinynpu_0/inst/u_requant/p_0_out__6 output npu_system_i/tinynpu_0/inst/u_requant/p_0_out__6/P[47:0] is not pipelined (PREG=0). Pipelining the DSP48 output will improve performance and often saves power so it is suggested whenever possible to fully pipeline this function.  If this DSP48 function was inferred, it is suggested to describe an additional register stage after this function.  If the DSP48 was instantiated in the design, it is suggested to set the PREG attribute to 1.
Related violations: <none>

DPOP-1#30 Warning
PREG Output pipelining  
DSP npu_system_i/tinynpu_0/inst/u_requant/p_0_out__7 output npu_system_i/tinynpu_0/inst/u_requant/p_0_out__7/P[47:0] is not pipelined (PREG=0). Pipelining the DSP48 output will improve performance and often saves power so it is suggested whenever possible to fully pipeline this function.  If this DSP48 function was inferred, it is suggested to describe an additional register stage after this function.  If the DSP48 was instantiated in the design, it is suggested to set the PREG attribute to 1.
Related violations: <none>

DPOP-1#31 Warning
PREG Output pipelining  
DSP npu_system_i/tinynpu_0/inst/u_requant/p_0_out__8 output npu_system_i/tinynpu_0/inst/u_requant/p_0_out__8/P[47:0] is not pipelined (PREG=0). Pipelining the DSP48 output will improve performance and often saves power so it is suggested whenever possible to fully pipeline this function.  If this DSP48 function was inferred, it is suggested to describe an additional register stage after this function.  If the DSP48 was instantiated in the design, it is suggested to set the PREG attribute to 1.
Related violations: <none>

DPOP-1#32 Warning
PREG Output pipelining  
DSP npu_system_i/tinynpu_0/inst/u_requant/p_0_out__9 output npu_system_i/tinynpu_0/inst/u_requant/p_0_out__9/P[47:0] is not pipelined (PREG=0). Pipelining the DSP48 output will improve performance and often saves power so it is suggested whenever possible to fully pipeline this function.  If this DSP48 function was inferred, it is suggested to describe an additional register stage after this function.  If the DSP48 was instantiated in the design, it is suggested to set the PREG attribute to 1.
Related violations: <none>

DPOP-2#1 Warning
MREG Output pipelining  
DSP npu_system_i/tinynpu_0/inst/u_requant/mul_result_reg[0] multiplier stage npu_system_i/tinynpu_0/inst/u_requant/mul_result_reg[0]/P[47:0] is not pipelined (MREG=0). Pipelining the multiplier function will improve performance and will save significant power so it is suggested whenever possible to fully pipeline this function.  If this multiplier was inferred, it is suggested to describe an additional register stage after this function.  If there is no registered adder/accumulator following the multiply function, two pipeline stages are suggested to allow both the MREG and PREG registers to be used.  If the DSP48 was instantiated in the design, it is suggested to set both the MREG and PREG attributes to 1 when performing multiply functions.
Related violations: <none>

DPOP-2#2 Warning
MREG Output pipelining  
DSP npu_system_i/tinynpu_0/inst/u_requant/mul_result_reg[0]__0 multiplier stage npu_system_i/tinynpu_0/inst/u_requant/mul_result_reg[0]__0/P[47:0] is not pipelined (MREG=0). Pipelining the multiplier function will improve performance and will save significant power so it is suggested whenever possible to fully pipeline this function.  If this multiplier was inferred, it is suggested to describe an additional register stage after this function.  If there is no registered adder/accumulator following the multiply function, two pipeline stages are suggested to allow both the MREG and PREG registers to be used.  If the DSP48 was instantiated in the design, it is suggested to set both the MREG and PREG attributes to 1 when performing multiply functions.
Related violations: <none>

DPOP-2#3 Warning
MREG Output pipelining  
DSP npu_system_i/tinynpu_0/inst/u_requant/mul_result_reg[13] multiplier stage npu_system_i/tinynpu_0/inst/u_requant/mul_result_reg[13]/P[47:0] is not pipelined (MREG=0). Pipelining the multiplier function will improve performance and will save significant power so it is suggested whenever possible to fully pipeline this function.  If this multiplier was inferred, it is suggested to describe an additional register stage after this function.  If there is no registered adder/accumulator following the multiply function, two pipeline stages are suggested to allow both the MREG and PREG registers to be used.  If the DSP48 was instantiated in the design, it is suggested to set both the MREG and PREG attributes to 1 when performing multiply functions.
Related violations: <none>

DPOP-2#4 Warning
MREG Output pipelining  
DSP npu_system_i/tinynpu_0/inst/u_requant/mul_result_reg[13]__0 multiplier stage npu_system_i/tinynpu_0/inst/u_requant/mul_result_reg[13]__0/P[47:0] is not pipelined (MREG=0). Pipelining the multiplier function will improve performance and will save significant power so it is suggested whenever possible to fully pipeline this function.  If this multiplier was inferred, it is suggested to describe an additional register stage after this function.  If there is no registered adder/accumulator following the multiply function, two pipeline stages are suggested to allow both the MREG and PREG registers to be used.  If the DSP48 was instantiated in the design, it is suggested to set both the MREG and PREG attributes to 1 when performing multiply functions.
Related violations: <none>

DPOP-2#5 Warning
MREG Output pipelining  
DSP npu_system_i/tinynpu_0/inst/u_requant/mul_result_reg[14] multiplier stage npu_system_i/tinynpu_0/inst/u_requant/mul_result_reg[14]/P[47:0] is not pipelined (MREG=0). Pipelining the multiplier function will improve performance and will save significant power so it is suggested whenever possible to fully pipeline this function.  If this multiplier was inferred, it is suggested to describe an additional register stage after this function.  If there is no registered adder/accumulator following the multiply function, two pipeline stages are suggested to allow both the MREG and PREG registers to be used.  If the DSP48 was instantiated in the design, it is suggested to set both the MREG and PREG attributes to 1 when performing multiply functions.
Related violations: <none>

DPOP-2#6 Warning
MREG Output pipelining  
DSP npu_system_i/tinynpu_0/inst/u_requant/mul_result_reg[14]__0 multiplier stage npu_system_i/tinynpu_0/inst/u_requant/mul_result_reg[14]__0/P[47:0] is not pipelined (MREG=0). Pipelining the multiplier function will improve performance and will save significant power so it is suggested whenever possible to fully pipeline this function.  If this multiplier was inferred, it is suggested to describe an additional register stage after this function.  If there is no registered adder/accumulator following the multiply function, two pipeline stages are suggested to allow both the MREG and PREG registers to be used.  If the DSP48 was instantiated in the design, it is suggested to set both the MREG and PREG attributes to 1 when performing multiply functions.
Related violations: <none>

DPOP-2#7 Warning
MREG Output pipelining  
DSP npu_system_i/tinynpu_0/inst/u_requant/mul_result_reg[15] multiplier stage npu_system_i/tinynpu_0/inst/u_requant/mul_result_reg[15]/P[47:0] is not pipelined (MREG=0). Pipelining the multiplier function will improve performance and will save significant power so it is suggested whenever possible to fully pipeline this function.  If this multiplier was inferred, it is suggested to describe an additional register stage after this function.  If there is no registered adder/accumulator following the multiply function, two pipeline stages are suggested to allow both the MREG and PREG registers to be used.  If the DSP48 was instantiated in the design, it is suggested to set both the MREG and PREG attributes to 1 when performing multiply functions.
Related violations: <none>

DPOP-2#8 Warning
MREG Output pipelining  
DSP npu_system_i/tinynpu_0/inst/u_requant/mul_result_reg[15]__0 multiplier stage npu_system_i/tinynpu_0/inst/u_requant/mul_result_reg[15]__0/P[47:0] is not pipelined (MREG=0). Pipelining the multiplier function will improve performance and will save significant power so it is suggested whenever possible to fully pipeline this function.  If this multiplier was inferred, it is suggested to describe an additional register stage after this function.  If there is no registered adder/accumulator following the multiply function, two pipeline stages are suggested to allow both the MREG and PREG registers to be used.  If the DSP48 was instantiated in the design, it is suggested to set both the MREG and PREG attributes to 1 when performing multiply functions.
Related violations: <none>

DPOP-2#9 Warning
MREG Output pipelining  
DSP npu_system_i/tinynpu_0/inst/u_requant/mul_result_reg[16] multiplier stage npu_system_i/tinynpu_0/inst/u_requant/mul_result_reg[16]/P[47:0] is not pipelined (MREG=0). Pipelining the multiplier function will improve performance and will save significant power so it is suggested whenever possible to fully pipeline this function.  If this multiplier was inferred, it is suggested to describe an additional register stage after this function.  If there is no registered adder/accumulator following the multiply function, two pipeline stages are suggested to allow both the MREG and PREG registers to be used.  If the DSP48 was instantiated in the design, it is suggested to set both the MREG and PREG attributes to 1 when performing multiply functions.
Related violations: <none>

DPOP-2#10 Warning
MREG Output pipelining  
DSP npu_system_i/tinynpu_0/inst/u_requant/mul_result_reg[16]__0 multiplier stage npu_system_i/tinynpu_0/inst/u_requant/mul_result_reg[16]__0/P[47:0] is not pipelined (MREG=0). Pipelining the multiplier function will improve performance and will save significant power so it is suggested whenever possible to fully pipeline this function.  If this multiplier was inferred, it is suggested to describe an additional register stage after this function.  If there is no registered adder/accumulator following the multiply function, two pipeline stages are suggested to allow both the MREG and PREG registers to be used.  If the DSP48 was instantiated in the design, it is suggested to set both the MREG and PREG attributes to 1 when performing multiply functions.
Related violations: <none>

DPOP-2#11 Warning
MREG Output pipelining  
DSP npu_system_i/tinynpu_0/inst/u_requant/mul_result_reg[17] multiplier stage npu_system_i/tinynpu_0/inst/u_requant/mul_result_reg[17]/P[47:0] is not pipelined (MREG=0). Pipelining the multiplier function will improve performance and will save significant power so it is suggested whenever possible to fully pipeline this function.  If this multiplier was inferred, it is suggested to describe an additional register stage after this function.  If there is no registered adder/accumulator following the multiply function, two pipeline stages are suggested to allow both the MREG and PREG registers to be used.  If the DSP48 was instantiated in the design, it is suggested to set both the MREG and PREG attributes to 1 when performing multiply functions.
Related violations: <none>

DPOP-2#12 Warning
MREG Output pipelining  
DSP npu_system_i/tinynpu_0/inst/u_requant/mul_result_reg[17]__0 multiplier stage npu_system_i/tinynpu_0/inst/u_requant/mul_result_reg[17]__0/P[47:0] is not pipelined (MREG=0). Pipelining the multiplier function will improve performance and will save significant power so it is suggested whenever possible to fully pipeline this function.  If this multiplier was inferred, it is suggested to describe an additional register stage after this function.  If there is no registered adder/accumulator following the multiply function, two pipeline stages are suggested to allow both the MREG and PREG registers to be used.  If the DSP48 was instantiated in the design, it is suggested to set both the MREG and PREG attributes to 1 when performing multiply functions.
Related violations: <none>

DPOP-2#13 Warning
MREG Output pipelining  
DSP npu_system_i/tinynpu_0/inst/u_requant/mul_result_reg[18] multiplier stage npu_system_i/tinynpu_0/inst/u_requant/mul_result_reg[18]/P[47:0] is not pipelined (MREG=0). Pipelining the multiplier function will improve performance and will save significant power so it is suggested whenever possible to fully pipeline this function.  If this multiplier was inferred, it is suggested to describe an additional register stage after this function.  If there is no registered adder/accumulator following the multiply function, two pipeline stages are suggested to allow both the MREG and PREG registers to be used.  If the DSP48 was instantiated in the design, it is suggested to set both the MREG and PREG attributes to 1 when performing multiply functions.
Related violations: <none>

DPOP-2#14 Warning
MREG Output pipelining  
DSP npu_system_i/tinynpu_0/inst/u_requant/mul_result_reg[18]__0 multiplier stage npu_system_i/tinynpu_0/inst/u_requant/mul_result_reg[18]__0/P[47:0] is not pipelined (MREG=0). Pipelining the multiplier function will improve performance and will save significant power so it is suggested whenever possible to fully pipeline this function.  If this multiplier was inferred, it is suggested to describe an additional register stage after this function.  If there is no registered adder/accumulator following the multiply function, two pipeline stages are suggested to allow both the MREG and PREG registers to be used.  If the DSP48 was instantiated in the design, it is suggested to set both the MREG and PREG attributes to 1 when performing multiply functions.
Related violations: <none>

DPOP-2#15 Warning
MREG Output pipelining  
DSP npu_system_i/tinynpu_0/inst/u_requant/mul_result_reg[19] multiplier stage npu_system_i/tinynpu_0/inst/u_requant/mul_result_reg[19]/P[47:0] is not pipelined (MREG=0). Pipelining the multiplier function will improve performance and will save significant power so it is suggested whenever possible to fully pipeline this function.  If this multiplier was inferred, it is suggested to describe an additional register stage after this function.  If there is no registered adder/accumulator following the multiply function, two pipeline stages are suggested to allow both the MREG and PREG registers to be used.  If the DSP48 was instantiated in the design, it is suggested to set both the MREG and PREG attributes to 1 when performing multiply functions.
Related violations: <none>

DPOP-2#16 Warning
MREG Output pipelining  
DSP npu_system_i/tinynpu_0/inst/u_requant/mul_result_reg[19]__0 multiplier stage npu_system_i/tinynpu_0/inst/u_requant/mul_result_reg[19]__0/P[47:0] is not pipelined (MREG=0). Pipelining the multiplier function will improve performance and will save significant power so it is suggested whenever possible to fully pipeline this function.  If this multiplier was inferred, it is suggested to describe an additional register stage after this function.  If there is no registered adder/accumulator following the multiply function, two pipeline stages are suggested to allow both the MREG and PREG registers to be used.  If the DSP48 was instantiated in the design, it is suggested to set both the MREG and PREG attributes to 1 when performing multiply functions.
Related violations: <none>

DPOP-2#17 Warning
MREG Output pipelining  
DSP npu_system_i/tinynpu_0/inst/u_requant/mul_result_reg[1] multiplier stage npu_system_i/tinynpu_0/inst/u_requant/mul_result_reg[1]/P[47:0] is not pipelined (MREG=0). Pipelining the multiplier function will improve performance and will save significant power so it is suggested whenever possible to fully pipeline this function.  If this multiplier was inferred, it is suggested to describe an additional register stage after this function.  If there is no registered adder/accumulator following the multiply function, two pipeline stages are suggested to allow both the MREG and PREG registers to be used.  If the DSP48 was instantiated in the design, it is suggested to set both the MREG and PREG attributes to 1 when performing multiply functions.
Related violations: <none>

DPOP-2#18 Warning
MREG Output pipelining  
DSP npu_system_i/tinynpu_0/inst/u_requant/mul_result_reg[1]__0 multiplier stage npu_system_i/tinynpu_0/inst/u_requant/mul_result_reg[1]__0/P[47:0] is not pipelined (MREG=0). Pipelining the multiplier function will improve performance and will save significant power so it is suggested whenever possible to fully pipeline this function.  If this multiplier was inferred, it is suggested to describe an additional register stage after this function.  If there is no registered adder/accumulator following the multiply function, two pipeline stages are suggested to allow both the MREG and PREG registers to be used.  If the DSP48 was instantiated in the design, it is suggested to set both the MREG and PREG attributes to 1 when performing multiply functions.
Related violations: <none>

DPOP-2#19 Warning
MREG Output pipelining  
DSP npu_system_i/tinynpu_0/inst/u_requant/mul_result_reg[2] multiplier stage npu_system_i/tinynpu_0/inst/u_requant/mul_result_reg[2]/P[47:0] is not pipelined (MREG=0). Pipelining the multiplier function will improve performance and will save significant power so it is suggested whenever possible to fully pipeline this function.  If this multiplier was inferred, it is suggested to describe an additional register stage after this function.  If there is no registered adder/accumulator following the multiply function, two pipeline stages are suggested to allow both the MREG and PREG registers to be used.  If the DSP48 was instantiated in the design, it is suggested to set both the MREG and PREG attributes to 1 when performing multiply functions.
Related violations: <none>

DPOP-2#20 Warning
MREG Output pipelining  
DSP npu_system_i/tinynpu_0/inst/u_requant/mul_result_reg[2]__0 multiplier stage npu_system_i/tinynpu_0/inst/u_requant/mul_result_reg[2]__0/P[47:0] is not pipelined (MREG=0). Pipelining the multiplier function will improve performance and will save significant power so it is suggested whenever possible to fully pipeline this function.  If this multiplier was inferred, it is suggested to describe an additional register stage after this function.  If there is no registered adder/accumulator following the multiply function, two pipeline stages are suggested to allow both the MREG and PREG registers to be used.  If the DSP48 was instantiated in the design, it is suggested to set both the MREG and PREG attributes to 1 when performing multiply functions.
Related violations: <none>

DPOP-2#21 Warning
MREG Output pipelining  
DSP npu_system_i/tinynpu_0/inst/u_requant/mul_result_reg[3] multiplier stage npu_system_i/tinynpu_0/inst/u_requant/mul_result_reg[3]/P[47:0] is not pipelined (MREG=0). Pipelining the multiplier function will improve performance and will save significant power so it is suggested whenever possible to fully pipeline this function.  If this multiplier was inferred, it is suggested to describe an additional register stage after this function.  If there is no registered adder/accumulator following the multiply function, two pipeline stages are suggested to allow both the MREG and PREG registers to be used.  If the DSP48 was instantiated in the design, it is suggested to set both the MREG and PREG attributes to 1 when performing multiply functions.
Related violations: <none>

DPOP-2#22 Warning
MREG Output pipelining  
DSP npu_system_i/tinynpu_0/inst/u_requant/mul_result_reg[3]__0 multiplier stage npu_system_i/tinynpu_0/inst/u_requant/mul_result_reg[3]__0/P[47:0] is not pipelined (MREG=0). Pipelining the multiplier function will improve performance and will save significant power so it is suggested whenever possible to fully pipeline this function.  If this multiplier was inferred, it is suggested to describe an additional register stage after this function.  If there is no registered adder/accumulator following the multiply function, two pipeline stages are suggested to allow both the MREG and PREG registers to be used.  If the DSP48 was instantiated in the design, it is suggested to set both the MREG and PREG attributes to 1 when performing multiply functions.
Related violations: <none>

DPOP-2#23 Warning
MREG Output pipelining  
DSP npu_system_i/tinynpu_0/inst/u_requant/mul_result_reg[4] multiplier stage npu_system_i/tinynpu_0/inst/u_requant/mul_result_reg[4]/P[47:0] is not pipelined (MREG=0). Pipelining the multiplier function will improve performance and will save significant power so it is suggested whenever possible to fully pipeline this function.  If this multiplier was inferred, it is suggested to describe an additional register stage after this function.  If there is no registered adder/accumulator following the multiply function, two pipeline stages are suggested to allow both the MREG and PREG registers to be used.  If the DSP48 was instantiated in the design, it is suggested to set both the MREG and PREG attributes to 1 when performing multiply functions.
Related violations: <none>

DPOP-2#24 Warning
MREG Output pipelining  
DSP npu_system_i/tinynpu_0/inst/u_requant/mul_result_reg[4]__0 multiplier stage npu_system_i/tinynpu_0/inst/u_requant/mul_result_reg[4]__0/P[47:0] is not pipelined (MREG=0). Pipelining the multiplier function will improve performance and will save significant power so it is suggested whenever possible to fully pipeline this function.  If this multiplier was inferred, it is suggested to describe an additional register stage after this function.  If there is no registered adder/accumulator following the multiply function, two pipeline stages are suggested to allow both the MREG and PREG registers to be used.  If the DSP48 was instantiated in the design, it is suggested to set both the MREG and PREG attributes to 1 when performing multiply functions.
Related violations: <none>

DPOP-2#25 Warning
MREG Output pipelining  
DSP npu_system_i/tinynpu_0/inst/u_requant/mul_result_reg[5] multiplier stage npu_system_i/tinynpu_0/inst/u_requant/mul_result_reg[5]/P[47:0] is not pipelined (MREG=0). Pipelining the multiplier function will improve performance and will save significant power so it is suggested whenever possible to fully pipeline this function.  If this multiplier was inferred, it is suggested to describe an additional register stage after this function.  If there is no registered adder/accumulator following the multiply function, two pipeline stages are suggested to allow both the MREG and PREG registers to be used.  If the DSP48 was instantiated in the design, it is suggested to set both the MREG and PREG attributes to 1 when performing multiply functions.
Related violations: <none>

DPOP-2#26 Warning
MREG Output pipelining  
DSP npu_system_i/tinynpu_0/inst/u_requant/mul_result_reg[5]__0 multiplier stage npu_system_i/tinynpu_0/inst/u_requant/mul_result_reg[5]__0/P[47:0] is not pipelined (MREG=0). Pipelining the multiplier function will improve performance and will save significant power so it is suggested whenever possible to fully pipeline this function.  If this multiplier was inferred, it is suggested to describe an additional register stage after this function.  If there is no registered adder/accumulator following the multiply function, two pipeline stages are suggested to allow both the MREG and PREG registers to be used.  If the DSP48 was instantiated in the design, it is suggested to set both the MREG and PREG attributes to 1 when performing multiply functions.
Related violations: <none>

DPOP-2#27 Warning
MREG Output pipelining  
DSP npu_system_i/tinynpu_0/inst/u_requant/mul_result_reg[6] multiplier stage npu_system_i/tinynpu_0/inst/u_requant/mul_result_reg[6]/P[47:0] is not pipelined (MREG=0). Pipelining the multiplier function will improve performance and will save significant power so it is suggested whenever possible to fully pipeline this function.  If this multiplier was inferred, it is suggested to describe an additional register stage after this function.  If there is no registered adder/accumulator following the multiply function, two pipeline stages are suggested to allow both the MREG and PREG registers to be used.  If the DSP48 was instantiated in the design, it is suggested to set both the MREG and PREG attributes to 1 when performing multiply functions.
Related violations: <none>

DPOP-2#28 Warning
MREG Output pipelining  
DSP npu_system_i/tinynpu_0/inst/u_requant/mul_result_reg[6]__0 multiplier stage npu_system_i/tinynpu_0/inst/u_requant/mul_result_reg[6]__0/P[47:0] is not pipelined (MREG=0). Pipelining the multiplier function will improve performance and will save significant power so it is suggested whenever possible to fully pipeline this function.  If this multiplier was inferred, it is suggested to describe an additional register stage after this function.  If there is no registered adder/accumulator following the multiply function, two pipeline stages are suggested to allow both the MREG and PREG registers to be used.  If the DSP48 was instantiated in the design, it is suggested to set both the MREG and PREG attributes to 1 when performing multiply functions.
Related violations: <none>

DPOP-2#29 Warning
MREG Output pipelining  
DSP npu_system_i/tinynpu_0/inst/u_requant/mul_result_reg[7] multiplier stage npu_system_i/tinynpu_0/inst/u_requant/mul_result_reg[7]/P[47:0] is not pipelined (MREG=0). Pipelining the multiplier function will improve performance and will save significant power so it is suggested whenever possible to fully pipeline this function.  If this multiplier was inferred, it is suggested to describe an additional register stage after this function.  If there is no registered adder/accumulator following the multiply function, two pipeline stages are suggested to allow both the MREG and PREG registers to be used.  If the DSP48 was instantiated in the design, it is suggested to set both the MREG and PREG attributes to 1 when performing multiply functions.
Related violations: <none>

DPOP-2#30 Warning
MREG Output pipelining  
DSP npu_system_i/tinynpu_0/inst/u_requant/mul_result_reg[7]__0 multiplier stage npu_system_i/tinynpu_0/inst/u_requant/mul_result_reg[7]__0/P[47:0] is not pipelined (MREG=0). Pipelining the multiplier function will improve performance and will save significant power so it is suggested whenever possible to fully pipeline this function.  If this multiplier was inferred, it is suggested to describe an additional register stage after this function.  If there is no registered adder/accumulator following the multiply function, two pipeline stages are suggested to allow both the MREG and PREG registers to be used.  If the DSP48 was instantiated in the design, it is suggested to set both the MREG and PREG attributes to 1 when performing multiply functions.
Related violations: <none>

DPOP-2#31 Warning
MREG Output pipelining  
DSP npu_system_i/tinynpu_0/inst/u_requant/mul_result_reg[8] multiplier stage npu_system_i/tinynpu_0/inst/u_requant/mul_result_reg[8]/P[47:0] is not pipelined (MREG=0). Pipelining the multiplier function will improve performance and will save significant power so it is suggested whenever possible to fully pipeline this function.  If this multiplier was inferred, it is suggested to describe an additional register stage after this function.  If there is no registered adder/accumulator following the multiply function, two pipeline stages are suggested to allow both the MREG and PREG registers to be used.  If the DSP48 was instantiated in the design, it is suggested to set both the MREG and PREG attributes to 1 when performing multiply functions.
Related violations: <none>

DPOP-2#32 Warning
MREG Output pipelining  
DSP npu_system_i/tinynpu_0/inst/u_requant/mul_result_reg[8]__0 multiplier stage npu_system_i/tinynpu_0/inst/u_requant/mul_result_reg[8]__0/P[47:0] is not pipelined (MREG=0). Pipelining the multiplier function will improve performance and will save significant power so it is suggested whenever possible to fully pipeline this function.  If this multiplier was inferred, it is suggested to describe an additional register stage after this function.  If there is no registered adder/accumulator following the multiply function, two pipeline stages are suggested to allow both the MREG and PREG registers to be used.  If the DSP48 was instantiated in the design, it is suggested to set both the MREG and PREG attributes to 1 when performing multiply functions.
Related violations: <none>

DPOP-2#33 Warning
MREG Output pipelining  
DSP npu_system_i/tinynpu_0/inst/u_requant/p_0_out__0 multiplier stage npu_system_i/tinynpu_0/inst/u_requant/p_0_out__0/P[47:0] is not pipelined (MREG=0). Pipelining the multiplier function will improve performance and will save significant power so it is suggested whenever possible to fully pipeline this function.  If this multiplier was inferred, it is suggested to describe an additional register stage after this function.  If there is no registered adder/accumulator following the multiply function, two pipeline stages are suggested to allow both the MREG and PREG registers to be used.  If the DSP48 was instantiated in the design, it is suggested to set both the MREG and PREG attributes to 1 when performing multiply functions.
Related violations: <none>

DPOP-2#34 Warning
MREG Output pipelining  
DSP npu_system_i/tinynpu_0/inst/u_requant/p_0_out__0__0 multiplier stage npu_system_i/tinynpu_0/inst/u_requant/p_0_out__0__0/P[47:0] is not pipelined (MREG=0). Pipelining the multiplier function will improve performance and will save significant power so it is suggested whenever possible to fully pipeline this function.  If this multiplier was inferred, it is suggested to describe an additional register stage after this function.  If there is no registered adder/accumulator following the multiply function, two pipeline stages are suggested to allow both the MREG and PREG registers to be used.  If the DSP48 was instantiated in the design, it is suggested to set both the MREG and PREG attributes to 1 when performing multiply functions.
Related violations: <none>

DPOP-2#35 Warning
MREG Output pipelining  
DSP npu_system_i/tinynpu_0/inst/u_requant/p_0_out__1 multiplier stage npu_system_i/tinynpu_0/inst/u_requant/p_0_out__1/P[47:0] is not pipelined (MREG=0). Pipelining the multiplier function will improve performance and will save significant power so it is suggested whenever possible to fully pipeline this function.  If this multiplier was inferred, it is suggested to describe an additional register stage after this function.  If there is no registered adder/accumulator following the multiply function, two pipeline stages are suggested to allow both the MREG and PREG registers to be used.  If the DSP48 was instantiated in the design, it is suggested to set both the MREG and PREG attributes to 1 when performing multiply functions.
Related violations: <none>

DPOP-2#36 Warning
MREG Output pipelining  
DSP npu_system_i/tinynpu_0/inst/u_requant/p_0_out__10 multiplier stage npu_system_i/tinynpu_0/inst/u_requant/p_0_out__10/P[47:0] is not pipelined (MREG=0). Pipelining the multiplier function will improve performance and will save significant power so it is suggested whenever possible to fully pipeline this function.  If this multiplier was inferred, it is suggested to describe an additional register stage after this function.  If there is no registered adder/accumulator following the multiply function, two pipeline stages are suggested to allow both the MREG and PREG registers to be used.  If the DSP48 was instantiated in the design, it is suggested to set both the MREG and PREG attributes to 1 when performing multiply functions.
Related violations: <none>

DPOP-2#37 Warning
MREG Output pipelining  
DSP npu_system_i/tinynpu_0/inst/u_requant/p_0_out__11 multiplier stage npu_system_i/tinynpu_0/inst/u_requant/p_0_out__11/P[47:0] is not pipelined (MREG=0). Pipelining the multiplier function will improve performance and will save significant power so it is suggested whenever possible to fully pipeline this function.  If this multiplier was inferred, it is suggested to describe an additional register stage after this function.  If there is no registered adder/accumulator following the multiply function, two pipeline stages are suggested to allow both the MREG and PREG registers to be used.  If the DSP48 was instantiated in the design, it is suggested to set both the MREG and PREG attributes to 1 when performing multiply functions.
Related violations: <none>

DPOP-2#38 Warning
MREG Output pipelining  
DSP npu_system_i/tinynpu_0/inst/u_requant/p_0_out__12 multiplier stage npu_system_i/tinynpu_0/inst/u_requant/p_0_out__12/P[47:0] is not pipelined (MREG=0). Pipelining the multiplier function will improve performance and will save significant power so it is suggested whenever possible to fully pipeline this function.  If this multiplier was inferred, it is suggested to describe an additional register stage after this function.  If there is no registered adder/accumulator following the multiply function, two pipeline stages are suggested to allow both the MREG and PREG registers to be used.  If the DSP48 was instantiated in the design, it is suggested to set both the MREG and PREG attributes to 1 when performing multiply functions.
Related violations: <none>

DPOP-2#39 Warning
MREG Output pipelining  
DSP npu_system_i/tinynpu_0/inst/u_requant/p_0_out__13 multiplier stage npu_system_i/tinynpu_0/inst/u_requant/p_0_out__13/P[47:0] is not pipelined (MREG=0). Pipelining the multiplier function will improve performance and will save significant power so it is suggested whenever possible to fully pipeline this function.  If this multiplier was inferred, it is suggested to describe an additional register stage after this function.  If there is no registered adder/accumulator following the multiply function, two pipeline stages are suggested to allow both the MREG and PREG registers to be used.  If the DSP48 was instantiated in the design, it is suggested to set both the MREG and PREG attributes to 1 when performing multiply functions.
Related violations: <none>

DPOP-2#40 Warning
MREG Output pipelining  
DSP npu_system_i/tinynpu_0/inst/u_requant/p_0_out__14 multiplier stage npu_system_i/tinynpu_0/inst/u_requant/p_0_out__14/P[47:0] is not pipelined (MREG=0). Pipelining the multiplier function will improve performance and will save significant power so it is suggested whenever possible to fully pipeline this function.  If this multiplier was inferred, it is suggested to describe an additional register stage after this function.  If there is no registered adder/accumulator following the multiply function, two pipeline stages are suggested to allow both the MREG and PREG registers to be used.  If the DSP48 was instantiated in the design, it is suggested to set both the MREG and PREG attributes to 1 when performing multiply functions.
Related violations: <none>

DPOP-2#41 Warning
MREG Output pipelining  
DSP npu_system_i/tinynpu_0/inst/u_requant/p_0_out__15 multiplier stage npu_system_i/tinynpu_0/inst/u_requant/p_0_out__15/P[47:0] is not pipelined (MREG=0). Pipelining the multiplier function will improve performance and will save significant power so it is suggested whenever possible to fully pipeline this function.  If this multiplier was inferred, it is suggested to describe an additional register stage after this function.  If there is no registered adder/accumulator following the multiply function, two pipeline stages are suggested to allow both the MREG and PREG registers to be used.  If the DSP48 was instantiated in the design, it is suggested to set both the MREG and PREG attributes to 1 when performing multiply functions.
Related violations: <none>

DPOP-2#42 Warning
MREG Output pipelining  
DSP npu_system_i/tinynpu_0/inst/u_requant/p_0_out__16 multiplier stage npu_system_i/tinynpu_0/inst/u_requant/p_0_out__16/P[47:0] is not pipelined (MREG=0). Pipelining the multiplier function will improve performance and will save significant power so it is suggested whenever possible to fully pipeline this function.  If this multiplier was inferred, it is suggested to describe an additional register stage after this function.  If there is no registered adder/accumulator following the multiply function, two pipeline stages are suggested to allow both the MREG and PREG registers to be used.  If the DSP48 was instantiated in the design, it is suggested to set both the MREG and PREG attributes to 1 when performing multiply functions.
Related violations: <none>

DPOP-2#43 Warning
MREG Output pipelining  
DSP npu_system_i/tinynpu_0/inst/u_requant/p_0_out__17 multiplier stage npu_system_i/tinynpu_0/inst/u_requant/p_0_out__17/P[47:0] is not pipelined (MREG=0). Pipelining the multiplier function will improve performance and will save significant power so it is suggested whenever possible to fully pipeline this function.  If this multiplier was inferred, it is suggested to describe an additional register stage after this function.  If there is no registered adder/accumulator following the multiply function, two pipeline stages are suggested to allow both the MREG and PREG registers to be used.  If the DSP48 was instantiated in the design, it is suggested to set both the MREG and PREG attributes to 1 when performing multiply functions.
Related violations: <none>

DPOP-2#44 Warning
MREG Output pipelining  
DSP npu_system_i/tinynpu_0/inst/u_requant/p_0_out__18 multiplier stage npu_system_i/tinynpu_0/inst/u_requant/p_0_out__18/P[47:0] is not pipelined (MREG=0). Pipelining the multiplier function will improve performance and will save significant power so it is suggested whenever possible to fully pipeline this function.  If this multiplier was inferred, it is suggested to describe an additional register stage after this function.  If there is no registered adder/accumulator following the multiply function, two pipeline stages are suggested to allow both the MREG and PREG registers to be used.  If the DSP48 was instantiated in the design, it is suggested to set both the MREG and PREG attributes to 1 when performing multiply functions.
Related violations: <none>

DPOP-2#45 Warning
MREG Output pipelining  
DSP npu_system_i/tinynpu_0/inst/u_requant/p_0_out__19 multiplier stage npu_system_i/tinynpu_0/inst/u_requant/p_0_out__19/P[47:0] is not pipelined (MREG=0). Pipelining the multiplier function will improve performance and will save significant power so it is suggested whenever possible to fully pipeline this function.  If this multiplier was inferred, it is suggested to describe an additional register stage after this function.  If there is no registered adder/accumulator following the multiply function, two pipeline stages are suggested to allow both the MREG and PREG registers to be used.  If the DSP48 was instantiated in the design, it is suggested to set both the MREG and PREG attributes to 1 when performing multiply functions.
Related violations: <none>

DPOP-2#46 Warning
MREG Output pipelining  
DSP npu_system_i/tinynpu_0/inst/u_requant/p_0_out__2 multiplier stage npu_system_i/tinynpu_0/inst/u_requant/p_0_out__2/P[47:0] is not pipelined (MREG=0). Pipelining the multiplier function will improve performance and will save significant power so it is suggested whenever possible to fully pipeline this function.  If this multiplier was inferred, it is suggested to describe an additional register stage after this function.  If there is no registered adder/accumulator following the multiply function, two pipeline stages are suggested to allow both the MREG and PREG registers to be used.  If the DSP48 was instantiated in the design, it is suggested to set both the MREG and PREG attributes to 1 when performing multiply functions.
Related violations: <none>

DPOP-2#47 Warning
MREG Output pipelining  
DSP npu_system_i/tinynpu_0/inst/u_requant/p_0_out__20 multiplier stage npu_system_i/tinynpu_0/inst/u_requant/p_0_out__20/P[47:0] is not pipelined (MREG=0). Pipelining the multiplier function will improve performance and will save significant power so it is suggested whenever possible to fully pipeline this function.  If this multiplier was inferred, it is suggested to describe an additional register stage after this function.  If there is no registered adder/accumulator following the multiply function, two pipeline stages are suggested to allow both the MREG and PREG registers to be used.  If the DSP48 was instantiated in the design, it is suggested to set both the MREG and PREG attributes to 1 when performing multiply functions.
Related violations: <none>

DPOP-2#48 Warning
MREG Output pipelining  
DSP npu_system_i/tinynpu_0/inst/u_requant/p_0_out__21 multiplier stage npu_system_i/tinynpu_0/inst/u_requant/p_0_out__21/P[47:0] is not pipelined (MREG=0). Pipelining the multiplier function will improve performance and will save significant power so it is suggested whenever possible to fully pipeline this function.  If this multiplier was inferred, it is suggested to describe an additional register stage after this function.  If there is no registered adder/accumulator following the multiply function, two pipeline stages are suggested to allow both the MREG and PREG registers to be used.  If the DSP48 was instantiated in the design, it is suggested to set both the MREG and PREG attributes to 1 when performing multiply functions.
Related violations: <none>

DPOP-2#49 Warning
MREG Output pipelining  
DSP npu_system_i/tinynpu_0/inst/u_requant/p_0_out__22 multiplier stage npu_system_i/tinynpu_0/inst/u_requant/p_0_out__22/P[47:0] is not pipelined (MREG=0). Pipelining the multiplier function will improve performance and will save significant power so it is suggested whenever possible to fully pipeline this function.  If this multiplier was inferred, it is suggested to describe an additional register stage after this function.  If there is no registered adder/accumulator following the multiply function, two pipeline stages are suggested to allow both the MREG and PREG registers to be used.  If the DSP48 was instantiated in the design, it is suggested to set both the MREG and PREG attributes to 1 when performing multiply functions.
Related violations: <none>

DPOP-2#50 Warning
MREG Output pipelining  
DSP npu_system_i/tinynpu_0/inst/u_requant/p_0_out__23 multiplier stage npu_system_i/tinynpu_0/inst/u_requant/p_0_out__23/P[47:0] is not pipelined (MREG=0). Pipelining the multiplier function will improve performance and will save significant power so it is suggested whenever possible to fully pipeline this function.  If this multiplier was inferred, it is suggested to describe an additional register stage after this function.  If there is no registered adder/accumulator following the multiply function, two pipeline stages are suggested to allow both the MREG and PREG registers to be used.  If the DSP48 was instantiated in the design, it is suggested to set both the MREG and PREG attributes to 1 when performing multiply functions.
Related violations: <none>

DPOP-2#51 Warning
MREG Output pipelining  
DSP npu_system_i/tinynpu_0/inst/u_requant/p_0_out__24 multiplier stage npu_system_i/tinynpu_0/inst/u_requant/p_0_out__24/P[47:0] is not pipelined (MREG=0). Pipelining the multiplier function will improve performance and will save significant power so it is suggested whenever possible to fully pipeline this function.  If this multiplier was inferred, it is suggested to describe an additional register stage after this function.  If there is no registered adder/accumulator following the multiply function, two pipeline stages are suggested to allow both the MREG and PREG registers to be used.  If the DSP48 was instantiated in the design, it is suggested to set both the MREG and PREG attributes to 1 when performing multiply functions.
Related violations: <none>

DPOP-2#52 Warning
MREG Output pipelining  
DSP npu_system_i/tinynpu_0/inst/u_requant/p_0_out__25 multiplier stage npu_system_i/tinynpu_0/inst/u_requant/p_0_out__25/P[47:0] is not pipelined (MREG=0). Pipelining the multiplier function will improve performance and will save significant power so it is suggested whenever possible to fully pipeline this function.  If this multiplier was inferred, it is suggested to describe an additional register stage after this function.  If there is no registered adder/accumulator following the multiply function, two pipeline stages are suggested to allow both the MREG and PREG registers to be used.  If the DSP48 was instantiated in the design, it is suggested to set both the MREG and PREG attributes to 1 when performing multiply functions.
Related violations: <none>

DPOP-2#53 Warning
MREG Output pipelining  
DSP npu_system_i/tinynpu_0/inst/u_requant/p_0_out__26 multiplier stage npu_system_i/tinynpu_0/inst/u_requant/p_0_out__26/P[47:0] is not pipelined (MREG=0). Pipelining the multiplier function will improve performance and will save significant power so it is suggested whenever possible to fully pipeline this function.  If this multiplier was inferred, it is suggested to describe an additional register stage after this function.  If there is no registered adder/accumulator following the multiply function, two pipeline stages are suggested to allow both the MREG and PREG registers to be used.  If the DSP48 was instantiated in the design, it is suggested to set both the MREG and PREG attributes to 1 when performing multiply functions.
Related violations: <none>

DPOP-2#54 Warning
MREG Output pipelining  
DSP npu_system_i/tinynpu_0/inst/u_requant/p_0_out__3 multiplier stage npu_system_i/tinynpu_0/inst/u_requant/p_0_out__3/P[47:0] is not pipelined (MREG=0). Pipelining the multiplier function will improve performance and will save significant power so it is suggested whenever possible to fully pipeline this function.  If this multiplier was inferred, it is suggested to describe an additional register stage after this function.  If there is no registered adder/accumulator following the multiply function, two pipeline stages are suggested to allow both the MREG and PREG registers to be used.  If the DSP48 was instantiated in the design, it is suggested to set both the MREG and PREG attributes to 1 when performing multiply functions.
Related violations: <none>

DPOP-2#55 Warning
MREG Output pipelining  
DSP npu_system_i/tinynpu_0/inst/u_requant/p_0_out__35 multiplier stage npu_system_i/tinynpu_0/inst/u_requant/p_0_out__35/P[47:0] is not pipelined (MREG=0). Pipelining the multiplier function will improve performance and will save significant power so it is suggested whenever possible to fully pipeline this function.  If this multiplier was inferred, it is suggested to describe an additional register stage after this function.  If there is no registered adder/accumulator following the multiply function, two pipeline stages are suggested to allow both the MREG and PREG registers to be used.  If the DSP48 was instantiated in the design, it is suggested to set both the MREG and PREG attributes to 1 when performing multiply functions.
Related violations: <none>

DPOP-2#56 Warning
MREG Output pipelining  
DSP npu_system_i/tinynpu_0/inst/u_requant/p_0_out__36 multiplier stage npu_system_i/tinynpu_0/inst/u_requant/p_0_out__36/P[47:0] is not pipelined (MREG=0). Pipelining the multiplier function will improve performance and will save significant power so it is suggested whenever possible to fully pipeline this function.  If this multiplier was inferred, it is suggested to describe an additional register stage after this function.  If there is no registered adder/accumulator following the multiply function, two pipeline stages are suggested to allow both the MREG and PREG registers to be used.  If the DSP48 was instantiated in the design, it is suggested to set both the MREG and PREG attributes to 1 when performing multiply functions.
Related violations: <none>

DPOP-2#57 Warning
MREG Output pipelining  
DSP npu_system_i/tinynpu_0/inst/u_requant/p_0_out__37 multiplier stage npu_system_i/tinynpu_0/inst/u_requant/p_0_out__37/P[47:0] is not pipelined (MREG=0). Pipelining the multiplier function will improve performance and will save significant power so it is suggested whenever possible to fully pipeline this function.  If this multiplier was inferred, it is suggested to describe an additional register stage after this function.  If there is no registered adder/accumulator following the multiply function, two pipeline stages are suggested to allow both the MREG and PREG registers to be used.  If the DSP48 was instantiated in the design, it is suggested to set both the MREG and PREG attributes to 1 when performing multiply functions.
Related violations: <none>

DPOP-2#58 Warning
MREG Output pipelining  
DSP npu_system_i/tinynpu_0/inst/u_requant/p_0_out__38 multiplier stage npu_system_i/tinynpu_0/inst/u_requant/p_0_out__38/P[47:0] is not pipelined (MREG=0). Pipelining the multiplier function will improve performance and will save significant power so it is suggested whenever possible to fully pipeline this function.  If this multiplier was inferred, it is suggested to describe an additional register stage after this function.  If there is no registered adder/accumulator following the multiply function, two pipeline stages are suggested to allow both the MREG and PREG registers to be used.  If the DSP48 was instantiated in the design, it is suggested to set both the MREG and PREG attributes to 1 when performing multiply functions.
Related violations: <none>

DPOP-2#59 Warning
MREG Output pipelining  
DSP npu_system_i/tinynpu_0/inst/u_requant/p_0_out__4 multiplier stage npu_system_i/tinynpu_0/inst/u_requant/p_0_out__4/P[47:0] is not pipelined (MREG=0). Pipelining the multiplier function will improve performance and will save significant power so it is suggested whenever possible to fully pipeline this function.  If this multiplier was inferred, it is suggested to describe an additional register stage after this function.  If there is no registered adder/accumulator following the multiply function, two pipeline stages are suggested to allow both the MREG and PREG registers to be used.  If the DSP48 was instantiated in the design, it is suggested to set both the MREG and PREG attributes to 1 when performing multiply functions.
Related violations: <none>

DPOP-2#60 Warning
MREG Output pipelining  
DSP npu_system_i/tinynpu_0/inst/u_requant/p_0_out__5 multiplier stage npu_system_i/tinynpu_0/inst/u_requant/p_0_out__5/P[47:0] is not pipelined (MREG=0). Pipelining the multiplier function will improve performance and will save significant power so it is suggested whenever possible to fully pipeline this function.  If this multiplier was inferred, it is suggested to describe an additional register stage after this function.  If there is no registered adder/accumulator following the multiply function, two pipeline stages are suggested to allow both the MREG and PREG registers to be used.  If the DSP48 was instantiated in the design, it is suggested to set both the MREG and PREG attributes to 1 when performing multiply functions.
Related violations: <none>

DPOP-2#61 Warning
MREG Output pipelining  
DSP npu_system_i/tinynpu_0/inst/u_requant/p_0_out__6 multiplier stage npu_system_i/tinynpu_0/inst/u_requant/p_0_out__6/P[47:0] is not pipelined (MREG=0). Pipelining the multiplier function will improve performance and will save significant power so it is suggested whenever possible to fully pipeline this function.  If this multiplier was inferred, it is suggested to describe an additional register stage after this function.  If there is no registered adder/accumulator following the multiply function, two pipeline stages are suggested to allow both the MREG and PREG registers to be used.  If the DSP48 was instantiated in the design, it is suggested to set both the MREG and PREG attributes to 1 when performing multiply functions.
Related violations: <none>

DPOP-2#62 Warning
MREG Output pipelining  
DSP npu_system_i/tinynpu_0/inst/u_requant/p_0_out__7 multiplier stage npu_system_i/tinynpu_0/inst/u_requant/p_0_out__7/P[47:0] is not pipelined (MREG=0). Pipelining the multiplier function will improve performance and will save significant power so it is suggested whenever possible to fully pipeline this function.  If this multiplier was inferred, it is suggested to describe an additional register stage after this function.  If there is no registered adder/accumulator following the multiply function, two pipeline stages are suggested to allow both the MREG and PREG registers to be used.  If the DSP48 was instantiated in the design, it is suggested to set both the MREG and PREG attributes to 1 when performing multiply functions.
Related violations: <none>

DPOP-2#63 Warning
MREG Output pipelining  
DSP npu_system_i/tinynpu_0/inst/u_requant/p_0_out__8 multiplier stage npu_system_i/tinynpu_0/inst/u_requant/p_0_out__8/P[47:0] is not pipelined (MREG=0). Pipelining the multiplier function will improve performance and will save significant power so it is suggested whenever possible to fully pipeline this function.  If this multiplier was inferred, it is suggested to describe an additional register stage after this function.  If there is no registered adder/accumulator following the multiply function, two pipeline stages are suggested to allow both the MREG and PREG registers to be used.  If the DSP48 was instantiated in the design, it is suggested to set both the MREG and PREG attributes to 1 when performing multiply functions.
Related violations: <none>

DPOP-2#64 Warning
MREG Output pipelining  
DSP npu_system_i/tinynpu_0/inst/u_requant/p_0_out__9 multiplier stage npu_system_i/tinynpu_0/inst/u_requant/p_0_out__9/P[47:0] is not pipelined (MREG=0). Pipelining the multiplier function will improve performance and will save significant power so it is suggested whenever possible to fully pipeline this function.  If this multiplier was inferred, it is suggested to describe an additional register stage after this function.  If there is no registered adder/accumulator following the multiply function, two pipeline stages are suggested to allow both the MREG and PREG registers to be used.  If the DSP48 was instantiated in the design, it is suggested to set both the MREG and PREG attributes to 1 when performing multiply functions.
Related violations: <none>

DPOP-2#65 Warning
MREG Output pipelining  
DSP npu_system_i/tinynpu_0/inst/u_systolic/row[0].col[0].pe_inst/mul_s10 multiplier stage npu_system_i/tinynpu_0/inst/u_systolic/row[0].col[0].pe_inst/mul_s10/P[47:0] is not pipelined (MREG=0). Pipelining the multiplier function will improve performance and will save significant power so it is suggested whenever possible to fully pipeline this function.  If this multiplier was inferred, it is suggested to describe an additional register stage after this function.  If there is no registered adder/accumulator following the multiply function, two pipeline stages are suggested to allow both the MREG and PREG registers to be used.  If the DSP48 was instantiated in the design, it is suggested to set both the MREG and PREG attributes to 1 when performing multiply functions.
Related violations: <none>

DPOP-2#66 Warning
MREG Output pipelining  
DSP npu_system_i/tinynpu_0/inst/u_systolic/row[0].col[1].pe_inst/mul_s10 multiplier stage npu_system_i/tinynpu_0/inst/u_systolic/row[0].col[1].pe_inst/mul_s10/P[47:0] is not pipelined (MREG=0). Pipelining the multiplier function will improve performance and will save significant power so it is suggested whenever possible to fully pipeline this function.  If this multiplier was inferred, it is suggested to describe an additional register stage after this function.  If there is no registered adder/accumulator following the multiply function, two pipeline stages are suggested to allow both the MREG and PREG registers to be used.  If the DSP48 was instantiated in the design, it is suggested to set both the MREG and PREG attributes to 1 when performing multiply functions.
Related violations: <none>

DPOP-2#67 Warning
MREG Output pipelining  
DSP npu_system_i/tinynpu_0/inst/u_systolic/row[0].col[2].pe_inst/mul_s10 multiplier stage npu_system_i/tinynpu_0/inst/u_systolic/row[0].col[2].pe_inst/mul_s10/P[47:0] is not pipelined (MREG=0). Pipelining the multiplier function will improve performance and will save significant power so it is suggested whenever possible to fully pipeline this function.  If this multiplier was inferred, it is suggested to describe an additional register stage after this function.  If there is no registered adder/accumulator following the multiply function, two pipeline stages are suggested to allow both the MREG and PREG registers to be used.  If the DSP48 was instantiated in the design, it is suggested to set both the MREG and PREG attributes to 1 when performing multiply functions.
Related violations: <none>

DPOP-2#68 Warning
MREG Output pipelining  
DSP npu_system_i/tinynpu_0/inst/u_systolic/row[0].col[3].pe_inst/mul_s10 multiplier stage npu_system_i/tinynpu_0/inst/u_systolic/row[0].col[3].pe_inst/mul_s10/P[47:0] is not pipelined (MREG=0). Pipelining the multiplier function will improve performance and will save significant power so it is suggested whenever possible to fully pipeline this function.  If this multiplier was inferred, it is suggested to describe an additional register stage after this function.  If there is no registered adder/accumulator following the multiply function, two pipeline stages are suggested to allow both the MREG and PREG registers to be used.  If the DSP48 was instantiated in the design, it is suggested to set both the MREG and PREG attributes to 1 when performing multiply functions.
Related violations: <none>

DPOP-2#69 Warning
MREG Output pipelining  
DSP npu_system_i/tinynpu_0/inst/u_systolic/row[0].col[4].pe_inst/mul_s10 multiplier stage npu_system_i/tinynpu_0/inst/u_systolic/row[0].col[4].pe_inst/mul_s10/P[47:0] is not pipelined (MREG=0). Pipelining the multiplier function will improve performance and will save significant power so it is suggested whenever possible to fully pipeline this function.  If this multiplier was inferred, it is suggested to describe an additional register stage after this function.  If there is no registered adder/accumulator following the multiply function, two pipeline stages are suggested to allow both the MREG and PREG registers to be used.  If the DSP48 was instantiated in the design, it is suggested to set both the MREG and PREG attributes to 1 when performing multiply functions.
Related violations: <none>

DPOP-2#70 Warning
MREG Output pipelining  
DSP npu_system_i/tinynpu_0/inst/u_systolic/row[0].col[5].pe_inst/mul_s10 multiplier stage npu_system_i/tinynpu_0/inst/u_systolic/row[0].col[5].pe_inst/mul_s10/P[47:0] is not pipelined (MREG=0). Pipelining the multiplier function will improve performance and will save significant power so it is suggested whenever possible to fully pipeline this function.  If this multiplier was inferred, it is suggested to describe an additional register stage after this function.  If there is no registered adder/accumulator following the multiply function, two pipeline stages are suggested to allow both the MREG and PREG registers to be used.  If the DSP48 was instantiated in the design, it is suggested to set both the MREG and PREG attributes to 1 when performing multiply functions.
Related violations: <none>

DPOP-2#71 Warning
MREG Output pipelining  
DSP npu_system_i/tinynpu_0/inst/u_systolic/row[0].col[6].pe_inst/mul_s10 multiplier stage npu_system_i/tinynpu_0/inst/u_systolic/row[0].col[6].pe_inst/mul_s10/P[47:0] is not pipelined (MREG=0). Pipelining the multiplier function will improve performance and will save significant power so it is suggested whenever possible to fully pipeline this function.  If this multiplier was inferred, it is suggested to describe an additional register stage after this function.  If there is no registered adder/accumulator following the multiply function, two pipeline stages are suggested to allow both the MREG and PREG registers to be used.  If the DSP48 was instantiated in the design, it is suggested to set both the MREG and PREG attributes to 1 when performing multiply functions.
Related violations: <none>

DPOP-2#72 Warning
MREG Output pipelining  
DSP npu_system_i/tinynpu_0/inst/u_systolic/row[0].col[7].pe_inst/mul_s10 multiplier stage npu_system_i/tinynpu_0/inst/u_systolic/row[0].col[7].pe_inst/mul_s10/P[47:0] is not pipelined (MREG=0). Pipelining the multiplier function will improve performance and will save significant power so it is suggested whenever possible to fully pipeline this function.  If this multiplier was inferred, it is suggested to describe an additional register stage after this function.  If there is no registered adder/accumulator following the multiply function, two pipeline stages are suggested to allow both the MREG and PREG registers to be used.  If the DSP48 was instantiated in the design, it is suggested to set both the MREG and PREG attributes to 1 when performing multiply functions.
Related violations: <none>

DPOP-2#73 Warning
MREG Output pipelining  
DSP npu_system_i/tinynpu_0/inst/u_systolic/row[10].col[0].pe_inst/mul_s10 multiplier stage npu_system_i/tinynpu_0/inst/u_systolic/row[10].col[0].pe_inst/mul_s10/P[47:0] is not pipelined (MREG=0). Pipelining the multiplier function will improve performance and will save significant power so it is suggested whenever possible to fully pipeline this function.  If this multiplier was inferred, it is suggested to describe an additional register stage after this function.  If there is no registered adder/accumulator following the multiply function, two pipeline stages are suggested to allow both the MREG and PREG registers to be used.  If the DSP48 was instantiated in the design, it is suggested to set both the MREG and PREG attributes to 1 when performing multiply functions.
Related violations: <none>

DPOP-2#74 Warning
MREG Output pipelining  
DSP npu_system_i/tinynpu_0/inst/u_systolic/row[10].col[1].pe_inst/mul_s10 multiplier stage npu_system_i/tinynpu_0/inst/u_systolic/row[10].col[1].pe_inst/mul_s10/P[47:0] is not pipelined (MREG=0). Pipelining the multiplier function will improve performance and will save significant power so it is suggested whenever possible to fully pipeline this function.  If this multiplier was inferred, it is suggested to describe an additional register stage after this function.  If there is no registered adder/accumulator following the multiply function, two pipeline stages are suggested to allow both the MREG and PREG registers to be used.  If the DSP48 was instantiated in the design, it is suggested to set both the MREG and PREG attributes to 1 when performing multiply functions.
Related violations: <none>

DPOP-2#75 Warning
MREG Output pipelining  
DSP npu_system_i/tinynpu_0/inst/u_systolic/row[10].col[2].pe_inst/mul_s10 multiplier stage npu_system_i/tinynpu_0/inst/u_systolic/row[10].col[2].pe_inst/mul_s10/P[47:0] is not pipelined (MREG=0). Pipelining the multiplier function will improve performance and will save significant power so it is suggested whenever possible to fully pipeline this function.  If this multiplier was inferred, it is suggested to describe an additional register stage after this function.  If there is no registered adder/accumulator following the multiply function, two pipeline stages are suggested to allow both the MREG and PREG registers to be used.  If the DSP48 was instantiated in the design, it is suggested to set both the MREG and PREG attributes to 1 when performing multiply functions.
Related violations: <none>

DPOP-2#76 Warning
MREG Output pipelining  
DSP npu_system_i/tinynpu_0/inst/u_systolic/row[10].col[3].pe_inst/mul_s10 multiplier stage npu_system_i/tinynpu_0/inst/u_systolic/row[10].col[3].pe_inst/mul_s10/P[47:0] is not pipelined (MREG=0). Pipelining the multiplier function will improve performance and will save significant power so it is suggested whenever possible to fully pipeline this function.  If this multiplier was inferred, it is suggested to describe an additional register stage after this function.  If there is no registered adder/accumulator following the multiply function, two pipeline stages are suggested to allow both the MREG and PREG registers to be used.  If the DSP48 was instantiated in the design, it is suggested to set both the MREG and PREG attributes to 1 when performing multiply functions.
Related violations: <none>

DPOP-2#77 Warning
MREG Output pipelining  
DSP npu_system_i/tinynpu_0/inst/u_systolic/row[10].col[4].pe_inst/mul_s10 multiplier stage npu_system_i/tinynpu_0/inst/u_systolic/row[10].col[4].pe_inst/mul_s10/P[47:0] is not pipelined (MREG=0). Pipelining the multiplier function will improve performance and will save significant power so it is suggested whenever possible to fully pipeline this function.  If this multiplier was inferred, it is suggested to describe an additional register stage after this function.  If there is no registered adder/accumulator following the multiply function, two pipeline stages are suggested to allow both the MREG and PREG registers to be used.  If the DSP48 was instantiated in the design, it is suggested to set both the MREG and PREG attributes to 1 when performing multiply functions.
Related violations: <none>

DPOP-2#78 Warning
MREG Output pipelining  
DSP npu_system_i/tinynpu_0/inst/u_systolic/row[10].col[6].pe_inst/mul_s10 multiplier stage npu_system_i/tinynpu_0/inst/u_systolic/row[10].col[6].pe_inst/mul_s10/P[47:0] is not pipelined (MREG=0). Pipelining the multiplier function will improve performance and will save significant power so it is suggested whenever possible to fully pipeline this function.  If this multiplier was inferred, it is suggested to describe an additional register stage after this function.  If there is no registered adder/accumulator following the multiply function, two pipeline stages are suggested to allow both the MREG and PREG registers to be used.  If the DSP48 was instantiated in the design, it is suggested to set both the MREG and PREG attributes to 1 when performing multiply functions.
Related violations: <none>

DPOP-2#79 Warning
MREG Output pipelining  
DSP npu_system_i/tinynpu_0/inst/u_systolic/row[10].col[7].pe_inst/mul_s10 multiplier stage npu_system_i/tinynpu_0/inst/u_systolic/row[10].col[7].pe_inst/mul_s10/P[47:0] is not pipelined (MREG=0). Pipelining the multiplier function will improve performance and will save significant power so it is suggested whenever possible to fully pipeline this function.  If this multiplier was inferred, it is suggested to describe an additional register stage after this function.  If there is no registered adder/accumulator following the multiply function, two pipeline stages are suggested to allow both the MREG and PREG registers to be used.  If the DSP48 was instantiated in the design, it is suggested to set both the MREG and PREG attributes to 1 when performing multiply functions.
Related violations: <none>

DPOP-2#80 Warning
MREG Output pipelining  
DSP npu_system_i/tinynpu_0/inst/u_systolic/row[11].col[0].pe_inst/mul_s10 multiplier stage npu_system_i/tinynpu_0/inst/u_systolic/row[11].col[0].pe_inst/mul_s10/P[47:0] is not pipelined (MREG=0). Pipelining the multiplier function will improve performance and will save significant power so it is suggested whenever possible to fully pipeline this function.  If this multiplier was inferred, it is suggested to describe an additional register stage after this function.  If there is no registered adder/accumulator following the multiply function, two pipeline stages are suggested to allow both the MREG and PREG registers to be used.  If the DSP48 was instantiated in the design, it is suggested to set both the MREG and PREG attributes to 1 when performing multiply functions.
Related violations: <none>

DPOP-2#81 Warning
MREG Output pipelining  
DSP npu_system_i/tinynpu_0/inst/u_systolic/row[11].col[1].pe_inst/mul_s10 multiplier stage npu_system_i/tinynpu_0/inst/u_systolic/row[11].col[1].pe_inst/mul_s10/P[47:0] is not pipelined (MREG=0). Pipelining the multiplier function will improve performance and will save significant power so it is suggested whenever possible to fully pipeline this function.  If this multiplier was inferred, it is suggested to describe an additional register stage after this function.  If there is no registered adder/accumulator following the multiply function, two pipeline stages are suggested to allow both the MREG and PREG registers to be used.  If the DSP48 was instantiated in the design, it is suggested to set both the MREG and PREG attributes to 1 when performing multiply functions.
Related violations: <none>

DPOP-2#82 Warning
MREG Output pipelining  
DSP npu_system_i/tinynpu_0/inst/u_systolic/row[11].col[2].pe_inst/mul_s10 multiplier stage npu_system_i/tinynpu_0/inst/u_systolic/row[11].col[2].pe_inst/mul_s10/P[47:0] is not pipelined (MREG=0). Pipelining the multiplier function will improve performance and will save significant power so it is suggested whenever possible to fully pipeline this function.  If this multiplier was inferred, it is suggested to describe an additional register stage after this function.  If there is no registered adder/accumulator following the multiply function, two pipeline stages are suggested to allow both the MREG and PREG registers to be used.  If the DSP48 was instantiated in the design, it is suggested to set both the MREG and PREG attributes to 1 when performing multiply functions.
Related violations: <none>

DPOP-2#83 Warning
MREG Output pipelining  
DSP npu_system_i/tinynpu_0/inst/u_systolic/row[11].col[5].pe_inst/mul_s10 multiplier stage npu_system_i/tinynpu_0/inst/u_systolic/row[11].col[5].pe_inst/mul_s10/P[47:0] is not pipelined (MREG=0). Pipelining the multiplier function will improve performance and will save significant power so it is suggested whenever possible to fully pipeline this function.  If this multiplier was inferred, it is suggested to describe an additional register stage after this function.  If there is no registered adder/accumulator following the multiply function, two pipeline stages are suggested to allow both the MREG and PREG registers to be used.  If the DSP48 was instantiated in the design, it is suggested to set both the MREG and PREG attributes to 1 when performing multiply functions.
Related violations: <none>

DPOP-2#84 Warning
MREG Output pipelining  
DSP npu_system_i/tinynpu_0/inst/u_systolic/row[11].col[7].pe_inst/mul_s10 multiplier stage npu_system_i/tinynpu_0/inst/u_systolic/row[11].col[7].pe_inst/mul_s10/P[47:0] is not pipelined (MREG=0). Pipelining the multiplier function will improve performance and will save significant power so it is suggested whenever possible to fully pipeline this function.  If this multiplier was inferred, it is suggested to describe an additional register stage after this function.  If there is no registered adder/accumulator following the multiply function, two pipeline stages are suggested to allow both the MREG and PREG registers to be used.  If the DSP48 was instantiated in the design, it is suggested to set both the MREG and PREG attributes to 1 when performing multiply functions.
Related violations: <none>

DPOP-2#85 Warning
MREG Output pipelining  
DSP npu_system_i/tinynpu_0/inst/u_systolic/row[12].col[0].pe_inst/mul_s10 multiplier stage npu_system_i/tinynpu_0/inst/u_systolic/row[12].col[0].pe_inst/mul_s10/P[47:0] is not pipelined (MREG=0). Pipelining the multiplier function will improve performance and will save significant power so it is suggested whenever possible to fully pipeline this function.  If this multiplier was inferred, it is suggested to describe an additional register stage after this function.  If there is no registered adder/accumulator following the multiply function, two pipeline stages are suggested to allow both the MREG and PREG registers to be used.  If the DSP48 was instantiated in the design, it is suggested to set both the MREG and PREG attributes to 1 when performing multiply functions.
Related violations: <none>

DPOP-2#86 Warning
MREG Output pipelining  
DSP npu_system_i/tinynpu_0/inst/u_systolic/row[12].col[1].pe_inst/mul_s10 multiplier stage npu_system_i/tinynpu_0/inst/u_systolic/row[12].col[1].pe_inst/mul_s10/P[47:0] is not pipelined (MREG=0). Pipelining the multiplier function will improve performance and will save significant power so it is suggested whenever possible to fully pipeline this function.  If this multiplier was inferred, it is suggested to describe an additional register stage after this function.  If there is no registered adder/accumulator following the multiply function, two pipeline stages are suggested to allow both the MREG and PREG registers to be used.  If the DSP48 was instantiated in the design, it is suggested to set both the MREG and PREG attributes to 1 when performing multiply functions.
Related violations: <none>

DPOP-2#87 Warning
MREG Output pipelining  
DSP npu_system_i/tinynpu_0/inst/u_systolic/row[12].col[2].pe_inst/mul_s10 multiplier stage npu_system_i/tinynpu_0/inst/u_systolic/row[12].col[2].pe_inst/mul_s10/P[47:0] is not pipelined (MREG=0). Pipelining the multiplier function will improve performance and will save significant power so it is suggested whenever possible to fully pipeline this function.  If this multiplier was inferred, it is suggested to describe an additional register stage after this function.  If there is no registered adder/accumulator following the multiply function, two pipeline stages are suggested to allow both the MREG and PREG registers to be used.  If the DSP48 was instantiated in the design, it is suggested to set both the MREG and PREG attributes to 1 when performing multiply functions.
Related violations: <none>

DPOP-2#88 Warning
MREG Output pipelining  
DSP npu_system_i/tinynpu_0/inst/u_systolic/row[12].col[3].pe_inst/mul_s10 multiplier stage npu_system_i/tinynpu_0/inst/u_systolic/row[12].col[3].pe_inst/mul_s10/P[47:0] is not pipelined (MREG=0). Pipelining the multiplier function will improve performance and will save significant power so it is suggested whenever possible to fully pipeline this function.  If this multiplier was inferred, it is suggested to describe an additional register stage after this function.  If there is no registered adder/accumulator following the multiply function, two pipeline stages are suggested to allow both the MREG and PREG registers to be used.  If the DSP48 was instantiated in the design, it is suggested to set both the MREG and PREG attributes to 1 when performing multiply functions.
Related violations: <none>

DPOP-2#89 Warning
MREG Output pipelining  
DSP npu_system_i/tinynpu_0/inst/u_systolic/row[12].col[4].pe_inst/mul_s10 multiplier stage npu_system_i/tinynpu_0/inst/u_systolic/row[12].col[4].pe_inst/mul_s10/P[47:0] is not pipelined (MREG=0). Pipelining the multiplier function will improve performance and will save significant power so it is suggested whenever possible to fully pipeline this function.  If this multiplier was inferred, it is suggested to describe an additional register stage after this function.  If there is no registered adder/accumulator following the multiply function, two pipeline stages are suggested to allow both the MREG and PREG registers to be used.  If the DSP48 was instantiated in the design, it is suggested to set both the MREG and PREG attributes to 1 when performing multiply functions.
Related violations: <none>

DPOP-2#90 Warning
MREG Output pipelining  
DSP npu_system_i/tinynpu_0/inst/u_systolic/row[12].col[5].pe_inst/mul_s10 multiplier stage npu_system_i/tinynpu_0/inst/u_systolic/row[12].col[5].pe_inst/mul_s10/P[47:0] is not pipelined (MREG=0). Pipelining the multiplier function will improve performance and will save significant power so it is suggested whenever possible to fully pipeline this function.  If this multiplier was inferred, it is suggested to describe an additional register stage after this function.  If there is no registered adder/accumulator following the multiply function, two pipeline stages are suggested to allow both the MREG and PREG registers to be used.  If the DSP48 was instantiated in the design, it is suggested to set both the MREG and PREG attributes to 1 when performing multiply functions.
Related violations: <none>

DPOP-2#91 Warning
MREG Output pipelining  
DSP npu_system_i/tinynpu_0/inst/u_systolic/row[12].col[6].pe_inst/mul_s10 multiplier stage npu_system_i/tinynpu_0/inst/u_systolic/row[12].col[6].pe_inst/mul_s10/P[47:0] is not pipelined (MREG=0). Pipelining the multiplier function will improve performance and will save significant power so it is suggested whenever possible to fully pipeline this function.  If this multiplier was inferred, it is suggested to describe an additional register stage after this function.  If there is no registered adder/accumulator following the multiply function, two pipeline stages are suggested to allow both the MREG and PREG registers to be used.  If the DSP48 was instantiated in the design, it is suggested to set both the MREG and PREG attributes to 1 when performing multiply functions.
Related violations: <none>

DPOP-2#92 Warning
MREG Output pipelining  
DSP npu_system_i/tinynpu_0/inst/u_systolic/row[12].col[7].pe_inst/mul_s10 multiplier stage npu_system_i/tinynpu_0/inst/u_systolic/row[12].col[7].pe_inst/mul_s10/P[47:0] is not pipelined (MREG=0). Pipelining the multiplier function will improve performance and will save significant power so it is suggested whenever possible to fully pipeline this function.  If this multiplier was inferred, it is suggested to describe an additional register stage after this function.  If there is no registered adder/accumulator following the multiply function, two pipeline stages are suggested to allow both the MREG and PREG registers to be used.  If the DSP48 was instantiated in the design, it is suggested to set both the MREG and PREG attributes to 1 when performing multiply functions.
Related violations: <none>

DPOP-2#93 Warning
MREG Output pipelining  
DSP npu_system_i/tinynpu_0/inst/u_systolic/row[13].col[0].pe_inst/mul_s10 multiplier stage npu_system_i/tinynpu_0/inst/u_systolic/row[13].col[0].pe_inst/mul_s10/P[47:0] is not pipelined (MREG=0). Pipelining the multiplier function will improve performance and will save significant power so it is suggested whenever possible to fully pipeline this function.  If this multiplier was inferred, it is suggested to describe an additional register stage after this function.  If there is no registered adder/accumulator following the multiply function, two pipeline stages are suggested to allow both the MREG and PREG registers to be used.  If the DSP48 was instantiated in the design, it is suggested to set both the MREG and PREG attributes to 1 when performing multiply functions.
Related violations: <none>

DPOP-2#94 Warning
MREG Output pipelining  
DSP npu_system_i/tinynpu_0/inst/u_systolic/row[13].col[1].pe_inst/mul_s10 multiplier stage npu_system_i/tinynpu_0/inst/u_systolic/row[13].col[1].pe_inst/mul_s10/P[47:0] is not pipelined (MREG=0). Pipelining the multiplier function will improve performance and will save significant power so it is suggested whenever possible to fully pipeline this function.  If this multiplier was inferred, it is suggested to describe an additional register stage after this function.  If there is no registered adder/accumulator following the multiply function, two pipeline stages are suggested to allow both the MREG and PREG registers to be used.  If the DSP48 was instantiated in the design, it is suggested to set both the MREG and PREG attributes to 1 when performing multiply functions.
Related violations: <none>

DPOP-2#95 Warning
MREG Output pipelining  
DSP npu_system_i/tinynpu_0/inst/u_systolic/row[13].col[2].pe_inst/mul_s10 multiplier stage npu_system_i/tinynpu_0/inst/u_systolic/row[13].col[2].pe_inst/mul_s10/P[47:0] is not pipelined (MREG=0). Pipelining the multiplier function will improve performance and will save significant power so it is suggested whenever possible to fully pipeline this function.  If this multiplier was inferred, it is suggested to describe an additional register stage after this function.  If there is no registered adder/accumulator following the multiply function, two pipeline stages are suggested to allow both the MREG and PREG registers to be used.  If the DSP48 was instantiated in the design, it is suggested to set both the MREG and PREG attributes to 1 when performing multiply functions.
Related violations: <none>

DPOP-2#96 Warning
MREG Output pipelining  
DSP npu_system_i/tinynpu_0/inst/u_systolic/row[13].col[3].pe_inst/mul_s10 multiplier stage npu_system_i/tinynpu_0/inst/u_systolic/row[13].col[3].pe_inst/mul_s10/P[47:0] is not pipelined (MREG=0). Pipelining the multiplier function will improve performance and will save significant power so it is suggested whenever possible to fully pipeline this function.  If this multiplier was inferred, it is suggested to describe an additional register stage after this function.  If there is no registered adder/accumulator following the multiply function, two pipeline stages are suggested to allow both the MREG and PREG registers to be used.  If the DSP48 was instantiated in the design, it is suggested to set both the MREG and PREG attributes to 1 when performing multiply functions.
Related violations: <none>

DPOP-2#97 Warning
MREG Output pipelining  
DSP npu_system_i/tinynpu_0/inst/u_systolic/row[13].col[4].pe_inst/mul_s10 multiplier stage npu_system_i/tinynpu_0/inst/u_systolic/row[13].col[4].pe_inst/mul_s10/P[47:0] is not pipelined (MREG=0). Pipelining the multiplier function will improve performance and will save significant power so it is suggested whenever possible to fully pipeline this function.  If this multiplier was inferred, it is suggested to describe an additional register stage after this function.  If there is no registered adder/accumulator following the multiply function, two pipeline stages are suggested to allow both the MREG and PREG registers to be used.  If the DSP48 was instantiated in the design, it is suggested to set both the MREG and PREG attributes to 1 when performing multiply functions.
Related violations: <none>

DPOP-2#98 Warning
MREG Output pipelining  
DSP npu_system_i/tinynpu_0/inst/u_systolic/row[13].col[5].pe_inst/mul_s10 multiplier stage npu_system_i/tinynpu_0/inst/u_systolic/row[13].col[5].pe_inst/mul_s10/P[47:0] is not pipelined (MREG=0). Pipelining the multiplier function will improve performance and will save significant power so it is suggested whenever possible to fully pipeline this function.  If this multiplier was inferred, it is suggested to describe an additional register stage after this function.  If there is no registered adder/accumulator following the multiply function, two pipeline stages are suggested to allow both the MREG and PREG registers to be used.  If the DSP48 was instantiated in the design, it is suggested to set both the MREG and PREG attributes to 1 when performing multiply functions.
Related violations: <none>

DPOP-2#99 Warning
MREG Output pipelining  
DSP npu_system_i/tinynpu_0/inst/u_systolic/row[13].col[6].pe_inst/mul_s10 multiplier stage npu_system_i/tinynpu_0/inst/u_systolic/row[13].col[6].pe_inst/mul_s10/P[47:0] is not pipelined (MREG=0). Pipelining the multiplier function will improve performance and will save significant power so it is suggested whenever possible to fully pipeline this function.  If this multiplier was inferred, it is suggested to describe an additional register stage after this function.  If there is no registered adder/accumulator following the multiply function, two pipeline stages are suggested to allow both the MREG and PREG registers to be used.  If the DSP48 was instantiated in the design, it is suggested to set both the MREG and PREG attributes to 1 when performing multiply functions.
Related violations: <none>

DPOP-2#100 Warning
MREG Output pipelining  
DSP npu_system_i/tinynpu_0/inst/u_systolic/row[13].col[7].pe_inst/mul_s10 multiplier stage npu_system_i/tinynpu_0/inst/u_systolic/row[13].col[7].pe_inst/mul_s10/P[47:0] is not pipelined (MREG=0). Pipelining the multiplier function will improve performance and will save significant power so it is suggested whenever possible to fully pipeline this function.  If this multiplier was inferred, it is suggested to describe an additional register stage after this function.  If there is no registered adder/accumulator following the multiply function, two pipeline stages are suggested to allow both the MREG and PREG registers to be used.  If the DSP48 was instantiated in the design, it is suggested to set both the MREG and PREG attributes to 1 when performing multiply functions.
Related violations: <none>

DPOP-2#101 Warning
MREG Output pipelining  
DSP npu_system_i/tinynpu_0/inst/u_systolic/row[14].col[0].pe_inst/mul_s10 multiplier stage npu_system_i/tinynpu_0/inst/u_systolic/row[14].col[0].pe_inst/mul_s10/P[47:0] is not pipelined (MREG=0). Pipelining the multiplier function will improve performance and will save significant power so it is suggested whenever possible to fully pipeline this function.  If this multiplier was inferred, it is suggested to describe an additional register stage after this function.  If there is no registered adder/accumulator following the multiply function, two pipeline stages are suggested to allow both the MREG and PREG registers to be used.  If the DSP48 was instantiated in the design, it is suggested to set both the MREG and PREG attributes to 1 when performing multiply functions.
Related violations: <none>

DPOP-2#102 Warning
MREG Output pipelining  
DSP npu_system_i/tinynpu_0/inst/u_systolic/row[14].col[1].pe_inst/mul_s10 multiplier stage npu_system_i/tinynpu_0/inst/u_systolic/row[14].col[1].pe_inst/mul_s10/P[47:0] is not pipelined (MREG=0). Pipelining the multiplier function will improve performance and will save significant power so it is suggested whenever possible to fully pipeline this function.  If this multiplier was inferred, it is suggested to describe an additional register stage after this function.  If there is no registered adder/accumulator following the multiply function, two pipeline stages are suggested to allow both the MREG and PREG registers to be used.  If the DSP48 was instantiated in the design, it is suggested to set both the MREG and PREG attributes to 1 when performing multiply functions.
Related violations: <none>

DPOP-2#103 Warning
MREG Output pipelining  
DSP npu_system_i/tinynpu_0/inst/u_systolic/row[14].col[2].pe_inst/mul_s10 multiplier stage npu_system_i/tinynpu_0/inst/u_systolic/row[14].col[2].pe_inst/mul_s10/P[47:0] is not pipelined (MREG=0). Pipelining the multiplier function will improve performance and will save significant power so it is suggested whenever possible to fully pipeline this function.  If this multiplier was inferred, it is suggested to describe an additional register stage after this function.  If there is no registered adder/accumulator following the multiply function, two pipeline stages are suggested to allow both the MREG and PREG registers to be used.  If the DSP48 was instantiated in the design, it is suggested to set both the MREG and PREG attributes to 1 when performing multiply functions.
Related violations: <none>

DPOP-2#104 Warning
MREG Output pipelining  
DSP npu_system_i/tinynpu_0/inst/u_systolic/row[14].col[3].pe_inst/mul_s10 multiplier stage npu_system_i/tinynpu_0/inst/u_systolic/row[14].col[3].pe_inst/mul_s10/P[47:0] is not pipelined (MREG=0). Pipelining the multiplier function will improve performance and will save significant power so it is suggested whenever possible to fully pipeline this function.  If this multiplier was inferred, it is suggested to describe an additional register stage after this function.  If there is no registered adder/accumulator following the multiply function, two pipeline stages are suggested to allow both the MREG and PREG registers to be used.  If the DSP48 was instantiated in the design, it is suggested to set both the MREG and PREG attributes to 1 when performing multiply functions.
Related violations: <none>

DPOP-2#105 Warning
MREG Output pipelining  
DSP npu_system_i/tinynpu_0/inst/u_systolic/row[14].col[4].pe_inst/mul_s10 multiplier stage npu_system_i/tinynpu_0/inst/u_systolic/row[14].col[4].pe_inst/mul_s10/P[47:0] is not pipelined (MREG=0). Pipelining the multiplier function will improve performance and will save significant power so it is suggested whenever possible to fully pipeline this function.  If this multiplier was inferred, it is suggested to describe an additional register stage after this function.  If there is no registered adder/accumulator following the multiply function, two pipeline stages are suggested to allow both the MREG and PREG registers to be used.  If the DSP48 was instantiated in the design, it is suggested to set both the MREG and PREG attributes to 1 when performing multiply functions.
Related violations: <none>

DPOP-2#106 Warning
MREG Output pipelining  
DSP npu_system_i/tinynpu_0/inst/u_systolic/row[14].col[6].pe_inst/mul_s10 multiplier stage npu_system_i/tinynpu_0/inst/u_systolic/row[14].col[6].pe_inst/mul_s10/P[47:0] is not pipelined (MREG=0). Pipelining the multiplier function will improve performance and will save significant power so it is suggested whenever possible to fully pipeline this function.  If this multiplier was inferred, it is suggested to describe an additional register stage after this function.  If there is no registered adder/accumulator following the multiply function, two pipeline stages are suggested to allow both the MREG and PREG registers to be used.  If the DSP48 was instantiated in the design, it is suggested to set both the MREG and PREG attributes to 1 when performing multiply functions.
Related violations: <none>

DPOP-2#107 Warning
MREG Output pipelining  
DSP npu_system_i/tinynpu_0/inst/u_systolic/row[14].col[7].pe_inst/mul_s10 multiplier stage npu_system_i/tinynpu_0/inst/u_systolic/row[14].col[7].pe_inst/mul_s10/P[47:0] is not pipelined (MREG=0). Pipelining the multiplier function will improve performance and will save significant power so it is suggested whenever possible to fully pipeline this function.  If this multiplier was inferred, it is suggested to describe an additional register stage after this function.  If there is no registered adder/accumulator following the multiply function, two pipeline stages are suggested to allow both the MREG and PREG registers to be used.  If the DSP48 was instantiated in the design, it is suggested to set both the MREG and PREG attributes to 1 when performing multiply functions.
Related violations: <none>

DPOP-2#108 Warning
MREG Output pipelining  
DSP npu_system_i/tinynpu_0/inst/u_systolic/row[15].col[0].pe_inst/mul_s10 multiplier stage npu_system_i/tinynpu_0/inst/u_systolic/row[15].col[0].pe_inst/mul_s10/P[47:0] is not pipelined (MREG=0). Pipelining the multiplier function will improve performance and will save significant power so it is suggested whenever possible to fully pipeline this function.  If this multiplier was inferred, it is suggested to describe an additional register stage after this function.  If there is no registered adder/accumulator following the multiply function, two pipeline stages are suggested to allow both the MREG and PREG registers to be used.  If the DSP48 was instantiated in the design, it is suggested to set both the MREG and PREG attributes to 1 when performing multiply functions.
Related violations: <none>

DPOP-2#109 Warning
MREG Output pipelining  
DSP npu_system_i/tinynpu_0/inst/u_systolic/row[15].col[1].pe_inst/mul_s10 multiplier stage npu_system_i/tinynpu_0/inst/u_systolic/row[15].col[1].pe_inst/mul_s10/P[47:0] is not pipelined (MREG=0). Pipelining the multiplier function will improve performance and will save significant power so it is suggested whenever possible to fully pipeline this function.  If this multiplier was inferred, it is suggested to describe an additional register stage after this function.  If there is no registered adder/accumulator following the multiply function, two pipeline stages are suggested to allow both the MREG and PREG registers to be used.  If the DSP48 was instantiated in the design, it is suggested to set both the MREG and PREG attributes to 1 when performing multiply functions.
Related violations: <none>

DPOP-2#110 Warning
MREG Output pipelining  
DSP npu_system_i/tinynpu_0/inst/u_systolic/row[15].col[2].pe_inst/mul_s10 multiplier stage npu_system_i/tinynpu_0/inst/u_systolic/row[15].col[2].pe_inst/mul_s10/P[47:0] is not pipelined (MREG=0). Pipelining the multiplier function will improve performance and will save significant power so it is suggested whenever possible to fully pipeline this function.  If this multiplier was inferred, it is suggested to describe an additional register stage after this function.  If there is no registered adder/accumulator following the multiply function, two pipeline stages are suggested to allow both the MREG and PREG registers to be used.  If the DSP48 was instantiated in the design, it is suggested to set both the MREG and PREG attributes to 1 when performing multiply functions.
Related violations: <none>

DPOP-2#111 Warning
MREG Output pipelining  
DSP npu_system_i/tinynpu_0/inst/u_systolic/row[15].col[3].pe_inst/mul_s10 multiplier stage npu_system_i/tinynpu_0/inst/u_systolic/row[15].col[3].pe_inst/mul_s10/P[47:0] is not pipelined (MREG=0). Pipelining the multiplier function will improve performance and will save significant power so it is suggested whenever possible to fully pipeline this function.  If this multiplier was inferred, it is suggested to describe an additional register stage after this function.  If there is no registered adder/accumulator following the multiply function, two pipeline stages are suggested to allow both the MREG and PREG registers to be used.  If the DSP48 was instantiated in the design, it is suggested to set both the MREG and PREG attributes to 1 when performing multiply functions.
Related violations: <none>

DPOP-2#112 Warning
MREG Output pipelining  
DSP npu_system_i/tinynpu_0/inst/u_systolic/row[15].col[4].pe_inst/mul_s10 multiplier stage npu_system_i/tinynpu_0/inst/u_systolic/row[15].col[4].pe_inst/mul_s10/P[47:0] is not pipelined (MREG=0). Pipelining the multiplier function will improve performance and will save significant power so it is suggested whenever possible to fully pipeline this function.  If this multiplier was inferred, it is suggested to describe an additional register stage after this function.  If there is no registered adder/accumulator following the multiply function, two pipeline stages are suggested to allow both the MREG and PREG registers to be used.  If the DSP48 was instantiated in the design, it is suggested to set both the MREG and PREG attributes to 1 when performing multiply functions.
Related violations: <none>

DPOP-2#113 Warning
MREG Output pipelining  
DSP npu_system_i/tinynpu_0/inst/u_systolic/row[15].col[5].pe_inst/mul_s10 multiplier stage npu_system_i/tinynpu_0/inst/u_systolic/row[15].col[5].pe_inst/mul_s10/P[47:0] is not pipelined (MREG=0). Pipelining the multiplier function will improve performance and will save significant power so it is suggested whenever possible to fully pipeline this function.  If this multiplier was inferred, it is suggested to describe an additional register stage after this function.  If there is no registered adder/accumulator following the multiply function, two pipeline stages are suggested to allow both the MREG and PREG registers to be used.  If the DSP48 was instantiated in the design, it is suggested to set both the MREG and PREG attributes to 1 when performing multiply functions.
Related violations: <none>

DPOP-2#114 Warning
MREG Output pipelining  
DSP npu_system_i/tinynpu_0/inst/u_systolic/row[15].col[6].pe_inst/mul_s10 multiplier stage npu_system_i/tinynpu_0/inst/u_systolic/row[15].col[6].pe_inst/mul_s10/P[47:0] is not pipelined (MREG=0). Pipelining the multiplier function will improve performance and will save significant power so it is suggested whenever possible to fully pipeline this function.  If this multiplier was inferred, it is suggested to describe an additional register stage after this function.  If there is no registered adder/accumulator following the multiply function, two pipeline stages are suggested to allow both the MREG and PREG registers to be used.  If the DSP48 was instantiated in the design, it is suggested to set both the MREG and PREG attributes to 1 when performing multiply functions.
Related violations: <none>

DPOP-2#115 Warning
MREG Output pipelining  
DSP npu_system_i/tinynpu_0/inst/u_systolic/row[15].col[7].pe_inst/mul_s10 multiplier stage npu_system_i/tinynpu_0/inst/u_systolic/row[15].col[7].pe_inst/mul_s10/P[47:0] is not pipelined (MREG=0). Pipelining the multiplier function will improve performance and will save significant power so it is suggested whenever possible to fully pipeline this function.  If this multiplier was inferred, it is suggested to describe an additional register stage after this function.  If there is no registered adder/accumulator following the multiply function, two pipeline stages are suggested to allow both the MREG and PREG registers to be used.  If the DSP48 was instantiated in the design, it is suggested to set both the MREG and PREG attributes to 1 when performing multiply functions.
Related violations: <none>

DPOP-2#116 Warning
MREG Output pipelining  
DSP npu_system_i/tinynpu_0/inst/u_systolic/row[16].col[0].pe_inst/mul_s10 multiplier stage npu_system_i/tinynpu_0/inst/u_systolic/row[16].col[0].pe_inst/mul_s10/P[47:0] is not pipelined (MREG=0). Pipelining the multiplier function will improve performance and will save significant power so it is suggested whenever possible to fully pipeline this function.  If this multiplier was inferred, it is suggested to describe an additional register stage after this function.  If there is no registered adder/accumulator following the multiply function, two pipeline stages are suggested to allow both the MREG and PREG registers to be used.  If the DSP48 was instantiated in the design, it is suggested to set both the MREG and PREG attributes to 1 when performing multiply functions.
Related violations: <none>

DPOP-2#117 Warning
MREG Output pipelining  
DSP npu_system_i/tinynpu_0/inst/u_systolic/row[16].col[1].pe_inst/mul_s10 multiplier stage npu_system_i/tinynpu_0/inst/u_systolic/row[16].col[1].pe_inst/mul_s10/P[47:0] is not pipelined (MREG=0). Pipelining the multiplier function will improve performance and will save significant power so it is suggested whenever possible to fully pipeline this function.  If this multiplier was inferred, it is suggested to describe an additional register stage after this function.  If there is no registered adder/accumulator following the multiply function, two pipeline stages are suggested to allow both the MREG and PREG registers to be used.  If the DSP48 was instantiated in the design, it is suggested to set both the MREG and PREG attributes to 1 when performing multiply functions.
Related violations: <none>

DPOP-2#118 Warning
MREG Output pipelining  
DSP npu_system_i/tinynpu_0/inst/u_systolic/row[16].col[2].pe_inst/mul_s10 multiplier stage npu_system_i/tinynpu_0/inst/u_systolic/row[16].col[2].pe_inst/mul_s10/P[47:0] is not pipelined (MREG=0). Pipelining the multiplier function will improve performance and will save significant power so it is suggested whenever possible to fully pipeline this function.  If this multiplier was inferred, it is suggested to describe an additional register stage after this function.  If there is no registered adder/accumulator following the multiply function, two pipeline stages are suggested to allow both the MREG and PREG registers to be used.  If the DSP48 was instantiated in the design, it is suggested to set both the MREG and PREG attributes to 1 when performing multiply functions.
Related violations: <none>

DPOP-2#119 Warning
MREG Output pipelining  
DSP npu_system_i/tinynpu_0/inst/u_systolic/row[16].col[3].pe_inst/mul_s10 multiplier stage npu_system_i/tinynpu_0/inst/u_systolic/row[16].col[3].pe_inst/mul_s10/P[47:0] is not pipelined (MREG=0). Pipelining the multiplier function will improve performance and will save significant power so it is suggested whenever possible to fully pipeline this function.  If this multiplier was inferred, it is suggested to describe an additional register stage after this function.  If there is no registered adder/accumulator following the multiply function, two pipeline stages are suggested to allow both the MREG and PREG registers to be used.  If the DSP48 was instantiated in the design, it is suggested to set both the MREG and PREG attributes to 1 when performing multiply functions.
Related violations: <none>

DPOP-2#120 Warning
MREG Output pipelining  
DSP npu_system_i/tinynpu_0/inst/u_systolic/row[16].col[4].pe_inst/mul_s10 multiplier stage npu_system_i/tinynpu_0/inst/u_systolic/row[16].col[4].pe_inst/mul_s10/P[47:0] is not pipelined (MREG=0). Pipelining the multiplier function will improve performance and will save significant power so it is suggested whenever possible to fully pipeline this function.  If this multiplier was inferred, it is suggested to describe an additional register stage after this function.  If there is no registered adder/accumulator following the multiply function, two pipeline stages are suggested to allow both the MREG and PREG registers to be used.  If the DSP48 was instantiated in the design, it is suggested to set both the MREG and PREG attributes to 1 when performing multiply functions.
Related violations: <none>

DPOP-2#121 Warning
MREG Output pipelining  
DSP npu_system_i/tinynpu_0/inst/u_systolic/row[16].col[5].pe_inst/mul_s10 multiplier stage npu_system_i/tinynpu_0/inst/u_systolic/row[16].col[5].pe_inst/mul_s10/P[47:0] is not pipelined (MREG=0). Pipelining the multiplier function will improve performance and will save significant power so it is suggested whenever possible to fully pipeline this function.  If this multiplier was inferred, it is suggested to describe an additional register stage after this function.  If there is no registered adder/accumulator following the multiply function, two pipeline stages are suggested to allow both the MREG and PREG registers to be used.  If the DSP48 was instantiated in the design, it is suggested to set both the MREG and PREG attributes to 1 when performing multiply functions.
Related violations: <none>

DPOP-2#122 Warning
MREG Output pipelining  
DSP npu_system_i/tinynpu_0/inst/u_systolic/row[17].col[5].pe_inst/mul_s10 multiplier stage npu_system_i/tinynpu_0/inst/u_systolic/row[17].col[5].pe_inst/mul_s10/P[47:0] is not pipelined (MREG=0). Pipelining the multiplier function will improve performance and will save significant power so it is suggested whenever possible to fully pipeline this function.  If this multiplier was inferred, it is suggested to describe an additional register stage after this function.  If there is no registered adder/accumulator following the multiply function, two pipeline stages are suggested to allow both the MREG and PREG registers to be used.  If the DSP48 was instantiated in the design, it is suggested to set both the MREG and PREG attributes to 1 when performing multiply functions.
Related violations: <none>

DPOP-2#123 Warning
MREG Output pipelining  
DSP npu_system_i/tinynpu_0/inst/u_systolic/row[17].col[6].pe_inst/mul_s10 multiplier stage npu_system_i/tinynpu_0/inst/u_systolic/row[17].col[6].pe_inst/mul_s10/P[47:0] is not pipelined (MREG=0). Pipelining the multiplier function will improve performance and will save significant power so it is suggested whenever possible to fully pipeline this function.  If this multiplier was inferred, it is suggested to describe an additional register stage after this function.  If there is no registered adder/accumulator following the multiply function, two pipeline stages are suggested to allow both the MREG and PREG registers to be used.  If the DSP48 was instantiated in the design, it is suggested to set both the MREG and PREG attributes to 1 when performing multiply functions.
Related violations: <none>

DPOP-2#124 Warning
MREG Output pipelining  
DSP npu_system_i/tinynpu_0/inst/u_systolic/row[17].col[7].pe_inst/mul_s10 multiplier stage npu_system_i/tinynpu_0/inst/u_systolic/row[17].col[7].pe_inst/mul_s10/P[47:0] is not pipelined (MREG=0). Pipelining the multiplier function will improve performance and will save significant power so it is suggested whenever possible to fully pipeline this function.  If this multiplier was inferred, it is suggested to describe an additional register stage after this function.  If there is no registered adder/accumulator following the multiply function, two pipeline stages are suggested to allow both the MREG and PREG registers to be used.  If the DSP48 was instantiated in the design, it is suggested to set both the MREG and PREG attributes to 1 when performing multiply functions.
Related violations: <none>

DPOP-2#125 Warning
MREG Output pipelining  
DSP npu_system_i/tinynpu_0/inst/u_systolic/row[18].col[0].pe_inst/mul_s10 multiplier stage npu_system_i/tinynpu_0/inst/u_systolic/row[18].col[0].pe_inst/mul_s10/P[47:0] is not pipelined (MREG=0). Pipelining the multiplier function will improve performance and will save significant power so it is suggested whenever possible to fully pipeline this function.  If this multiplier was inferred, it is suggested to describe an additional register stage after this function.  If there is no registered adder/accumulator following the multiply function, two pipeline stages are suggested to allow both the MREG and PREG registers to be used.  If the DSP48 was instantiated in the design, it is suggested to set both the MREG and PREG attributes to 1 when performing multiply functions.
Related violations: <none>

DPOP-2#126 Warning
MREG Output pipelining  
DSP npu_system_i/tinynpu_0/inst/u_systolic/row[18].col[1].pe_inst/mul_s10 multiplier stage npu_system_i/tinynpu_0/inst/u_systolic/row[18].col[1].pe_inst/mul_s10/P[47:0] is not pipelined (MREG=0). Pipelining the multiplier function will improve performance and will save significant power so it is suggested whenever possible to fully pipeline this function.  If this multiplier was inferred, it is suggested to describe an additional register stage after this function.  If there is no registered adder/accumulator following the multiply function, two pipeline stages are suggested to allow both the MREG and PREG registers to be used.  If the DSP48 was instantiated in the design, it is suggested to set both the MREG and PREG attributes to 1 when performing multiply functions.
Related violations: <none>

DPOP-2#127 Warning
MREG Output pipelining  
DSP npu_system_i/tinynpu_0/inst/u_systolic/row[18].col[2].pe_inst/mul_s10 multiplier stage npu_system_i/tinynpu_0/inst/u_systolic/row[18].col[2].pe_inst/mul_s10/P[47:0] is not pipelined (MREG=0). Pipelining the multiplier function will improve performance and will save significant power so it is suggested whenever possible to fully pipeline this function.  If this multiplier was inferred, it is suggested to describe an additional register stage after this function.  If there is no registered adder/accumulator following the multiply function, two pipeline stages are suggested to allow both the MREG and PREG registers to be used.  If the DSP48 was instantiated in the design, it is suggested to set both the MREG and PREG attributes to 1 when performing multiply functions.
Related violations: <none>

DPOP-2#128 Warning
MREG Output pipelining  
DSP npu_system_i/tinynpu_0/inst/u_systolic/row[18].col[3].pe_inst/mul_s10 multiplier stage npu_system_i/tinynpu_0/inst/u_systolic/row[18].col[3].pe_inst/mul_s10/P[47:0] is not pipelined (MREG=0). Pipelining the multiplier function will improve performance and will save significant power so it is suggested whenever possible to fully pipeline this function.  If this multiplier was inferred, it is suggested to describe an additional register stage after this function.  If there is no registered adder/accumulator following the multiply function, two pipeline stages are suggested to allow both the MREG and PREG registers to be used.  If the DSP48 was instantiated in the design, it is suggested to set both the MREG and PREG attributes to 1 when performing multiply functions.
Related violations: <none>

DPOP-2#129 Warning
MREG Output pipelining  
DSP npu_system_i/tinynpu_0/inst/u_systolic/row[18].col[4].pe_inst/mul_s10 multiplier stage npu_system_i/tinynpu_0/inst/u_systolic/row[18].col[4].pe_inst/mul_s10/P[47:0] is not pipelined (MREG=0). Pipelining the multiplier function will improve performance and will save significant power so it is suggested whenever possible to fully pipeline this function.  If this multiplier was inferred, it is suggested to describe an additional register stage after this function.  If there is no registered adder/accumulator following the multiply function, two pipeline stages are suggested to allow both the MREG and PREG registers to be used.  If the DSP48 was instantiated in the design, it is suggested to set both the MREG and PREG attributes to 1 when performing multiply functions.
Related violations: <none>

DPOP-2#130 Warning
MREG Output pipelining  
DSP npu_system_i/tinynpu_0/inst/u_systolic/row[18].col[5].pe_inst/mul_s10 multiplier stage npu_system_i/tinynpu_0/inst/u_systolic/row[18].col[5].pe_inst/mul_s10/P[47:0] is not pipelined (MREG=0). Pipelining the multiplier function will improve performance and will save significant power so it is suggested whenever possible to fully pipeline this function.  If this multiplier was inferred, it is suggested to describe an additional register stage after this function.  If there is no registered adder/accumulator following the multiply function, two pipeline stages are suggested to allow both the MREG and PREG registers to be used.  If the DSP48 was instantiated in the design, it is suggested to set both the MREG and PREG attributes to 1 when performing multiply functions.
Related violations: <none>

DPOP-2#131 Warning
MREG Output pipelining  
DSP npu_system_i/tinynpu_0/inst/u_systolic/row[18].col[6].pe_inst/mul_s10 multiplier stage npu_system_i/tinynpu_0/inst/u_systolic/row[18].col[6].pe_inst/mul_s10/P[47:0] is not pipelined (MREG=0). Pipelining the multiplier function will improve performance and will save significant power so it is suggested whenever possible to fully pipeline this function.  If this multiplier was inferred, it is suggested to describe an additional register stage after this function.  If there is no registered adder/accumulator following the multiply function, two pipeline stages are suggested to allow both the MREG and PREG registers to be used.  If the DSP48 was instantiated in the design, it is suggested to set both the MREG and PREG attributes to 1 when performing multiply functions.
Related violations: <none>

DPOP-2#132 Warning
MREG Output pipelining  
DSP npu_system_i/tinynpu_0/inst/u_systolic/row[18].col[7].pe_inst/mul_s10 multiplier stage npu_system_i/tinynpu_0/inst/u_systolic/row[18].col[7].pe_inst/mul_s10/P[47:0] is not pipelined (MREG=0). Pipelining the multiplier function will improve performance and will save significant power so it is suggested whenever possible to fully pipeline this function.  If this multiplier was inferred, it is suggested to describe an additional register stage after this function.  If there is no registered adder/accumulator following the multiply function, two pipeline stages are suggested to allow both the MREG and PREG registers to be used.  If the DSP48 was instantiated in the design, it is suggested to set both the MREG and PREG attributes to 1 when performing multiply functions.
Related violations: <none>

DPOP-2#133 Warning
MREG Output pipelining  
DSP npu_system_i/tinynpu_0/inst/u_systolic/row[19].col[0].pe_inst/mul_s10 multiplier stage npu_system_i/tinynpu_0/inst/u_systolic/row[19].col[0].pe_inst/mul_s10/P[47:0] is not pipelined (MREG=0). Pipelining the multiplier function will improve performance and will save significant power so it is suggested whenever possible to fully pipeline this function.  If this multiplier was inferred, it is suggested to describe an additional register stage after this function.  If there is no registered adder/accumulator following the multiply function, two pipeline stages are suggested to allow both the MREG and PREG registers to be used.  If the DSP48 was instantiated in the design, it is suggested to set both the MREG and PREG attributes to 1 when performing multiply functions.
Related violations: <none>

DPOP-2#134 Warning
MREG Output pipelining  
DSP npu_system_i/tinynpu_0/inst/u_systolic/row[19].col[1].pe_inst/mul_s10 multiplier stage npu_system_i/tinynpu_0/inst/u_systolic/row[19].col[1].pe_inst/mul_s10/P[47:0] is not pipelined (MREG=0). Pipelining the multiplier function will improve performance and will save significant power so it is suggested whenever possible to fully pipeline this function.  If this multiplier was inferred, it is suggested to describe an additional register stage after this function.  If there is no registered adder/accumulator following the multiply function, two pipeline stages are suggested to allow both the MREG and PREG registers to be used.  If the DSP48 was instantiated in the design, it is suggested to set both the MREG and PREG attributes to 1 when performing multiply functions.
Related violations: <none>

DPOP-2#135 Warning
MREG Output pipelining  
DSP npu_system_i/tinynpu_0/inst/u_systolic/row[19].col[2].pe_inst/mul_s10 multiplier stage npu_system_i/tinynpu_0/inst/u_systolic/row[19].col[2].pe_inst/mul_s10/P[47:0] is not pipelined (MREG=0). Pipelining the multiplier function will improve performance and will save significant power so it is suggested whenever possible to fully pipeline this function.  If this multiplier was inferred, it is suggested to describe an additional register stage after this function.  If there is no registered adder/accumulator following the multiply function, two pipeline stages are suggested to allow both the MREG and PREG registers to be used.  If the DSP48 was instantiated in the design, it is suggested to set both the MREG and PREG attributes to 1 when performing multiply functions.
Related violations: <none>

DPOP-2#136 Warning
MREG Output pipelining  
DSP npu_system_i/tinynpu_0/inst/u_systolic/row[19].col[3].pe_inst/mul_s10 multiplier stage npu_system_i/tinynpu_0/inst/u_systolic/row[19].col[3].pe_inst/mul_s10/P[47:0] is not pipelined (MREG=0). Pipelining the multiplier function will improve performance and will save significant power so it is suggested whenever possible to fully pipeline this function.  If this multiplier was inferred, it is suggested to describe an additional register stage after this function.  If there is no registered adder/accumulator following the multiply function, two pipeline stages are suggested to allow both the MREG and PREG registers to be used.  If the DSP48 was instantiated in the design, it is suggested to set both the MREG and PREG attributes to 1 when performing multiply functions.
Related violations: <none>

DPOP-2#137 Warning
MREG Output pipelining  
DSP npu_system_i/tinynpu_0/inst/u_systolic/row[19].col[4].pe_inst/mul_s10 multiplier stage npu_system_i/tinynpu_0/inst/u_systolic/row[19].col[4].pe_inst/mul_s10/P[47:0] is not pipelined (MREG=0). Pipelining the multiplier function will improve performance and will save significant power so it is suggested whenever possible to fully pipeline this function.  If this multiplier was inferred, it is suggested to describe an additional register stage after this function.  If there is no registered adder/accumulator following the multiply function, two pipeline stages are suggested to allow both the MREG and PREG registers to be used.  If the DSP48 was instantiated in the design, it is suggested to set both the MREG and PREG attributes to 1 when performing multiply functions.
Related violations: <none>

DPOP-2#138 Warning
MREG Output pipelining  
DSP npu_system_i/tinynpu_0/inst/u_systolic/row[19].col[5].pe_inst/mul_s10 multiplier stage npu_system_i/tinynpu_0/inst/u_systolic/row[19].col[5].pe_inst/mul_s10/P[47:0] is not pipelined (MREG=0). Pipelining the multiplier function will improve performance and will save significant power so it is suggested whenever possible to fully pipeline this function.  If this multiplier was inferred, it is suggested to describe an additional register stage after this function.  If there is no registered adder/accumulator following the multiply function, two pipeline stages are suggested to allow both the MREG and PREG registers to be used.  If the DSP48 was instantiated in the design, it is suggested to set both the MREG and PREG attributes to 1 when performing multiply functions.
Related violations: <none>

DPOP-2#139 Warning
MREG Output pipelining  
DSP npu_system_i/tinynpu_0/inst/u_systolic/row[19].col[6].pe_inst/mul_s10 multiplier stage npu_system_i/tinynpu_0/inst/u_systolic/row[19].col[6].pe_inst/mul_s10/P[47:0] is not pipelined (MREG=0). Pipelining the multiplier function will improve performance and will save significant power so it is suggested whenever possible to fully pipeline this function.  If this multiplier was inferred, it is suggested to describe an additional register stage after this function.  If there is no registered adder/accumulator following the multiply function, two pipeline stages are suggested to allow both the MREG and PREG registers to be used.  If the DSP48 was instantiated in the design, it is suggested to set both the MREG and PREG attributes to 1 when performing multiply functions.
Related violations: <none>

DPOP-2#140 Warning
MREG Output pipelining  
DSP npu_system_i/tinynpu_0/inst/u_systolic/row[19].col[7].pe_inst/mul_s10 multiplier stage npu_system_i/tinynpu_0/inst/u_systolic/row[19].col[7].pe_inst/mul_s10/P[47:0] is not pipelined (MREG=0). Pipelining the multiplier function will improve performance and will save significant power so it is suggested whenever possible to fully pipeline this function.  If this multiplier was inferred, it is suggested to describe an additional register stage after this function.  If there is no registered adder/accumulator following the multiply function, two pipeline stages are suggested to allow both the MREG and PREG registers to be used.  If the DSP48 was instantiated in the design, it is suggested to set both the MREG and PREG attributes to 1 when performing multiply functions.
Related violations: <none>

DPOP-2#141 Warning
MREG Output pipelining  
DSP npu_system_i/tinynpu_0/inst/u_systolic/row[1].col[4].pe_inst/mul_s10 multiplier stage npu_system_i/tinynpu_0/inst/u_systolic/row[1].col[4].pe_inst/mul_s10/P[47:0] is not pipelined (MREG=0). Pipelining the multiplier function will improve performance and will save significant power so it is suggested whenever possible to fully pipeline this function.  If this multiplier was inferred, it is suggested to describe an additional register stage after this function.  If there is no registered adder/accumulator following the multiply function, two pipeline stages are suggested to allow both the MREG and PREG registers to be used.  If the DSP48 was instantiated in the design, it is suggested to set both the MREG and PREG attributes to 1 when performing multiply functions.
Related violations: <none>

DPOP-2#142 Warning
MREG Output pipelining  
DSP npu_system_i/tinynpu_0/inst/u_systolic/row[1].col[5].pe_inst/mul_s10 multiplier stage npu_system_i/tinynpu_0/inst/u_systolic/row[1].col[5].pe_inst/mul_s10/P[47:0] is not pipelined (MREG=0). Pipelining the multiplier function will improve performance and will save significant power so it is suggested whenever possible to fully pipeline this function.  If this multiplier was inferred, it is suggested to describe an additional register stage after this function.  If there is no registered adder/accumulator following the multiply function, two pipeline stages are suggested to allow both the MREG and PREG registers to be used.  If the DSP48 was instantiated in the design, it is suggested to set both the MREG and PREG attributes to 1 when performing multiply functions.
Related violations: <none>

DPOP-2#143 Warning
MREG Output pipelining  
DSP npu_system_i/tinynpu_0/inst/u_systolic/row[1].col[6].pe_inst/mul_s10 multiplier stage npu_system_i/tinynpu_0/inst/u_systolic/row[1].col[6].pe_inst/mul_s10/P[47:0] is not pipelined (MREG=0). Pipelining the multiplier function will improve performance and will save significant power so it is suggested whenever possible to fully pipeline this function.  If this multiplier was inferred, it is suggested to describe an additional register stage after this function.  If there is no registered adder/accumulator following the multiply function, two pipeline stages are suggested to allow both the MREG and PREG registers to be used.  If the DSP48 was instantiated in the design, it is suggested to set both the MREG and PREG attributes to 1 when performing multiply functions.
Related violations: <none>

DPOP-2#144 Warning
MREG Output pipelining  
DSP npu_system_i/tinynpu_0/inst/u_systolic/row[1].col[7].pe_inst/mul_s10 multiplier stage npu_system_i/tinynpu_0/inst/u_systolic/row[1].col[7].pe_inst/mul_s10/P[47:0] is not pipelined (MREG=0). Pipelining the multiplier function will improve performance and will save significant power so it is suggested whenever possible to fully pipeline this function.  If this multiplier was inferred, it is suggested to describe an additional register stage after this function.  If there is no registered adder/accumulator following the multiply function, two pipeline stages are suggested to allow both the MREG and PREG registers to be used.  If the DSP48 was instantiated in the design, it is suggested to set both the MREG and PREG attributes to 1 when performing multiply functions.
Related violations: <none>

DPOP-2#145 Warning
MREG Output pipelining  
DSP npu_system_i/tinynpu_0/inst/u_systolic/row[2].col[0].pe_inst/mul_s10 multiplier stage npu_system_i/tinynpu_0/inst/u_systolic/row[2].col[0].pe_inst/mul_s10/P[47:0] is not pipelined (MREG=0). Pipelining the multiplier function will improve performance and will save significant power so it is suggested whenever possible to fully pipeline this function.  If this multiplier was inferred, it is suggested to describe an additional register stage after this function.  If there is no registered adder/accumulator following the multiply function, two pipeline stages are suggested to allow both the MREG and PREG registers to be used.  If the DSP48 was instantiated in the design, it is suggested to set both the MREG and PREG attributes to 1 when performing multiply functions.
Related violations: <none>

DPOP-2#146 Warning
MREG Output pipelining  
DSP npu_system_i/tinynpu_0/inst/u_systolic/row[2].col[1].pe_inst/mul_s10 multiplier stage npu_system_i/tinynpu_0/inst/u_systolic/row[2].col[1].pe_inst/mul_s10/P[47:0] is not pipelined (MREG=0). Pipelining the multiplier function will improve performance and will save significant power so it is suggested whenever possible to fully pipeline this function.  If this multiplier was inferred, it is suggested to describe an additional register stage after this function.  If there is no registered adder/accumulator following the multiply function, two pipeline stages are suggested to allow both the MREG and PREG registers to be used.  If the DSP48 was instantiated in the design, it is suggested to set both the MREG and PREG attributes to 1 when performing multiply functions.
Related violations: <none>

DPOP-2#147 Warning
MREG Output pipelining  
DSP npu_system_i/tinynpu_0/inst/u_systolic/row[2].col[2].pe_inst/mul_s10 multiplier stage npu_system_i/tinynpu_0/inst/u_systolic/row[2].col[2].pe_inst/mul_s10/P[47:0] is not pipelined (MREG=0). Pipelining the multiplier function will improve performance and will save significant power so it is suggested whenever possible to fully pipeline this function.  If this multiplier was inferred, it is suggested to describe an additional register stage after this function.  If there is no registered adder/accumulator following the multiply function, two pipeline stages are suggested to allow both the MREG and PREG registers to be used.  If the DSP48 was instantiated in the design, it is suggested to set both the MREG and PREG attributes to 1 when performing multiply functions.
Related violations: <none>

DPOP-2#148 Warning
MREG Output pipelining  
DSP npu_system_i/tinynpu_0/inst/u_systolic/row[2].col[3].pe_inst/mul_s10 multiplier stage npu_system_i/tinynpu_0/inst/u_systolic/row[2].col[3].pe_inst/mul_s10/P[47:0] is not pipelined (MREG=0). Pipelining the multiplier function will improve performance and will save significant power so it is suggested whenever possible to fully pipeline this function.  If this multiplier was inferred, it is suggested to describe an additional register stage after this function.  If there is no registered adder/accumulator following the multiply function, two pipeline stages are suggested to allow both the MREG and PREG registers to be used.  If the DSP48 was instantiated in the design, it is suggested to set both the MREG and PREG attributes to 1 when performing multiply functions.
Related violations: <none>

DPOP-2#149 Warning
MREG Output pipelining  
DSP npu_system_i/tinynpu_0/inst/u_systolic/row[2].col[6].pe_inst/mul_s10 multiplier stage npu_system_i/tinynpu_0/inst/u_systolic/row[2].col[6].pe_inst/mul_s10/P[47:0] is not pipelined (MREG=0). Pipelining the multiplier function will improve performance and will save significant power so it is suggested whenever possible to fully pipeline this function.  If this multiplier was inferred, it is suggested to describe an additional register stage after this function.  If there is no registered adder/accumulator following the multiply function, two pipeline stages are suggested to allow both the MREG and PREG registers to be used.  If the DSP48 was instantiated in the design, it is suggested to set both the MREG and PREG attributes to 1 when performing multiply functions.
Related violations: <none>

DPOP-2#150 Warning
MREG Output pipelining  
DSP npu_system_i/tinynpu_0/inst/u_systolic/row[2].col[7].pe_inst/mul_s10 multiplier stage npu_system_i/tinynpu_0/inst/u_systolic/row[2].col[7].pe_inst/mul_s10/P[47:0] is not pipelined (MREG=0). Pipelining the multiplier function will improve performance and will save significant power so it is suggested whenever possible to fully pipeline this function.  If this multiplier was inferred, it is suggested to describe an additional register stage after this function.  If there is no registered adder/accumulator following the multiply function, two pipeline stages are suggested to allow both the MREG and PREG registers to be used.  If the DSP48 was instantiated in the design, it is suggested to set both the MREG and PREG attributes to 1 when performing multiply functions.
Related violations: <none>

DPOP-2#151 Warning
MREG Output pipelining  
DSP npu_system_i/tinynpu_0/inst/u_systolic/row[3].col[0].pe_inst/mul_s10 multiplier stage npu_system_i/tinynpu_0/inst/u_systolic/row[3].col[0].pe_inst/mul_s10/P[47:0] is not pipelined (MREG=0). Pipelining the multiplier function will improve performance and will save significant power so it is suggested whenever possible to fully pipeline this function.  If this multiplier was inferred, it is suggested to describe an additional register stage after this function.  If there is no registered adder/accumulator following the multiply function, two pipeline stages are suggested to allow both the MREG and PREG registers to be used.  If the DSP48 was instantiated in the design, it is suggested to set both the MREG and PREG attributes to 1 when performing multiply functions.
Related violations: <none>

DPOP-2#152 Warning
MREG Output pipelining  
DSP npu_system_i/tinynpu_0/inst/u_systolic/row[3].col[1].pe_inst/mul_s10 multiplier stage npu_system_i/tinynpu_0/inst/u_systolic/row[3].col[1].pe_inst/mul_s10/P[47:0] is not pipelined (MREG=0). Pipelining the multiplier function will improve performance and will save significant power so it is suggested whenever possible to fully pipeline this function.  If this multiplier was inferred, it is suggested to describe an additional register stage after this function.  If there is no registered adder/accumulator following the multiply function, two pipeline stages are suggested to allow both the MREG and PREG registers to be used.  If the DSP48 was instantiated in the design, it is suggested to set both the MREG and PREG attributes to 1 when performing multiply functions.
Related violations: <none>

DPOP-2#153 Warning
MREG Output pipelining  
DSP npu_system_i/tinynpu_0/inst/u_systolic/row[3].col[2].pe_inst/mul_s10 multiplier stage npu_system_i/tinynpu_0/inst/u_systolic/row[3].col[2].pe_inst/mul_s10/P[47:0] is not pipelined (MREG=0). Pipelining the multiplier function will improve performance and will save significant power so it is suggested whenever possible to fully pipeline this function.  If this multiplier was inferred, it is suggested to describe an additional register stage after this function.  If there is no registered adder/accumulator following the multiply function, two pipeline stages are suggested to allow both the MREG and PREG registers to be used.  If the DSP48 was instantiated in the design, it is suggested to set both the MREG and PREG attributes to 1 when performing multiply functions.
Related violations: <none>

DPOP-2#154 Warning
MREG Output pipelining  
DSP npu_system_i/tinynpu_0/inst/u_systolic/row[3].col[3].pe_inst/mul_s10 multiplier stage npu_system_i/tinynpu_0/inst/u_systolic/row[3].col[3].pe_inst/mul_s10/P[47:0] is not pipelined (MREG=0). Pipelining the multiplier function will improve performance and will save significant power so it is suggested whenever possible to fully pipeline this function.  If this multiplier was inferred, it is suggested to describe an additional register stage after this function.  If there is no registered adder/accumulator following the multiply function, two pipeline stages are suggested to allow both the MREG and PREG registers to be used.  If the DSP48 was instantiated in the design, it is suggested to set both the MREG and PREG attributes to 1 when performing multiply functions.
Related violations: <none>

DPOP-2#155 Warning
MREG Output pipelining  
DSP npu_system_i/tinynpu_0/inst/u_systolic/row[3].col[6].pe_inst/mul_s10 multiplier stage npu_system_i/tinynpu_0/inst/u_systolic/row[3].col[6].pe_inst/mul_s10/P[47:0] is not pipelined (MREG=0). Pipelining the multiplier function will improve performance and will save significant power so it is suggested whenever possible to fully pipeline this function.  If this multiplier was inferred, it is suggested to describe an additional register stage after this function.  If there is no registered adder/accumulator following the multiply function, two pipeline stages are suggested to allow both the MREG and PREG registers to be used.  If the DSP48 was instantiated in the design, it is suggested to set both the MREG and PREG attributes to 1 when performing multiply functions.
Related violations: <none>

DPOP-2#156 Warning
MREG Output pipelining  
DSP npu_system_i/tinynpu_0/inst/u_systolic/row[3].col[7].pe_inst/mul_s10 multiplier stage npu_system_i/tinynpu_0/inst/u_systolic/row[3].col[7].pe_inst/mul_s10/P[47:0] is not pipelined (MREG=0). Pipelining the multiplier function will improve performance and will save significant power so it is suggested whenever possible to fully pipeline this function.  If this multiplier was inferred, it is suggested to describe an additional register stage after this function.  If there is no registered adder/accumulator following the multiply function, two pipeline stages are suggested to allow both the MREG and PREG registers to be used.  If the DSP48 was instantiated in the design, it is suggested to set both the MREG and PREG attributes to 1 when performing multiply functions.
Related violations: <none>

DPOP-2#157 Warning
MREG Output pipelining  
DSP npu_system_i/tinynpu_0/inst/u_systolic/row[4].col[0].pe_inst/mul_s10 multiplier stage npu_system_i/tinynpu_0/inst/u_systolic/row[4].col[0].pe_inst/mul_s10/P[47:0] is not pipelined (MREG=0). Pipelining the multiplier function will improve performance and will save significant power so it is suggested whenever possible to fully pipeline this function.  If this multiplier was inferred, it is suggested to describe an additional register stage after this function.  If there is no registered adder/accumulator following the multiply function, two pipeline stages are suggested to allow both the MREG and PREG registers to be used.  If the DSP48 was instantiated in the design, it is suggested to set both the MREG and PREG attributes to 1 when performing multiply functions.
Related violations: <none>

DPOP-2#158 Warning
MREG Output pipelining  
DSP npu_system_i/tinynpu_0/inst/u_systolic/row[4].col[1].pe_inst/mul_s10 multiplier stage npu_system_i/tinynpu_0/inst/u_systolic/row[4].col[1].pe_inst/mul_s10/P[47:0] is not pipelined (MREG=0). Pipelining the multiplier function will improve performance and will save significant power so it is suggested whenever possible to fully pipeline this function.  If this multiplier was inferred, it is suggested to describe an additional register stage after this function.  If there is no registered adder/accumulator following the multiply function, two pipeline stages are suggested to allow both the MREG and PREG registers to be used.  If the DSP48 was instantiated in the design, it is suggested to set both the MREG and PREG attributes to 1 when performing multiply functions.
Related violations: <none>

DPOP-2#159 Warning
MREG Output pipelining  
DSP npu_system_i/tinynpu_0/inst/u_systolic/row[4].col[2].pe_inst/mul_s10 multiplier stage npu_system_i/tinynpu_0/inst/u_systolic/row[4].col[2].pe_inst/mul_s10/P[47:0] is not pipelined (MREG=0). Pipelining the multiplier function will improve performance and will save significant power so it is suggested whenever possible to fully pipeline this function.  If this multiplier was inferred, it is suggested to describe an additional register stage after this function.  If there is no registered adder/accumulator following the multiply function, two pipeline stages are suggested to allow both the MREG and PREG registers to be used.  If the DSP48 was instantiated in the design, it is suggested to set both the MREG and PREG attributes to 1 when performing multiply functions.
Related violations: <none>

DPOP-2#160 Warning
MREG Output pipelining  
DSP npu_system_i/tinynpu_0/inst/u_systolic/row[4].col[3].pe_inst/mul_s10 multiplier stage npu_system_i/tinynpu_0/inst/u_systolic/row[4].col[3].pe_inst/mul_s10/P[47:0] is not pipelined (MREG=0). Pipelining the multiplier function will improve performance and will save significant power so it is suggested whenever possible to fully pipeline this function.  If this multiplier was inferred, it is suggested to describe an additional register stage after this function.  If there is no registered adder/accumulator following the multiply function, two pipeline stages are suggested to allow both the MREG and PREG registers to be used.  If the DSP48 was instantiated in the design, it is suggested to set both the MREG and PREG attributes to 1 when performing multiply functions.
Related violations: <none>

DPOP-2#161 Warning
MREG Output pipelining  
DSP npu_system_i/tinynpu_0/inst/u_systolic/row[4].col[4].pe_inst/mul_s10 multiplier stage npu_system_i/tinynpu_0/inst/u_systolic/row[4].col[4].pe_inst/mul_s10/P[47:0] is not pipelined (MREG=0). Pipelining the multiplier function will improve performance and will save significant power so it is suggested whenever possible to fully pipeline this function.  If this multiplier was inferred, it is suggested to describe an additional register stage after this function.  If there is no registered adder/accumulator following the multiply function, two pipeline stages are suggested to allow both the MREG and PREG registers to be used.  If the DSP48 was instantiated in the design, it is suggested to set both the MREG and PREG attributes to 1 when performing multiply functions.
Related violations: <none>

DPOP-2#162 Warning
MREG Output pipelining  
DSP npu_system_i/tinynpu_0/inst/u_systolic/row[4].col[5].pe_inst/mul_s10 multiplier stage npu_system_i/tinynpu_0/inst/u_systolic/row[4].col[5].pe_inst/mul_s10/P[47:0] is not pipelined (MREG=0). Pipelining the multiplier function will improve performance and will save significant power so it is suggested whenever possible to fully pipeline this function.  If this multiplier was inferred, it is suggested to describe an additional register stage after this function.  If there is no registered adder/accumulator following the multiply function, two pipeline stages are suggested to allow both the MREG and PREG registers to be used.  If the DSP48 was instantiated in the design, it is suggested to set both the MREG and PREG attributes to 1 when performing multiply functions.
Related violations: <none>

DPOP-2#163 Warning
MREG Output pipelining  
DSP npu_system_i/tinynpu_0/inst/u_systolic/row[4].col[6].pe_inst/mul_s10 multiplier stage npu_system_i/tinynpu_0/inst/u_systolic/row[4].col[6].pe_inst/mul_s10/P[47:0] is not pipelined (MREG=0). Pipelining the multiplier function will improve performance and will save significant power so it is suggested whenever possible to fully pipeline this function.  If this multiplier was inferred, it is suggested to describe an additional register stage after this function.  If there is no registered adder/accumulator following the multiply function, two pipeline stages are suggested to allow both the MREG and PREG registers to be used.  If the DSP48 was instantiated in the design, it is suggested to set both the MREG and PREG attributes to 1 when performing multiply functions.
Related violations: <none>

DPOP-2#164 Warning
MREG Output pipelining  
DSP npu_system_i/tinynpu_0/inst/u_systolic/row[4].col[7].pe_inst/mul_s10 multiplier stage npu_system_i/tinynpu_0/inst/u_systolic/row[4].col[7].pe_inst/mul_s10/P[47:0] is not pipelined (MREG=0). Pipelining the multiplier function will improve performance and will save significant power so it is suggested whenever possible to fully pipeline this function.  If this multiplier was inferred, it is suggested to describe an additional register stage after this function.  If there is no registered adder/accumulator following the multiply function, two pipeline stages are suggested to allow both the MREG and PREG registers to be used.  If the DSP48 was instantiated in the design, it is suggested to set both the MREG and PREG attributes to 1 when performing multiply functions.
Related violations: <none>

DPOP-2#165 Warning
MREG Output pipelining  
DSP npu_system_i/tinynpu_0/inst/u_systolic/row[5].col[0].pe_inst/mul_s10 multiplier stage npu_system_i/tinynpu_0/inst/u_systolic/row[5].col[0].pe_inst/mul_s10/P[47:0] is not pipelined (MREG=0). Pipelining the multiplier function will improve performance and will save significant power so it is suggested whenever possible to fully pipeline this function.  If this multiplier was inferred, it is suggested to describe an additional register stage after this function.  If there is no registered adder/accumulator following the multiply function, two pipeline stages are suggested to allow both the MREG and PREG registers to be used.  If the DSP48 was instantiated in the design, it is suggested to set both the MREG and PREG attributes to 1 when performing multiply functions.
Related violations: <none>

DPOP-2#166 Warning
MREG Output pipelining  
DSP npu_system_i/tinynpu_0/inst/u_systolic/row[5].col[1].pe_inst/mul_s10 multiplier stage npu_system_i/tinynpu_0/inst/u_systolic/row[5].col[1].pe_inst/mul_s10/P[47:0] is not pipelined (MREG=0). Pipelining the multiplier function will improve performance and will save significant power so it is suggested whenever possible to fully pipeline this function.  If this multiplier was inferred, it is suggested to describe an additional register stage after this function.  If there is no registered adder/accumulator following the multiply function, two pipeline stages are suggested to allow both the MREG and PREG registers to be used.  If the DSP48 was instantiated in the design, it is suggested to set both the MREG and PREG attributes to 1 when performing multiply functions.
Related violations: <none>

DPOP-2#167 Warning
MREG Output pipelining  
DSP npu_system_i/tinynpu_0/inst/u_systolic/row[5].col[2].pe_inst/mul_s10 multiplier stage npu_system_i/tinynpu_0/inst/u_systolic/row[5].col[2].pe_inst/mul_s10/P[47:0] is not pipelined (MREG=0). Pipelining the multiplier function will improve performance and will save significant power so it is suggested whenever possible to fully pipeline this function.  If this multiplier was inferred, it is suggested to describe an additional register stage after this function.  If there is no registered adder/accumulator following the multiply function, two pipeline stages are suggested to allow both the MREG and PREG registers to be used.  If the DSP48 was instantiated in the design, it is suggested to set both the MREG and PREG attributes to 1 when performing multiply functions.
Related violations: <none>

DPOP-2#168 Warning
MREG Output pipelining  
DSP npu_system_i/tinynpu_0/inst/u_systolic/row[5].col[3].pe_inst/mul_s10 multiplier stage npu_system_i/tinynpu_0/inst/u_systolic/row[5].col[3].pe_inst/mul_s10/P[47:0] is not pipelined (MREG=0). Pipelining the multiplier function will improve performance and will save significant power so it is suggested whenever possible to fully pipeline this function.  If this multiplier was inferred, it is suggested to describe an additional register stage after this function.  If there is no registered adder/accumulator following the multiply function, two pipeline stages are suggested to allow both the MREG and PREG registers to be used.  If the DSP48 was instantiated in the design, it is suggested to set both the MREG and PREG attributes to 1 when performing multiply functions.
Related violations: <none>

DPOP-2#169 Warning
MREG Output pipelining  
DSP npu_system_i/tinynpu_0/inst/u_systolic/row[5].col[4].pe_inst/mul_s10 multiplier stage npu_system_i/tinynpu_0/inst/u_systolic/row[5].col[4].pe_inst/mul_s10/P[47:0] is not pipelined (MREG=0). Pipelining the multiplier function will improve performance and will save significant power so it is suggested whenever possible to fully pipeline this function.  If this multiplier was inferred, it is suggested to describe an additional register stage after this function.  If there is no registered adder/accumulator following the multiply function, two pipeline stages are suggested to allow both the MREG and PREG registers to be used.  If the DSP48 was instantiated in the design, it is suggested to set both the MREG and PREG attributes to 1 when performing multiply functions.
Related violations: <none>

DPOP-2#170 Warning
MREG Output pipelining  
DSP npu_system_i/tinynpu_0/inst/u_systolic/row[5].col[5].pe_inst/mul_s10 multiplier stage npu_system_i/tinynpu_0/inst/u_systolic/row[5].col[5].pe_inst/mul_s10/P[47:0] is not pipelined (MREG=0). Pipelining the multiplier function will improve performance and will save significant power so it is suggested whenever possible to fully pipeline this function.  If this multiplier was inferred, it is suggested to describe an additional register stage after this function.  If there is no registered adder/accumulator following the multiply function, two pipeline stages are suggested to allow both the MREG and PREG registers to be used.  If the DSP48 was instantiated in the design, it is suggested to set both the MREG and PREG attributes to 1 when performing multiply functions.
Related violations: <none>

DPOP-2#171 Warning
MREG Output pipelining  
DSP npu_system_i/tinynpu_0/inst/u_systolic/row[5].col[6].pe_inst/mul_s10 multiplier stage npu_system_i/tinynpu_0/inst/u_systolic/row[5].col[6].pe_inst/mul_s10/P[47:0] is not pipelined (MREG=0). Pipelining the multiplier function will improve performance and will save significant power so it is suggested whenever possible to fully pipeline this function.  If this multiplier was inferred, it is suggested to describe an additional register stage after this function.  If there is no registered adder/accumulator following the multiply function, two pipeline stages are suggested to allow both the MREG and PREG registers to be used.  If the DSP48 was instantiated in the design, it is suggested to set both the MREG and PREG attributes to 1 when performing multiply functions.
Related violations: <none>

DPOP-2#172 Warning
MREG Output pipelining  
DSP npu_system_i/tinynpu_0/inst/u_systolic/row[5].col[7].pe_inst/mul_s10 multiplier stage npu_system_i/tinynpu_0/inst/u_systolic/row[5].col[7].pe_inst/mul_s10/P[47:0] is not pipelined (MREG=0). Pipelining the multiplier function will improve performance and will save significant power so it is suggested whenever possible to fully pipeline this function.  If this multiplier was inferred, it is suggested to describe an additional register stage after this function.  If there is no registered adder/accumulator following the multiply function, two pipeline stages are suggested to allow both the MREG and PREG registers to be used.  If the DSP48 was instantiated in the design, it is suggested to set both the MREG and PREG attributes to 1 when performing multiply functions.
Related violations: <none>

DPOP-2#173 Warning
MREG Output pipelining  
DSP npu_system_i/tinynpu_0/inst/u_systolic/row[6].col[0].pe_inst/mul_s10 multiplier stage npu_system_i/tinynpu_0/inst/u_systolic/row[6].col[0].pe_inst/mul_s10/P[47:0] is not pipelined (MREG=0). Pipelining the multiplier function will improve performance and will save significant power so it is suggested whenever possible to fully pipeline this function.  If this multiplier was inferred, it is suggested to describe an additional register stage after this function.  If there is no registered adder/accumulator following the multiply function, two pipeline stages are suggested to allow both the MREG and PREG registers to be used.  If the DSP48 was instantiated in the design, it is suggested to set both the MREG and PREG attributes to 1 when performing multiply functions.
Related violations: <none>

DPOP-2#174 Warning
MREG Output pipelining  
DSP npu_system_i/tinynpu_0/inst/u_systolic/row[6].col[1].pe_inst/mul_s10 multiplier stage npu_system_i/tinynpu_0/inst/u_systolic/row[6].col[1].pe_inst/mul_s10/P[47:0] is not pipelined (MREG=0). Pipelining the multiplier function will improve performance and will save significant power so it is suggested whenever possible to fully pipeline this function.  If this multiplier was inferred, it is suggested to describe an additional register stage after this function.  If there is no registered adder/accumulator following the multiply function, two pipeline stages are suggested to allow both the MREG and PREG registers to be used.  If the DSP48 was instantiated in the design, it is suggested to set both the MREG and PREG attributes to 1 when performing multiply functions.
Related violations: <none>

DPOP-2#175 Warning
MREG Output pipelining  
DSP npu_system_i/tinynpu_0/inst/u_systolic/row[6].col[2].pe_inst/mul_s10 multiplier stage npu_system_i/tinynpu_0/inst/u_systolic/row[6].col[2].pe_inst/mul_s10/P[47:0] is not pipelined (MREG=0). Pipelining the multiplier function will improve performance and will save significant power so it is suggested whenever possible to fully pipeline this function.  If this multiplier was inferred, it is suggested to describe an additional register stage after this function.  If there is no registered adder/accumulator following the multiply function, two pipeline stages are suggested to allow both the MREG and PREG registers to be used.  If the DSP48 was instantiated in the design, it is suggested to set both the MREG and PREG attributes to 1 when performing multiply functions.
Related violations: <none>

DPOP-2#176 Warning
MREG Output pipelining  
DSP npu_system_i/tinynpu_0/inst/u_systolic/row[6].col[3].pe_inst/mul_s10 multiplier stage npu_system_i/tinynpu_0/inst/u_systolic/row[6].col[3].pe_inst/mul_s10/P[47:0] is not pipelined (MREG=0). Pipelining the multiplier function will improve performance and will save significant power so it is suggested whenever possible to fully pipeline this function.  If this multiplier was inferred, it is suggested to describe an additional register stage after this function.  If there is no registered adder/accumulator following the multiply function, two pipeline stages are suggested to allow both the MREG and PREG registers to be used.  If the DSP48 was instantiated in the design, it is suggested to set both the MREG and PREG attributes to 1 when performing multiply functions.
Related violations: <none>

DPOP-2#177 Warning
MREG Output pipelining  
DSP npu_system_i/tinynpu_0/inst/u_systolic/row[6].col[4].pe_inst/mul_s10 multiplier stage npu_system_i/tinynpu_0/inst/u_systolic/row[6].col[4].pe_inst/mul_s10/P[47:0] is not pipelined (MREG=0). Pipelining the multiplier function will improve performance and will save significant power so it is suggested whenever possible to fully pipeline this function.  If this multiplier was inferred, it is suggested to describe an additional register stage after this function.  If there is no registered adder/accumulator following the multiply function, two pipeline stages are suggested to allow both the MREG and PREG registers to be used.  If the DSP48 was instantiated in the design, it is suggested to set both the MREG and PREG attributes to 1 when performing multiply functions.
Related violations: <none>

DPOP-2#178 Warning
MREG Output pipelining  
DSP npu_system_i/tinynpu_0/inst/u_systolic/row[6].col[5].pe_inst/mul_s10 multiplier stage npu_system_i/tinynpu_0/inst/u_systolic/row[6].col[5].pe_inst/mul_s10/P[47:0] is not pipelined (MREG=0). Pipelining the multiplier function will improve performance and will save significant power so it is suggested whenever possible to fully pipeline this function.  If this multiplier was inferred, it is suggested to describe an additional register stage after this function.  If there is no registered adder/accumulator following the multiply function, two pipeline stages are suggested to allow both the MREG and PREG registers to be used.  If the DSP48 was instantiated in the design, it is suggested to set both the MREG and PREG attributes to 1 when performing multiply functions.
Related violations: <none>

DPOP-2#179 Warning
MREG Output pipelining  
DSP npu_system_i/tinynpu_0/inst/u_systolic/row[6].col[6].pe_inst/mul_s10 multiplier stage npu_system_i/tinynpu_0/inst/u_systolic/row[6].col[6].pe_inst/mul_s10/P[47:0] is not pipelined (MREG=0). Pipelining the multiplier function will improve performance and will save significant power so it is suggested whenever possible to fully pipeline this function.  If this multiplier was inferred, it is suggested to describe an additional register stage after this function.  If there is no registered adder/accumulator following the multiply function, two pipeline stages are suggested to allow both the MREG and PREG registers to be used.  If the DSP48 was instantiated in the design, it is suggested to set both the MREG and PREG attributes to 1 when performing multiply functions.
Related violations: <none>

DPOP-2#180 Warning
MREG Output pipelining  
DSP npu_system_i/tinynpu_0/inst/u_systolic/row[6].col[7].pe_inst/mul_s10 multiplier stage npu_system_i/tinynpu_0/inst/u_systolic/row[6].col[7].pe_inst/mul_s10/P[47:0] is not pipelined (MREG=0). Pipelining the multiplier function will improve performance and will save significant power so it is suggested whenever possible to fully pipeline this function.  If this multiplier was inferred, it is suggested to describe an additional register stage after this function.  If there is no registered adder/accumulator following the multiply function, two pipeline stages are suggested to allow both the MREG and PREG registers to be used.  If the DSP48 was instantiated in the design, it is suggested to set both the MREG and PREG attributes to 1 when performing multiply functions.
Related violations: <none>

DPOP-2#181 Warning
MREG Output pipelining  
DSP npu_system_i/tinynpu_0/inst/u_systolic/row[7].col[0].pe_inst/mul_s10 multiplier stage npu_system_i/tinynpu_0/inst/u_systolic/row[7].col[0].pe_inst/mul_s10/P[47:0] is not pipelined (MREG=0). Pipelining the multiplier function will improve performance and will save significant power so it is suggested whenever possible to fully pipeline this function.  If this multiplier was inferred, it is suggested to describe an additional register stage after this function.  If there is no registered adder/accumulator following the multiply function, two pipeline stages are suggested to allow both the MREG and PREG registers to be used.  If the DSP48 was instantiated in the design, it is suggested to set both the MREG and PREG attributes to 1 when performing multiply functions.
Related violations: <none>

DPOP-2#182 Warning
MREG Output pipelining  
DSP npu_system_i/tinynpu_0/inst/u_systolic/row[7].col[1].pe_inst/mul_s10 multiplier stage npu_system_i/tinynpu_0/inst/u_systolic/row[7].col[1].pe_inst/mul_s10/P[47:0] is not pipelined (MREG=0). Pipelining the multiplier function will improve performance and will save significant power so it is suggested whenever possible to fully pipeline this function.  If this multiplier was inferred, it is suggested to describe an additional register stage after this function.  If there is no registered adder/accumulator following the multiply function, two pipeline stages are suggested to allow both the MREG and PREG registers to be used.  If the DSP48 was instantiated in the design, it is suggested to set both the MREG and PREG attributes to 1 when performing multiply functions.
Related violations: <none>

DPOP-2#183 Warning
MREG Output pipelining  
DSP npu_system_i/tinynpu_0/inst/u_systolic/row[7].col[2].pe_inst/mul_s10 multiplier stage npu_system_i/tinynpu_0/inst/u_systolic/row[7].col[2].pe_inst/mul_s10/P[47:0] is not pipelined (MREG=0). Pipelining the multiplier function will improve performance and will save significant power so it is suggested whenever possible to fully pipeline this function.  If this multiplier was inferred, it is suggested to describe an additional register stage after this function.  If there is no registered adder/accumulator following the multiply function, two pipeline stages are suggested to allow both the MREG and PREG registers to be used.  If the DSP48 was instantiated in the design, it is suggested to set both the MREG and PREG attributes to 1 when performing multiply functions.
Related violations: <none>

DPOP-2#184 Warning
MREG Output pipelining  
DSP npu_system_i/tinynpu_0/inst/u_systolic/row[7].col[3].pe_inst/mul_s10 multiplier stage npu_system_i/tinynpu_0/inst/u_systolic/row[7].col[3].pe_inst/mul_s10/P[47:0] is not pipelined (MREG=0). Pipelining the multiplier function will improve performance and will save significant power so it is suggested whenever possible to fully pipeline this function.  If this multiplier was inferred, it is suggested to describe an additional register stage after this function.  If there is no registered adder/accumulator following the multiply function, two pipeline stages are suggested to allow both the MREG and PREG registers to be used.  If the DSP48 was instantiated in the design, it is suggested to set both the MREG and PREG attributes to 1 when performing multiply functions.
Related violations: <none>

DPOP-2#185 Warning
MREG Output pipelining  
DSP npu_system_i/tinynpu_0/inst/u_systolic/row[7].col[4].pe_inst/mul_s10 multiplier stage npu_system_i/tinynpu_0/inst/u_systolic/row[7].col[4].pe_inst/mul_s10/P[47:0] is not pipelined (MREG=0). Pipelining the multiplier function will improve performance and will save significant power so it is suggested whenever possible to fully pipeline this function.  If this multiplier was inferred, it is suggested to describe an additional register stage after this function.  If there is no registered adder/accumulator following the multiply function, two pipeline stages are suggested to allow both the MREG and PREG registers to be used.  If the DSP48 was instantiated in the design, it is suggested to set both the MREG and PREG attributes to 1 when performing multiply functions.
Related violations: <none>

DPOP-2#186 Warning
MREG Output pipelining  
DSP npu_system_i/tinynpu_0/inst/u_systolic/row[7].col[5].pe_inst/mul_s10 multiplier stage npu_system_i/tinynpu_0/inst/u_systolic/row[7].col[5].pe_inst/mul_s10/P[47:0] is not pipelined (MREG=0). Pipelining the multiplier function will improve performance and will save significant power so it is suggested whenever possible to fully pipeline this function.  If this multiplier was inferred, it is suggested to describe an additional register stage after this function.  If there is no registered adder/accumulator following the multiply function, two pipeline stages are suggested to allow both the MREG and PREG registers to be used.  If the DSP48 was instantiated in the design, it is suggested to set both the MREG and PREG attributes to 1 when performing multiply functions.
Related violations: <none>

DPOP-2#187 Warning
MREG Output pipelining  
DSP npu_system_i/tinynpu_0/inst/u_systolic/row[7].col[6].pe_inst/mul_s10 multiplier stage npu_system_i/tinynpu_0/inst/u_systolic/row[7].col[6].pe_inst/mul_s10/P[47:0] is not pipelined (MREG=0). Pipelining the multiplier function will improve performance and will save significant power so it is suggested whenever possible to fully pipeline this function.  If this multiplier was inferred, it is suggested to describe an additional register stage after this function.  If there is no registered adder/accumulator following the multiply function, two pipeline stages are suggested to allow both the MREG and PREG registers to be used.  If the DSP48 was instantiated in the design, it is suggested to set both the MREG and PREG attributes to 1 when performing multiply functions.
Related violations: <none>

DPOP-2#188 Warning
MREG Output pipelining  
DSP npu_system_i/tinynpu_0/inst/u_systolic/row[7].col[7].pe_inst/mul_s10 multiplier stage npu_system_i/tinynpu_0/inst/u_systolic/row[7].col[7].pe_inst/mul_s10/P[47:0] is not pipelined (MREG=0). Pipelining the multiplier function will improve performance and will save significant power so it is suggested whenever possible to fully pipeline this function.  If this multiplier was inferred, it is suggested to describe an additional register stage after this function.  If there is no registered adder/accumulator following the multiply function, two pipeline stages are suggested to allow both the MREG and PREG registers to be used.  If the DSP48 was instantiated in the design, it is suggested to set both the MREG and PREG attributes to 1 when performing multiply functions.
Related violations: <none>

DPOP-2#189 Warning
MREG Output pipelining  
DSP npu_system_i/tinynpu_0/inst/u_systolic/row[8].col[0].pe_inst/mul_s10 multiplier stage npu_system_i/tinynpu_0/inst/u_systolic/row[8].col[0].pe_inst/mul_s10/P[47:0] is not pipelined (MREG=0). Pipelining the multiplier function will improve performance and will save significant power so it is suggested whenever possible to fully pipeline this function.  If this multiplier was inferred, it is suggested to describe an additional register stage after this function.  If there is no registered adder/accumulator following the multiply function, two pipeline stages are suggested to allow both the MREG and PREG registers to be used.  If the DSP48 was instantiated in the design, it is suggested to set both the MREG and PREG attributes to 1 when performing multiply functions.
Related violations: <none>

DPOP-2#190 Warning
MREG Output pipelining  
DSP npu_system_i/tinynpu_0/inst/u_systolic/row[8].col[1].pe_inst/mul_s10 multiplier stage npu_system_i/tinynpu_0/inst/u_systolic/row[8].col[1].pe_inst/mul_s10/P[47:0] is not pipelined (MREG=0). Pipelining the multiplier function will improve performance and will save significant power so it is suggested whenever possible to fully pipeline this function.  If this multiplier was inferred, it is suggested to describe an additional register stage after this function.  If there is no registered adder/accumulator following the multiply function, two pipeline stages are suggested to allow both the MREG and PREG registers to be used.  If the DSP48 was instantiated in the design, it is suggested to set both the MREG and PREG attributes to 1 when performing multiply functions.
Related violations: <none>

DPOP-2#191 Warning
MREG Output pipelining  
DSP npu_system_i/tinynpu_0/inst/u_systolic/row[8].col[2].pe_inst/mul_s10 multiplier stage npu_system_i/tinynpu_0/inst/u_systolic/row[8].col[2].pe_inst/mul_s10/P[47:0] is not pipelined (MREG=0). Pipelining the multiplier function will improve performance and will save significant power so it is suggested whenever possible to fully pipeline this function.  If this multiplier was inferred, it is suggested to describe an additional register stage after this function.  If there is no registered adder/accumulator following the multiply function, two pipeline stages are suggested to allow both the MREG and PREG registers to be used.  If the DSP48 was instantiated in the design, it is suggested to set both the MREG and PREG attributes to 1 when performing multiply functions.
Related violations: <none>

DPOP-2#192 Warning
MREG Output pipelining  
DSP npu_system_i/tinynpu_0/inst/u_systolic/row[8].col[3].pe_inst/mul_s10 multiplier stage npu_system_i/tinynpu_0/inst/u_systolic/row[8].col[3].pe_inst/mul_s10/P[47:0] is not pipelined (MREG=0). Pipelining the multiplier function will improve performance and will save significant power so it is suggested whenever possible to fully pipeline this function.  If this multiplier was inferred, it is suggested to describe an additional register stage after this function.  If there is no registered adder/accumulator following the multiply function, two pipeline stages are suggested to allow both the MREG and PREG registers to be used.  If the DSP48 was instantiated in the design, it is suggested to set both the MREG and PREG attributes to 1 when performing multiply functions.
Related violations: <none>

DPOP-2#193 Warning
MREG Output pipelining  
DSP npu_system_i/tinynpu_0/inst/u_systolic/row[8].col[4].pe_inst/mul_s10 multiplier stage npu_system_i/tinynpu_0/inst/u_systolic/row[8].col[4].pe_inst/mul_s10/P[47:0] is not pipelined (MREG=0). Pipelining the multiplier function will improve performance and will save significant power so it is suggested whenever possible to fully pipeline this function.  If this multiplier was inferred, it is suggested to describe an additional register stage after this function.  If there is no registered adder/accumulator following the multiply function, two pipeline stages are suggested to allow both the MREG and PREG registers to be used.  If the DSP48 was instantiated in the design, it is suggested to set both the MREG and PREG attributes to 1 when performing multiply functions.
Related violations: <none>

DPOP-2#194 Warning
MREG Output pipelining  
DSP npu_system_i/tinynpu_0/inst/u_systolic/row[8].col[5].pe_inst/mul_s10 multiplier stage npu_system_i/tinynpu_0/inst/u_systolic/row[8].col[5].pe_inst/mul_s10/P[47:0] is not pipelined (MREG=0). Pipelining the multiplier function will improve performance and will save significant power so it is suggested whenever possible to fully pipeline this function.  If this multiplier was inferred, it is suggested to describe an additional register stage after this function.  If there is no registered adder/accumulator following the multiply function, two pipeline stages are suggested to allow both the MREG and PREG registers to be used.  If the DSP48 was instantiated in the design, it is suggested to set both the MREG and PREG attributes to 1 when performing multiply functions.
Related violations: <none>

DPOP-2#195 Warning
MREG Output pipelining  
DSP npu_system_i/tinynpu_0/inst/u_systolic/row[8].col[6].pe_inst/mul_s10 multiplier stage npu_system_i/tinynpu_0/inst/u_systolic/row[8].col[6].pe_inst/mul_s10/P[47:0] is not pipelined (MREG=0). Pipelining the multiplier function will improve performance and will save significant power so it is suggested whenever possible to fully pipeline this function.  If this multiplier was inferred, it is suggested to describe an additional register stage after this function.  If there is no registered adder/accumulator following the multiply function, two pipeline stages are suggested to allow both the MREG and PREG registers to be used.  If the DSP48 was instantiated in the design, it is suggested to set both the MREG and PREG attributes to 1 when performing multiply functions.
Related violations: <none>

DPOP-2#196 Warning
MREG Output pipelining  
DSP npu_system_i/tinynpu_0/inst/u_systolic/row[8].col[7].pe_inst/mul_s10 multiplier stage npu_system_i/tinynpu_0/inst/u_systolic/row[8].col[7].pe_inst/mul_s10/P[47:0] is not pipelined (MREG=0). Pipelining the multiplier function will improve performance and will save significant power so it is suggested whenever possible to fully pipeline this function.  If this multiplier was inferred, it is suggested to describe an additional register stage after this function.  If there is no registered adder/accumulator following the multiply function, two pipeline stages are suggested to allow both the MREG and PREG registers to be used.  If the DSP48 was instantiated in the design, it is suggested to set both the MREG and PREG attributes to 1 when performing multiply functions.
Related violations: <none>

DPOP-2#197 Warning
MREG Output pipelining  
DSP npu_system_i/tinynpu_0/inst/u_systolic/row[9].col[0].pe_inst/mul_s10 multiplier stage npu_system_i/tinynpu_0/inst/u_systolic/row[9].col[0].pe_inst/mul_s10/P[47:0] is not pipelined (MREG=0). Pipelining the multiplier function will improve performance and will save significant power so it is suggested whenever possible to fully pipeline this function.  If this multiplier was inferred, it is suggested to describe an additional register stage after this function.  If there is no registered adder/accumulator following the multiply function, two pipeline stages are suggested to allow both the MREG and PREG registers to be used.  If the DSP48 was instantiated in the design, it is suggested to set both the MREG and PREG attributes to 1 when performing multiply functions.
Related violations: <none>

DPOP-2#198 Warning
MREG Output pipelining  
DSP npu_system_i/tinynpu_0/inst/u_systolic/row[9].col[1].pe_inst/mul_s10 multiplier stage npu_system_i/tinynpu_0/inst/u_systolic/row[9].col[1].pe_inst/mul_s10/P[47:0] is not pipelined (MREG=0). Pipelining the multiplier function will improve performance and will save significant power so it is suggested whenever possible to fully pipeline this function.  If this multiplier was inferred, it is suggested to describe an additional register stage after this function.  If there is no registered adder/accumulator following the multiply function, two pipeline stages are suggested to allow both the MREG and PREG registers to be used.  If the DSP48 was instantiated in the design, it is suggested to set both the MREG and PREG attributes to 1 when performing multiply functions.
Related violations: <none>

DPOP-2#199 Warning
MREG Output pipelining  
DSP npu_system_i/tinynpu_0/inst/u_systolic/row[9].col[2].pe_inst/mul_s10 multiplier stage npu_system_i/tinynpu_0/inst/u_systolic/row[9].col[2].pe_inst/mul_s10/P[47:0] is not pipelined (MREG=0). Pipelining the multiplier function will improve performance and will save significant power so it is suggested whenever possible to fully pipeline this function.  If this multiplier was inferred, it is suggested to describe an additional register stage after this function.  If there is no registered adder/accumulator following the multiply function, two pipeline stages are suggested to allow both the MREG and PREG registers to be used.  If the DSP48 was instantiated in the design, it is suggested to set both the MREG and PREG attributes to 1 when performing multiply functions.
Related violations: <none>

DPOP-2#200 Warning
MREG Output pipelining  
DSP npu_system_i/tinynpu_0/inst/u_systolic/row[9].col[3].pe_inst/mul_s10 multiplier stage npu_system_i/tinynpu_0/inst/u_systolic/row[9].col[3].pe_inst/mul_s10/P[47:0] is not pipelined (MREG=0). Pipelining the multiplier function will improve performance and will save significant power so it is suggested whenever possible to fully pipeline this function.  If this multiplier was inferred, it is suggested to describe an additional register stage after this function.  If there is no registered adder/accumulator following the multiply function, two pipeline stages are suggested to allow both the MREG and PREG registers to be used.  If the DSP48 was instantiated in the design, it is suggested to set both the MREG and PREG attributes to 1 when performing multiply functions.
Related violations: <none>

DPOP-2#201 Warning
MREG Output pipelining  
DSP npu_system_i/tinynpu_0/inst/u_systolic/row[9].col[4].pe_inst/mul_s10 multiplier stage npu_system_i/tinynpu_0/inst/u_systolic/row[9].col[4].pe_inst/mul_s10/P[47:0] is not pipelined (MREG=0). Pipelining the multiplier function will improve performance and will save significant power so it is suggested whenever possible to fully pipeline this function.  If this multiplier was inferred, it is suggested to describe an additional register stage after this function.  If there is no registered adder/accumulator following the multiply function, two pipeline stages are suggested to allow both the MREG and PREG registers to be used.  If the DSP48 was instantiated in the design, it is suggested to set both the MREG and PREG attributes to 1 when performing multiply functions.
Related violations: <none>

DPOP-2#202 Warning
MREG Output pipelining  
DSP npu_system_i/tinynpu_0/inst/u_systolic/row[9].col[5].pe_inst/mul_s10 multiplier stage npu_system_i/tinynpu_0/inst/u_systolic/row[9].col[5].pe_inst/mul_s10/P[47:0] is not pipelined (MREG=0). Pipelining the multiplier function will improve performance and will save significant power so it is suggested whenever possible to fully pipeline this function.  If this multiplier was inferred, it is suggested to describe an additional register stage after this function.  If there is no registered adder/accumulator following the multiply function, two pipeline stages are suggested to allow both the MREG and PREG registers to be used.  If the DSP48 was instantiated in the design, it is suggested to set both the MREG and PREG attributes to 1 when performing multiply functions.
Related violations: <none>

DPOP-2#203 Warning
MREG Output pipelining  
DSP npu_system_i/tinynpu_0/inst/u_systolic/row[9].col[6].pe_inst/mul_s10 multiplier stage npu_system_i/tinynpu_0/inst/u_systolic/row[9].col[6].pe_inst/mul_s10/P[47:0] is not pipelined (MREG=0). Pipelining the multiplier function will improve performance and will save significant power so it is suggested whenever possible to fully pipeline this function.  If this multiplier was inferred, it is suggested to describe an additional register stage after this function.  If there is no registered adder/accumulator following the multiply function, two pipeline stages are suggested to allow both the MREG and PREG registers to be used.  If the DSP48 was instantiated in the design, it is suggested to set both the MREG and PREG attributes to 1 when performing multiply functions.
Related violations: <none>

DPOP-2#204 Warning
MREG Output pipelining  
DSP npu_system_i/tinynpu_0/inst/u_systolic/row[9].col[7].pe_inst/mul_s10 multiplier stage npu_system_i/tinynpu_0/inst/u_systolic/row[9].col[7].pe_inst/mul_s10/P[47:0] is not pipelined (MREG=0). Pipelining the multiplier function will improve performance and will save significant power so it is suggested whenever possible to fully pipeline this function.  If this multiplier was inferred, it is suggested to describe an additional register stage after this function.  If there is no registered adder/accumulator following the multiply function, two pipeline stages are suggested to allow both the MREG and PREG registers to be used.  If the DSP48 was instantiated in the design, it is suggested to set both the MREG and PREG attributes to 1 when performing multiply functions.
Related violations: <none>

PDCN-1569#1 Warning
LUT equation term check  
Used physical LUT pin 'A1' of cell npu_system_i/axi_mem_intercon/m00_couplers/auto_pc/inst/gen_axi4_axi3.axi3_conv_inst/USE_READ.USE_SPLIT_R.read_addr_inst/USE_R_CHANNEL.cmd_queue/inst/fifo_gen_inst/inst_fifo_gen/gconvfifo.rf/grf.rf/gntv_or_sync_fifo.gl0.rd/gr1.gr1_int.rfwft/gpregsm1.user_valid_i_1 (pin npu_system_i/axi_mem_intercon/m00_couplers/auto_pc/inst/gen_axi4_axi3.axi3_conv_inst/USE_READ.USE_SPLIT_R.read_addr_inst/USE_R_CHANNEL.cmd_queue/inst/fifo_gen_inst/inst_fifo_gen/gconvfifo.rf/grf.rf/gntv_or_sync_fifo.gl0.rd/gr1.gr1_int.rfwft/gpregsm1.user_valid_i_1/I1) is not included in the LUT equation: 'O6=(A4)+((~A4)*(~A2)*A3)'. If this cell is a user instantiated LUT in the design, please remove connectivity to the pin or change the equation and/or INIT string of the LUT to prevent this issue. If the cell is inferred or IP created LUT, please regenerate the IP and/or resynthesize the design to attempt to correct the issue.
Related violations: <none>

PDCN-1569#2 Warning
LUT equation term check  
Used physical LUT pin 'A2' of cell npu_system_i/axi_mem_intercon/m00_couplers/auto_pc/inst/gen_axi4_axi3.axi3_conv_inst/USE_WRITE.write_addr_inst/USE_B_CHANNEL.cmd_b_queue/inst/fifo_gen_inst/inst_fifo_gen/gconvfifo.rf/grf.rf/gntv_or_sync_fifo.gl0.rd/gr1.gr1_int.rfwft/gpregsm1.user_valid_i_1 (pin npu_system_i/axi_mem_intercon/m00_couplers/auto_pc/inst/gen_axi4_axi3.axi3_conv_inst/USE_WRITE.write_addr_inst/USE_B_CHANNEL.cmd_b_queue/inst/fifo_gen_inst/inst_fifo_gen/gconvfifo.rf/grf.rf/gntv_or_sync_fifo.gl0.rd/gr1.gr1_int.rfwft/gpregsm1.user_valid_i_1/I1) is not included in the LUT equation: 'O6=(A5)+((~A5)*(~A1)*A3)'. If this cell is a user instantiated LUT in the design, please remove connectivity to the pin or change the equation and/or INIT string of the LUT to prevent this issue. If the cell is inferred or IP created LUT, please regenerate the IP and/or resynthesize the design to attempt to correct the issue.
Related violations: <none>

PDCN-1569#3 Warning
LUT equation term check  
Used physical LUT pin 'A3' of cell npu_system_i/axi_mem_intercon/m00_couplers/auto_pc/inst/gen_axi4_axi3.axi3_conv_inst/USE_WRITE.write_addr_inst/USE_BURSTS.cmd_queue/inst/fifo_gen_inst/inst_fifo_gen/gconvfifo.rf/grf.rf/gntv_or_sync_fifo.gl0.rd/gr1.gr1_int.rfwft/gpregsm1.user_valid_i_1 (pin npu_system_i/axi_mem_intercon/m00_couplers/auto_pc/inst/gen_axi4_axi3.axi3_conv_inst/USE_WRITE.write_addr_inst/USE_BURSTS.cmd_queue/inst/fifo_gen_inst/inst_fifo_gen/gconvfifo.rf/grf.rf/gntv_or_sync_fifo.gl0.rd/gr1.gr1_int.rfwft/gpregsm1.user_valid_i_1/I1) is not included in the LUT equation: 'O6=(A5)+((~A5)*(~A6)*A4)'. If this cell is a user instantiated LUT in the design, please remove connectivity to the pin or change the equation and/or INIT string of the LUT to prevent this issue. If the cell is inferred or IP created LUT, please regenerate the IP and/or resynthesize the design to attempt to correct the issue.
Related violations: <none>

PLCK-1#1 Warning
Clock Placer Checks  
Sub-optimal placement for a BUFG-BUFG cascade pair. 
Resolution: A dedicated routing path between the two BUFGs can be used if they are placed in cyclically adjacent BUFG sites and both are in the same half (TOP/BOTTOM) side of an SLR. If this condition cannot be met, it is recommended that a BUFH be connected in series between the two BUFGs to ensure that clock region partitioning will account for the use of a clock spine for this connection.
 This is normally an ERROR but the CLOCK_DEDICATED_ROUTE constraint is set to FALSE allowing your design to continue. The use of this override is highly discouraged as it may lead to very poor timing results. It is recommended that this error condition be corrected in the design.

	npu_system_i/ps7/inst/buffer_fclk_clk_0.FCLK_CLK_0_BUFG (BUFG.O) is provisionally placed by clockplacer on BUFGCTRL_X0Y16
	npu_system_i/tinynpu_0/inst/u_icg_compute/u_bufgce (BUFGCTRL.I0) is provisionally placed by clockplacer on BUFGCTRL_X0Y2
	npu_system_i/tinynpu_0/inst/u_icg_postproc/u_bufgce (BUFGCTRL.I0) is provisionally placed by clockplacer on BUFGCTRL_X0Y3
	npu_system_i/tinynpu_0/inst/u_icg_dma/u_bufgce (BUFGCTRL.I0) is provisionally placed by clockplacer on BUFGCTRL_X0Y4

Related violations: <none>

REQP-1839#1 Warning
RAMB36 async control check  
The RAMB36E1 npu_system_i/vid_out/inst/COUPLER_INST/generate_async_fifo.FIFO_INST/XPM_FIFO_ASYNC_INST/gnuram_async_fifo.xpm_fifo_base_inst/gen_sdpram.xpm_memory_base_inst/gen_wr_a.gen_word_narrow.mem_reg has an input control pin npu_system_i/vid_out/inst/COUPLER_INST/generate_async_fifo.FIFO_INST/XPM_FIFO_ASYNC_INST/gnuram_async_fifo.xpm_fifo_base_inst/gen_sdpram.xpm_memory_base_inst/gen_wr_a.gen_word_narrow.mem_reg/ENBWREN (net: npu_system_i/vid_out/inst/COUPLER_INST/generate_async_fifo.FIFO_INST/XPM_FIFO_ASYNC_INST/gnuram_async_fifo.xpm_fifo_base_inst/gen_sdpram.xpm_memory_base_inst/enb) which is driven by a register (npu_system_i/dvi2rgb_0/U0/TMDS_ClockingX/aLocked_reg) that has an active asychronous set or reset. This may cause corruption of the memory contents and/or read values when the set/reset is asserted and is not analyzed by the default static timing analysis. It is suggested to eliminate the use of a set/reset to registers driving this RAMB pin or else use a synchronous reset in which the assertion of the reset is timed by default.
Related violations: <none>

RTSTAT-10#1 Warning
No routable loads  
74 net(s) have no routable loads. The problem bus(es) and/or net(s) are npu_system_i/axi_mem_intercon/m00_couplers/auto_pc/inst/gen_axi4_axi3.axi3_conv_inst/USE_READ.USE_SPLIT_R.read_addr_inst/USE_R_CHANNEL.cmd_queue/inst/fifo_gen_inst/inst_fifo_gen/gconvfifo.rf/grf.rf/gntv_or_sync_fifo.gl0.rd/gr1.gr1_int.rfwft/aempty_fwft_i,
npu_system_i/axi_mem_intercon/m00_couplers/auto_pc/inst/gen_axi4_axi3.axi3_conv_inst/USE_READ.USE_SPLIT_R.read_addr_inst/USE_R_CHANNEL.cmd_queue/inst/fifo_gen_inst/inst_fifo_gen/gconvfifo.rf/grf.rf/gntv_or_sync_fifo.gl0.wr/gwss.wsts/ram_afull_fb,
npu_system_i/axi_mem_intercon/m00_couplers/auto_pc/inst/gen_axi4_axi3.axi3_conv_inst/USE_READ.USE_SPLIT_R.read_addr_inst/USE_R_CHANNEL.cmd_queue/inst/fifo_gen_inst/inst_fifo_gen/gconvfifo.rf/grf.rf/rstblk/ngwrdrst.grst.rd_rst_reg[2:0],
npu_system_i/axi_mem_intercon/m00_couplers/auto_pc/inst/gen_axi4_axi3.axi3_conv_inst/USE_READ.USE_SPLIT_R.read_addr_inst/USE_R_CHANNEL.cmd_queue/inst/fifo_gen_inst/inst_fifo_gen/gconvfifo.rf/grf.rf/rstblk/ngwrdrst.grst.wr_rst_reg[2:0],
npu_system_i/axi_mem_intercon/m00_couplers/auto_pc/inst/gen_axi4_axi3.axi3_conv_inst/USE_WRITE.write_addr_inst/USE_BURSTS.cmd_queue/inst/fifo_gen_inst/inst_fifo_gen/gconvfifo.rf/grf.rf/gntv_or_sync_fifo.gl0.rd/gr1.gr1_int.rfwft/aempty_fwft_i,
npu_system_i/axi_mem_intercon/m00_couplers/auto_pc/inst/gen_axi4_axi3.axi3_conv_inst/USE_WRITE.write_addr_inst/USE_BURSTS.cmd_queue/inst/fifo_gen_inst/inst_fifo_gen/gconvfifo.rf/grf.rf/gntv_or_sync_fifo.gl0.wr/gwss.wsts/ram_afull_fb,
npu_system_i/axi_mem_intercon/m00_couplers/auto_pc/inst/gen_axi4_axi3.axi3_conv_inst/USE_WRITE.write_addr_inst/USE_BURSTS.cmd_queue/inst/fifo_gen_inst/inst_fifo_gen/gconvfifo.rf/grf.rf/rstblk/ngwrdrst.grst.rd_rst_reg[2:0],
npu_system_i/axi_mem_intercon/m00_couplers/auto_pc/inst/gen_axi4_axi3.axi3_conv_inst/USE_WRITE.write_addr_inst/USE_BURSTS.cmd_queue/inst/fifo_gen_inst/inst_fifo_gen/gconvfifo.rf/grf.rf/rstblk/ngwrdrst.grst.wr_rst_reg[2:0],
npu_system_i/axi_mem_intercon/m00_couplers/auto_pc/inst/gen_axi4_axi3.axi3_conv_inst/USE_WRITE.write_addr_inst/USE_B_CHANNEL.cmd_b_queue/inst/fifo_gen_inst/inst_fifo_gen/gconvfifo.rf/grf.rf/gntv_or_sync_fifo.gl0.rd/gr1.gr1_int.rfwft/aempty_fwft_i,
npu_system_i/axi_mem_intercon/m00_couplers/auto_pc/inst/gen_axi4_axi3.axi3_conv_inst/USE_WRITE.write_addr_inst/USE_B_CHANNEL.cmd_b_queue/inst/fifo_gen_inst/inst_fifo_gen/gconvfifo.rf/grf.rf/gntv_or_sync_fifo.gl0.wr/gwss.wsts/ram_afull_fb,
npu_system_i/axi_mem_intercon/m00_couplers/auto_pc/inst/gen_axi4_axi3.axi3_conv_inst/USE_WRITE.write_addr_inst/USE_B_CHANNEL.cmd_b_queue/inst/fifo_gen_inst/inst_fifo_gen/gconvfifo.rf/grf.rf/rstblk/ngwrdrst.grst.rd_rst_reg[2:0],
npu_system_i/axi_mem_intercon/m00_couplers/auto_pc/inst/gen_axi4_axi3.axi3_conv_inst/USE_WRITE.write_addr_inst/USE_B_CHANNEL.cmd_b_queue/inst/fifo_gen_inst/inst_fifo_gen/gconvfifo.rf/grf.rf/rstblk/ngwrdrst.grst.wr_rst_reg[2:0],
npu_system_i/vid_in/inst/COUPLER_INST/generate_async_fifo.FIFO_INST/XPM_FIFO_ASYNC_INST/gnuram_async_fifo.xpm_fifo_base_inst/gen_sdpram.xpm_memory_base_inst/doutb[25],
npu_system_i/vid_in/inst/COUPLER_INST/generate_async_fifo.FIFO_INST/XPM_FIFO_ASYNC_INST/gnuram_async_fifo.xpm_fifo_base_inst/gen_sdpram.xpm_memory_base_inst/doutb[26],
npu_system_i/vid_out/inst/COUPLER_INST/generate_async_fifo.FIFO_INST/XPM_FIFO_ASYNC_INST/gnuram_async_fifo.xpm_fifo_base_inst/overflow
 (the first 15 of 32 listed nets/buses).
Related violations: <none>

REQP-181#1 Advisory
writefirst  
Synchronous clocking is detected for BRAM (npu_system_i/axi_dma_0/U0/I_PRMRY_DATAMOVER/GEN_S2MM_FULL.I_S2MM_FULL_WRAPPER/GEN_ENABLE_INDET_BTT_SF.I_INDET_BTT/I_DATA_FIFO/BLK_MEM.I_SYNC_FIFOGEN_FIFO/xpm_fifo_base_inst/gen_sdpram.xpm_memory_base_inst/gen_wr_a.gen_word_narrow.mem_reg) in SDP mode with WRITE_FIRST write-mode. This is the preferred mode for best power characteristics, however it may exhibit address collisions if the same address appears on both read and write ports resulting in unknown or corrupted read data. It is suggested to confirm via simulation that an address collision never occurs and if so it is suggested to try and avoid this situation. If address collisions cannot be avoided, the write-mode may be set to READ_FIRST which guarantees that the read data is the prior contents of the memory at the cost of additional power in the design. See the FPGA Memory Resources User Guide for additional information.
Related violations: <none>


