Copyright 1986-2022 Xilinx, Inc. All Rights Reserved. Copyright 2022-2025 Advanced Micro Devices, Inc. All Rights Reserved.
---------------------------------------------------------------------------------------------------------------------------------------------
| Tool Version : Vivado v.2025.1 (win64) Build 6140274 Thu May 22 00:12:29 MDT 2025
| Date         : Tue Sep 29 15:32:58 2026
| Host         : TMP215-54 running 64-bit major release  (build 9200)
| Command      : report_timing_summary -file Reports/RISCV_ADAS_PURE_PL_Timing_New.rpt
| Design       : npu_system_wrapper
| Device       : 7z020-clg400
| Speed File   : -1  PRODUCTION 1.12 2019-11-22
| Design State : Routed
---------------------------------------------------------------------------------------------------------------------------------------------

Timing Summary Report

------------------------------------------------------------------------------------------------
| Timer Settings
| --------------
------------------------------------------------------------------------------------------------

  Enable Multi Corner Analysis               :  Yes
  Enable Pessimism Removal                   :  Yes
  Pessimism Removal Resolution               :  Nearest Common Node
  Enable Input Delay Default Clock           :  No
  Enable Preset / Clear Arcs                 :  No
  Disable Flight Delays                      :  No
  Ignore I/O Paths                           :  No
  Timing Early Launch at Borrowing Latches   :  No
  Borrow Time for Max Delay Exceptions       :  Yes
  Merge Timing Exceptions                    :  Yes
  Inter-SLR Compensation                     :  Conservative

  Corner  Analyze    Analyze    
  Name    Max Paths  Min Paths  
  ------  ---------  ---------  
  Slow    Yes        Yes        
  Fast    Yes        Yes        


------------------------------------------------------------------------------------------------
| Report Methodology
| ------------------
------------------------------------------------------------------------------------------------

No report available as report_methodology has not been run prior. Run report_methodology on the current design for the summary of methodology violations.



check_timing report

Table of Contents
-----------------
1. checking no_clock (1149)
2. checking constant_clock (0)
3. checking pulse_width_clock (0)
4. checking unconstrained_internal_endpoints (2232)
5. checking no_input_delay (7)
6. checking no_output_delay (10)
7. checking multiple_clock (19899)
8. checking generated_clocks (0)
9. checking loops (0)
10. checking partial_input_delay (0)
11. checking partial_output_delay (0)
12. checking latch_loops (0)

1. checking no_clock (1149)
---------------------------
 There are 1149 register/latch pins with no clock driven by root clock pin: TMDS_RX_clk_p (HIGH)


2. checking constant_clock (0)
------------------------------
 There are 0 register/latch pins with constant_clock.


3. checking pulse_width_clock (0)
---------------------------------
 There are 0 register/latch pins which need pulse_width check


4. checking unconstrained_internal_endpoints (2232)
---------------------------------------------------
 There are 2226 pins that are not constrained for maximum delay. (HIGH)

 There are 6 pins that are not constrained for maximum delay due to constant clock. (MEDIUM)


5. checking no_input_delay (7)
------------------------------
 There are 7 input ports with no input delay specified. (HIGH)

 There are 0 input ports with no input delay but user has a false path constraint.


6. checking no_output_delay (10)
--------------------------------
 There are 10 ports with no output delay specified. (HIGH)

 There are 0 ports with no output delay but user has a false path constraint

 There are 0 ports with no output delay but with a timing clock defined on it or propagating through it


7. checking multiple_clock (19899)
----------------------------------
 There are 19899 register/latch pins with multiple clocks. (HIGH)


8. checking generated_clocks (0)
--------------------------------
 There are 0 generated clocks that are not connected to a clock source.


9. checking loops (0)
---------------------
 There are 0 combinational loops in the design.


10. checking partial_input_delay (0)
------------------------------------
 There are 0 input ports with partial input delay specified.


11. checking partial_output_delay (0)
-------------------------------------
 There are 0 ports with partial output delay specified.


12. checking latch_loops (0)
----------------------------
 There are 0 combinational latch loops in the design through latch input



------------------------------------------------------------------------------------------------
| Design Timing Summary
| ---------------------
------------------------------------------------------------------------------------------------

    WNS(ns)      TNS(ns)  TNS Failing Endpoints  TNS Total Endpoints      WHS(ns)      THS(ns)  THS Failing Endpoints  THS Total Endpoints     WPWS(ns)     TPWS(ns)  TPWS Failing Endpoints  TPWS Total Endpoints  
    -------      -------  ---------------------  -------------------      -------      -------  ---------------------  -------------------     --------     --------  ----------------------  --------------------  
      0.162        0.000                      0                58657        0.050        0.000                      0                58573        0.264        0.000                       0                 19866  


All user specified timing constraints are met.


------------------------------------------------------------------------------------------------
| Clock Summary
| -------------
------------------------------------------------------------------------------------------------

Clock                                Waveform(ns)         Period(ns)      Frequency(MHz)
-----                                ------------         ----------      --------------
sys_clk_pin                          {0.000 4.000}        8.000           125.000         
  clk_out1_npu_system_clk_wiz_0_0_1  {0.000 4.000}        8.000           125.000         
  clk_out2_npu_system_clk_wiz_0_0_1  {0.000 2.500}        5.000           200.000         
  clkfbout_npu_system_clk_wiz_0_0_1  {0.000 4.000}        8.000           125.000         
sysclk                               {0.000 4.000}        8.000           125.000         
  clk_out1_npu_system_clk_wiz_0_0    {0.000 4.000}        8.000           125.000         
  clk_out2_npu_system_clk_wiz_0_0    {0.000 2.500}        5.000           200.000         
  clkfbout_npu_system_clk_wiz_0_0    {0.000 4.000}        8.000           125.000         


------------------------------------------------------------------------------------------------
| Intra Clock Table
| -----------------
------------------------------------------------------------------------------------------------

Clock                                    WNS(ns)      TNS(ns)  TNS Failing Endpoints  TNS Total Endpoints      WHS(ns)      THS(ns)  THS Failing Endpoints  THS Total Endpoints     WPWS(ns)     TPWS(ns)  TPWS Failing Endpoints  TPWS Total Endpoints  
-----                                    -------      -------  ---------------------  -------------------      -------      -------  ---------------------  -------------------     --------     --------  ----------------------  --------------------  
sys_clk_pin                                                                                                                                                                            2.000        0.000                       0                     1  
  clk_out1_npu_system_clk_wiz_0_0_1        0.163        0.000                      0                46434        0.120        0.000                      0                46434        2.750        0.000                       0                 19702  
  clk_out2_npu_system_clk_wiz_0_0_1        1.269        0.000                      0                  339        0.122        0.000                      0                  339        0.264        0.000                       0                   160  
  clkfbout_npu_system_clk_wiz_0_0_1                                                                                                                                                    5.845        0.000                       0                     3  
sysclk                                                                                                                                                                                 2.000        0.000                       0                     1  
  clk_out1_npu_system_clk_wiz_0_0          0.162        0.000                      0                46434        0.120        0.000                      0                46434        2.750        0.000                       0                 19702  
  clk_out2_npu_system_clk_wiz_0_0          1.268        0.000                      0                  339        0.122        0.000                      0                  339        0.264        0.000                       0                   160  
  clkfbout_npu_system_clk_wiz_0_0                                                                                                                                                      5.845        0.000                       0                     3  


------------------------------------------------------------------------------------------------
| Inter Clock Table
| -----------------
------------------------------------------------------------------------------------------------

From Clock                         To Clock                               WNS(ns)      TNS(ns)  TNS Failing Endpoints  TNS Total Endpoints      WHS(ns)      THS(ns)  THS Failing Endpoints  THS Total Endpoints  
----------                         --------                               -------      -------  ---------------------  -------------------      -------      -------  ---------------------  -------------------  
                                   clk_out1_npu_system_clk_wiz_0_0_1      998.267        0.000                      0                   42                                                                        
clk_out1_npu_system_clk_wiz_0_0    clk_out1_npu_system_clk_wiz_0_0_1        0.162        0.000                      0                46434        0.050        0.000                      0                46434  
clk_out2_npu_system_clk_wiz_0_0    clk_out2_npu_system_clk_wiz_0_0_1        1.268        0.000                      0                  339        0.057        0.000                      0                  339  
                                   clk_out1_npu_system_clk_wiz_0_0        998.267        0.000                      0                   42                                                                        
clk_out1_npu_system_clk_wiz_0_0_1  clk_out1_npu_system_clk_wiz_0_0          0.162        0.000                      0                46434        0.050        0.000                      0                46434  
clk_out2_npu_system_clk_wiz_0_0_1  clk_out2_npu_system_clk_wiz_0_0          1.268        0.000                      0                  339        0.057        0.000                      0                  339  


------------------------------------------------------------------------------------------------
| Other Path Groups Table
| -----------------------
------------------------------------------------------------------------------------------------

Path Group                         From Clock                         To Clock                               WNS(ns)      TNS(ns)  TNS Failing Endpoints  TNS Total Endpoints      WHS(ns)      THS(ns)  THS Failing Endpoints  THS Total Endpoints  
----------                         ----------                         --------                               -------      -------  ---------------------  -------------------      -------      -------  ---------------------  -------------------  
**async_default**                  clk_out1_npu_system_clk_wiz_0_0    clk_out1_npu_system_clk_wiz_0_0          1.287        0.000                      0                11797        0.373        0.000                      0                11797  
**async_default**                  clk_out1_npu_system_clk_wiz_0_0_1  clk_out1_npu_system_clk_wiz_0_0          1.287        0.000                      0                11797        0.303        0.000                      0                11797  
**async_default**                  clk_out1_npu_system_clk_wiz_0_0    clk_out1_npu_system_clk_wiz_0_0_1        1.287        0.000                      0                11797        0.303        0.000                      0                11797  
**async_default**                  clk_out1_npu_system_clk_wiz_0_0_1  clk_out1_npu_system_clk_wiz_0_0_1        1.288        0.000                      0                11797        0.373        0.000                      0                11797  
**async_default**                  clk_out2_npu_system_clk_wiz_0_0    clk_out2_npu_system_clk_wiz_0_0          2.432        0.000                      0                    3        0.435        0.000                      0                    3  
**async_default**                  clk_out2_npu_system_clk_wiz_0_0_1  clk_out2_npu_system_clk_wiz_0_0          2.432        0.000                      0                    3        0.370        0.000                      0                    3  
**async_default**                  clk_out2_npu_system_clk_wiz_0_0    clk_out2_npu_system_clk_wiz_0_0_1        2.432        0.000                      0                    3        0.370        0.000                      0                    3  
**async_default**                  clk_out2_npu_system_clk_wiz_0_0_1  clk_out2_npu_system_clk_wiz_0_0_1        2.432        0.000                      0                    3        0.435        0.000                      0                    3  
**default**                        clk_out1_npu_system_clk_wiz_0_0                                             6.332        0.000                      0                   42                                                                        
**default**                        clk_out1_npu_system_clk_wiz_0_0_1                                           6.332        0.000                      0                   42                                                                        


------------------------------------------------------------------------------------------------
| Timing Details
| --------------
------------------------------------------------------------------------------------------------


---------------------------------------------------------------------------------------------------
From Clock:  sys_clk_pin
  To Clock:  sys_clk_pin

Setup :           NA  Failing Endpoints,  Worst Slack           NA  ,  Total Violation           NA
Hold  :           NA  Failing Endpoints,  Worst Slack           NA  ,  Total Violation           NA
PW    :            0  Failing Endpoints,  Worst Slack        2.000ns,  Total Violation        0.000ns
---------------------------------------------------------------------------------------------------


Pulse Width Checks
--------------------------------------------------------------------------------------
Clock Name:         sys_clk_pin
Waveform(ns):       { 0.000 4.000 }
Period(ns):         8.000
Sources:            { sysclk }

Check Type        Corner  Lib Pin            Reference Pin  Required(ns)  Actual(ns)  Slack(ns)  Location         Pin
Min Period        n/a     MMCME2_ADV/CLKIN1  n/a            1.249         8.000       6.751      MMCME2_ADV_X1Y2  npu_system_i/clk_wiz_0/inst/mmcm_adv_inst/CLKIN1
Max Period        n/a     MMCME2_ADV/CLKIN1  n/a            100.000       8.000       92.000     MMCME2_ADV_X1Y2  npu_system_i/clk_wiz_0/inst/mmcm_adv_inst/CLKIN1
Low Pulse Width   Slow    MMCME2_ADV/CLKIN1  n/a            2.000         4.000       2.000      MMCME2_ADV_X1Y2  npu_system_i/clk_wiz_0/inst/mmcm_adv_inst/CLKIN1
High Pulse Width  Slow    MMCME2_ADV/CLKIN1  n/a            2.000         4.000       2.000      MMCME2_ADV_X1Y2  npu_system_i/clk_wiz_0/inst/mmcm_adv_inst/CLKIN1



---------------------------------------------------------------------------------------------------
From Clock:  clk_out1_npu_system_clk_wiz_0_0_1
  To Clock:  clk_out1_npu_system_clk_wiz_0_0_1

Setup :            0  Failing Endpoints,  Worst Slack        0.163ns,  Total Violation        0.000ns
Hold  :            0  Failing Endpoints,  Worst Slack        0.120ns,  Total Violation        0.000ns
PW    :            0  Failing Endpoints,  Worst Slack        2.750ns,  Total Violation        0.000ns
---------------------------------------------------------------------------------------------------


Max Delay Paths
--------------------------------------------------------------------------------------
Slack (MET) :             0.163ns  (required time - arrival time)
  Source:                 npu_system_i/tinynpu_0/inst/u_ctrl/array_en_reg/C
                            (rising edge-triggered cell FDRE clocked by clk_out1_npu_system_clk_wiz_0_0_1  {rise@0.000ns fall@4.000ns period=8.000ns})
  Destination:            npu_system_i/tinynpu_0/inst/u_systolic/row[9].col[5].pe_inst/mul_s1_reg[12]/CE
                            (rising edge-triggered cell FDCE clocked by clk_out1_npu_system_clk_wiz_0_0_1  {rise@0.000ns fall@4.000ns period=8.000ns})
  Path Group:             clk_out1_npu_system_clk_wiz_0_0_1
  Path Type:              Setup (Max at Slow Process Corner)
  Requirement:            8.000ns  (clk_out1_npu_system_clk_wiz_0_0_1 rise@8.000ns - clk_out1_npu_system_clk_wiz_0_0_1 rise@0.000ns)
  Data Path Delay:        10.028ns  (logic 0.419ns (4.178%)  route 9.609ns (95.822%))
  Logic Levels:           0  
  Clock Path Skew:        2.637ns (DCD - SCD + CPR)
    Destination Clock Delay (DCD):    1.096ns = ( 9.096 - 8.000 ) 
    Source Clock Delay      (SCD):    -1.088ns
    Clock Pessimism Removal (CPR):    0.452ns
  Clock Uncertainty:      0.069ns  ((TSJ^2 + DJ^2)^1/2) / 2 + PE
    Total System Jitter     (TSJ):    0.071ns
    Discrete Jitter          (DJ):    0.118ns
    Phase Error              (PE):    0.000ns

    Location             Delay type                Incr(ns)  Path(ns)    Netlist Resource(s)
  -------------------------------------------------------------------    -------------------
                         (clock clk_out1_npu_system_clk_wiz_0_0_1 rise edge)
                                                      0.000     0.000 r  
    H16                                               0.000     0.000 r  sysclk (IN)
                         net (fo=0)                   0.000     0.000    npu_system_i/clk_wiz_0/inst/clk_in1
    H16                  IBUF (Prop_ibuf_I_O)         1.451     1.451 r  npu_system_i/clk_wiz_0/inst/clkin1_ibufg/O
                         net (fo=1, routed)           1.285     2.736    npu_system_i/clk_wiz_0/inst/clk_in1_npu_system_clk_wiz_0_0
    MMCME2_ADV_X1Y2      MMCME2_ADV (Prop_mmcme2_adv_CLKIN1_CLKOUT0)
                                                     -7.759    -5.023 r  npu_system_i/clk_wiz_0/inst/mmcm_adv_inst/CLKOUT0
                         net (fo=1, routed)           2.206    -2.817    npu_system_i/clk_wiz_0/inst/clk_out1_npu_system_clk_wiz_0_0
    BUFGCTRL_X0Y17       BUFG (Prop_bufg_I_O)         0.101    -2.716 r  npu_system_i/clk_wiz_0/inst/clkout1_buf/O
                         net (fo=5312, routed)        1.628    -1.088    npu_system_i/tinynpu_0/inst/u_ctrl/aclk
    SLICE_X53Y68         FDRE                                         r  npu_system_i/tinynpu_0/inst/u_ctrl/array_en_reg/C
  -------------------------------------------------------------------    -------------------
    SLICE_X53Y68         FDRE (Prop_fdre_C_Q)         0.419    -0.669 r  npu_system_i/tinynpu_0/inst/u_ctrl/array_en_reg/Q
                         net (fo=10804, routed)       9.609     8.939    npu_system_i/tinynpu_0/inst/u_systolic/row[9].col[5].pe_inst/E[0]
    SLICE_X52Y138        FDCE                                         r  npu_system_i/tinynpu_0/inst/u_systolic/row[9].col[5].pe_inst/mul_s1_reg[12]/CE
  -------------------------------------------------------------------    -------------------

                         (clock clk_out1_npu_system_clk_wiz_0_0_1 rise edge)
                                                      8.000     8.000 r  
    H16                                               0.000     8.000 r  sysclk (IN)
                         net (fo=0)                   0.000     8.000    npu_system_i/clk_wiz_0/inst/clk_in1
    H16                  IBUF (Prop_ibuf_I_O)         1.380     9.380 r  npu_system_i/clk_wiz_0/inst/clkin1_ibufg/O
                         net (fo=1, routed)           1.162    10.542    npu_system_i/clk_wiz_0/inst/clk_in1_npu_system_clk_wiz_0_0
    MMCME2_ADV_X1Y2      MMCME2_ADV (Prop_mmcme2_adv_CLKIN1_CLKOUT0)
                                                     -7.814     2.728 r  npu_system_i/clk_wiz_0/inst/mmcm_adv_inst/CLKOUT0
                         net (fo=1, routed)           2.012     4.740    npu_system_i/clk_wiz_0/inst/clk_out1_npu_system_clk_wiz_0_0
    BUFGCTRL_X0Y17       BUFG (Prop_bufg_I_O)         0.091     4.831 r  npu_system_i/clk_wiz_0/inst/clkout1_buf/O
                         net (fo=5312, routed)        2.533     7.365    npu_system_i/tinynpu_0/inst/u_icg_compute/aclk
    BUFGCTRL_X0Y2        BUFGCTRL (Prop_bufgctrl_I0_O)
                                                      0.091     7.456 r  npu_system_i/tinynpu_0/inst/u_icg_compute/u_bufgce/O
                         net (fo=13994, routed)       1.640     9.096    npu_system_i/tinynpu_0/inst/u_systolic/row[9].col[5].pe_inst/clk_compute
    SLICE_X52Y138        FDCE                                         r  npu_system_i/tinynpu_0/inst/u_systolic/row[9].col[5].pe_inst/mul_s1_reg[12]/C
                         clock pessimism              0.452     9.548    
                         clock uncertainty           -0.069     9.479    
    SLICE_X52Y138        FDCE (Setup_fdce_C_CE)      -0.377     9.102    npu_system_i/tinynpu_0/inst/u_systolic/row[9].col[5].pe_inst/mul_s1_reg[12]
  -------------------------------------------------------------------
                         required time                          9.102    
                         arrival time                          -8.939    
  -------------------------------------------------------------------
                         slack                                  0.163    





Min Delay Paths
--------------------------------------------------------------------------------------
Slack (MET) :             0.120ns  (arrival time - required time)
  Source:                 npu_system_i/tinynpu_0/inst/u_weight_buf/weight_data_reg[1][3][1]/C
                            (rising edge-triggered cell FDRE clocked by clk_out1_npu_system_clk_wiz_0_0_1  {rise@0.000ns fall@4.000ns period=8.000ns})
  Destination:            npu_system_i/tinynpu_0/inst/u_systolic/row[1].col[3].pe_inst/weight_reg_reg[1]/D
                            (rising edge-triggered cell FDCE clocked by clk_out1_npu_system_clk_wiz_0_0_1  {rise@0.000ns fall@4.000ns period=8.000ns})
  Path Group:             clk_out1_npu_system_clk_wiz_0_0_1
  Path Type:              Hold (Min at Slow Process Corner)
  Requirement:            0.000ns  (clk_out1_npu_system_clk_wiz_0_0_1 rise@0.000ns - clk_out1_npu_system_clk_wiz_0_0_1 rise@0.000ns)
  Data Path Delay:        3.452ns  (logic 0.367ns (10.632%)  route 3.085ns (89.368%))
  Logic Levels:           0  
  Clock Path Skew:        3.110ns (DCD - SCD - CPR)
    Destination Clock Delay (DCD):    2.243ns
    Source Clock Delay      (SCD):    -1.320ns
    Clock Pessimism Removal (CPR):    0.452ns

    Location             Delay type                Incr(ns)  Path(ns)    Netlist Resource(s)
  -------------------------------------------------------------------    -------------------
                         (clock clk_out1_npu_system_clk_wiz_0_0_1 rise edge)
                                                      0.000     0.000 r  
    H16                                               0.000     0.000 r  sysclk (IN)
                         net (fo=0)                   0.000     0.000    npu_system_i/clk_wiz_0/inst/clk_in1
    H16                  IBUF (Prop_ibuf_I_O)         1.380     1.380 r  npu_system_i/clk_wiz_0/inst/clkin1_ibufg/O
                         net (fo=1, routed)           1.162     2.542    npu_system_i/clk_wiz_0/inst/clk_in1_npu_system_clk_wiz_0_0
    MMCME2_ADV_X1Y2      MMCME2_ADV (Prop_mmcme2_adv_CLKIN1_CLKOUT0)
                                                     -7.814    -5.272 r  npu_system_i/clk_wiz_0/inst/mmcm_adv_inst/CLKOUT0
                         net (fo=1, routed)           2.012    -3.260    npu_system_i/clk_wiz_0/inst/clk_out1_npu_system_clk_wiz_0_0
    BUFGCTRL_X0Y17       BUFG (Prop_bufg_I_O)         0.091    -3.169 r  npu_system_i/clk_wiz_0/inst/clkout1_buf/O
                         net (fo=5312, routed)        1.849    -1.320    npu_system_i/tinynpu_0/inst/u_weight_buf/aclk
    SLICE_X111Y129       FDRE                                         r  npu_system_i/tinynpu_0/inst/u_weight_buf/weight_data_reg[1][3][1]/C
  -------------------------------------------------------------------    -------------------
    SLICE_X111Y129       FDRE (Prop_fdre_C_Q)         0.367    -0.953 r  npu_system_i/tinynpu_0/inst/u_weight_buf/weight_data_reg[1][3][1]/Q
                         net (fo=1, routed)           3.085     2.132    npu_system_i/tinynpu_0/inst/u_systolic/row[1].col[3].pe_inst/weight_data_flat[1]
    SLICE_X112Y129       FDCE                                         r  npu_system_i/tinynpu_0/inst/u_systolic/row[1].col[3].pe_inst/weight_reg_reg[1]/D
  -------------------------------------------------------------------    -------------------

                         (clock clk_out1_npu_system_clk_wiz_0_0_1 rise edge)
                                                      0.000     0.000 r  
    H16                                               0.000     0.000 r  sysclk (IN)
                         net (fo=0)                   0.000     0.000    npu_system_i/clk_wiz_0/inst/clk_in1
    H16                  IBUF (Prop_ibuf_I_O)         1.451     1.451 r  npu_system_i/clk_wiz_0/inst/clkin1_ibufg/O
                         net (fo=1, routed)           1.285     2.736    npu_system_i/clk_wiz_0/inst/clk_in1_npu_system_clk_wiz_0_0
    MMCME2_ADV_X1Y2      MMCME2_ADV (Prop_mmcme2_adv_CLKIN1_CLKOUT0)
                                                     -7.759    -5.023 r  npu_system_i/clk_wiz_0/inst/mmcm_adv_inst/CLKOUT0
                         net (fo=1, routed)           2.206    -2.817    npu_system_i/clk_wiz_0/inst/clk_out1_npu_system_clk_wiz_0_0
    BUFGCTRL_X0Y17       BUFG (Prop_bufg_I_O)         0.101    -2.716 r  npu_system_i/clk_wiz_0/inst/clkout1_buf/O
                         net (fo=5312, routed)        2.811     0.095    npu_system_i/tinynpu_0/inst/u_icg_compute/aclk
    BUFGCTRL_X0Y2        BUFGCTRL (Prop_bufgctrl_I0_O)
                                                      0.101     0.196 r  npu_system_i/tinynpu_0/inst/u_icg_compute/u_bufgce/O
                         net (fo=13994, routed)       2.047     2.243    npu_system_i/tinynpu_0/inst/u_systolic/row[1].col[3].pe_inst/clk_compute
    SLICE_X112Y129       FDCE                                         r  npu_system_i/tinynpu_0/inst/u_systolic/row[1].col[3].pe_inst/weight_reg_reg[1]/C
                         clock pessimism             -0.452     1.790    
    SLICE_X112Y129       FDCE (Hold_fdce_C_D)         0.222     2.012    npu_system_i/tinynpu_0/inst/u_systolic/row[1].col[3].pe_inst/weight_reg_reg[1]
  -------------------------------------------------------------------
                         required time                         -2.012    
                         arrival time                           2.132    
  -------------------------------------------------------------------
                         slack                                  0.120    





Pulse Width Checks
--------------------------------------------------------------------------------------
Clock Name:         clk_out1_npu_system_clk_wiz_0_0_1
Waveform(ns):       { 0.000 4.000 }
Period(ns):         8.000
Sources:            { npu_system_i/clk_wiz_0/inst/mmcm_adv_inst/CLKOUT0 }

Check Type        Corner  Lib Pin             Reference Pin  Required(ns)  Actual(ns)  Slack(ns)  Location         Pin
Min Period        n/a     RAMB36E1/CLKARDCLK  n/a            2.944         8.000       5.056      RAMB36_X5Y28     npu_system_i/riscv_adas_0/inst/firmware_bram_reg/CLKARDCLK
Max Period        n/a     MMCME2_ADV/CLKOUT0  n/a            213.360       8.000       205.360    MMCME2_ADV_X1Y2  npu_system_i/clk_wiz_0/inst/mmcm_adv_inst/CLKOUT0
Low Pulse Width   Slow    RAMD32/CLK          n/a            1.250         4.000       2.750      SLICE_X96Y141    npu_system_i/riscv_adas_0/inst/picorv32_core/cpuregs_reg_r1_0_15_0_5/RAMA/CLK
High Pulse Width  Slow    RAMD32/CLK          n/a            1.250         4.000       2.750      SLICE_X96Y141    npu_system_i/riscv_adas_0/inst/picorv32_core/cpuregs_reg_r1_0_15_0_5/RAMA/CLK



---------------------------------------------------------------------------------------------------
From Clock:  clk_out2_npu_system_clk_wiz_0_0_1
  To Clock:  clk_out2_npu_system_clk_wiz_0_0_1

Setup :            0  Failing Endpoints,  Worst Slack        1.269ns,  Total Violation        0.000ns
Hold  :            0  Failing Endpoints,  Worst Slack        0.122ns,  Total Violation        0.000ns
PW    :            0  Failing Endpoints,  Worst Slack        0.264ns,  Total Violation        0.000ns
---------------------------------------------------------------------------------------------------


Max Delay Paths
--------------------------------------------------------------------------------------
Slack (MET) :             1.269ns  (required time - arrival time)
  Source:                 npu_system_i/dvi2rgb_0/U0/GenerateDDC.DDC_EEPROM/I2C_SlaveController/ddSda_reg/C
                            (rising edge-triggered cell FDRE clocked by clk_out2_npu_system_clk_wiz_0_0_1  {rise@0.000ns fall@2.500ns period=5.000ns})
  Destination:            npu_system_i/dvi2rgb_0/U0/GenerateDDC.DDC_EEPROM/I2C_SlaveController/FSM_gray_state_reg[0]/D
                            (rising edge-triggered cell FDRE clocked by clk_out2_npu_system_clk_wiz_0_0_1  {rise@0.000ns fall@2.500ns period=5.000ns})
  Path Group:             clk_out2_npu_system_clk_wiz_0_0_1
  Path Type:              Setup (Max at Slow Process Corner)
  Requirement:            5.000ns  (clk_out2_npu_system_clk_wiz_0_0_1 rise@5.000ns - clk_out2_npu_system_clk_wiz_0_0_1 rise@0.000ns)
  Data Path Delay:        3.630ns  (logic 1.120ns (30.856%)  route 2.510ns (69.144%))
  Logic Levels:           3  (LUT3=1 LUT6=2)
  Clock Path Skew:        -0.066ns (DCD - SCD + CPR)
    Destination Clock Delay (DCD):    -1.319ns = ( 3.681 - 5.000 ) 
    Source Clock Delay      (SCD):    -0.668ns
    Clock Pessimism Removal (CPR):    0.584ns
  Clock Uncertainty:      0.065ns  ((TSJ^2 + DJ^2)^1/2) / 2 + PE
    Total System Jitter     (TSJ):    0.071ns
    Discrete Jitter          (DJ):    0.108ns
    Phase Error              (PE):    0.000ns

    Location             Delay type                Incr(ns)  Path(ns)    Netlist Resource(s)
  -------------------------------------------------------------------    -------------------
                         (clock clk_out2_npu_system_clk_wiz_0_0_1 rise edge)
                                                      0.000     0.000 r  
    H16                                               0.000     0.000 r  sysclk (IN)
                         net (fo=0)                   0.000     0.000    npu_system_i/clk_wiz_0/inst/clk_in1
    H16                  IBUF (Prop_ibuf_I_O)         1.451     1.451 r  npu_system_i/clk_wiz_0/inst/clkin1_ibufg/O
                         net (fo=1, routed)           1.285     2.736    npu_system_i/clk_wiz_0/inst/clk_in1_npu_system_clk_wiz_0_0
    MMCME2_ADV_X1Y2      MMCME2_ADV (Prop_mmcme2_adv_CLKIN1_CLKOUT1)
                                                     -7.759    -5.023 r  npu_system_i/clk_wiz_0/inst/mmcm_adv_inst/CLKOUT1
                         net (fo=1, routed)           2.206    -2.817    npu_system_i/clk_wiz_0/inst/clk_out2_npu_system_clk_wiz_0_0
    BUFGCTRL_X0Y16       BUFG (Prop_bufg_I_O)         0.101    -2.716 r  npu_system_i/clk_wiz_0/inst/clkout2_buf/O
                         net (fo=158, routed)         2.048    -0.668    npu_system_i/dvi2rgb_0/U0/GenerateDDC.DDC_EEPROM/I2C_SlaveController/RefClk
    SLICE_X112Y132       FDRE                                         r  npu_system_i/dvi2rgb_0/U0/GenerateDDC.DDC_EEPROM/I2C_SlaveController/ddSda_reg/C
  -------------------------------------------------------------------    -------------------
    SLICE_X112Y132       FDRE (Prop_fdre_C_Q)         0.518    -0.150 r  npu_system_i/dvi2rgb_0/U0/GenerateDDC.DDC_EEPROM/I2C_SlaveController/ddSda_reg/Q
                         net (fo=11, routed)          0.857     0.707    npu_system_i/dvi2rgb_0/U0/GenerateDDC.DDC_EEPROM/I2C_SlaveController/ddSda
    SLICE_X112Y134       LUT3 (Prop_lut3_I2_O)        0.150     0.857 f  npu_system_i/dvi2rgb_0/U0/GenerateDDC.DDC_EEPROM/I2C_SlaveController/FSM_gray_state[2]_i_8/O
                         net (fo=4, routed)           0.844     1.700    npu_system_i/dvi2rgb_0/U0/GenerateDDC.DDC_EEPROM/I2C_SlaveController/fStop__1
    SLICE_X111Y133       LUT6 (Prop_lut6_I4_O)        0.328     2.028 r  npu_system_i/dvi2rgb_0/U0/GenerateDDC.DDC_EEPROM/I2C_SlaveController/FSM_gray_state[0]_i_2/O
                         net (fo=1, routed)           0.809     2.837    npu_system_i/dvi2rgb_0/U0/GenerateDDC.DDC_EEPROM/I2C_SlaveController/FSM_gray_state[0]_i_2_n_0
    SLICE_X107Y133       LUT6 (Prop_lut6_I0_O)        0.124     2.961 r  npu_system_i/dvi2rgb_0/U0/GenerateDDC.DDC_EEPROM/I2C_SlaveController/FSM_gray_state[0]_i_1/O
                         net (fo=1, routed)           0.000     2.961    npu_system_i/dvi2rgb_0/U0/GenerateDDC.DDC_EEPROM/I2C_SlaveController/FSM_gray_state[0]_i_1_n_0
    SLICE_X107Y133       FDRE                                         r  npu_system_i/dvi2rgb_0/U0/GenerateDDC.DDC_EEPROM/I2C_SlaveController/FSM_gray_state_reg[0]/D
  -------------------------------------------------------------------    -------------------

                         (clock clk_out2_npu_system_clk_wiz_0_0_1 rise edge)
                                                      5.000     5.000 r  
    H16                                               0.000     5.000 r  sysclk (IN)
                         net (fo=0)                   0.000     5.000    npu_system_i/clk_wiz_0/inst/clk_in1
    H16                  IBUF (Prop_ibuf_I_O)         1.380     6.380 r  npu_system_i/clk_wiz_0/inst/clkin1_ibufg/O
                         net (fo=1, routed)           1.162     7.542    npu_system_i/clk_wiz_0/inst/clk_in1_npu_system_clk_wiz_0_0
    MMCME2_ADV_X1Y2      MMCME2_ADV (Prop_mmcme2_adv_CLKIN1_CLKOUT1)
                                                     -7.814    -0.272 r  npu_system_i/clk_wiz_0/inst/mmcm_adv_inst/CLKOUT1
                         net (fo=1, routed)           2.012     1.740    npu_system_i/clk_wiz_0/inst/clk_out2_npu_system_clk_wiz_0_0
    BUFGCTRL_X0Y16       BUFG (Prop_bufg_I_O)         0.091     1.831 r  npu_system_i/clk_wiz_0/inst/clkout2_buf/O
                         net (fo=158, routed)         1.850     3.681    npu_system_i/dvi2rgb_0/U0/GenerateDDC.DDC_EEPROM/I2C_SlaveController/RefClk
    SLICE_X107Y133       FDRE                                         r  npu_system_i/dvi2rgb_0/U0/GenerateDDC.DDC_EEPROM/I2C_SlaveController/FSM_gray_state_reg[0]/C
                         clock pessimism              0.584     4.266    
                         clock uncertainty           -0.065     4.201    
    SLICE_X107Y133       FDRE (Setup_fdre_C_D)        0.029     4.230    npu_system_i/dvi2rgb_0/U0/GenerateDDC.DDC_EEPROM/I2C_SlaveController/FSM_gray_state_reg[0]
  -------------------------------------------------------------------
                         required time                          4.230    
                         arrival time                          -2.961    
  -------------------------------------------------------------------
                         slack                                  1.269    





Min Delay Paths
--------------------------------------------------------------------------------------
Slack (MET) :             0.122ns  (arrival time - required time)
  Source:                 npu_system_i/dvi2rgb_0/U0/TMDS_ClockingX/MMCM_LockSync/oSyncStages_reg[0]/C
                            (rising edge-triggered cell FDRE clocked by clk_out2_npu_system_clk_wiz_0_0_1  {rise@0.000ns fall@2.500ns period=5.000ns})
  Destination:            npu_system_i/dvi2rgb_0/U0/TMDS_ClockingX/MMCM_LockSync/oSyncStages_reg[1]/D
                            (rising edge-triggered cell FDRE clocked by clk_out2_npu_system_clk_wiz_0_0_1  {rise@0.000ns fall@2.500ns period=5.000ns})
  Path Group:             clk_out2_npu_system_clk_wiz_0_0_1
  Path Type:              Hold (Min at Fast Process Corner)
  Requirement:            0.000ns  (clk_out2_npu_system_clk_wiz_0_0_1 rise@0.000ns - clk_out2_npu_system_clk_wiz_0_0_1 rise@0.000ns)
  Data Path Delay:        0.197ns  (logic 0.141ns (71.611%)  route 0.056ns (28.389%))
  Logic Levels:           0  
  Clock Path Skew:        0.000ns (DCD - SCD - CPR)
    Destination Clock Delay (DCD):    -0.831ns
    Source Clock Delay      (SCD):    -0.594ns
    Clock Pessimism Removal (CPR):    -0.236ns

    Location             Delay type                Incr(ns)  Path(ns)    Netlist Resource(s)
  -------------------------------------------------------------------    -------------------
                         (clock clk_out2_npu_system_clk_wiz_0_0_1 rise edge)
                                                      0.000     0.000 r  
    H16                                               0.000     0.000 r  sysclk (IN)
                         net (fo=0)                   0.000     0.000    npu_system_i/clk_wiz_0/inst/clk_in1
    H16                  IBUF (Prop_ibuf_I_O)         0.219     0.219 r  npu_system_i/clk_wiz_0/inst/clkin1_ibufg/O
                         net (fo=1, routed)           0.440     0.659    npu_system_i/clk_wiz_0/inst/clk_in1_npu_system_clk_wiz_0_0
    MMCME2_ADV_X1Y2      MMCME2_ADV (Prop_mmcme2_adv_CLKIN1_CLKOUT1)
                                                     -2.613    -1.954 r  npu_system_i/clk_wiz_0/inst/mmcm_adv_inst/CLKOUT1
                         net (fo=1, routed)           0.696    -1.257    npu_system_i/clk_wiz_0/inst/clk_out2_npu_system_clk_wiz_0_0
    BUFGCTRL_X0Y16       BUFG (Prop_bufg_I_O)         0.026    -1.231 r  npu_system_i/clk_wiz_0/inst/clkout2_buf/O
                         net (fo=158, routed)         0.637    -0.594    npu_system_i/dvi2rgb_0/U0/TMDS_ClockingX/MMCM_LockSync/RefClk
    SLICE_X113Y52        FDRE                                         r  npu_system_i/dvi2rgb_0/U0/TMDS_ClockingX/MMCM_LockSync/oSyncStages_reg[0]/C
  -------------------------------------------------------------------    -------------------
    SLICE_X113Y52        FDRE (Prop_fdre_C_Q)         0.141    -0.453 r  npu_system_i/dvi2rgb_0/U0/TMDS_ClockingX/MMCM_LockSync/oSyncStages_reg[0]/Q
                         net (fo=1, routed)           0.056    -0.398    npu_system_i/dvi2rgb_0/U0/TMDS_ClockingX/MMCM_LockSync/oSyncStages[0]
    SLICE_X113Y52        FDRE                                         r  npu_system_i/dvi2rgb_0/U0/TMDS_ClockingX/MMCM_LockSync/oSyncStages_reg[1]/D
  -------------------------------------------------------------------    -------------------

                         (clock clk_out2_npu_system_clk_wiz_0_0_1 rise edge)
                                                      0.000     0.000 r  
    H16                                               0.000     0.000 r  sysclk (IN)
                         net (fo=0)                   0.000     0.000    npu_system_i/clk_wiz_0/inst/clk_in1
    H16                  IBUF (Prop_ibuf_I_O)         0.406     0.406 r  npu_system_i/clk_wiz_0/inst/clkin1_ibufg/O
                         net (fo=1, routed)           0.480     0.886    npu_system_i/clk_wiz_0/inst/clk_in1_npu_system_clk_wiz_0_0
    MMCME2_ADV_X1Y2      MMCME2_ADV (Prop_mmcme2_adv_CLKIN1_CLKOUT1)
                                                     -3.407    -2.521 r  npu_system_i/clk_wiz_0/inst/mmcm_adv_inst/CLKOUT1
                         net (fo=1, routed)           0.752    -1.769    npu_system_i/clk_wiz_0/inst/clk_out2_npu_system_clk_wiz_0_0
    BUFGCTRL_X0Y16       BUFG (Prop_bufg_I_O)         0.029    -1.740 r  npu_system_i/clk_wiz_0/inst/clkout2_buf/O
                         net (fo=158, routed)         0.909    -0.831    npu_system_i/dvi2rgb_0/U0/TMDS_ClockingX/MMCM_LockSync/RefClk
    SLICE_X113Y52        FDRE                                         r  npu_system_i/dvi2rgb_0/U0/TMDS_ClockingX/MMCM_LockSync/oSyncStages_reg[1]/C
                         clock pessimism              0.236    -0.594    
    SLICE_X113Y52        FDRE (Hold_fdre_C_D)         0.075    -0.519    npu_system_i/dvi2rgb_0/U0/TMDS_ClockingX/MMCM_LockSync/oSyncStages_reg[1]
  -------------------------------------------------------------------
                         required time                          0.519    
                         arrival time                          -0.398    
  -------------------------------------------------------------------
                         slack                                  0.122    





Pulse Width Checks
--------------------------------------------------------------------------------------
Clock Name:         clk_out2_npu_system_clk_wiz_0_0_1
Waveform(ns):       { 0.000 2.500 }
Period(ns):         5.000
Sources:            { npu_system_i/clk_wiz_0/inst/mmcm_adv_inst/CLKOUT1 }

Check Type        Corner  Lib Pin            Reference Pin  Required(ns)  Actual(ns)  Slack(ns)  Location         Pin
Min Period        n/a     IDELAYCTRL/REFCLK  n/a            3.225         5.000       1.775      IDELAYCTRL_X1Y1  npu_system_i/dvi2rgb_0/U0/TMDS_ClockingX/IDelayCtrlX/REFCLK
Max Period        n/a     IDELAYCTRL/REFCLK  n/a            5.264         5.000       0.264      IDELAYCTRL_X1Y1  npu_system_i/dvi2rgb_0/U0/TMDS_ClockingX/IDelayCtrlX/REFCLK
Low Pulse Width   Slow    FDRE/C             n/a            0.500         2.500       2.000      SLICE_X107Y57    npu_system_i/dvi2rgb_0/U0/DataDecoders[0].DecoderX/rTimeoutCnt_reg[0]/C
High Pulse Width  Slow    FDRE/C             n/a            0.500         2.500       2.000      SLICE_X107Y57    npu_system_i/dvi2rgb_0/U0/DataDecoders[0].DecoderX/rTimeoutCnt_reg[0]/C



---------------------------------------------------------------------------------------------------
From Clock:  clkfbout_npu_system_clk_wiz_0_0_1
  To Clock:  clkfbout_npu_system_clk_wiz_0_0_1

Setup :           NA  Failing Endpoints,  Worst Slack           NA  ,  Total Violation           NA
Hold  :           NA  Failing Endpoints,  Worst Slack           NA  ,  Total Violation           NA
PW    :            0  Failing Endpoints,  Worst Slack        5.845ns,  Total Violation        0.000ns
---------------------------------------------------------------------------------------------------


Pulse Width Checks
--------------------------------------------------------------------------------------
Clock Name:         clkfbout_npu_system_clk_wiz_0_0_1
Waveform(ns):       { 0.000 4.000 }
Period(ns):         8.000
Sources:            { npu_system_i/clk_wiz_0/inst/mmcm_adv_inst/CLKFBOUT }

Check Type  Corner  Lib Pin             Reference Pin  Required(ns)  Actual(ns)  Slack(ns)  Location         Pin
Min Period  n/a     BUFG/I              n/a            2.155         8.000       5.845      BUFGCTRL_X0Y19   npu_system_i/clk_wiz_0/inst/clkf_buf/I
Max Period  n/a     MMCME2_ADV/CLKFBIN  n/a            100.000       8.000       92.000     MMCME2_ADV_X1Y2  npu_system_i/clk_wiz_0/inst/mmcm_adv_inst/CLKFBIN



---------------------------------------------------------------------------------------------------
From Clock:  sysclk
  To Clock:  sysclk

Setup :           NA  Failing Endpoints,  Worst Slack           NA  ,  Total Violation           NA
Hold  :           NA  Failing Endpoints,  Worst Slack           NA  ,  Total Violation           NA
PW    :            0  Failing Endpoints,  Worst Slack        2.000ns,  Total Violation        0.000ns
---------------------------------------------------------------------------------------------------


Pulse Width Checks
--------------------------------------------------------------------------------------
Clock Name:         sysclk
Waveform(ns):       { 0.000 4.000 }
Period(ns):         8.000
Sources:            { sysclk }

Check Type        Corner  Lib Pin            Reference Pin  Required(ns)  Actual(ns)  Slack(ns)  Location         Pin
Min Period        n/a     MMCME2_ADV/CLKIN1  n/a            1.249         8.000       6.751      MMCME2_ADV_X1Y2  npu_system_i/clk_wiz_0/inst/mmcm_adv_inst/CLKIN1
Max Period        n/a     MMCME2_ADV/CLKIN1  n/a            100.000       8.000       92.000     MMCME2_ADV_X1Y2  npu_system_i/clk_wiz_0/inst/mmcm_adv_inst/CLKIN1
Low Pulse Width   Slow    MMCME2_ADV/CLKIN1  n/a            2.000         4.000       2.000      MMCME2_ADV_X1Y2  npu_system_i/clk_wiz_0/inst/mmcm_adv_inst/CLKIN1
High Pulse Width  Slow    MMCME2_ADV/CLKIN1  n/a            2.000         4.000       2.000      MMCME2_ADV_X1Y2  npu_system_i/clk_wiz_0/inst/mmcm_adv_inst/CLKIN1



---------------------------------------------------------------------------------------------------
From Clock:  clk_out1_npu_system_clk_wiz_0_0
  To Clock:  clk_out1_npu_system_clk_wiz_0_0

Setup :            0  Failing Endpoints,  Worst Slack        0.162ns,  Total Violation        0.000ns
Hold  :            0  Failing Endpoints,  Worst Slack        0.120ns,  Total Violation        0.000ns
PW    :            0  Failing Endpoints,  Worst Slack        2.750ns,  Total Violation        0.000ns
---------------------------------------------------------------------------------------------------


Max Delay Paths
--------------------------------------------------------------------------------------
Slack (MET) :             0.162ns  (required time - arrival time)
  Source:                 npu_system_i/tinynpu_0/inst/u_ctrl/array_en_reg/C
                            (rising edge-triggered cell FDRE clocked by clk_out1_npu_system_clk_wiz_0_0  {rise@0.000ns fall@4.000ns period=8.000ns})
  Destination:            npu_system_i/tinynpu_0/inst/u_systolic/row[9].col[5].pe_inst/mul_s1_reg[12]/CE
                            (rising edge-triggered cell FDCE clocked by clk_out1_npu_system_clk_wiz_0_0  {rise@0.000ns fall@4.000ns period=8.000ns})
  Path Group:             clk_out1_npu_system_clk_wiz_0_0
  Path Type:              Setup (Max at Slow Process Corner)
  Requirement:            8.000ns  (clk_out1_npu_system_clk_wiz_0_0 rise@8.000ns - clk_out1_npu_system_clk_wiz_0_0 rise@0.000ns)
  Data Path Delay:        10.028ns  (logic 0.419ns (4.178%)  route 9.609ns (95.822%))
  Logic Levels:           0  
  Clock Path Skew:        2.637ns (DCD - SCD + CPR)
    Destination Clock Delay (DCD):    1.096ns = ( 9.096 - 8.000 ) 
    Source Clock Delay      (SCD):    -1.088ns
    Clock Pessimism Removal (CPR):    0.452ns
  Clock Uncertainty:      0.069ns  ((TSJ^2 + DJ^2)^1/2) / 2 + PE
    Total System Jitter     (TSJ):    0.071ns
    Discrete Jitter          (DJ):    0.119ns
    Phase Error              (PE):    0.000ns

    Location             Delay type                Incr(ns)  Path(ns)    Netlist Resource(s)
  -------------------------------------------------------------------    -------------------
                         (clock clk_out1_npu_system_clk_wiz_0_0 rise edge)
                                                      0.000     0.000 r  
    H16                                               0.000     0.000 r  sysclk (IN)
                         net (fo=0)                   0.000     0.000    npu_system_i/clk_wiz_0/inst/clk_in1
    H16                  IBUF (Prop_ibuf_I_O)         1.451     1.451 r  npu_system_i/clk_wiz_0/inst/clkin1_ibufg/O
                         net (fo=1, routed)           1.285     2.736    npu_system_i/clk_wiz_0/inst/clk_in1_npu_system_clk_wiz_0_0
    MMCME2_ADV_X1Y2      MMCME2_ADV (Prop_mmcme2_adv_CLKIN1_CLKOUT0)
                                                     -7.759    -5.023 r  npu_system_i/clk_wiz_0/inst/mmcm_adv_inst/CLKOUT0
                         net (fo=1, routed)           2.206    -2.817    npu_system_i/clk_wiz_0/inst/clk_out1_npu_system_clk_wiz_0_0
    BUFGCTRL_X0Y17       BUFG (Prop_bufg_I_O)         0.101    -2.716 r  npu_system_i/clk_wiz_0/inst/clkout1_buf/O
                         net (fo=5312, routed)        1.628    -1.088    npu_system_i/tinynpu_0/inst/u_ctrl/aclk
    SLICE_X53Y68         FDRE                                         r  npu_system_i/tinynpu_0/inst/u_ctrl/array_en_reg/C
  -------------------------------------------------------------------    -------------------
    SLICE_X53Y68         FDRE (Prop_fdre_C_Q)         0.419    -0.669 r  npu_system_i/tinynpu_0/inst/u_ctrl/array_en_reg/Q
                         net (fo=10804, routed)       9.609     8.939    npu_system_i/tinynpu_0/inst/u_systolic/row[9].col[5].pe_inst/E[0]
    SLICE_X52Y138        FDCE                                         r  npu_system_i/tinynpu_0/inst/u_systolic/row[9].col[5].pe_inst/mul_s1_reg[12]/CE
  -------------------------------------------------------------------    -------------------

                         (clock clk_out1_npu_system_clk_wiz_0_0 rise edge)
                                                      8.000     8.000 r  
    H16                                               0.000     8.000 r  sysclk (IN)
                         net (fo=0)                   0.000     8.000    npu_system_i/clk_wiz_0/inst/clk_in1
    H16                  IBUF (Prop_ibuf_I_O)         1.380     9.380 r  npu_system_i/clk_wiz_0/inst/clkin1_ibufg/O
                         net (fo=1, routed)           1.162    10.542    npu_system_i/clk_wiz_0/inst/clk_in1_npu_system_clk_wiz_0_0
    MMCME2_ADV_X1Y2      MMCME2_ADV (Prop_mmcme2_adv_CLKIN1_CLKOUT0)
                                                     -7.814     2.728 r  npu_system_i/clk_wiz_0/inst/mmcm_adv_inst/CLKOUT0
                         net (fo=1, routed)           2.012     4.740    npu_system_i/clk_wiz_0/inst/clk_out1_npu_system_clk_wiz_0_0
    BUFGCTRL_X0Y17       BUFG (Prop_bufg_I_O)         0.091     4.831 r  npu_system_i/clk_wiz_0/inst/clkout1_buf/O
                         net (fo=5312, routed)        2.533     7.365    npu_system_i/tinynpu_0/inst/u_icg_compute/aclk
    BUFGCTRL_X0Y2        BUFGCTRL (Prop_bufgctrl_I0_O)
                                                      0.091     7.456 r  npu_system_i/tinynpu_0/inst/u_icg_compute/u_bufgce/O
                         net (fo=13994, routed)       1.640     9.096    npu_system_i/tinynpu_0/inst/u_systolic/row[9].col[5].pe_inst/clk_compute
    SLICE_X52Y138        FDCE                                         r  npu_system_i/tinynpu_0/inst/u_systolic/row[9].col[5].pe_inst/mul_s1_reg[12]/C
                         clock pessimism              0.452     9.548    
                         clock uncertainty           -0.069     9.479    
    SLICE_X52Y138        FDCE (Setup_fdce_C_CE)      -0.377     9.102    npu_system_i/tinynpu_0/inst/u_systolic/row[9].col[5].pe_inst/mul_s1_reg[12]
  -------------------------------------------------------------------
                         required time                          9.102    
                         arrival time                          -8.939    
  -------------------------------------------------------------------
                         slack                                  0.162    





Min Delay Paths
--------------------------------------------------------------------------------------
Slack (MET) :             0.120ns  (arrival time - required time)
  Source:                 npu_system_i/tinynpu_0/inst/u_weight_buf/weight_data_reg[1][3][1]/C
                            (rising edge-triggered cell FDRE clocked by clk_out1_npu_system_clk_wiz_0_0  {rise@0.000ns fall@4.000ns period=8.000ns})
  Destination:            npu_system_i/tinynpu_0/inst/u_systolic/row[1].col[3].pe_inst/weight_reg_reg[1]/D
                            (rising edge-triggered cell FDCE clocked by clk_out1_npu_system_clk_wiz_0_0  {rise@0.000ns fall@4.000ns period=8.000ns})
  Path Group:             clk_out1_npu_system_clk_wiz_0_0
  Path Type:              Hold (Min at Slow Process Corner)
  Requirement:            0.000ns  (clk_out1_npu_system_clk_wiz_0_0 rise@0.000ns - clk_out1_npu_system_clk_wiz_0_0 rise@0.000ns)
  Data Path Delay:        3.452ns  (logic 0.367ns (10.632%)  route 3.085ns (89.368%))
  Logic Levels:           0  
  Clock Path Skew:        3.110ns (DCD - SCD - CPR)
    Destination Clock Delay (DCD):    2.243ns
    Source Clock Delay      (SCD):    -1.320ns
    Clock Pessimism Removal (CPR):    0.452ns

    Location             Delay type                Incr(ns)  Path(ns)    Netlist Resource(s)
  -------------------------------------------------------------------    -------------------
                         (clock clk_out1_npu_system_clk_wiz_0_0 rise edge)
                                                      0.000     0.000 r  
    H16                                               0.000     0.000 r  sysclk (IN)
                         net (fo=0)                   0.000     0.000    npu_system_i/clk_wiz_0/inst/clk_in1
    H16                  IBUF (Prop_ibuf_I_O)         1.380     1.380 r  npu_system_i/clk_wiz_0/inst/clkin1_ibufg/O
                         net (fo=1, routed)           1.162     2.542    npu_system_i/clk_wiz_0/inst/clk_in1_npu_system_clk_wiz_0_0
    MMCME2_ADV_X1Y2      MMCME2_ADV (Prop_mmcme2_adv_CLKIN1_CLKOUT0)
                                                     -7.814    -5.272 r  npu_system_i/clk_wiz_0/inst/mmcm_adv_inst/CLKOUT0
                         net (fo=1, routed)           2.012    -3.260    npu_system_i/clk_wiz_0/inst/clk_out1_npu_system_clk_wiz_0_0
    BUFGCTRL_X0Y17       BUFG (Prop_bufg_I_O)         0.091    -3.169 r  npu_system_i/clk_wiz_0/inst/clkout1_buf/O
                         net (fo=5312, routed)        1.849    -1.320    npu_system_i/tinynpu_0/inst/u_weight_buf/aclk
    SLICE_X111Y129       FDRE                                         r  npu_system_i/tinynpu_0/inst/u_weight_buf/weight_data_reg[1][3][1]/C
  -------------------------------------------------------------------    -------------------
    SLICE_X111Y129       FDRE (Prop_fdre_C_Q)         0.367    -0.953 r  npu_system_i/tinynpu_0/inst/u_weight_buf/weight_data_reg[1][3][1]/Q
                         net (fo=1, routed)           3.085     2.132    npu_system_i/tinynpu_0/inst/u_systolic/row[1].col[3].pe_inst/weight_data_flat[1]
    SLICE_X112Y129       FDCE                                         r  npu_system_i/tinynpu_0/inst/u_systolic/row[1].col[3].pe_inst/weight_reg_reg[1]/D
  -------------------------------------------------------------------    -------------------

                         (clock clk_out1_npu_system_clk_wiz_0_0 rise edge)
                                                      0.000     0.000 r  
    H16                                               0.000     0.000 r  sysclk (IN)
                         net (fo=0)                   0.000     0.000    npu_system_i/clk_wiz_0/inst/clk_in1
    H16                  IBUF (Prop_ibuf_I_O)         1.451     1.451 r  npu_system_i/clk_wiz_0/inst/clkin1_ibufg/O
                         net (fo=1, routed)           1.285     2.736    npu_system_i/clk_wiz_0/inst/clk_in1_npu_system_clk_wiz_0_0
    MMCME2_ADV_X1Y2      MMCME2_ADV (Prop_mmcme2_adv_CLKIN1_CLKOUT0)
                                                     -7.759    -5.023 r  npu_system_i/clk_wiz_0/inst/mmcm_adv_inst/CLKOUT0
                         net (fo=1, routed)           2.206    -2.817    npu_system_i/clk_wiz_0/inst/clk_out1_npu_system_clk_wiz_0_0
    BUFGCTRL_X0Y17       BUFG (Prop_bufg_I_O)         0.101    -2.716 r  npu_system_i/clk_wiz_0/inst/clkout1_buf/O
                         net (fo=5312, routed)        2.811     0.095    npu_system_i/tinynpu_0/inst/u_icg_compute/aclk
    BUFGCTRL_X0Y2        BUFGCTRL (Prop_bufgctrl_I0_O)
                                                      0.101     0.196 r  npu_system_i/tinynpu_0/inst/u_icg_compute/u_bufgce/O
                         net (fo=13994, routed)       2.047     2.243    npu_system_i/tinynpu_0/inst/u_systolic/row[1].col[3].pe_inst/clk_compute
    SLICE_X112Y129       FDCE                                         r  npu_system_i/tinynpu_0/inst/u_systolic/row[1].col[3].pe_inst/weight_reg_reg[1]/C
                         clock pessimism             -0.452     1.790    
    SLICE_X112Y129       FDCE (Hold_fdce_C_D)         0.222     2.012    npu_system_i/tinynpu_0/inst/u_systolic/row[1].col[3].pe_inst/weight_reg_reg[1]
  -------------------------------------------------------------------
                         required time                         -2.012    
                         arrival time                           2.132    
  -------------------------------------------------------------------
                         slack                                  0.120    





Pulse Width Checks
--------------------------------------------------------------------------------------
Clock Name:         clk_out1_npu_system_clk_wiz_0_0
Waveform(ns):       { 0.000 4.000 }
Period(ns):         8.000
Sources:            { npu_system_i/clk_wiz_0/inst/mmcm_adv_inst/CLKOUT0 }

Check Type        Corner  Lib Pin             Reference Pin  Required(ns)  Actual(ns)  Slack(ns)  Location         Pin
Min Period        n/a     RAMB36E1/CLKARDCLK  n/a            2.944         8.000       5.056      RAMB36_X5Y28     npu_system_i/riscv_adas_0/inst/firmware_bram_reg/CLKARDCLK
Max Period        n/a     MMCME2_ADV/CLKOUT0  n/a            213.360       8.000       205.360    MMCME2_ADV_X1Y2  npu_system_i/clk_wiz_0/inst/mmcm_adv_inst/CLKOUT0
Low Pulse Width   Slow    RAMD32/CLK          n/a            1.250         4.000       2.750      SLICE_X96Y141    npu_system_i/riscv_adas_0/inst/picorv32_core/cpuregs_reg_r1_0_15_0_5/RAMA/CLK
High Pulse Width  Slow    RAMD32/CLK          n/a            1.250         4.000       2.750      SLICE_X96Y141    npu_system_i/riscv_adas_0/inst/picorv32_core/cpuregs_reg_r1_0_15_0_5/RAMA/CLK



---------------------------------------------------------------------------------------------------
From Clock:  clk_out2_npu_system_clk_wiz_0_0
  To Clock:  clk_out2_npu_system_clk_wiz_0_0

Setup :            0  Failing Endpoints,  Worst Slack        1.268ns,  Total Violation        0.000ns
Hold  :            0  Failing Endpoints,  Worst Slack        0.122ns,  Total Violation        0.000ns
PW    :            0  Failing Endpoints,  Worst Slack        0.264ns,  Total Violation        0.000ns
---------------------------------------------------------------------------------------------------


Max Delay Paths
--------------------------------------------------------------------------------------
Slack (MET) :             1.268ns  (required time - arrival time)
  Source:                 npu_system_i/dvi2rgb_0/U0/GenerateDDC.DDC_EEPROM/I2C_SlaveController/ddSda_reg/C
                            (rising edge-triggered cell FDRE clocked by clk_out2_npu_system_clk_wiz_0_0  {rise@0.000ns fall@2.500ns period=5.000ns})
  Destination:            npu_system_i/dvi2rgb_0/U0/GenerateDDC.DDC_EEPROM/I2C_SlaveController/FSM_gray_state_reg[0]/D
                            (rising edge-triggered cell FDRE clocked by clk_out2_npu_system_clk_wiz_0_0  {rise@0.000ns fall@2.500ns period=5.000ns})
  Path Group:             clk_out2_npu_system_clk_wiz_0_0
  Path Type:              Setup (Max at Slow Process Corner)
  Requirement:            5.000ns  (clk_out2_npu_system_clk_wiz_0_0 rise@5.000ns - clk_out2_npu_system_clk_wiz_0_0 rise@0.000ns)
  Data Path Delay:        3.630ns  (logic 1.120ns (30.856%)  route 2.510ns (69.144%))
  Logic Levels:           3  (LUT3=1 LUT6=2)
  Clock Path Skew:        -0.066ns (DCD - SCD + CPR)
    Destination Clock Delay (DCD):    -1.319ns = ( 3.681 - 5.000 ) 
    Source Clock Delay      (SCD):    -0.668ns
    Clock Pessimism Removal (CPR):    0.584ns
  Clock Uncertainty:      0.065ns  ((TSJ^2 + DJ^2)^1/2) / 2 + PE
    Total System Jitter     (TSJ):    0.071ns
    Discrete Jitter          (DJ):    0.109ns
    Phase Error              (PE):    0.000ns

    Location             Delay type                Incr(ns)  Path(ns)    Netlist Resource(s)
  -------------------------------------------------------------------    -------------------
                         (clock clk_out2_npu_system_clk_wiz_0_0 rise edge)
                                                      0.000     0.000 r  
    H16                                               0.000     0.000 r  sysclk (IN)
                         net (fo=0)                   0.000     0.000    npu_system_i/clk_wiz_0/inst/clk_in1
    H16                  IBUF (Prop_ibuf_I_O)         1.451     1.451 r  npu_system_i/clk_wiz_0/inst/clkin1_ibufg/O
                         net (fo=1, routed)           1.285     2.736    npu_system_i/clk_wiz_0/inst/clk_in1_npu_system_clk_wiz_0_0
    MMCME2_ADV_X1Y2      MMCME2_ADV (Prop_mmcme2_adv_CLKIN1_CLKOUT1)
                                                     -7.759    -5.023 r  npu_system_i/clk_wiz_0/inst/mmcm_adv_inst/CLKOUT1
                         net (fo=1, routed)           2.206    -2.817    npu_system_i/clk_wiz_0/inst/clk_out2_npu_system_clk_wiz_0_0
    BUFGCTRL_X0Y16       BUFG (Prop_bufg_I_O)         0.101    -2.716 r  npu_system_i/clk_wiz_0/inst/clkout2_buf/O
                         net (fo=158, routed)         2.048    -0.668    npu_system_i/dvi2rgb_0/U0/GenerateDDC.DDC_EEPROM/I2C_SlaveController/RefClk
    SLICE_X112Y132       FDRE                                         r  npu_system_i/dvi2rgb_0/U0/GenerateDDC.DDC_EEPROM/I2C_SlaveController/ddSda_reg/C
  -------------------------------------------------------------------    -------------------
    SLICE_X112Y132       FDRE (Prop_fdre_C_Q)         0.518    -0.150 r  npu_system_i/dvi2rgb_0/U0/GenerateDDC.DDC_EEPROM/I2C_SlaveController/ddSda_reg/Q
                         net (fo=11, routed)          0.857     0.707    npu_system_i/dvi2rgb_0/U0/GenerateDDC.DDC_EEPROM/I2C_SlaveController/ddSda
    SLICE_X112Y134       LUT3 (Prop_lut3_I2_O)        0.150     0.857 f  npu_system_i/dvi2rgb_0/U0/GenerateDDC.DDC_EEPROM/I2C_SlaveController/FSM_gray_state[2]_i_8/O
                         net (fo=4, routed)           0.844     1.700    npu_system_i/dvi2rgb_0/U0/GenerateDDC.DDC_EEPROM/I2C_SlaveController/fStop__1
    SLICE_X111Y133       LUT6 (Prop_lut6_I4_O)        0.328     2.028 r  npu_system_i/dvi2rgb_0/U0/GenerateDDC.DDC_EEPROM/I2C_SlaveController/FSM_gray_state[0]_i_2/O
                         net (fo=1, routed)           0.809     2.837    npu_system_i/dvi2rgb_0/U0/GenerateDDC.DDC_EEPROM/I2C_SlaveController/FSM_gray_state[0]_i_2_n_0
    SLICE_X107Y133       LUT6 (Prop_lut6_I0_O)        0.124     2.961 r  npu_system_i/dvi2rgb_0/U0/GenerateDDC.DDC_EEPROM/I2C_SlaveController/FSM_gray_state[0]_i_1/O
                         net (fo=1, routed)           0.000     2.961    npu_system_i/dvi2rgb_0/U0/GenerateDDC.DDC_EEPROM/I2C_SlaveController/FSM_gray_state[0]_i_1_n_0
    SLICE_X107Y133       FDRE                                         r  npu_system_i/dvi2rgb_0/U0/GenerateDDC.DDC_EEPROM/I2C_SlaveController/FSM_gray_state_reg[0]/D
  -------------------------------------------------------------------    -------------------

                         (clock clk_out2_npu_system_clk_wiz_0_0 rise edge)
                                                      5.000     5.000 r  
    H16                                               0.000     5.000 r  sysclk (IN)
                         net (fo=0)                   0.000     5.000    npu_system_i/clk_wiz_0/inst/clk_in1
    H16                  IBUF (Prop_ibuf_I_O)         1.380     6.380 r  npu_system_i/clk_wiz_0/inst/clkin1_ibufg/O
                         net (fo=1, routed)           1.162     7.542    npu_system_i/clk_wiz_0/inst/clk_in1_npu_system_clk_wiz_0_0
    MMCME2_ADV_X1Y2      MMCME2_ADV (Prop_mmcme2_adv_CLKIN1_CLKOUT1)
                                                     -7.814    -0.272 r  npu_system_i/clk_wiz_0/inst/mmcm_adv_inst/CLKOUT1
                         net (fo=1, routed)           2.012     1.740    npu_system_i/clk_wiz_0/inst/clk_out2_npu_system_clk_wiz_0_0
    BUFGCTRL_X0Y16       BUFG (Prop_bufg_I_O)         0.091     1.831 r  npu_system_i/clk_wiz_0/inst/clkout2_buf/O
                         net (fo=158, routed)         1.850     3.681    npu_system_i/dvi2rgb_0/U0/GenerateDDC.DDC_EEPROM/I2C_SlaveController/RefClk
    SLICE_X107Y133       FDRE                                         r  npu_system_i/dvi2rgb_0/U0/GenerateDDC.DDC_EEPROM/I2C_SlaveController/FSM_gray_state_reg[0]/C
                         clock pessimism              0.584     4.266    
                         clock uncertainty           -0.065     4.201    
    SLICE_X107Y133       FDRE (Setup_fdre_C_D)        0.029     4.230    npu_system_i/dvi2rgb_0/U0/GenerateDDC.DDC_EEPROM/I2C_SlaveController/FSM_gray_state_reg[0]
  -------------------------------------------------------------------
                         required time                          4.230    
                         arrival time                          -2.961    
  -------------------------------------------------------------------
                         slack                                  1.268    





Min Delay Paths
--------------------------------------------------------------------------------------
Slack (MET) :             0.122ns  (arrival time - required time)
  Source:                 npu_system_i/dvi2rgb_0/U0/TMDS_ClockingX/MMCM_LockSync/oSyncStages_reg[0]/C
                            (rising edge-triggered cell FDRE clocked by clk_out2_npu_system_clk_wiz_0_0  {rise@0.000ns fall@2.500ns period=5.000ns})
  Destination:            npu_system_i/dvi2rgb_0/U0/TMDS_ClockingX/MMCM_LockSync/oSyncStages_reg[1]/D
                            (rising edge-triggered cell FDRE clocked by clk_out2_npu_system_clk_wiz_0_0  {rise@0.000ns fall@2.500ns period=5.000ns})
  Path Group:             clk_out2_npu_system_clk_wiz_0_0
  Path Type:              Hold (Min at Fast Process Corner)
  Requirement:            0.000ns  (clk_out2_npu_system_clk_wiz_0_0 rise@0.000ns - clk_out2_npu_system_clk_wiz_0_0 rise@0.000ns)
  Data Path Delay:        0.197ns  (logic 0.141ns (71.611%)  route 0.056ns (28.389%))
  Logic Levels:           0  
  Clock Path Skew:        0.000ns (DCD - SCD - CPR)
    Destination Clock Delay (DCD):    -0.831ns
    Source Clock Delay      (SCD):    -0.594ns
    Clock Pessimism Removal (CPR):    -0.236ns

    Location             Delay type                Incr(ns)  Path(ns)    Netlist Resource(s)
  -------------------------------------------------------------------    -------------------
                         (clock clk_out2_npu_system_clk_wiz_0_0 rise edge)
                                                      0.000     0.000 r  
    H16                                               0.000     0.000 r  sysclk (IN)
                         net (fo=0)                   0.000     0.000    npu_system_i/clk_wiz_0/inst/clk_in1
    H16                  IBUF (Prop_ibuf_I_O)         0.219     0.219 r  npu_system_i/clk_wiz_0/inst/clkin1_ibufg/O
                         net (fo=1, routed)           0.440     0.659    npu_system_i/clk_wiz_0/inst/clk_in1_npu_system_clk_wiz_0_0
    MMCME2_ADV_X1Y2      MMCME2_ADV (Prop_mmcme2_adv_CLKIN1_CLKOUT1)
                                                     -2.613    -1.954 r  npu_system_i/clk_wiz_0/inst/mmcm_adv_inst/CLKOUT1
                         net (fo=1, routed)           0.696    -1.257    npu_system_i/clk_wiz_0/inst/clk_out2_npu_system_clk_wiz_0_0
    BUFGCTRL_X0Y16       BUFG (Prop_bufg_I_O)         0.026    -1.231 r  npu_system_i/clk_wiz_0/inst/clkout2_buf/O
                         net (fo=158, routed)         0.637    -0.594    npu_system_i/dvi2rgb_0/U0/TMDS_ClockingX/MMCM_LockSync/RefClk
    SLICE_X113Y52        FDRE                                         r  npu_system_i/dvi2rgb_0/U0/TMDS_ClockingX/MMCM_LockSync/oSyncStages_reg[0]/C
  -------------------------------------------------------------------    -------------------
    SLICE_X113Y52        FDRE (Prop_fdre_C_Q)         0.141    -0.453 r  npu_system_i/dvi2rgb_0/U0/TMDS_ClockingX/MMCM_LockSync/oSyncStages_reg[0]/Q
                         net (fo=1, routed)           0.056    -0.398    npu_system_i/dvi2rgb_0/U0/TMDS_ClockingX/MMCM_LockSync/oSyncStages[0]
    SLICE_X113Y52        FDRE                                         r  npu_system_i/dvi2rgb_0/U0/TMDS_ClockingX/MMCM_LockSync/oSyncStages_reg[1]/D
  -------------------------------------------------------------------    -------------------

                         (clock clk_out2_npu_system_clk_wiz_0_0 rise edge)
                                                      0.000     0.000 r  
    H16                                               0.000     0.000 r  sysclk (IN)
                         net (fo=0)                   0.000     0.000    npu_system_i/clk_wiz_0/inst/clk_in1
    H16                  IBUF (Prop_ibuf_I_O)         0.406     0.406 r  npu_system_i/clk_wiz_0/inst/clkin1_ibufg/O
                         net (fo=1, routed)           0.480     0.886    npu_system_i/clk_wiz_0/inst/clk_in1_npu_system_clk_wiz_0_0
    MMCME2_ADV_X1Y2      MMCME2_ADV (Prop_mmcme2_adv_CLKIN1_CLKOUT1)
                                                     -3.407    -2.521 r  npu_system_i/clk_wiz_0/inst/mmcm_adv_inst/CLKOUT1
                         net (fo=1, routed)           0.752    -1.769    npu_system_i/clk_wiz_0/inst/clk_out2_npu_system_clk_wiz_0_0
    BUFGCTRL_X0Y16       BUFG (Prop_bufg_I_O)         0.029    -1.740 r  npu_system_i/clk_wiz_0/inst/clkout2_buf/O
                         net (fo=158, routed)         0.909    -0.831    npu_system_i/dvi2rgb_0/U0/TMDS_ClockingX/MMCM_LockSync/RefClk
    SLICE_X113Y52        FDRE                                         r  npu_system_i/dvi2rgb_0/U0/TMDS_ClockingX/MMCM_LockSync/oSyncStages_reg[1]/C
                         clock pessimism              0.236    -0.594    
    SLICE_X113Y52        FDRE (Hold_fdre_C_D)         0.075    -0.519    npu_system_i/dvi2rgb_0/U0/TMDS_ClockingX/MMCM_LockSync/oSyncStages_reg[1]
  -------------------------------------------------------------------
                         required time                          0.519    
                         arrival time                          -0.398    
  -------------------------------------------------------------------
                         slack                                  0.122    





Pulse Width Checks
--------------------------------------------------------------------------------------
Clock Name:         clk_out2_npu_system_clk_wiz_0_0
Waveform(ns):       { 0.000 2.500 }
Period(ns):         5.000
Sources:            { npu_system_i/clk_wiz_0/inst/mmcm_adv_inst/CLKOUT1 }

Check Type        Corner  Lib Pin            Reference Pin  Required(ns)  Actual(ns)  Slack(ns)  Location         Pin
Min Period        n/a     IDELAYCTRL/REFCLK  n/a            3.225         5.000       1.775      IDELAYCTRL_X1Y1  npu_system_i/dvi2rgb_0/U0/TMDS_ClockingX/IDelayCtrlX/REFCLK
Max Period        n/a     IDELAYCTRL/REFCLK  n/a            5.264         5.000       0.264      IDELAYCTRL_X1Y1  npu_system_i/dvi2rgb_0/U0/TMDS_ClockingX/IDelayCtrlX/REFCLK
Low Pulse Width   Slow    FDRE/C             n/a            0.500         2.500       2.000      SLICE_X107Y57    npu_system_i/dvi2rgb_0/U0/DataDecoders[0].DecoderX/rTimeoutCnt_reg[0]/C
High Pulse Width  Slow    FDRE/C             n/a            0.500         2.500       2.000      SLICE_X107Y57    npu_system_i/dvi2rgb_0/U0/DataDecoders[0].DecoderX/rTimeoutCnt_reg[0]/C



---------------------------------------------------------------------------------------------------
From Clock:  clkfbout_npu_system_clk_wiz_0_0
  To Clock:  clkfbout_npu_system_clk_wiz_0_0

Setup :           NA  Failing Endpoints,  Worst Slack           NA  ,  Total Violation           NA
Hold  :           NA  Failing Endpoints,  Worst Slack           NA  ,  Total Violation           NA
PW    :            0  Failing Endpoints,  Worst Slack        5.845ns,  Total Violation        0.000ns
---------------------------------------------------------------------------------------------------


Pulse Width Checks
--------------------------------------------------------------------------------------
Clock Name:         clkfbout_npu_system_clk_wiz_0_0
Waveform(ns):       { 0.000 4.000 }
Period(ns):         8.000
Sources:            { npu_system_i/clk_wiz_0/inst/mmcm_adv_inst/CLKFBOUT }

Check Type  Corner  Lib Pin             Reference Pin  Required(ns)  Actual(ns)  Slack(ns)  Location         Pin
Min Period  n/a     BUFG/I              n/a            2.155         8.000       5.845      BUFGCTRL_X0Y19   npu_system_i/clk_wiz_0/inst/clkf_buf/I
Max Period  n/a     MMCME2_ADV/CLKFBIN  n/a            100.000       8.000       92.000     MMCME2_ADV_X1Y2  npu_system_i/clk_wiz_0/inst/mmcm_adv_inst/CLKFBIN



---------------------------------------------------------------------------------------------------
From Clock:  
  To Clock:  clk_out1_npu_system_clk_wiz_0_0_1

Setup :            0  Failing Endpoints,  Worst Slack      998.267ns,  Total Violation        0.000ns
Hold  :           NA  Failing Endpoints,  Worst Slack           NA  ,  Total Violation           NA
---------------------------------------------------------------------------------------------------


Max Delay Paths
--------------------------------------------------------------------------------------
Slack (MET) :             998.267ns  (required time - arrival time)
  Source:                 npu_system_i/vid_out/inst/COUPLER_INST/generate_async_fifo.FIFO_INST/XPM_FIFO_ASYNC_INST/gnuram_async_fifo.xpm_fifo_base_inst/gen_cdc_pntr.rd_pntr_cdc_dc_inst/src_gray_ff_reg[3]/C
                            (rising edge-triggered cell FDRE)
  Destination:            npu_system_i/vid_out/inst/COUPLER_INST/generate_async_fifo.FIFO_INST/XPM_FIFO_ASYNC_INST/gnuram_async_fifo.xpm_fifo_base_inst/gen_cdc_pntr.rd_pntr_cdc_dc_inst/dest_graysync_ff_reg[0][3]/D
                            (rising edge-triggered cell FDRE clocked by clk_out1_npu_system_clk_wiz_0_0_1  {rise@0.000ns fall@4.000ns period=8.000ns})
  Path Group:             clk_out1_npu_system_clk_wiz_0_0_1
  Path Type:              Setup (Max at Slow Process Corner)
  Requirement:            1000.000ns  (MaxDelay Path 1000.000ns)
  Data Path Delay:        1.456ns  (logic 0.419ns (28.777%)  route 1.037ns (71.223%))
  Logic Levels:           1  (FDRE=1)
  Timing Exception:       MaxDelay Path 1000.000ns -datapath_only

    Location             Delay type                Incr(ns)  Path(ns)    Netlist Resource(s)
  -------------------------------------------------------------------    -------------------
    SLICE_X48Y75         FDRE                         0.000     0.000 r  npu_system_i/vid_out/inst/COUPLER_INST/generate_async_fifo.FIFO_INST/XPM_FIFO_ASYNC_INST/gnuram_async_fifo.xpm_fifo_base_inst/gen_cdc_pntr.rd_pntr_cdc_dc_inst/src_gray_ff_reg[3]/C
    SLICE_X48Y75         FDRE (Prop_fdre_C_Q)         0.419     0.419 r  npu_system_i/vid_out/inst/COUPLER_INST/generate_async_fifo.FIFO_INST/XPM_FIFO_ASYNC_INST/gnuram_async_fifo.xpm_fifo_base_inst/gen_cdc_pntr.rd_pntr_cdc_dc_inst/src_gray_ff_reg[3]/Q
                         net (fo=1, routed)           1.037     1.456    npu_system_i/vid_out/inst/COUPLER_INST/generate_async_fifo.FIFO_INST/XPM_FIFO_ASYNC_INST/gnuram_async_fifo.xpm_fifo_base_inst/gen_cdc_pntr.rd_pntr_cdc_dc_inst/async_path[3]
    SLICE_X45Y74         FDRE                                         r  npu_system_i/vid_out/inst/COUPLER_INST/generate_async_fifo.FIFO_INST/XPM_FIFO_ASYNC_INST/gnuram_async_fifo.xpm_fifo_base_inst/gen_cdc_pntr.rd_pntr_cdc_dc_inst/dest_graysync_ff_reg[0][3]/D
  -------------------------------------------------------------------    -------------------

                         max delay                 1000.000  1000.000    
    SLICE_X45Y74         FDRE (Setup_fdre_C_D)       -0.277   999.723    npu_system_i/vid_out/inst/COUPLER_INST/generate_async_fifo.FIFO_INST/XPM_FIFO_ASYNC_INST/gnuram_async_fifo.xpm_fifo_base_inst/gen_cdc_pntr.rd_pntr_cdc_dc_inst/dest_graysync_ff_reg[0][3]
  -------------------------------------------------------------------
                         required time                        999.723    
                         arrival time                          -1.456    
  -------------------------------------------------------------------
                         slack                                998.267    





---------------------------------------------------------------------------------------------------
From Clock:  clk_out1_npu_system_clk_wiz_0_0
  To Clock:  clk_out1_npu_system_clk_wiz_0_0_1

Setup :            0  Failing Endpoints,  Worst Slack        0.162ns,  Total Violation        0.000ns
Hold  :            0  Failing Endpoints,  Worst Slack        0.050ns,  Total Violation        0.000ns
---------------------------------------------------------------------------------------------------


Max Delay Paths
--------------------------------------------------------------------------------------
Slack (MET) :             0.162ns  (required time - arrival time)
  Source:                 npu_system_i/tinynpu_0/inst/u_ctrl/array_en_reg/C
                            (rising edge-triggered cell FDRE clocked by clk_out1_npu_system_clk_wiz_0_0  {rise@0.000ns fall@4.000ns period=8.000ns})
  Destination:            npu_system_i/tinynpu_0/inst/u_systolic/row[9].col[5].pe_inst/mul_s1_reg[12]/CE
                            (rising edge-triggered cell FDCE clocked by clk_out1_npu_system_clk_wiz_0_0_1  {rise@0.000ns fall@4.000ns period=8.000ns})
  Path Group:             clk_out1_npu_system_clk_wiz_0_0_1
  Path Type:              Setup (Max at Slow Process Corner)
  Requirement:            8.000ns  (clk_out1_npu_system_clk_wiz_0_0_1 rise@8.000ns - clk_out1_npu_system_clk_wiz_0_0 rise@0.000ns)
  Data Path Delay:        10.028ns  (logic 0.419ns (4.178%)  route 9.609ns (95.822%))
  Logic Levels:           0  
  Clock Path Skew:        2.637ns (DCD - SCD + CPR)
    Destination Clock Delay (DCD):    1.096ns = ( 9.096 - 8.000 ) 
    Source Clock Delay      (SCD):    -1.088ns
    Clock Pessimism Removal (CPR):    0.452ns
  Clock Uncertainty:      0.069ns  ((TSJ^2 + DJ^2)^1/2) / 2 + PE
    Total System Jitter     (TSJ):    0.071ns
    Discrete Jitter          (DJ):    0.119ns
    Phase Error              (PE):    0.000ns
  Clock Domain Crossing:  Inter clock paths are considered valid unless explicitly excluded by timing constraints such as set_clock_groups or set_false_path.

    Location             Delay type                Incr(ns)  Path(ns)    Netlist Resource(s)
  -------------------------------------------------------------------    -------------------
                         (clock clk_out1_npu_system_clk_wiz_0_0 rise edge)
                                                      0.000     0.000 r  
    H16                                               0.000     0.000 r  sysclk (IN)
                         net (fo=0)                   0.000     0.000    npu_system_i/clk_wiz_0/inst/clk_in1
    H16                  IBUF (Prop_ibuf_I_O)         1.451     1.451 r  npu_system_i/clk_wiz_0/inst/clkin1_ibufg/O
                         net (fo=1, routed)           1.285     2.736    npu_system_i/clk_wiz_0/inst/clk_in1_npu_system_clk_wiz_0_0
    MMCME2_ADV_X1Y2      MMCME2_ADV (Prop_mmcme2_adv_CLKIN1_CLKOUT0)
                                                     -7.759    -5.023 r  npu_system_i/clk_wiz_0/inst/mmcm_adv_inst/CLKOUT0
                         net (fo=1, routed)           2.206    -2.817    npu_system_i/clk_wiz_0/inst/clk_out1_npu_system_clk_wiz_0_0
    BUFGCTRL_X0Y17       BUFG (Prop_bufg_I_O)         0.101    -2.716 r  npu_system_i/clk_wiz_0/inst/clkout1_buf/O
                         net (fo=5312, routed)        1.628    -1.088    npu_system_i/tinynpu_0/inst/u_ctrl/aclk
    SLICE_X53Y68         FDRE                                         r  npu_system_i/tinynpu_0/inst/u_ctrl/array_en_reg/C
  -------------------------------------------------------------------    -------------------
    SLICE_X53Y68         FDRE (Prop_fdre_C_Q)         0.419    -0.669 r  npu_system_i/tinynpu_0/inst/u_ctrl/array_en_reg/Q
                         net (fo=10804, routed)       9.609     8.939    npu_system_i/tinynpu_0/inst/u_systolic/row[9].col[5].pe_inst/E[0]
    SLICE_X52Y138        FDCE                                         r  npu_system_i/tinynpu_0/inst/u_systolic/row[9].col[5].pe_inst/mul_s1_reg[12]/CE
  -------------------------------------------------------------------    -------------------

                         (clock clk_out1_npu_system_clk_wiz_0_0_1 rise edge)
                                                      8.000     8.000 r  
    H16                                               0.000     8.000 r  sysclk (IN)
                         net (fo=0)                   0.000     8.000    npu_system_i/clk_wiz_0/inst/clk_in1
    H16                  IBUF (Prop_ibuf_I_O)         1.380     9.380 r  npu_system_i/clk_wiz_0/inst/clkin1_ibufg/O
                         net (fo=1, routed)           1.162    10.542    npu_system_i/clk_wiz_0/inst/clk_in1_npu_system_clk_wiz_0_0
    MMCME2_ADV_X1Y2      MMCME2_ADV (Prop_mmcme2_adv_CLKIN1_CLKOUT0)
                                                     -7.814     2.728 r  npu_system_i/clk_wiz_0/inst/mmcm_adv_inst/CLKOUT0
                         net (fo=1, routed)           2.012     4.740    npu_system_i/clk_wiz_0/inst/clk_out1_npu_system_clk_wiz_0_0
    BUFGCTRL_X0Y17       BUFG (Prop_bufg_I_O)         0.091     4.831 r  npu_system_i/clk_wiz_0/inst/clkout1_buf/O
                         net (fo=5312, routed)        2.533     7.365    npu_system_i/tinynpu_0/inst/u_icg_compute/aclk
    BUFGCTRL_X0Y2        BUFGCTRL (Prop_bufgctrl_I0_O)
                                                      0.091     7.456 r  npu_system_i/tinynpu_0/inst/u_icg_compute/u_bufgce/O
                         net (fo=13994, routed)       1.640     9.096    npu_system_i/tinynpu_0/inst/u_systolic/row[9].col[5].pe_inst/clk_compute
    SLICE_X52Y138        FDCE                                         r  npu_system_i/tinynpu_0/inst/u_systolic/row[9].col[5].pe_inst/mul_s1_reg[12]/C
                         clock pessimism              0.452     9.548    
                         clock uncertainty           -0.069     9.479    
    SLICE_X52Y138        FDCE (Setup_fdce_C_CE)      -0.377     9.102    npu_system_i/tinynpu_0/inst/u_systolic/row[9].col[5].pe_inst/mul_s1_reg[12]
  -------------------------------------------------------------------
                         required time                          9.102    
                         arrival time                          -8.939    
  -------------------------------------------------------------------
                         slack                                  0.162    





Min Delay Paths
--------------------------------------------------------------------------------------
Slack (MET) :             0.050ns  (arrival time - required time)
  Source:                 npu_system_i/tinynpu_0/inst/u_weight_buf/weight_data_reg[1][3][1]/C
                            (rising edge-triggered cell FDRE clocked by clk_out1_npu_system_clk_wiz_0_0  {rise@0.000ns fall@4.000ns period=8.000ns})
  Destination:            npu_system_i/tinynpu_0/inst/u_systolic/row[1].col[3].pe_inst/weight_reg_reg[1]/D
                            (rising edge-triggered cell FDCE clocked by clk_out1_npu_system_clk_wiz_0_0_1  {rise@0.000ns fall@4.000ns period=8.000ns})
  Path Group:             clk_out1_npu_system_clk_wiz_0_0_1
  Path Type:              Hold (Min at Slow Process Corner)
  Requirement:            0.000ns  (clk_out1_npu_system_clk_wiz_0_0_1 rise@0.000ns - clk_out1_npu_system_clk_wiz_0_0 rise@0.000ns)
  Data Path Delay:        3.452ns  (logic 0.367ns (10.632%)  route 3.085ns (89.368%))
  Logic Levels:           0  
  Clock Path Skew:        3.110ns (DCD - SCD - CPR)
    Destination Clock Delay (DCD):    2.243ns
    Source Clock Delay      (SCD):    -1.320ns
    Clock Pessimism Removal (CPR):    0.452ns
  Clock Uncertainty:      0.069ns  ((TSJ^2 + DJ^2)^1/2) / 2 + PE
    Total System Jitter     (TSJ):    0.071ns
    Discrete Jitter          (DJ):    0.119ns
    Phase Error              (PE):    0.000ns
  Clock Domain Crossing:  Inter clock paths are considered valid unless explicitly excluded by timing constraints such as set_clock_groups or set_false_path.

    Location             Delay type                Incr(ns)  Path(ns)    Netlist Resource(s)
  -------------------------------------------------------------------    -------------------
                         (clock clk_out1_npu_system_clk_wiz_0_0 rise edge)
                                                      0.000     0.000 r  
    H16                                               0.000     0.000 r  sysclk (IN)
                         net (fo=0)                   0.000     0.000    npu_system_i/clk_wiz_0/inst/clk_in1
    H16                  IBUF (Prop_ibuf_I_O)         1.380     1.380 r  npu_system_i/clk_wiz_0/inst/clkin1_ibufg/O
                         net (fo=1, routed)           1.162     2.542    npu_system_i/clk_wiz_0/inst/clk_in1_npu_system_clk_wiz_0_0
    MMCME2_ADV_X1Y2      MMCME2_ADV (Prop_mmcme2_adv_CLKIN1_CLKOUT0)
                                                     -7.814    -5.272 r  npu_system_i/clk_wiz_0/inst/mmcm_adv_inst/CLKOUT0
                         net (fo=1, routed)           2.012    -3.260    npu_system_i/clk_wiz_0/inst/clk_out1_npu_system_clk_wiz_0_0
    BUFGCTRL_X0Y17       BUFG (Prop_bufg_I_O)         0.091    -3.169 r  npu_system_i/clk_wiz_0/inst/clkout1_buf/O
                         net (fo=5312, routed)        1.849    -1.320    npu_system_i/tinynpu_0/inst/u_weight_buf/aclk
    SLICE_X111Y129       FDRE                                         r  npu_system_i/tinynpu_0/inst/u_weight_buf/weight_data_reg[1][3][1]/C
  -------------------------------------------------------------------    -------------------
    SLICE_X111Y129       FDRE (Prop_fdre_C_Q)         0.367    -0.953 r  npu_system_i/tinynpu_0/inst/u_weight_buf/weight_data_reg[1][3][1]/Q
                         net (fo=1, routed)           3.085     2.132    npu_system_i/tinynpu_0/inst/u_systolic/row[1].col[3].pe_inst/weight_data_flat[1]
    SLICE_X112Y129       FDCE                                         r  npu_system_i/tinynpu_0/inst/u_systolic/row[1].col[3].pe_inst/weight_reg_reg[1]/D
  -------------------------------------------------------------------    -------------------

                         (clock clk_out1_npu_system_clk_wiz_0_0_1 rise edge)
                                                      0.000     0.000 r  
    H16                                               0.000     0.000 r  sysclk (IN)
                         net (fo=0)                   0.000     0.000    npu_system_i/clk_wiz_0/inst/clk_in1
    H16                  IBUF (Prop_ibuf_I_O)         1.451     1.451 r  npu_system_i/clk_wiz_0/inst/clkin1_ibufg/O
                         net (fo=1, routed)           1.285     2.736    npu_system_i/clk_wiz_0/inst/clk_in1_npu_system_clk_wiz_0_0
    MMCME2_ADV_X1Y2      MMCME2_ADV (Prop_mmcme2_adv_CLKIN1_CLKOUT0)
                                                     -7.759    -5.023 r  npu_system_i/clk_wiz_0/inst/mmcm_adv_inst/CLKOUT0
                         net (fo=1, routed)           2.206    -2.817    npu_system_i/clk_wiz_0/inst/clk_out1_npu_system_clk_wiz_0_0
    BUFGCTRL_X0Y17       BUFG (Prop_bufg_I_O)         0.101    -2.716 r  npu_system_i/clk_wiz_0/inst/clkout1_buf/O
                         net (fo=5312, routed)        2.811     0.095    npu_system_i/tinynpu_0/inst/u_icg_compute/aclk
    BUFGCTRL_X0Y2        BUFGCTRL (Prop_bufgctrl_I0_O)
                                                      0.101     0.196 r  npu_system_i/tinynpu_0/inst/u_icg_compute/u_bufgce/O
                         net (fo=13994, routed)       2.047     2.243    npu_system_i/tinynpu_0/inst/u_systolic/row[1].col[3].pe_inst/clk_compute
    SLICE_X112Y129       FDCE                                         r  npu_system_i/tinynpu_0/inst/u_systolic/row[1].col[3].pe_inst/weight_reg_reg[1]/C
                         clock pessimism             -0.452     1.790    
                         clock uncertainty            0.069     1.860    
    SLICE_X112Y129       FDCE (Hold_fdce_C_D)         0.222     2.082    npu_system_i/tinynpu_0/inst/u_systolic/row[1].col[3].pe_inst/weight_reg_reg[1]
  -------------------------------------------------------------------
                         required time                         -2.082    
                         arrival time                           2.132    
  -------------------------------------------------------------------
                         slack                                  0.050    





---------------------------------------------------------------------------------------------------
From Clock:  clk_out2_npu_system_clk_wiz_0_0
  To Clock:  clk_out2_npu_system_clk_wiz_0_0_1

Setup :            0  Failing Endpoints,  Worst Slack        1.268ns,  Total Violation        0.000ns
Hold  :            0  Failing Endpoints,  Worst Slack        0.057ns,  Total Violation        0.000ns
---------------------------------------------------------------------------------------------------


Max Delay Paths
--------------------------------------------------------------------------------------
Slack (MET) :             1.268ns  (required time - arrival time)
  Source:                 npu_system_i/dvi2rgb_0/U0/GenerateDDC.DDC_EEPROM/I2C_SlaveController/ddSda_reg/C
                            (rising edge-triggered cell FDRE clocked by clk_out2_npu_system_clk_wiz_0_0  {rise@0.000ns fall@2.500ns period=5.000ns})
  Destination:            npu_system_i/dvi2rgb_0/U0/GenerateDDC.DDC_EEPROM/I2C_SlaveController/FSM_gray_state_reg[0]/D
                            (rising edge-triggered cell FDRE clocked by clk_out2_npu_system_clk_wiz_0_0_1  {rise@0.000ns fall@2.500ns period=5.000ns})
  Path Group:             clk_out2_npu_system_clk_wiz_0_0_1
  Path Type:              Setup (Max at Slow Process Corner)
  Requirement:            5.000ns  (clk_out2_npu_system_clk_wiz_0_0_1 rise@5.000ns - clk_out2_npu_system_clk_wiz_0_0 rise@0.000ns)
  Data Path Delay:        3.630ns  (logic 1.120ns (30.856%)  route 2.510ns (69.144%))
  Logic Levels:           3  (LUT3=1 LUT6=2)
  Clock Path Skew:        -0.066ns (DCD - SCD + CPR)
    Destination Clock Delay (DCD):    -1.319ns = ( 3.681 - 5.000 ) 
    Source Clock Delay      (SCD):    -0.668ns
    Clock Pessimism Removal (CPR):    0.584ns
  Clock Uncertainty:      0.065ns  ((TSJ^2 + DJ^2)^1/2) / 2 + PE
    Total System Jitter     (TSJ):    0.071ns
    Discrete Jitter          (DJ):    0.109ns
    Phase Error              (PE):    0.000ns
  Clock Domain Crossing:  Inter clock paths are considered valid unless explicitly excluded by timing constraints such as set_clock_groups or set_false_path.

    Location             Delay type                Incr(ns)  Path(ns)    Netlist Resource(s)
  -------------------------------------------------------------------    -------------------
                         (clock clk_out2_npu_system_clk_wiz_0_0 rise edge)
                                                      0.000     0.000 r  
    H16                                               0.000     0.000 r  sysclk (IN)
                         net (fo=0)                   0.000     0.000    npu_system_i/clk_wiz_0/inst/clk_in1
    H16                  IBUF (Prop_ibuf_I_O)         1.451     1.451 r  npu_system_i/clk_wiz_0/inst/clkin1_ibufg/O
                         net (fo=1, routed)           1.285     2.736    npu_system_i/clk_wiz_0/inst/clk_in1_npu_system_clk_wiz_0_0
    MMCME2_ADV_X1Y2      MMCME2_ADV (Prop_mmcme2_adv_CLKIN1_CLKOUT1)
                                                     -7.759    -5.023 r  npu_system_i/clk_wiz_0/inst/mmcm_adv_inst/CLKOUT1
                         net (fo=1, routed)           2.206    -2.817    npu_system_i/clk_wiz_0/inst/clk_out2_npu_system_clk_wiz_0_0
    BUFGCTRL_X0Y16       BUFG (Prop_bufg_I_O)         0.101    -2.716 r  npu_system_i/clk_wiz_0/inst/clkout2_buf/O
                         net (fo=158, routed)         2.048    -0.668    npu_system_i/dvi2rgb_0/U0/GenerateDDC.DDC_EEPROM/I2C_SlaveController/RefClk
    SLICE_X112Y132       FDRE                                         r  npu_system_i/dvi2rgb_0/U0/GenerateDDC.DDC_EEPROM/I2C_SlaveController/ddSda_reg/C
  -------------------------------------------------------------------    -------------------
    SLICE_X112Y132       FDRE (Prop_fdre_C_Q)         0.518    -0.150 r  npu_system_i/dvi2rgb_0/U0/GenerateDDC.DDC_EEPROM/I2C_SlaveController/ddSda_reg/Q
                         net (fo=11, routed)          0.857     0.707    npu_system_i/dvi2rgb_0/U0/GenerateDDC.DDC_EEPROM/I2C_SlaveController/ddSda
    SLICE_X112Y134       LUT3 (Prop_lut3_I2_O)        0.150     0.857 f  npu_system_i/dvi2rgb_0/U0/GenerateDDC.DDC_EEPROM/I2C_SlaveController/FSM_gray_state[2]_i_8/O
                         net (fo=4, routed)           0.844     1.700    npu_system_i/dvi2rgb_0/U0/GenerateDDC.DDC_EEPROM/I2C_SlaveController/fStop__1
    SLICE_X111Y133       LUT6 (Prop_lut6_I4_O)        0.328     2.028 r  npu_system_i/dvi2rgb_0/U0/GenerateDDC.DDC_EEPROM/I2C_SlaveController/FSM_gray_state[0]_i_2/O
                         net (fo=1, routed)           0.809     2.837    npu_system_i/dvi2rgb_0/U0/GenerateDDC.DDC_EEPROM/I2C_SlaveController/FSM_gray_state[0]_i_2_n_0
    SLICE_X107Y133       LUT6 (Prop_lut6_I0_O)        0.124     2.961 r  npu_system_i/dvi2rgb_0/U0/GenerateDDC.DDC_EEPROM/I2C_SlaveController/FSM_gray_state[0]_i_1/O
                         net (fo=1, routed)           0.000     2.961    npu_system_i/dvi2rgb_0/U0/GenerateDDC.DDC_EEPROM/I2C_SlaveController/FSM_gray_state[0]_i_1_n_0
    SLICE_X107Y133       FDRE                                         r  npu_system_i/dvi2rgb_0/U0/GenerateDDC.DDC_EEPROM/I2C_SlaveController/FSM_gray_state_reg[0]/D
  -------------------------------------------------------------------    -------------------

                         (clock clk_out2_npu_system_clk_wiz_0_0_1 rise edge)
                                                      5.000     5.000 r  
    H16                                               0.000     5.000 r  sysclk (IN)
                         net (fo=0)                   0.000     5.000    npu_system_i/clk_wiz_0/inst/clk_in1
    H16                  IBUF (Prop_ibuf_I_O)         1.380     6.380 r  npu_system_i/clk_wiz_0/inst/clkin1_ibufg/O
                         net (fo=1, routed)           1.162     7.542    npu_system_i/clk_wiz_0/inst/clk_in1_npu_system_clk_wiz_0_0
    MMCME2_ADV_X1Y2      MMCME2_ADV (Prop_mmcme2_adv_CLKIN1_CLKOUT1)
                                                     -7.814    -0.272 r  npu_system_i/clk_wiz_0/inst/mmcm_adv_inst/CLKOUT1
                         net (fo=1, routed)           2.012     1.740    npu_system_i/clk_wiz_0/inst/clk_out2_npu_system_clk_wiz_0_0
    BUFGCTRL_X0Y16       BUFG (Prop_bufg_I_O)         0.091     1.831 r  npu_system_i/clk_wiz_0/inst/clkout2_buf/O
                         net (fo=158, routed)         1.850     3.681    npu_system_i/dvi2rgb_0/U0/GenerateDDC.DDC_EEPROM/I2C_SlaveController/RefClk
    SLICE_X107Y133       FDRE                                         r  npu_system_i/dvi2rgb_0/U0/GenerateDDC.DDC_EEPROM/I2C_SlaveController/FSM_gray_state_reg[0]/C
                         clock pessimism              0.584     4.266    
                         clock uncertainty           -0.065     4.201    
    SLICE_X107Y133       FDRE (Setup_fdre_C_D)        0.029     4.230    npu_system_i/dvi2rgb_0/U0/GenerateDDC.DDC_EEPROM/I2C_SlaveController/FSM_gray_state_reg[0]
  -------------------------------------------------------------------
                         required time                          4.230    
                         arrival time                          -2.961    
  -------------------------------------------------------------------
                         slack                                  1.268    





Min Delay Paths
--------------------------------------------------------------------------------------
Slack (MET) :             0.057ns  (arrival time - required time)
  Source:                 npu_system_i/dvi2rgb_0/U0/TMDS_ClockingX/MMCM_LockSync/oSyncStages_reg[0]/C
                            (rising edge-triggered cell FDRE clocked by clk_out2_npu_system_clk_wiz_0_0  {rise@0.000ns fall@2.500ns period=5.000ns})
  Destination:            npu_system_i/dvi2rgb_0/U0/TMDS_ClockingX/MMCM_LockSync/oSyncStages_reg[1]/D
                            (rising edge-triggered cell FDRE clocked by clk_out2_npu_system_clk_wiz_0_0_1  {rise@0.000ns fall@2.500ns period=5.000ns})
  Path Group:             clk_out2_npu_system_clk_wiz_0_0_1
  Path Type:              Hold (Min at Fast Process Corner)
  Requirement:            0.000ns  (clk_out2_npu_system_clk_wiz_0_0_1 rise@0.000ns - clk_out2_npu_system_clk_wiz_0_0 rise@0.000ns)
  Data Path Delay:        0.197ns  (logic 0.141ns (71.611%)  route 0.056ns (28.389%))
  Logic Levels:           0  
  Clock Path Skew:        0.000ns (DCD - SCD - CPR)
    Destination Clock Delay (DCD):    -0.831ns
    Source Clock Delay      (SCD):    -0.594ns
    Clock Pessimism Removal (CPR):    -0.236ns
  Clock Uncertainty:      0.065ns  ((TSJ^2 + DJ^2)^1/2) / 2 + PE
    Total System Jitter     (TSJ):    0.071ns
    Discrete Jitter          (DJ):    0.109ns
    Phase Error              (PE):    0.000ns
  Clock Domain Crossing:  Inter clock paths are considered valid unless explicitly excluded by timing constraints such as set_clock_groups or set_false_path.

    Location             Delay type                Incr(ns)  Path(ns)    Netlist Resource(s)
  -------------------------------------------------------------------    -------------------
                         (clock clk_out2_npu_system_clk_wiz_0_0 rise edge)
                                                      0.000     0.000 r  
    H16                                               0.000     0.000 r  sysclk (IN)
                         net (fo=0)                   0.000     0.000    npu_system_i/clk_wiz_0/inst/clk_in1
    H16                  IBUF (Prop_ibuf_I_O)         0.219     0.219 r  npu_system_i/clk_wiz_0/inst/clkin1_ibufg/O
                         net (fo=1, routed)           0.440     0.659    npu_system_i/clk_wiz_0/inst/clk_in1_npu_system_clk_wiz_0_0
    MMCME2_ADV_X1Y2      MMCME2_ADV (Prop_mmcme2_adv_CLKIN1_CLKOUT1)
                                                     -2.613    -1.954 r  npu_system_i/clk_wiz_0/inst/mmcm_adv_inst/CLKOUT1
                         net (fo=1, routed)           0.696    -1.257    npu_system_i/clk_wiz_0/inst/clk_out2_npu_system_clk_wiz_0_0
    BUFGCTRL_X0Y16       BUFG (Prop_bufg_I_O)         0.026    -1.231 r  npu_system_i/clk_wiz_0/inst/clkout2_buf/O
                         net (fo=158, routed)         0.637    -0.594    npu_system_i/dvi2rgb_0/U0/TMDS_ClockingX/MMCM_LockSync/RefClk
    SLICE_X113Y52        FDRE                                         r  npu_system_i/dvi2rgb_0/U0/TMDS_ClockingX/MMCM_LockSync/oSyncStages_reg[0]/C
  -------------------------------------------------------------------    -------------------
    SLICE_X113Y52        FDRE (Prop_fdre_C_Q)         0.141    -0.453 r  npu_system_i/dvi2rgb_0/U0/TMDS_ClockingX/MMCM_LockSync/oSyncStages_reg[0]/Q
                         net (fo=1, routed)           0.056    -0.398    npu_system_i/dvi2rgb_0/U0/TMDS_ClockingX/MMCM_LockSync/oSyncStages[0]
    SLICE_X113Y52        FDRE                                         r  npu_system_i/dvi2rgb_0/U0/TMDS_ClockingX/MMCM_LockSync/oSyncStages_reg[1]/D
  -------------------------------------------------------------------    -------------------

                         (clock clk_out2_npu_system_clk_wiz_0_0_1 rise edge)
                                                      0.000     0.000 r  
    H16                                               0.000     0.000 r  sysclk (IN)
                         net (fo=0)                   0.000     0.000    npu_system_i/clk_wiz_0/inst/clk_in1
    H16                  IBUF (Prop_ibuf_I_O)         0.406     0.406 r  npu_system_i/clk_wiz_0/inst/clkin1_ibufg/O
                         net (fo=1, routed)           0.480     0.886    npu_system_i/clk_wiz_0/inst/clk_in1_npu_system_clk_wiz_0_0
    MMCME2_ADV_X1Y2      MMCME2_ADV (Prop_mmcme2_adv_CLKIN1_CLKOUT1)
                                                     -3.407    -2.521 r  npu_system_i/clk_wiz_0/inst/mmcm_adv_inst/CLKOUT1
                         net (fo=1, routed)           0.752    -1.769    npu_system_i/clk_wiz_0/inst/clk_out2_npu_system_clk_wiz_0_0
    BUFGCTRL_X0Y16       BUFG (Prop_bufg_I_O)         0.029    -1.740 r  npu_system_i/clk_wiz_0/inst/clkout2_buf/O
                         net (fo=158, routed)         0.909    -0.831    npu_system_i/dvi2rgb_0/U0/TMDS_ClockingX/MMCM_LockSync/RefClk
    SLICE_X113Y52        FDRE                                         r  npu_system_i/dvi2rgb_0/U0/TMDS_ClockingX/MMCM_LockSync/oSyncStages_reg[1]/C
                         clock pessimism              0.236    -0.594    
                         clock uncertainty            0.065    -0.529    
    SLICE_X113Y52        FDRE (Hold_fdre_C_D)         0.075    -0.454    npu_system_i/dvi2rgb_0/U0/TMDS_ClockingX/MMCM_LockSync/oSyncStages_reg[1]
  -------------------------------------------------------------------
                         required time                          0.454    
                         arrival time                          -0.398    
  -------------------------------------------------------------------
                         slack                                  0.057    





---------------------------------------------------------------------------------------------------
From Clock:  
  To Clock:  clk_out1_npu_system_clk_wiz_0_0

Setup :            0  Failing Endpoints,  Worst Slack      998.267ns,  Total Violation        0.000ns
Hold  :           NA  Failing Endpoints,  Worst Slack           NA  ,  Total Violation           NA
---------------------------------------------------------------------------------------------------


Max Delay Paths
--------------------------------------------------------------------------------------
Slack (MET) :             998.267ns  (required time - arrival time)
  Source:                 npu_system_i/vid_out/inst/COUPLER_INST/generate_async_fifo.FIFO_INST/XPM_FIFO_ASYNC_INST/gnuram_async_fifo.xpm_fifo_base_inst/gen_cdc_pntr.rd_pntr_cdc_dc_inst/src_gray_ff_reg[3]/C
                            (rising edge-triggered cell FDRE)
  Destination:            npu_system_i/vid_out/inst/COUPLER_INST/generate_async_fifo.FIFO_INST/XPM_FIFO_ASYNC_INST/gnuram_async_fifo.xpm_fifo_base_inst/gen_cdc_pntr.rd_pntr_cdc_dc_inst/dest_graysync_ff_reg[0][3]/D
                            (rising edge-triggered cell FDRE clocked by clk_out1_npu_system_clk_wiz_0_0  {rise@0.000ns fall@4.000ns period=8.000ns})
  Path Group:             clk_out1_npu_system_clk_wiz_0_0
  Path Type:              Setup (Max at Slow Process Corner)
  Requirement:            1000.000ns  (MaxDelay Path 1000.000ns)
  Data Path Delay:        1.456ns  (logic 0.419ns (28.777%)  route 1.037ns (71.223%))
  Logic Levels:           1  (FDRE=1)
  Timing Exception:       MaxDelay Path 1000.000ns -datapath_only

    Location             Delay type                Incr(ns)  Path(ns)    Netlist Resource(s)
  -------------------------------------------------------------------    -------------------
    SLICE_X48Y75         FDRE                         0.000     0.000 r  npu_system_i/vid_out/inst/COUPLER_INST/generate_async_fifo.FIFO_INST/XPM_FIFO_ASYNC_INST/gnuram_async_fifo.xpm_fifo_base_inst/gen_cdc_pntr.rd_pntr_cdc_dc_inst/src_gray_ff_reg[3]/C
    SLICE_X48Y75         FDRE (Prop_fdre_C_Q)         0.419     0.419 r  npu_system_i/vid_out/inst/COUPLER_INST/generate_async_fifo.FIFO_INST/XPM_FIFO_ASYNC_INST/gnuram_async_fifo.xpm_fifo_base_inst/gen_cdc_pntr.rd_pntr_cdc_dc_inst/src_gray_ff_reg[3]/Q
                         net (fo=1, routed)           1.037     1.456    npu_system_i/vid_out/inst/COUPLER_INST/generate_async_fifo.FIFO_INST/XPM_FIFO_ASYNC_INST/gnuram_async_fifo.xpm_fifo_base_inst/gen_cdc_pntr.rd_pntr_cdc_dc_inst/async_path[3]
    SLICE_X45Y74         FDRE                                         r  npu_system_i/vid_out/inst/COUPLER_INST/generate_async_fifo.FIFO_INST/XPM_FIFO_ASYNC_INST/gnuram_async_fifo.xpm_fifo_base_inst/gen_cdc_pntr.rd_pntr_cdc_dc_inst/dest_graysync_ff_reg[0][3]/D
  -------------------------------------------------------------------    -------------------

                         max delay                 1000.000  1000.000    
    SLICE_X45Y74         FDRE (Setup_fdre_C_D)       -0.277   999.723    npu_system_i/vid_out/inst/COUPLER_INST/generate_async_fifo.FIFO_INST/XPM_FIFO_ASYNC_INST/gnuram_async_fifo.xpm_fifo_base_inst/gen_cdc_pntr.rd_pntr_cdc_dc_inst/dest_graysync_ff_reg[0][3]
  -------------------------------------------------------------------
                         required time                        999.723    
                         arrival time                          -1.456    
  -------------------------------------------------------------------
                         slack                                998.267    





---------------------------------------------------------------------------------------------------
From Clock:  clk_out1_npu_system_clk_wiz_0_0_1
  To Clock:  clk_out1_npu_system_clk_wiz_0_0

Setup :            0  Failing Endpoints,  Worst Slack        0.162ns,  Total Violation        0.000ns
Hold  :            0  Failing Endpoints,  Worst Slack        0.050ns,  Total Violation        0.000ns
---------------------------------------------------------------------------------------------------


Max Delay Paths
--------------------------------------------------------------------------------------
Slack (MET) :             0.162ns  (required time - arrival time)
  Source:                 npu_system_i/tinynpu_0/inst/u_ctrl/array_en_reg/C
                            (rising edge-triggered cell FDRE clocked by clk_out1_npu_system_clk_wiz_0_0_1  {rise@0.000ns fall@4.000ns period=8.000ns})
  Destination:            npu_system_i/tinynpu_0/inst/u_systolic/row[9].col[5].pe_inst/mul_s1_reg[12]/CE
                            (rising edge-triggered cell FDCE clocked by clk_out1_npu_system_clk_wiz_0_0  {rise@0.000ns fall@4.000ns period=8.000ns})
  Path Group:             clk_out1_npu_system_clk_wiz_0_0
  Path Type:              Setup (Max at Slow Process Corner)
  Requirement:            8.000ns  (clk_out1_npu_system_clk_wiz_0_0 rise@8.000ns - clk_out1_npu_system_clk_wiz_0_0_1 rise@0.000ns)
  Data Path Delay:        10.028ns  (logic 0.419ns (4.178%)  route 9.609ns (95.822%))
  Logic Levels:           0  
  Clock Path Skew:        2.637ns (DCD - SCD + CPR)
    Destination Clock Delay (DCD):    1.096ns = ( 9.096 - 8.000 ) 
    Source Clock Delay      (SCD):    -1.088ns
    Clock Pessimism Removal (CPR):    0.452ns
  Clock Uncertainty:      0.069ns  ((TSJ^2 + DJ^2)^1/2) / 2 + PE
    Total System Jitter     (TSJ):    0.071ns
    Discrete Jitter          (DJ):    0.119ns
    Phase Error              (PE):    0.000ns
  Clock Domain Crossing:  Inter clock paths are considered valid unless explicitly excluded by timing constraints such as set_clock_groups or set_false_path.

    Location             Delay type                Incr(ns)  Path(ns)    Netlist Resource(s)
  -------------------------------------------------------------------    -------------------
                         (clock clk_out1_npu_system_clk_wiz_0_0_1 rise edge)
                                                      0.000     0.000 r  
    H16                                               0.000     0.000 r  sysclk (IN)
                         net (fo=0)                   0.000     0.000    npu_system_i/clk_wiz_0/inst/clk_in1
    H16                  IBUF (Prop_ibuf_I_O)         1.451     1.451 r  npu_system_i/clk_wiz_0/inst/clkin1_ibufg/O
                         net (fo=1, routed)           1.285     2.736    npu_system_i/clk_wiz_0/inst/clk_in1_npu_system_clk_wiz_0_0
    MMCME2_ADV_X1Y2      MMCME2_ADV (Prop_mmcme2_adv_CLKIN1_CLKOUT0)
                                                     -7.759    -5.023 r  npu_system_i/clk_wiz_0/inst/mmcm_adv_inst/CLKOUT0
                         net (fo=1, routed)           2.206    -2.817    npu_system_i/clk_wiz_0/inst/clk_out1_npu_system_clk_wiz_0_0
    BUFGCTRL_X0Y17       BUFG (Prop_bufg_I_O)         0.101    -2.716 r  npu_system_i/clk_wiz_0/inst/clkout1_buf/O
                         net (fo=5312, routed)        1.628    -1.088    npu_system_i/tinynpu_0/inst/u_ctrl/aclk
    SLICE_X53Y68         FDRE                                         r  npu_system_i/tinynpu_0/inst/u_ctrl/array_en_reg/C
  -------------------------------------------------------------------    -------------------
    SLICE_X53Y68         FDRE (Prop_fdre_C_Q)         0.419    -0.669 r  npu_system_i/tinynpu_0/inst/u_ctrl/array_en_reg/Q
                         net (fo=10804, routed)       9.609     8.939    npu_system_i/tinynpu_0/inst/u_systolic/row[9].col[5].pe_inst/E[0]
    SLICE_X52Y138        FDCE                                         r  npu_system_i/tinynpu_0/inst/u_systolic/row[9].col[5].pe_inst/mul_s1_reg[12]/CE
  -------------------------------------------------------------------    -------------------

                         (clock clk_out1_npu_system_clk_wiz_0_0 rise edge)
                                                      8.000     8.000 r  
    H16                                               0.000     8.000 r  sysclk (IN)
                         net (fo=0)                   0.000     8.000    npu_system_i/clk_wiz_0/inst/clk_in1
    H16                  IBUF (Prop_ibuf_I_O)         1.380     9.380 r  npu_system_i/clk_wiz_0/inst/clkin1_ibufg/O
                         net (fo=1, routed)           1.162    10.542    npu_system_i/clk_wiz_0/inst/clk_in1_npu_system_clk_wiz_0_0
    MMCME2_ADV_X1Y2      MMCME2_ADV (Prop_mmcme2_adv_CLKIN1_CLKOUT0)
                                                     -7.814     2.728 r  npu_system_i/clk_wiz_0/inst/mmcm_adv_inst/CLKOUT0
                         net (fo=1, routed)           2.012     4.740    npu_system_i/clk_wiz_0/inst/clk_out1_npu_system_clk_wiz_0_0
    BUFGCTRL_X0Y17       BUFG (Prop_bufg_I_O)         0.091     4.831 r  npu_system_i/clk_wiz_0/inst/clkout1_buf/O
                         net (fo=5312, routed)        2.533     7.365    npu_system_i/tinynpu_0/inst/u_icg_compute/aclk
    BUFGCTRL_X0Y2        BUFGCTRL (Prop_bufgctrl_I0_O)
                                                      0.091     7.456 r  npu_system_i/tinynpu_0/inst/u_icg_compute/u_bufgce/O
                         net (fo=13994, routed)       1.640     9.096    npu_system_i/tinynpu_0/inst/u_systolic/row[9].col[5].pe_inst/clk_compute
    SLICE_X52Y138        FDCE                                         r  npu_system_i/tinynpu_0/inst/u_systolic/row[9].col[5].pe_inst/mul_s1_reg[12]/C
                         clock pessimism              0.452     9.548    
                         clock uncertainty           -0.069     9.479    
    SLICE_X52Y138        FDCE (Setup_fdce_C_CE)      -0.377     9.102    npu_system_i/tinynpu_0/inst/u_systolic/row[9].col[5].pe_inst/mul_s1_reg[12]
  -------------------------------------------------------------------
                         required time                          9.102    
                         arrival time                          -8.939    
  -------------------------------------------------------------------
                         slack                                  0.162    





Min Delay Paths
--------------------------------------------------------------------------------------
Slack (MET) :             0.050ns  (arrival time - required time)
  Source:                 npu_system_i/tinynpu_0/inst/u_weight_buf/weight_data_reg[1][3][1]/C
                            (rising edge-triggered cell FDRE clocked by clk_out1_npu_system_clk_wiz_0_0_1  {rise@0.000ns fall@4.000ns period=8.000ns})
  Destination:            npu_system_i/tinynpu_0/inst/u_systolic/row[1].col[3].pe_inst/weight_reg_reg[1]/D
                            (rising edge-triggered cell FDCE clocked by clk_out1_npu_system_clk_wiz_0_0  {rise@0.000ns fall@4.000ns period=8.000ns})
  Path Group:             clk_out1_npu_system_clk_wiz_0_0
  Path Type:              Hold (Min at Slow Process Corner)
  Requirement:            0.000ns  (clk_out1_npu_system_clk_wiz_0_0 rise@0.000ns - clk_out1_npu_system_clk_wiz_0_0_1 rise@0.000ns)
  Data Path Delay:        3.452ns  (logic 0.367ns (10.632%)  route 3.085ns (89.368%))
  Logic Levels:           0  
  Clock Path Skew:        3.110ns (DCD - SCD - CPR)
    Destination Clock Delay (DCD):    2.243ns
    Source Clock Delay      (SCD):    -1.320ns
    Clock Pessimism Removal (CPR):    0.452ns
  Clock Uncertainty:      0.069ns  ((TSJ^2 + DJ^2)^1/2) / 2 + PE
    Total System Jitter     (TSJ):    0.071ns
    Discrete Jitter          (DJ):    0.119ns
    Phase Error              (PE):    0.000ns
  Clock Domain Crossing:  Inter clock paths are considered valid unless explicitly excluded by timing constraints such as set_clock_groups or set_false_path.

    Location             Delay type                Incr(ns)  Path(ns)    Netlist Resource(s)
  -------------------------------------------------------------------    -------------------
                         (clock clk_out1_npu_system_clk_wiz_0_0_1 rise edge)
                                                      0.000     0.000 r  
    H16                                               0.000     0.000 r  sysclk (IN)
                         net (fo=0)                   0.000     0.000    npu_system_i/clk_wiz_0/inst/clk_in1
    H16                  IBUF (Prop_ibuf_I_O)         1.380     1.380 r  npu_system_i/clk_wiz_0/inst/clkin1_ibufg/O
                         net (fo=1, routed)           1.162     2.542    npu_system_i/clk_wiz_0/inst/clk_in1_npu_system_clk_wiz_0_0
    MMCME2_ADV_X1Y2      MMCME2_ADV (Prop_mmcme2_adv_CLKIN1_CLKOUT0)
                                                     -7.814    -5.272 r  npu_system_i/clk_wiz_0/inst/mmcm_adv_inst/CLKOUT0
                         net (fo=1, routed)           2.012    -3.260    npu_system_i/clk_wiz_0/inst/clk_out1_npu_system_clk_wiz_0_0
    BUFGCTRL_X0Y17       BUFG (Prop_bufg_I_O)         0.091    -3.169 r  npu_system_i/clk_wiz_0/inst/clkout1_buf/O
                         net (fo=5312, routed)        1.849    -1.320    npu_system_i/tinynpu_0/inst/u_weight_buf/aclk
    SLICE_X111Y129       FDRE                                         r  npu_system_i/tinynpu_0/inst/u_weight_buf/weight_data_reg[1][3][1]/C
  -------------------------------------------------------------------    -------------------
    SLICE_X111Y129       FDRE (Prop_fdre_C_Q)         0.367    -0.953 r  npu_system_i/tinynpu_0/inst/u_weight_buf/weight_data_reg[1][3][1]/Q
                         net (fo=1, routed)           3.085     2.132    npu_system_i/tinynpu_0/inst/u_systolic/row[1].col[3].pe_inst/weight_data_flat[1]
    SLICE_X112Y129       FDCE                                         r  npu_system_i/tinynpu_0/inst/u_systolic/row[1].col[3].pe_inst/weight_reg_reg[1]/D
  -------------------------------------------------------------------    -------------------

                         (clock clk_out1_npu_system_clk_wiz_0_0 rise edge)
                                                      0.000     0.000 r  
    H16                                               0.000     0.000 r  sysclk (IN)
                         net (fo=0)                   0.000     0.000    npu_system_i/clk_wiz_0/inst/clk_in1
    H16                  IBUF (Prop_ibuf_I_O)         1.451     1.451 r  npu_system_i/clk_wiz_0/inst/clkin1_ibufg/O
                         net (fo=1, routed)           1.285     2.736    npu_system_i/clk_wiz_0/inst/clk_in1_npu_system_clk_wiz_0_0
    MMCME2_ADV_X1Y2      MMCME2_ADV (Prop_mmcme2_adv_CLKIN1_CLKOUT0)
                                                     -7.759    -5.023 r  npu_system_i/clk_wiz_0/inst/mmcm_adv_inst/CLKOUT0
                         net (fo=1, routed)           2.206    -2.817    npu_system_i/clk_wiz_0/inst/clk_out1_npu_system_clk_wiz_0_0
    BUFGCTRL_X0Y17       BUFG (Prop_bufg_I_O)         0.101    -2.716 r  npu_system_i/clk_wiz_0/inst/clkout1_buf/O
                         net (fo=5312, routed)        2.811     0.095    npu_system_i/tinynpu_0/inst/u_icg_compute/aclk
    BUFGCTRL_X0Y2        BUFGCTRL (Prop_bufgctrl_I0_O)
                                                      0.101     0.196 r  npu_system_i/tinynpu_0/inst/u_icg_compute/u_bufgce/O
                         net (fo=13994, routed)       2.047     2.243    npu_system_i/tinynpu_0/inst/u_systolic/row[1].col[3].pe_inst/clk_compute
    SLICE_X112Y129       FDCE                                         r  npu_system_i/tinynpu_0/inst/u_systolic/row[1].col[3].pe_inst/weight_reg_reg[1]/C
                         clock pessimism             -0.452     1.790    
                         clock uncertainty            0.069     1.860    
    SLICE_X112Y129       FDCE (Hold_fdce_C_D)         0.222     2.082    npu_system_i/tinynpu_0/inst/u_systolic/row[1].col[3].pe_inst/weight_reg_reg[1]
  -------------------------------------------------------------------
                         required time                         -2.082    
                         arrival time                           2.132    
  -------------------------------------------------------------------
                         slack                                  0.050    





---------------------------------------------------------------------------------------------------
From Clock:  clk_out2_npu_system_clk_wiz_0_0_1
  To Clock:  clk_out2_npu_system_clk_wiz_0_0

Setup :            0  Failing Endpoints,  Worst Slack        1.268ns,  Total Violation        0.000ns
Hold  :            0  Failing Endpoints,  Worst Slack        0.057ns,  Total Violation        0.000ns
---------------------------------------------------------------------------------------------------


Max Delay Paths
--------------------------------------------------------------------------------------
Slack (MET) :             1.268ns  (required time - arrival time)
  Source:                 npu_system_i/dvi2rgb_0/U0/GenerateDDC.DDC_EEPROM/I2C_SlaveController/ddSda_reg/C
                            (rising edge-triggered cell FDRE clocked by clk_out2_npu_system_clk_wiz_0_0_1  {rise@0.000ns fall@2.500ns period=5.000ns})
  Destination:            npu_system_i/dvi2rgb_0/U0/GenerateDDC.DDC_EEPROM/I2C_SlaveController/FSM_gray_state_reg[0]/D
                            (rising edge-triggered cell FDRE clocked by clk_out2_npu_system_clk_wiz_0_0  {rise@0.000ns fall@2.500ns period=5.000ns})
  Path Group:             clk_out2_npu_system_clk_wiz_0_0
  Path Type:              Setup (Max at Slow Process Corner)
  Requirement:            5.000ns  (clk_out2_npu_system_clk_wiz_0_0 rise@5.000ns - clk_out2_npu_system_clk_wiz_0_0_1 rise@0.000ns)
  Data Path Delay:        3.630ns  (logic 1.120ns (30.856%)  route 2.510ns (69.144%))
  Logic Levels:           3  (LUT3=1 LUT6=2)
  Clock Path Skew:        -0.066ns (DCD - SCD + CPR)
    Destination Clock Delay (DCD):    -1.319ns = ( 3.681 - 5.000 ) 
    Source Clock Delay      (SCD):    -0.668ns
    Clock Pessimism Removal (CPR):    0.584ns
  Clock Uncertainty:      0.065ns  ((TSJ^2 + DJ^2)^1/2) / 2 + PE
    Total System Jitter     (TSJ):    0.071ns
    Discrete Jitter          (DJ):    0.109ns
    Phase Error              (PE):    0.000ns
  Clock Domain Crossing:  Inter clock paths are considered valid unless explicitly excluded by timing constraints such as set_clock_groups or set_false_path.

    Location             Delay type                Incr(ns)  Path(ns)    Netlist Resource(s)
  -------------------------------------------------------------------    -------------------
                         (clock clk_out2_npu_system_clk_wiz_0_0_1 rise edge)
                                                      0.000     0.000 r  
    H16                                               0.000     0.000 r  sysclk (IN)
                         net (fo=0)                   0.000     0.000    npu_system_i/clk_wiz_0/inst/clk_in1
    H16                  IBUF (Prop_ibuf_I_O)         1.451     1.451 r  npu_system_i/clk_wiz_0/inst/clkin1_ibufg/O
                         net (fo=1, routed)           1.285     2.736    npu_system_i/clk_wiz_0/inst/clk_in1_npu_system_clk_wiz_0_0
    MMCME2_ADV_X1Y2      MMCME2_ADV (Prop_mmcme2_adv_CLKIN1_CLKOUT1)
                                                     -7.759    -5.023 r  npu_system_i/clk_wiz_0/inst/mmcm_adv_inst/CLKOUT1
                         net (fo=1, routed)           2.206    -2.817    npu_system_i/clk_wiz_0/inst/clk_out2_npu_system_clk_wiz_0_0
    BUFGCTRL_X0Y16       BUFG (Prop_bufg_I_O)         0.101    -2.716 r  npu_system_i/clk_wiz_0/inst/clkout2_buf/O
                         net (fo=158, routed)         2.048    -0.668    npu_system_i/dvi2rgb_0/U0/GenerateDDC.DDC_EEPROM/I2C_SlaveController/RefClk
    SLICE_X112Y132       FDRE                                         r  npu_system_i/dvi2rgb_0/U0/GenerateDDC.DDC_EEPROM/I2C_SlaveController/ddSda_reg/C
  -------------------------------------------------------------------    -------------------
    SLICE_X112Y132       FDRE (Prop_fdre_C_Q)         0.518    -0.150 r  npu_system_i/dvi2rgb_0/U0/GenerateDDC.DDC_EEPROM/I2C_SlaveController/ddSda_reg/Q
                         net (fo=11, routed)          0.857     0.707    npu_system_i/dvi2rgb_0/U0/GenerateDDC.DDC_EEPROM/I2C_SlaveController/ddSda
    SLICE_X112Y134       LUT3 (Prop_lut3_I2_O)        0.150     0.857 f  npu_system_i/dvi2rgb_0/U0/GenerateDDC.DDC_EEPROM/I2C_SlaveController/FSM_gray_state[2]_i_8/O
                         net (fo=4, routed)           0.844     1.700    npu_system_i/dvi2rgb_0/U0/GenerateDDC.DDC_EEPROM/I2C_SlaveController/fStop__1
    SLICE_X111Y133       LUT6 (Prop_lut6_I4_O)        0.328     2.028 r  npu_system_i/dvi2rgb_0/U0/GenerateDDC.DDC_EEPROM/I2C_SlaveController/FSM_gray_state[0]_i_2/O
                         net (fo=1, routed)           0.809     2.837    npu_system_i/dvi2rgb_0/U0/GenerateDDC.DDC_EEPROM/I2C_SlaveController/FSM_gray_state[0]_i_2_n_0
    SLICE_X107Y133       LUT6 (Prop_lut6_I0_O)        0.124     2.961 r  npu_system_i/dvi2rgb_0/U0/GenerateDDC.DDC_EEPROM/I2C_SlaveController/FSM_gray_state[0]_i_1/O
                         net (fo=1, routed)           0.000     2.961    npu_system_i/dvi2rgb_0/U0/GenerateDDC.DDC_EEPROM/I2C_SlaveController/FSM_gray_state[0]_i_1_n_0
    SLICE_X107Y133       FDRE                                         r  npu_system_i/dvi2rgb_0/U0/GenerateDDC.DDC_EEPROM/I2C_SlaveController/FSM_gray_state_reg[0]/D
  -------------------------------------------------------------------    -------------------

                         (clock clk_out2_npu_system_clk_wiz_0_0 rise edge)
                                                      5.000     5.000 r  
    H16                                               0.000     5.000 r  sysclk (IN)
                         net (fo=0)                   0.000     5.000    npu_system_i/clk_wiz_0/inst/clk_in1
    H16                  IBUF (Prop_ibuf_I_O)         1.380     6.380 r  npu_system_i/clk_wiz_0/inst/clkin1_ibufg/O
                         net (fo=1, routed)           1.162     7.542    npu_system_i/clk_wiz_0/inst/clk_in1_npu_system_clk_wiz_0_0
    MMCME2_ADV_X1Y2      MMCME2_ADV (Prop_mmcme2_adv_CLKIN1_CLKOUT1)
                                                     -7.814    -0.272 r  npu_system_i/clk_wiz_0/inst/mmcm_adv_inst/CLKOUT1
                         net (fo=1, routed)           2.012     1.740    npu_system_i/clk_wiz_0/inst/clk_out2_npu_system_clk_wiz_0_0
    BUFGCTRL_X0Y16       BUFG (Prop_bufg_I_O)         0.091     1.831 r  npu_system_i/clk_wiz_0/inst/clkout2_buf/O
                         net (fo=158, routed)         1.850     3.681    npu_system_i/dvi2rgb_0/U0/GenerateDDC.DDC_EEPROM/I2C_SlaveController/RefClk
    SLICE_X107Y133       FDRE                                         r  npu_system_i/dvi2rgb_0/U0/GenerateDDC.DDC_EEPROM/I2C_SlaveController/FSM_gray_state_reg[0]/C
                         clock pessimism              0.584     4.266    
                         clock uncertainty           -0.065     4.201    
    SLICE_X107Y133       FDRE (Setup_fdre_C_D)        0.029     4.230    npu_system_i/dvi2rgb_0/U0/GenerateDDC.DDC_EEPROM/I2C_SlaveController/FSM_gray_state_reg[0]
  -------------------------------------------------------------------
                         required time                          4.230    
                         arrival time                          -2.961    
  -------------------------------------------------------------------
                         slack                                  1.268    





Min Delay Paths
--------------------------------------------------------------------------------------
Slack (MET) :             0.057ns  (arrival time - required time)
  Source:                 npu_system_i/dvi2rgb_0/U0/TMDS_ClockingX/MMCM_LockSync/oSyncStages_reg[0]/C
                            (rising edge-triggered cell FDRE clocked by clk_out2_npu_system_clk_wiz_0_0_1  {rise@0.000ns fall@2.500ns period=5.000ns})
  Destination:            npu_system_i/dvi2rgb_0/U0/TMDS_ClockingX/MMCM_LockSync/oSyncStages_reg[1]/D
                            (rising edge-triggered cell FDRE clocked by clk_out2_npu_system_clk_wiz_0_0  {rise@0.000ns fall@2.500ns period=5.000ns})
  Path Group:             clk_out2_npu_system_clk_wiz_0_0
  Path Type:              Hold (Min at Fast Process Corner)
  Requirement:            0.000ns  (clk_out2_npu_system_clk_wiz_0_0 rise@0.000ns - clk_out2_npu_system_clk_wiz_0_0_1 rise@0.000ns)
  Data Path Delay:        0.197ns  (logic 0.141ns (71.611%)  route 0.056ns (28.389%))
  Logic Levels:           0  
  Clock Path Skew:        0.000ns (DCD - SCD - CPR)
    Destination Clock Delay (DCD):    -0.831ns
    Source Clock Delay      (SCD):    -0.594ns
    Clock Pessimism Removal (CPR):    -0.236ns
  Clock Uncertainty:      0.065ns  ((TSJ^2 + DJ^2)^1/2) / 2 + PE
    Total System Jitter     (TSJ):    0.071ns
    Discrete Jitter          (DJ):    0.109ns
    Phase Error              (PE):    0.000ns
  Clock Domain Crossing:  Inter clock paths are considered valid unless explicitly excluded by timing constraints such as set_clock_groups or set_false_path.

    Location             Delay type                Incr(ns)  Path(ns)    Netlist Resource(s)
  -------------------------------------------------------------------    -------------------
                         (clock clk_out2_npu_system_clk_wiz_0_0_1 rise edge)
                                                      0.000     0.000 r  
    H16                                               0.000     0.000 r  sysclk (IN)
                         net (fo=0)                   0.000     0.000    npu_system_i/clk_wiz_0/inst/clk_in1
    H16                  IBUF (Prop_ibuf_I_O)         0.219     0.219 r  npu_system_i/clk_wiz_0/inst/clkin1_ibufg/O
                         net (fo=1, routed)           0.440     0.659    npu_system_i/clk_wiz_0/inst/clk_in1_npu_system_clk_wiz_0_0
    MMCME2_ADV_X1Y2      MMCME2_ADV (Prop_mmcme2_adv_CLKIN1_CLKOUT1)
                                                     -2.613    -1.954 r  npu_system_i/clk_wiz_0/inst/mmcm_adv_inst/CLKOUT1
                         net (fo=1, routed)           0.696    -1.257    npu_system_i/clk_wiz_0/inst/clk_out2_npu_system_clk_wiz_0_0
    BUFGCTRL_X0Y16       BUFG (Prop_bufg_I_O)         0.026    -1.231 r  npu_system_i/clk_wiz_0/inst/clkout2_buf/O
                         net (fo=158, routed)         0.637    -0.594    npu_system_i/dvi2rgb_0/U0/TMDS_ClockingX/MMCM_LockSync/RefClk
    SLICE_X113Y52        FDRE                                         r  npu_system_i/dvi2rgb_0/U0/TMDS_ClockingX/MMCM_LockSync/oSyncStages_reg[0]/C
  -------------------------------------------------------------------    -------------------
    SLICE_X113Y52        FDRE (Prop_fdre_C_Q)         0.141    -0.453 r  npu_system_i/dvi2rgb_0/U0/TMDS_ClockingX/MMCM_LockSync/oSyncStages_reg[0]/Q
                         net (fo=1, routed)           0.056    -0.398    npu_system_i/dvi2rgb_0/U0/TMDS_ClockingX/MMCM_LockSync/oSyncStages[0]
    SLICE_X113Y52        FDRE                                         r  npu_system_i/dvi2rgb_0/U0/TMDS_ClockingX/MMCM_LockSync/oSyncStages_reg[1]/D
  -------------------------------------------------------------------    -------------------

                         (clock clk_out2_npu_system_clk_wiz_0_0 rise edge)
                                                      0.000     0.000 r  
    H16                                               0.000     0.000 r  sysclk (IN)
                         net (fo=0)                   0.000     0.000    npu_system_i/clk_wiz_0/inst/clk_in1
    H16                  IBUF (Prop_ibuf_I_O)         0.406     0.406 r  npu_system_i/clk_wiz_0/inst/clkin1_ibufg/O
                         net (fo=1, routed)           0.480     0.886    npu_system_i/clk_wiz_0/inst/clk_in1_npu_system_clk_wiz_0_0
    MMCME2_ADV_X1Y2      MMCME2_ADV (Prop_mmcme2_adv_CLKIN1_CLKOUT1)
                                                     -3.407    -2.521 r  npu_system_i/clk_wiz_0/inst/mmcm_adv_inst/CLKOUT1
                         net (fo=1, routed)           0.752    -1.769    npu_system_i/clk_wiz_0/inst/clk_out2_npu_system_clk_wiz_0_0
    BUFGCTRL_X0Y16       BUFG (Prop_bufg_I_O)         0.029    -1.740 r  npu_system_i/clk_wiz_0/inst/clkout2_buf/O
                         net (fo=158, routed)         0.909    -0.831    npu_system_i/dvi2rgb_0/U0/TMDS_ClockingX/MMCM_LockSync/RefClk
    SLICE_X113Y52        FDRE                                         r  npu_system_i/dvi2rgb_0/U0/TMDS_ClockingX/MMCM_LockSync/oSyncStages_reg[1]/C
                         clock pessimism              0.236    -0.594    
                         clock uncertainty            0.065    -0.529    
    SLICE_X113Y52        FDRE (Hold_fdre_C_D)         0.075    -0.454    npu_system_i/dvi2rgb_0/U0/TMDS_ClockingX/MMCM_LockSync/oSyncStages_reg[1]
  -------------------------------------------------------------------
                         required time                          0.454    
                         arrival time                          -0.398    
  -------------------------------------------------------------------
                         slack                                  0.057    





---------------------------------------------------------------------------------------------------
Path Group:  **async_default**
From Clock:  clk_out1_npu_system_clk_wiz_0_0
  To Clock:  clk_out1_npu_system_clk_wiz_0_0

Setup :            0  Failing Endpoints,  Worst Slack        1.287ns,  Total Violation        0.000ns
Hold  :            0  Failing Endpoints,  Worst Slack        0.373ns,  Total Violation        0.000ns
---------------------------------------------------------------------------------------------------


Max Delay Paths
--------------------------------------------------------------------------------------
Slack (MET) :             1.287ns  (required time - arrival time)
  Source:                 npu_system_i/proc_sys_reset_0/U0/ACTIVE_LOW_PR_OUT_DFF[0].FDRE_PER_N/C
                            (rising edge-triggered cell FDRE clocked by clk_out1_npu_system_clk_wiz_0_0  {rise@0.000ns fall@4.000ns period=8.000ns})
  Destination:            npu_system_i/tinynpu_0/inst/u_systolic/row[1].col[3].pe_inst/psum_out_reg[28]/CLR
                            (recovery check against rising-edge clock clk_out1_npu_system_clk_wiz_0_0  {rise@0.000ns fall@4.000ns period=8.000ns})
  Path Group:             **async_default**
  Path Type:              Recovery (Max at Slow Process Corner)
  Requirement:            8.000ns  (clk_out1_npu_system_clk_wiz_0_0 rise@8.000ns - clk_out1_npu_system_clk_wiz_0_0 rise@0.000ns)
  Data Path Delay:        8.813ns  (logic 0.642ns (7.285%)  route 8.171ns (92.715%))
  Logic Levels:           1  (LUT1=1)
  Clock Path Skew:        2.575ns (DCD - SCD + CPR)
    Destination Clock Delay (DCD):    1.311ns = ( 9.311 - 8.000 ) 
    Source Clock Delay      (SCD):    -0.811ns
    Clock Pessimism Removal (CPR):    0.452ns
  Clock Uncertainty:      0.069ns  ((TSJ^2 + DJ^2)^1/2) / 2 + PE
    Total System Jitter     (TSJ):    0.071ns
    Discrete Jitter          (DJ):    0.119ns
    Phase Error              (PE):    0.000ns

    Location             Delay type                Incr(ns)  Path(ns)    Netlist Resource(s)
  -------------------------------------------------------------------    -------------------
                         (clock clk_out1_npu_system_clk_wiz_0_0 rise edge)
                                                      0.000     0.000 r  
    H16                                               0.000     0.000 r  sysclk (IN)
                         net (fo=0)                   0.000     0.000    npu_system_i/clk_wiz_0/inst/clk_in1
    H16                  IBUF (Prop_ibuf_I_O)         1.451     1.451 r  npu_system_i/clk_wiz_0/inst/clkin1_ibufg/O
                         net (fo=1, routed)           1.285     2.736    npu_system_i/clk_wiz_0/inst/clk_in1_npu_system_clk_wiz_0_0
    MMCME2_ADV_X1Y2      MMCME2_ADV (Prop_mmcme2_adv_CLKIN1_CLKOUT0)
                                                     -7.759    -5.023 r  npu_system_i/clk_wiz_0/inst/mmcm_adv_inst/CLKOUT0
                         net (fo=1, routed)           2.206    -2.817    npu_system_i/clk_wiz_0/inst/clk_out1_npu_system_clk_wiz_0_0
    BUFGCTRL_X0Y17       BUFG (Prop_bufg_I_O)         0.101    -2.716 r  npu_system_i/clk_wiz_0/inst/clkout1_buf/O
                         net (fo=5312, routed)        1.905    -0.811    npu_system_i/proc_sys_reset_0/U0/slowest_sync_clk
    SLICE_X66Y110        FDRE                                         r  npu_system_i/proc_sys_reset_0/U0/ACTIVE_LOW_PR_OUT_DFF[0].FDRE_PER_N/C
  -------------------------------------------------------------------    -------------------
    SLICE_X66Y110        FDRE (Prop_fdre_C_Q)         0.518    -0.293 r  npu_system_i/proc_sys_reset_0/U0/ACTIVE_LOW_PR_OUT_DFF[0].FDRE_PER_N/Q
                         net (fo=71, routed)          2.299     2.006    npu_system_i/tinynpu_0/inst/u_systolic/row[10].col[2].pe_inst/aresetn
    SLICE_X60Y66         LUT1 (Prop_lut1_I0_O)        0.124     2.130 f  npu_system_i/tinynpu_0/inst/u_systolic/row[10].col[2].pe_inst/bram_rst_INST_0/O
                         net (fo=14699, routed)       5.872     8.002    npu_system_i/tinynpu_0/inst/u_systolic/row[1].col[3].pe_inst/psum_out_reg[31]_1
    SLICE_X109Y136       FDCE                                         f  npu_system_i/tinynpu_0/inst/u_systolic/row[1].col[3].pe_inst/psum_out_reg[28]/CLR
  -------------------------------------------------------------------    -------------------

                         (clock clk_out1_npu_system_clk_wiz_0_0 rise edge)
                                                      8.000     8.000 r  
    H16                                               0.000     8.000 r  sysclk (IN)
                         net (fo=0)                   0.000     8.000    npu_system_i/clk_wiz_0/inst/clk_in1
    H16                  IBUF (Prop_ibuf_I_O)         1.380     9.380 r  npu_system_i/clk_wiz_0/inst/clkin1_ibufg/O
                         net (fo=1, routed)           1.162    10.542    npu_system_i/clk_wiz_0/inst/clk_in1_npu_system_clk_wiz_0_0
    MMCME2_ADV_X1Y2      MMCME2_ADV (Prop_mmcme2_adv_CLKIN1_CLKOUT0)
                                                     -7.814     2.728 r  npu_system_i/clk_wiz_0/inst/mmcm_adv_inst/CLKOUT0
                         net (fo=1, routed)           2.012     4.740    npu_system_i/clk_wiz_0/inst/clk_out1_npu_system_clk_wiz_0_0
    BUFGCTRL_X0Y17       BUFG (Prop_bufg_I_O)         0.091     4.831 r  npu_system_i/clk_wiz_0/inst/clkout1_buf/O
                         net (fo=5312, routed)        2.533     7.365    npu_system_i/tinynpu_0/inst/u_icg_compute/aclk
    BUFGCTRL_X0Y2        BUFGCTRL (Prop_bufgctrl_I0_O)
                                                      0.091     7.456 r  npu_system_i/tinynpu_0/inst/u_icg_compute/u_bufgce/O
                         net (fo=13994, routed)       1.855     9.311    npu_system_i/tinynpu_0/inst/u_systolic/row[1].col[3].pe_inst/clk_compute
    SLICE_X109Y136       FDCE                                         r  npu_system_i/tinynpu_0/inst/u_systolic/row[1].col[3].pe_inst/psum_out_reg[28]/C
                         clock pessimism              0.452     9.763    
                         clock uncertainty           -0.069     9.694    
    SLICE_X109Y136       FDCE (Recov_fdce_C_CLR)     -0.405     9.289    npu_system_i/tinynpu_0/inst/u_systolic/row[1].col[3].pe_inst/psum_out_reg[28]
  -------------------------------------------------------------------
                         required time                          9.289    
                         arrival time                          -8.002    
  -------------------------------------------------------------------
                         slack                                  1.287    





Min Delay Paths
--------------------------------------------------------------------------------------
Slack (MET) :             0.373ns  (arrival time - required time)
  Source:                 npu_system_i/proc_sys_reset_0/U0/ACTIVE_LOW_PR_OUT_DFF[0].FDRE_PER_N/C
                            (rising edge-triggered cell FDRE clocked by clk_out1_npu_system_clk_wiz_0_0  {rise@0.000ns fall@4.000ns period=8.000ns})
  Destination:            npu_system_i/tinynpu_0/inst/u_systolic/row[13].col[2].pe_inst/act_out_reg[0]/CLR
                            (removal check against rising-edge clock clk_out1_npu_system_clk_wiz_0_0  {rise@0.000ns fall@4.000ns period=8.000ns})
  Path Group:             **async_default**
  Path Type:              Removal (Min at Fast Process Corner)
  Requirement:            0.000ns  (clk_out1_npu_system_clk_wiz_0_0 rise@0.000ns - clk_out1_npu_system_clk_wiz_0_0 rise@0.000ns)
  Data Path Delay:        1.729ns  (logic 0.209ns (12.091%)  route 1.520ns (87.909%))
  Logic Levels:           1  (LUT1=1)
  Clock Path Skew:        1.448ns (DCD - SCD - CPR)
    Destination Clock Delay (DCD):    0.367ns
    Source Clock Delay      (SCD):    -0.572ns
    Clock Pessimism Removal (CPR):    -0.509ns

    Location             Delay type                Incr(ns)  Path(ns)    Netlist Resource(s)
  -------------------------------------------------------------------    -------------------
                         (clock clk_out1_npu_system_clk_wiz_0_0 rise edge)
                                                      0.000     0.000 r  
    H16                                               0.000     0.000 r  sysclk (IN)
                         net (fo=0)                   0.000     0.000    npu_system_i/clk_wiz_0/inst/clk_in1
    H16                  IBUF (Prop_ibuf_I_O)         0.219     0.219 r  npu_system_i/clk_wiz_0/inst/clkin1_ibufg/O
                         net (fo=1, routed)           0.440     0.659    npu_system_i/clk_wiz_0/inst/clk_in1_npu_system_clk_wiz_0_0
    MMCME2_ADV_X1Y2      MMCME2_ADV (Prop_mmcme2_adv_CLKIN1_CLKOUT0)
                                                     -2.613    -1.954 r  npu_system_i/clk_wiz_0/inst/mmcm_adv_inst/CLKOUT0
                         net (fo=1, routed)           0.696    -1.257    npu_system_i/clk_wiz_0/inst/clk_out1_npu_system_clk_wiz_0_0
    BUFGCTRL_X0Y17       BUFG (Prop_bufg_I_O)         0.026    -1.231 r  npu_system_i/clk_wiz_0/inst/clkout1_buf/O
                         net (fo=5312, routed)        0.659    -0.572    npu_system_i/proc_sys_reset_0/U0/slowest_sync_clk
    SLICE_X66Y110        FDRE                                         r  npu_system_i/proc_sys_reset_0/U0/ACTIVE_LOW_PR_OUT_DFF[0].FDRE_PER_N/C
  -------------------------------------------------------------------    -------------------
    SLICE_X66Y110        FDRE (Prop_fdre_C_Q)         0.164    -0.408 r  npu_system_i/proc_sys_reset_0/U0/ACTIVE_LOW_PR_OUT_DFF[0].FDRE_PER_N/Q
                         net (fo=71, routed)          0.975     0.567    npu_system_i/tinynpu_0/inst/u_systolic/row[10].col[2].pe_inst/aresetn
    SLICE_X60Y66         LUT1 (Prop_lut1_I0_O)        0.045     0.612 f  npu_system_i/tinynpu_0/inst/u_systolic/row[10].col[2].pe_inst/bram_rst_INST_0/O
                         net (fo=14699, routed)       0.544     1.156    npu_system_i/tinynpu_0/inst/u_systolic/row[13].col[2].pe_inst/psum_out_reg[31]_1
    SLICE_X57Y102        FDCE                                         f  npu_system_i/tinynpu_0/inst/u_systolic/row[13].col[2].pe_inst/act_out_reg[0]/CLR
  -------------------------------------------------------------------    -------------------

                         (clock clk_out1_npu_system_clk_wiz_0_0 rise edge)
                                                      0.000     0.000 r  
    H16                                               0.000     0.000 r  sysclk (IN)
                         net (fo=0)                   0.000     0.000    npu_system_i/clk_wiz_0/inst/clk_in1
    H16                  IBUF (Prop_ibuf_I_O)         0.406     0.406 r  npu_system_i/clk_wiz_0/inst/clkin1_ibufg/O
                         net (fo=1, routed)           0.480     0.886    npu_system_i/clk_wiz_0/inst/clk_in1_npu_system_clk_wiz_0_0
    MMCME2_ADV_X1Y2      MMCME2_ADV (Prop_mmcme2_adv_CLKIN1_CLKOUT0)
                                                     -3.407    -2.521 r  npu_system_i/clk_wiz_0/inst/mmcm_adv_inst/CLKOUT0
                         net (fo=1, routed)           0.752    -1.769    npu_system_i/clk_wiz_0/inst/clk_out1_npu_system_clk_wiz_0_0
    BUFGCTRL_X0Y17       BUFG (Prop_bufg_I_O)         0.029    -1.740 r  npu_system_i/clk_wiz_0/inst/clkout1_buf/O
                         net (fo=5312, routed)        1.142    -0.598    npu_system_i/tinynpu_0/inst/u_icg_compute/aclk
    BUFGCTRL_X0Y2        BUFGCTRL (Prop_bufgctrl_I0_O)
                                                      0.029    -0.569 r  npu_system_i/tinynpu_0/inst/u_icg_compute/u_bufgce/O
                         net (fo=13994, routed)       0.936     0.367    npu_system_i/tinynpu_0/inst/u_systolic/row[13].col[2].pe_inst/clk_compute
    SLICE_X57Y102        FDCE                                         r  npu_system_i/tinynpu_0/inst/u_systolic/row[13].col[2].pe_inst/act_out_reg[0]/C
                         clock pessimism              0.509     0.876    
    SLICE_X57Y102        FDCE (Remov_fdce_C_CLR)     -0.092     0.784    npu_system_i/tinynpu_0/inst/u_systolic/row[13].col[2].pe_inst/act_out_reg[0]
  -------------------------------------------------------------------
                         required time                         -0.784    
                         arrival time                           1.156    
  -------------------------------------------------------------------
                         slack                                  0.373    





---------------------------------------------------------------------------------------------------
Path Group:  **async_default**
From Clock:  clk_out1_npu_system_clk_wiz_0_0_1
  To Clock:  clk_out1_npu_system_clk_wiz_0_0

Setup :            0  Failing Endpoints,  Worst Slack        1.287ns,  Total Violation        0.000ns
Hold  :            0  Failing Endpoints,  Worst Slack        0.303ns,  Total Violation        0.000ns
---------------------------------------------------------------------------------------------------


Max Delay Paths
--------------------------------------------------------------------------------------
Slack (MET) :             1.287ns  (required time - arrival time)
  Source:                 npu_system_i/proc_sys_reset_0/U0/ACTIVE_LOW_PR_OUT_DFF[0].FDRE_PER_N/C
                            (rising edge-triggered cell FDRE clocked by clk_out1_npu_system_clk_wiz_0_0_1  {rise@0.000ns fall@4.000ns period=8.000ns})
  Destination:            npu_system_i/tinynpu_0/inst/u_systolic/row[1].col[3].pe_inst/psum_out_reg[28]/CLR
                            (recovery check against rising-edge clock clk_out1_npu_system_clk_wiz_0_0  {rise@0.000ns fall@4.000ns period=8.000ns})
  Path Group:             **async_default**
  Path Type:              Recovery (Max at Slow Process Corner)
  Requirement:            8.000ns  (clk_out1_npu_system_clk_wiz_0_0 rise@8.000ns - clk_out1_npu_system_clk_wiz_0_0_1 rise@0.000ns)
  Data Path Delay:        8.813ns  (logic 0.642ns (7.285%)  route 8.171ns (92.715%))
  Logic Levels:           1  (LUT1=1)
  Clock Path Skew:        2.575ns (DCD - SCD + CPR)
    Destination Clock Delay (DCD):    1.311ns = ( 9.311 - 8.000 ) 
    Source Clock Delay      (SCD):    -0.811ns
    Clock Pessimism Removal (CPR):    0.452ns
  Clock Uncertainty:      0.069ns  ((TSJ^2 + DJ^2)^1/2) / 2 + PE
    Total System Jitter     (TSJ):    0.071ns
    Discrete Jitter          (DJ):    0.119ns
    Phase Error              (PE):    0.000ns
  Clock Domain Crossing:  Inter clock paths are considered valid unless explicitly excluded by timing constraints such as set_clock_groups or set_false_path.

    Location             Delay type                Incr(ns)  Path(ns)    Netlist Resource(s)
  -------------------------------------------------------------------    -------------------
                         (clock clk_out1_npu_system_clk_wiz_0_0_1 rise edge)
                                                      0.000     0.000 r  
    H16                                               0.000     0.000 r  sysclk (IN)
                         net (fo=0)                   0.000     0.000    npu_system_i/clk_wiz_0/inst/clk_in1
    H16                  IBUF (Prop_ibuf_I_O)         1.451     1.451 r  npu_system_i/clk_wiz_0/inst/clkin1_ibufg/O
                         net (fo=1, routed)           1.285     2.736    npu_system_i/clk_wiz_0/inst/clk_in1_npu_system_clk_wiz_0_0
    MMCME2_ADV_X1Y2      MMCME2_ADV (Prop_mmcme2_adv_CLKIN1_CLKOUT0)
                                                     -7.759    -5.023 r  npu_system_i/clk_wiz_0/inst/mmcm_adv_inst/CLKOUT0
                         net (fo=1, routed)           2.206    -2.817    npu_system_i/clk_wiz_0/inst/clk_out1_npu_system_clk_wiz_0_0
    BUFGCTRL_X0Y17       BUFG (Prop_bufg_I_O)         0.101    -2.716 r  npu_system_i/clk_wiz_0/inst/clkout1_buf/O
                         net (fo=5312, routed)        1.905    -0.811    npu_system_i/proc_sys_reset_0/U0/slowest_sync_clk
    SLICE_X66Y110        FDRE                                         r  npu_system_i/proc_sys_reset_0/U0/ACTIVE_LOW_PR_OUT_DFF[0].FDRE_PER_N/C
  -------------------------------------------------------------------    -------------------
    SLICE_X66Y110        FDRE (Prop_fdre_C_Q)         0.518    -0.293 r  npu_system_i/proc_sys_reset_0/U0/ACTIVE_LOW_PR_OUT_DFF[0].FDRE_PER_N/Q
                         net (fo=71, routed)          2.299     2.006    npu_system_i/tinynpu_0/inst/u_systolic/row[10].col[2].pe_inst/aresetn
    SLICE_X60Y66         LUT1 (Prop_lut1_I0_O)        0.124     2.130 f  npu_system_i/tinynpu_0/inst/u_systolic/row[10].col[2].pe_inst/bram_rst_INST_0/O
                         net (fo=14699, routed)       5.872     8.002    npu_system_i/tinynpu_0/inst/u_systolic/row[1].col[3].pe_inst/psum_out_reg[31]_1
    SLICE_X109Y136       FDCE                                         f  npu_system_i/tinynpu_0/inst/u_systolic/row[1].col[3].pe_inst/psum_out_reg[28]/CLR
  -------------------------------------------------------------------    -------------------

                         (clock clk_out1_npu_system_clk_wiz_0_0 rise edge)
                                                      8.000     8.000 r  
    H16                                               0.000     8.000 r  sysclk (IN)
                         net (fo=0)                   0.000     8.000    npu_system_i/clk_wiz_0/inst/clk_in1
    H16                  IBUF (Prop_ibuf_I_O)         1.380     9.380 r  npu_system_i/clk_wiz_0/inst/clkin1_ibufg/O
                         net (fo=1, routed)           1.162    10.542    npu_system_i/clk_wiz_0/inst/clk_in1_npu_system_clk_wiz_0_0
    MMCME2_ADV_X1Y2      MMCME2_ADV (Prop_mmcme2_adv_CLKIN1_CLKOUT0)
                                                     -7.814     2.728 r  npu_system_i/clk_wiz_0/inst/mmcm_adv_inst/CLKOUT0
                         net (fo=1, routed)           2.012     4.740    npu_system_i/clk_wiz_0/inst/clk_out1_npu_system_clk_wiz_0_0
    BUFGCTRL_X0Y17       BUFG (Prop_bufg_I_O)         0.091     4.831 r  npu_system_i/clk_wiz_0/inst/clkout1_buf/O
                         net (fo=5312, routed)        2.533     7.365    npu_system_i/tinynpu_0/inst/u_icg_compute/aclk
    BUFGCTRL_X0Y2        BUFGCTRL (Prop_bufgctrl_I0_O)
                                                      0.091     7.456 r  npu_system_i/tinynpu_0/inst/u_icg_compute/u_bufgce/O
                         net (fo=13994, routed)       1.855     9.311    npu_system_i/tinynpu_0/inst/u_systolic/row[1].col[3].pe_inst/clk_compute
    SLICE_X109Y136       FDCE                                         r  npu_system_i/tinynpu_0/inst/u_systolic/row[1].col[3].pe_inst/psum_out_reg[28]/C
                         clock pessimism              0.452     9.763    
                         clock uncertainty           -0.069     9.694    
    SLICE_X109Y136       FDCE (Recov_fdce_C_CLR)     -0.405     9.289    npu_system_i/tinynpu_0/inst/u_systolic/row[1].col[3].pe_inst/psum_out_reg[28]
  -------------------------------------------------------------------
                         required time                          9.289    
                         arrival time                          -8.002    
  -------------------------------------------------------------------
                         slack                                  1.287    





Min Delay Paths
--------------------------------------------------------------------------------------
Slack (MET) :             0.303ns  (arrival time - required time)
  Source:                 npu_system_i/proc_sys_reset_0/U0/ACTIVE_LOW_PR_OUT_DFF[0].FDRE_PER_N/C
                            (rising edge-triggered cell FDRE clocked by clk_out1_npu_system_clk_wiz_0_0_1  {rise@0.000ns fall@4.000ns period=8.000ns})
  Destination:            npu_system_i/tinynpu_0/inst/u_systolic/row[13].col[2].pe_inst/act_out_reg[0]/CLR
                            (removal check against rising-edge clock clk_out1_npu_system_clk_wiz_0_0  {rise@0.000ns fall@4.000ns period=8.000ns})
  Path Group:             **async_default**
  Path Type:              Removal (Min at Fast Process Corner)
  Requirement:            0.000ns  (clk_out1_npu_system_clk_wiz_0_0 rise@0.000ns - clk_out1_npu_system_clk_wiz_0_0_1 rise@0.000ns)
  Data Path Delay:        1.729ns  (logic 0.209ns (12.091%)  route 1.520ns (87.909%))
  Logic Levels:           1  (LUT1=1)
  Clock Path Skew:        1.448ns (DCD - SCD - CPR)
    Destination Clock Delay (DCD):    0.367ns
    Source Clock Delay      (SCD):    -0.572ns
    Clock Pessimism Removal (CPR):    -0.509ns
  Clock Uncertainty:      0.069ns  ((TSJ^2 + DJ^2)^1/2) / 2 + PE
    Total System Jitter     (TSJ):    0.071ns
    Discrete Jitter          (DJ):    0.119ns
    Phase Error              (PE):    0.000ns
  Clock Domain Crossing:  Inter clock paths are considered valid unless explicitly excluded by timing constraints such as set_clock_groups or set_false_path.

    Location             Delay type                Incr(ns)  Path(ns)    Netlist Resource(s)
  -------------------------------------------------------------------    -------------------
                         (clock clk_out1_npu_system_clk_wiz_0_0_1 rise edge)
                                                      0.000     0.000 r  
    H16                                               0.000     0.000 r  sysclk (IN)
                         net (fo=0)                   0.000     0.000    npu_system_i/clk_wiz_0/inst/clk_in1
    H16                  IBUF (Prop_ibuf_I_O)         0.219     0.219 r  npu_system_i/clk_wiz_0/inst/clkin1_ibufg/O
                         net (fo=1, routed)           0.440     0.659    npu_system_i/clk_wiz_0/inst/clk_in1_npu_system_clk_wiz_0_0
    MMCME2_ADV_X1Y2      MMCME2_ADV (Prop_mmcme2_adv_CLKIN1_CLKOUT0)
                                                     -2.613    -1.954 r  npu_system_i/clk_wiz_0/inst/mmcm_adv_inst/CLKOUT0
                         net (fo=1, routed)           0.696    -1.257    npu_system_i/clk_wiz_0/inst/clk_out1_npu_system_clk_wiz_0_0
    BUFGCTRL_X0Y17       BUFG (Prop_bufg_I_O)         0.026    -1.231 r  npu_system_i/clk_wiz_0/inst/clkout1_buf/O
                         net (fo=5312, routed)        0.659    -0.572    npu_system_i/proc_sys_reset_0/U0/slowest_sync_clk
    SLICE_X66Y110        FDRE                                         r  npu_system_i/proc_sys_reset_0/U0/ACTIVE_LOW_PR_OUT_DFF[0].FDRE_PER_N/C
  -------------------------------------------------------------------    -------------------
    SLICE_X66Y110        FDRE (Prop_fdre_C_Q)         0.164    -0.408 r  npu_system_i/proc_sys_reset_0/U0/ACTIVE_LOW_PR_OUT_DFF[0].FDRE_PER_N/Q
                         net (fo=71, routed)          0.975     0.567    npu_system_i/tinynpu_0/inst/u_systolic/row[10].col[2].pe_inst/aresetn
    SLICE_X60Y66         LUT1 (Prop_lut1_I0_O)        0.045     0.612 f  npu_system_i/tinynpu_0/inst/u_systolic/row[10].col[2].pe_inst/bram_rst_INST_0/O
                         net (fo=14699, routed)       0.544     1.156    npu_system_i/tinynpu_0/inst/u_systolic/row[13].col[2].pe_inst/psum_out_reg[31]_1
    SLICE_X57Y102        FDCE                                         f  npu_system_i/tinynpu_0/inst/u_systolic/row[13].col[2].pe_inst/act_out_reg[0]/CLR
  -------------------------------------------------------------------    -------------------

                         (clock clk_out1_npu_system_clk_wiz_0_0 rise edge)
                                                      0.000     0.000 r  
    H16                                               0.000     0.000 r  sysclk (IN)
                         net (fo=0)                   0.000     0.000    npu_system_i/clk_wiz_0/inst/clk_in1
    H16                  IBUF (Prop_ibuf_I_O)         0.406     0.406 r  npu_system_i/clk_wiz_0/inst/clkin1_ibufg/O
                         net (fo=1, routed)           0.480     0.886    npu_system_i/clk_wiz_0/inst/clk_in1_npu_system_clk_wiz_0_0
    MMCME2_ADV_X1Y2      MMCME2_ADV (Prop_mmcme2_adv_CLKIN1_CLKOUT0)
                                                     -3.407    -2.521 r  npu_system_i/clk_wiz_0/inst/mmcm_adv_inst/CLKOUT0
                         net (fo=1, routed)           0.752    -1.769    npu_system_i/clk_wiz_0/inst/clk_out1_npu_system_clk_wiz_0_0
    BUFGCTRL_X0Y17       BUFG (Prop_bufg_I_O)         0.029    -1.740 r  npu_system_i/clk_wiz_0/inst/clkout1_buf/O
                         net (fo=5312, routed)        1.142    -0.598    npu_system_i/tinynpu_0/inst/u_icg_compute/aclk
    BUFGCTRL_X0Y2        BUFGCTRL (Prop_bufgctrl_I0_O)
                                                      0.029    -0.569 r  npu_system_i/tinynpu_0/inst/u_icg_compute/u_bufgce/O
                         net (fo=13994, routed)       0.936     0.367    npu_system_i/tinynpu_0/inst/u_systolic/row[13].col[2].pe_inst/clk_compute
    SLICE_X57Y102        FDCE                                         r  npu_system_i/tinynpu_0/inst/u_systolic/row[13].col[2].pe_inst/act_out_reg[0]/C
                         clock pessimism              0.509     0.876    
                         clock uncertainty            0.069     0.945    
    SLICE_X57Y102        FDCE (Remov_fdce_C_CLR)     -0.092     0.853    npu_system_i/tinynpu_0/inst/u_systolic/row[13].col[2].pe_inst/act_out_reg[0]
  -------------------------------------------------------------------
                         required time                         -0.853    
                         arrival time                           1.156    
  -------------------------------------------------------------------
                         slack                                  0.303    





---------------------------------------------------------------------------------------------------
Path Group:  **async_default**
From Clock:  clk_out1_npu_system_clk_wiz_0_0
  To Clock:  clk_out1_npu_system_clk_wiz_0_0_1

Setup :            0  Failing Endpoints,  Worst Slack        1.287ns,  Total Violation        0.000ns
Hold  :            0  Failing Endpoints,  Worst Slack        0.303ns,  Total Violation        0.000ns
---------------------------------------------------------------------------------------------------


Max Delay Paths
--------------------------------------------------------------------------------------
Slack (MET) :             1.287ns  (required time - arrival time)
  Source:                 npu_system_i/proc_sys_reset_0/U0/ACTIVE_LOW_PR_OUT_DFF[0].FDRE_PER_N/C
                            (rising edge-triggered cell FDRE clocked by clk_out1_npu_system_clk_wiz_0_0  {rise@0.000ns fall@4.000ns period=8.000ns})
  Destination:            npu_system_i/tinynpu_0/inst/u_systolic/row[1].col[3].pe_inst/psum_out_reg[28]/CLR
                            (recovery check against rising-edge clock clk_out1_npu_system_clk_wiz_0_0_1  {rise@0.000ns fall@4.000ns period=8.000ns})
  Path Group:             **async_default**
  Path Type:              Recovery (Max at Slow Process Corner)
  Requirement:            8.000ns  (clk_out1_npu_system_clk_wiz_0_0_1 rise@8.000ns - clk_out1_npu_system_clk_wiz_0_0 rise@0.000ns)
  Data Path Delay:        8.813ns  (logic 0.642ns (7.285%)  route 8.171ns (92.715%))
  Logic Levels:           1  (LUT1=1)
  Clock Path Skew:        2.575ns (DCD - SCD + CPR)
    Destination Clock Delay (DCD):    1.311ns = ( 9.311 - 8.000 ) 
    Source Clock Delay      (SCD):    -0.811ns
    Clock Pessimism Removal (CPR):    0.452ns
  Clock Uncertainty:      0.069ns  ((TSJ^2 + DJ^2)^1/2) / 2 + PE
    Total System Jitter     (TSJ):    0.071ns
    Discrete Jitter          (DJ):    0.119ns
    Phase Error              (PE):    0.000ns
  Clock Domain Crossing:  Inter clock paths are considered valid unless explicitly excluded by timing constraints such as set_clock_groups or set_false_path.

    Location             Delay type                Incr(ns)  Path(ns)    Netlist Resource(s)
  -------------------------------------------------------------------    -------------------
                         (clock clk_out1_npu_system_clk_wiz_0_0 rise edge)
                                                      0.000     0.000 r  
    H16                                               0.000     0.000 r  sysclk (IN)
                         net (fo=0)                   0.000     0.000    npu_system_i/clk_wiz_0/inst/clk_in1
    H16                  IBUF (Prop_ibuf_I_O)         1.451     1.451 r  npu_system_i/clk_wiz_0/inst/clkin1_ibufg/O
                         net (fo=1, routed)           1.285     2.736    npu_system_i/clk_wiz_0/inst/clk_in1_npu_system_clk_wiz_0_0
    MMCME2_ADV_X1Y2      MMCME2_ADV (Prop_mmcme2_adv_CLKIN1_CLKOUT0)
                                                     -7.759    -5.023 r  npu_system_i/clk_wiz_0/inst/mmcm_adv_inst/CLKOUT0
                         net (fo=1, routed)           2.206    -2.817    npu_system_i/clk_wiz_0/inst/clk_out1_npu_system_clk_wiz_0_0
    BUFGCTRL_X0Y17       BUFG (Prop_bufg_I_O)         0.101    -2.716 r  npu_system_i/clk_wiz_0/inst/clkout1_buf/O
                         net (fo=5312, routed)        1.905    -0.811    npu_system_i/proc_sys_reset_0/U0/slowest_sync_clk
    SLICE_X66Y110        FDRE                                         r  npu_system_i/proc_sys_reset_0/U0/ACTIVE_LOW_PR_OUT_DFF[0].FDRE_PER_N/C
  -------------------------------------------------------------------    -------------------
    SLICE_X66Y110        FDRE (Prop_fdre_C_Q)         0.518    -0.293 r  npu_system_i/proc_sys_reset_0/U0/ACTIVE_LOW_PR_OUT_DFF[0].FDRE_PER_N/Q
                         net (fo=71, routed)          2.299     2.006    npu_system_i/tinynpu_0/inst/u_systolic/row[10].col[2].pe_inst/aresetn
    SLICE_X60Y66         LUT1 (Prop_lut1_I0_O)        0.124     2.130 f  npu_system_i/tinynpu_0/inst/u_systolic/row[10].col[2].pe_inst/bram_rst_INST_0/O
                         net (fo=14699, routed)       5.872     8.002    npu_system_i/tinynpu_0/inst/u_systolic/row[1].col[3].pe_inst/psum_out_reg[31]_1
    SLICE_X109Y136       FDCE                                         f  npu_system_i/tinynpu_0/inst/u_systolic/row[1].col[3].pe_inst/psum_out_reg[28]/CLR
  -------------------------------------------------------------------    -------------------

                         (clock clk_out1_npu_system_clk_wiz_0_0_1 rise edge)
                                                      8.000     8.000 r  
    H16                                               0.000     8.000 r  sysclk (IN)
                         net (fo=0)                   0.000     8.000    npu_system_i/clk_wiz_0/inst/clk_in1
    H16                  IBUF (Prop_ibuf_I_O)         1.380     9.380 r  npu_system_i/clk_wiz_0/inst/clkin1_ibufg/O
                         net (fo=1, routed)           1.162    10.542    npu_system_i/clk_wiz_0/inst/clk_in1_npu_system_clk_wiz_0_0
    MMCME2_ADV_X1Y2      MMCME2_ADV (Prop_mmcme2_adv_CLKIN1_CLKOUT0)
                                                     -7.814     2.728 r  npu_system_i/clk_wiz_0/inst/mmcm_adv_inst/CLKOUT0
                         net (fo=1, routed)           2.012     4.740    npu_system_i/clk_wiz_0/inst/clk_out1_npu_system_clk_wiz_0_0
    BUFGCTRL_X0Y17       BUFG (Prop_bufg_I_O)         0.091     4.831 r  npu_system_i/clk_wiz_0/inst/clkout1_buf/O
                         net (fo=5312, routed)        2.533     7.365    npu_system_i/tinynpu_0/inst/u_icg_compute/aclk
    BUFGCTRL_X0Y2        BUFGCTRL (Prop_bufgctrl_I0_O)
                                                      0.091     7.456 r  npu_system_i/tinynpu_0/inst/u_icg_compute/u_bufgce/O
                         net (fo=13994, routed)       1.855     9.311    npu_system_i/tinynpu_0/inst/u_systolic/row[1].col[3].pe_inst/clk_compute
    SLICE_X109Y136       FDCE                                         r  npu_system_i/tinynpu_0/inst/u_systolic/row[1].col[3].pe_inst/psum_out_reg[28]/C
                         clock pessimism              0.452     9.763    
                         clock uncertainty           -0.069     9.694    
    SLICE_X109Y136       FDCE (Recov_fdce_C_CLR)     -0.405     9.289    npu_system_i/tinynpu_0/inst/u_systolic/row[1].col[3].pe_inst/psum_out_reg[28]
  -------------------------------------------------------------------
                         required time                          9.289    
                         arrival time                          -8.002    
  -------------------------------------------------------------------
                         slack                                  1.287    





Min Delay Paths
--------------------------------------------------------------------------------------
Slack (MET) :             0.303ns  (arrival time - required time)
  Source:                 npu_system_i/proc_sys_reset_0/U0/ACTIVE_LOW_PR_OUT_DFF[0].FDRE_PER_N/C
                            (rising edge-triggered cell FDRE clocked by clk_out1_npu_system_clk_wiz_0_0  {rise@0.000ns fall@4.000ns period=8.000ns})
  Destination:            npu_system_i/tinynpu_0/inst/u_systolic/row[13].col[2].pe_inst/act_out_reg[0]/CLR
                            (removal check against rising-edge clock clk_out1_npu_system_clk_wiz_0_0_1  {rise@0.000ns fall@4.000ns period=8.000ns})
  Path Group:             **async_default**
  Path Type:              Removal (Min at Fast Process Corner)
  Requirement:            0.000ns  (clk_out1_npu_system_clk_wiz_0_0_1 rise@0.000ns - clk_out1_npu_system_clk_wiz_0_0 rise@0.000ns)
  Data Path Delay:        1.729ns  (logic 0.209ns (12.091%)  route 1.520ns (87.909%))
  Logic Levels:           1  (LUT1=1)
  Clock Path Skew:        1.448ns (DCD - SCD - CPR)
    Destination Clock Delay (DCD):    0.367ns
    Source Clock Delay      (SCD):    -0.572ns
    Clock Pessimism Removal (CPR):    -0.509ns
  Clock Uncertainty:      0.069ns  ((TSJ^2 + DJ^2)^1/2) / 2 + PE
    Total System Jitter     (TSJ):    0.071ns
    Discrete Jitter          (DJ):    0.119ns
    Phase Error              (PE):    0.000ns
  Clock Domain Crossing:  Inter clock paths are considered valid unless explicitly excluded by timing constraints such as set_clock_groups or set_false_path.

    Location             Delay type                Incr(ns)  Path(ns)    Netlist Resource(s)
  -------------------------------------------------------------------    -------------------
                         (clock clk_out1_npu_system_clk_wiz_0_0 rise edge)
                                                      0.000     0.000 r  
    H16                                               0.000     0.000 r  sysclk (IN)
                         net (fo=0)                   0.000     0.000    npu_system_i/clk_wiz_0/inst/clk_in1
    H16                  IBUF (Prop_ibuf_I_O)         0.219     0.219 r  npu_system_i/clk_wiz_0/inst/clkin1_ibufg/O
                         net (fo=1, routed)           0.440     0.659    npu_system_i/clk_wiz_0/inst/clk_in1_npu_system_clk_wiz_0_0
    MMCME2_ADV_X1Y2      MMCME2_ADV (Prop_mmcme2_adv_CLKIN1_CLKOUT0)
                                                     -2.613    -1.954 r  npu_system_i/clk_wiz_0/inst/mmcm_adv_inst/CLKOUT0
                         net (fo=1, routed)           0.696    -1.257    npu_system_i/clk_wiz_0/inst/clk_out1_npu_system_clk_wiz_0_0
    BUFGCTRL_X0Y17       BUFG (Prop_bufg_I_O)         0.026    -1.231 r  npu_system_i/clk_wiz_0/inst/clkout1_buf/O
                         net (fo=5312, routed)        0.659    -0.572    npu_system_i/proc_sys_reset_0/U0/slowest_sync_clk
    SLICE_X66Y110        FDRE                                         r  npu_system_i/proc_sys_reset_0/U0/ACTIVE_LOW_PR_OUT_DFF[0].FDRE_PER_N/C
  -------------------------------------------------------------------    -------------------
    SLICE_X66Y110        FDRE (Prop_fdre_C_Q)         0.164    -0.408 r  npu_system_i/proc_sys_reset_0/U0/ACTIVE_LOW_PR_OUT_DFF[0].FDRE_PER_N/Q
                         net (fo=71, routed)          0.975     0.567    npu_system_i/tinynpu_0/inst/u_systolic/row[10].col[2].pe_inst/aresetn
    SLICE_X60Y66         LUT1 (Prop_lut1_I0_O)        0.045     0.612 f  npu_system_i/tinynpu_0/inst/u_systolic/row[10].col[2].pe_inst/bram_rst_INST_0/O
                         net (fo=14699, routed)       0.544     1.156    npu_system_i/tinynpu_0/inst/u_systolic/row[13].col[2].pe_inst/psum_out_reg[31]_1
    SLICE_X57Y102        FDCE                                         f  npu_system_i/tinynpu_0/inst/u_systolic/row[13].col[2].pe_inst/act_out_reg[0]/CLR
  -------------------------------------------------------------------    -------------------

                         (clock clk_out1_npu_system_clk_wiz_0_0_1 rise edge)
                                                      0.000     0.000 r  
    H16                                               0.000     0.000 r  sysclk (IN)
                         net (fo=0)                   0.000     0.000    npu_system_i/clk_wiz_0/inst/clk_in1
    H16                  IBUF (Prop_ibuf_I_O)         0.406     0.406 r  npu_system_i/clk_wiz_0/inst/clkin1_ibufg/O
                         net (fo=1, routed)           0.480     0.886    npu_system_i/clk_wiz_0/inst/clk_in1_npu_system_clk_wiz_0_0
    MMCME2_ADV_X1Y2      MMCME2_ADV (Prop_mmcme2_adv_CLKIN1_CLKOUT0)
                                                     -3.407    -2.521 r  npu_system_i/clk_wiz_0/inst/mmcm_adv_inst/CLKOUT0
                         net (fo=1, routed)           0.752    -1.769    npu_system_i/clk_wiz_0/inst/clk_out1_npu_system_clk_wiz_0_0
    BUFGCTRL_X0Y17       BUFG (Prop_bufg_I_O)         0.029    -1.740 r  npu_system_i/clk_wiz_0/inst/clkout1_buf/O
                         net (fo=5312, routed)        1.142    -0.598    npu_system_i/tinynpu_0/inst/u_icg_compute/aclk
    BUFGCTRL_X0Y2        BUFGCTRL (Prop_bufgctrl_I0_O)
                                                      0.029    -0.569 r  npu_system_i/tinynpu_0/inst/u_icg_compute/u_bufgce/O
                         net (fo=13994, routed)       0.936     0.367    npu_system_i/tinynpu_0/inst/u_systolic/row[13].col[2].pe_inst/clk_compute
    SLICE_X57Y102        FDCE                                         r  npu_system_i/tinynpu_0/inst/u_systolic/row[13].col[2].pe_inst/act_out_reg[0]/C
                         clock pessimism              0.509     0.876    
                         clock uncertainty            0.069     0.945    
    SLICE_X57Y102        FDCE (Remov_fdce_C_CLR)     -0.092     0.853    npu_system_i/tinynpu_0/inst/u_systolic/row[13].col[2].pe_inst/act_out_reg[0]
  -------------------------------------------------------------------
                         required time                         -0.853    
                         arrival time                           1.156    
  -------------------------------------------------------------------
                         slack                                  0.303    





---------------------------------------------------------------------------------------------------
Path Group:  **async_default**
From Clock:  clk_out1_npu_system_clk_wiz_0_0_1
  To Clock:  clk_out1_npu_system_clk_wiz_0_0_1

Setup :            0  Failing Endpoints,  Worst Slack        1.288ns,  Total Violation        0.000ns
Hold  :            0  Failing Endpoints,  Worst Slack        0.373ns,  Total Violation        0.000ns
---------------------------------------------------------------------------------------------------


Max Delay Paths
--------------------------------------------------------------------------------------
Slack (MET) :             1.288ns  (required time - arrival time)
  Source:                 npu_system_i/proc_sys_reset_0/U0/ACTIVE_LOW_PR_OUT_DFF[0].FDRE_PER_N/C
                            (rising edge-triggered cell FDRE clocked by clk_out1_npu_system_clk_wiz_0_0_1  {rise@0.000ns fall@4.000ns period=8.000ns})
  Destination:            npu_system_i/tinynpu_0/inst/u_systolic/row[1].col[3].pe_inst/psum_out_reg[28]/CLR
                            (recovery check against rising-edge clock clk_out1_npu_system_clk_wiz_0_0_1  {rise@0.000ns fall@4.000ns period=8.000ns})
  Path Group:             **async_default**
  Path Type:              Recovery (Max at Slow Process Corner)
  Requirement:            8.000ns  (clk_out1_npu_system_clk_wiz_0_0_1 rise@8.000ns - clk_out1_npu_system_clk_wiz_0_0_1 rise@0.000ns)
  Data Path Delay:        8.813ns  (logic 0.642ns (7.285%)  route 8.171ns (92.715%))
  Logic Levels:           1  (LUT1=1)
  Clock Path Skew:        2.575ns (DCD - SCD + CPR)
    Destination Clock Delay (DCD):    1.311ns = ( 9.311 - 8.000 ) 
    Source Clock Delay      (SCD):    -0.811ns
    Clock Pessimism Removal (CPR):    0.452ns
  Clock Uncertainty:      0.069ns  ((TSJ^2 + DJ^2)^1/2) / 2 + PE
    Total System Jitter     (TSJ):    0.071ns
    Discrete Jitter          (DJ):    0.118ns
    Phase Error              (PE):    0.000ns

    Location             Delay type                Incr(ns)  Path(ns)    Netlist Resource(s)
  -------------------------------------------------------------------    -------------------
                         (clock clk_out1_npu_system_clk_wiz_0_0_1 rise edge)
                                                      0.000     0.000 r  
    H16                                               0.000     0.000 r  sysclk (IN)
                         net (fo=0)                   0.000     0.000    npu_system_i/clk_wiz_0/inst/clk_in1
    H16                  IBUF (Prop_ibuf_I_O)         1.451     1.451 r  npu_system_i/clk_wiz_0/inst/clkin1_ibufg/O
                         net (fo=1, routed)           1.285     2.736    npu_system_i/clk_wiz_0/inst/clk_in1_npu_system_clk_wiz_0_0
    MMCME2_ADV_X1Y2      MMCME2_ADV (Prop_mmcme2_adv_CLKIN1_CLKOUT0)
                                                     -7.759    -5.023 r  npu_system_i/clk_wiz_0/inst/mmcm_adv_inst/CLKOUT0
                         net (fo=1, routed)           2.206    -2.817    npu_system_i/clk_wiz_0/inst/clk_out1_npu_system_clk_wiz_0_0
    BUFGCTRL_X0Y17       BUFG (Prop_bufg_I_O)         0.101    -2.716 r  npu_system_i/clk_wiz_0/inst/clkout1_buf/O
                         net (fo=5312, routed)        1.905    -0.811    npu_system_i/proc_sys_reset_0/U0/slowest_sync_clk
    SLICE_X66Y110        FDRE                                         r  npu_system_i/proc_sys_reset_0/U0/ACTIVE_LOW_PR_OUT_DFF[0].FDRE_PER_N/C
  -------------------------------------------------------------------    -------------------
    SLICE_X66Y110        FDRE (Prop_fdre_C_Q)         0.518    -0.293 r  npu_system_i/proc_sys_reset_0/U0/ACTIVE_LOW_PR_OUT_DFF[0].FDRE_PER_N/Q
                         net (fo=71, routed)          2.299     2.006    npu_system_i/tinynpu_0/inst/u_systolic/row[10].col[2].pe_inst/aresetn
    SLICE_X60Y66         LUT1 (Prop_lut1_I0_O)        0.124     2.130 f  npu_system_i/tinynpu_0/inst/u_systolic/row[10].col[2].pe_inst/bram_rst_INST_0/O
                         net (fo=14699, routed)       5.872     8.002    npu_system_i/tinynpu_0/inst/u_systolic/row[1].col[3].pe_inst/psum_out_reg[31]_1
    SLICE_X109Y136       FDCE                                         f  npu_system_i/tinynpu_0/inst/u_systolic/row[1].col[3].pe_inst/psum_out_reg[28]/CLR
  -------------------------------------------------------------------    -------------------

                         (clock clk_out1_npu_system_clk_wiz_0_0_1 rise edge)
                                                      8.000     8.000 r  
    H16                                               0.000     8.000 r  sysclk (IN)
                         net (fo=0)                   0.000     8.000    npu_system_i/clk_wiz_0/inst/clk_in1
    H16                  IBUF (Prop_ibuf_I_O)         1.380     9.380 r  npu_system_i/clk_wiz_0/inst/clkin1_ibufg/O
                         net (fo=1, routed)           1.162    10.542    npu_system_i/clk_wiz_0/inst/clk_in1_npu_system_clk_wiz_0_0
    MMCME2_ADV_X1Y2      MMCME2_ADV (Prop_mmcme2_adv_CLKIN1_CLKOUT0)
                                                     -7.814     2.728 r  npu_system_i/clk_wiz_0/inst/mmcm_adv_inst/CLKOUT0
                         net (fo=1, routed)           2.012     4.740    npu_system_i/clk_wiz_0/inst/clk_out1_npu_system_clk_wiz_0_0
    BUFGCTRL_X0Y17       BUFG (Prop_bufg_I_O)         0.091     4.831 r  npu_system_i/clk_wiz_0/inst/clkout1_buf/O
                         net (fo=5312, routed)        2.533     7.365    npu_system_i/tinynpu_0/inst/u_icg_compute/aclk
    BUFGCTRL_X0Y2        BUFGCTRL (Prop_bufgctrl_I0_O)
                                                      0.091     7.456 r  npu_system_i/tinynpu_0/inst/u_icg_compute/u_bufgce/O
                         net (fo=13994, routed)       1.855     9.311    npu_system_i/tinynpu_0/inst/u_systolic/row[1].col[3].pe_inst/clk_compute
    SLICE_X109Y136       FDCE                                         r  npu_system_i/tinynpu_0/inst/u_systolic/row[1].col[3].pe_inst/psum_out_reg[28]/C
                         clock pessimism              0.452     9.763    
                         clock uncertainty           -0.069     9.694    
    SLICE_X109Y136       FDCE (Recov_fdce_C_CLR)     -0.405     9.289    npu_system_i/tinynpu_0/inst/u_systolic/row[1].col[3].pe_inst/psum_out_reg[28]
  -------------------------------------------------------------------
                         required time                          9.289    
                         arrival time                          -8.002    
  -------------------------------------------------------------------
                         slack                                  1.288    





Min Delay Paths
--------------------------------------------------------------------------------------
Slack (MET) :             0.373ns  (arrival time - required time)
  Source:                 npu_system_i/proc_sys_reset_0/U0/ACTIVE_LOW_PR_OUT_DFF[0].FDRE_PER_N/C
                            (rising edge-triggered cell FDRE clocked by clk_out1_npu_system_clk_wiz_0_0_1  {rise@0.000ns fall@4.000ns period=8.000ns})
  Destination:            npu_system_i/tinynpu_0/inst/u_systolic/row[13].col[2].pe_inst/act_out_reg[0]/CLR
                            (removal check against rising-edge clock clk_out1_npu_system_clk_wiz_0_0_1  {rise@0.000ns fall@4.000ns period=8.000ns})
  Path Group:             **async_default**
  Path Type:              Removal (Min at Fast Process Corner)
  Requirement:            0.000ns  (clk_out1_npu_system_clk_wiz_0_0_1 rise@0.000ns - clk_out1_npu_system_clk_wiz_0_0_1 rise@0.000ns)
  Data Path Delay:        1.729ns  (logic 0.209ns (12.091%)  route 1.520ns (87.909%))
  Logic Levels:           1  (LUT1=1)
  Clock Path Skew:        1.448ns (DCD - SCD - CPR)
    Destination Clock Delay (DCD):    0.367ns
    Source Clock Delay      (SCD):    -0.572ns
    Clock Pessimism Removal (CPR):    -0.509ns

    Location             Delay type                Incr(ns)  Path(ns)    Netlist Resource(s)
  -------------------------------------------------------------------    -------------------
                         (clock clk_out1_npu_system_clk_wiz_0_0_1 rise edge)
                                                      0.000     0.000 r  
    H16                                               0.000     0.000 r  sysclk (IN)
                         net (fo=0)                   0.000     0.000    npu_system_i/clk_wiz_0/inst/clk_in1
    H16                  IBUF (Prop_ibuf_I_O)         0.219     0.219 r  npu_system_i/clk_wiz_0/inst/clkin1_ibufg/O
                         net (fo=1, routed)           0.440     0.659    npu_system_i/clk_wiz_0/inst/clk_in1_npu_system_clk_wiz_0_0
    MMCME2_ADV_X1Y2      MMCME2_ADV (Prop_mmcme2_adv_CLKIN1_CLKOUT0)
                                                     -2.613    -1.954 r  npu_system_i/clk_wiz_0/inst/mmcm_adv_inst/CLKOUT0
                         net (fo=1, routed)           0.696    -1.257    npu_system_i/clk_wiz_0/inst/clk_out1_npu_system_clk_wiz_0_0
    BUFGCTRL_X0Y17       BUFG (Prop_bufg_I_O)         0.026    -1.231 r  npu_system_i/clk_wiz_0/inst/clkout1_buf/O
                         net (fo=5312, routed)        0.659    -0.572    npu_system_i/proc_sys_reset_0/U0/slowest_sync_clk
    SLICE_X66Y110        FDRE                                         r  npu_system_i/proc_sys_reset_0/U0/ACTIVE_LOW_PR_OUT_DFF[0].FDRE_PER_N/C
  -------------------------------------------------------------------    -------------------
    SLICE_X66Y110        FDRE (Prop_fdre_C_Q)         0.164    -0.408 r  npu_system_i/proc_sys_reset_0/U0/ACTIVE_LOW_PR_OUT_DFF[0].FDRE_PER_N/Q
                         net (fo=71, routed)          0.975     0.567    npu_system_i/tinynpu_0/inst/u_systolic/row[10].col[2].pe_inst/aresetn
    SLICE_X60Y66         LUT1 (Prop_lut1_I0_O)        0.045     0.612 f  npu_system_i/tinynpu_0/inst/u_systolic/row[10].col[2].pe_inst/bram_rst_INST_0/O
                         net (fo=14699, routed)       0.544     1.156    npu_system_i/tinynpu_0/inst/u_systolic/row[13].col[2].pe_inst/psum_out_reg[31]_1
    SLICE_X57Y102        FDCE                                         f  npu_system_i/tinynpu_0/inst/u_systolic/row[13].col[2].pe_inst/act_out_reg[0]/CLR
  -------------------------------------------------------------------    -------------------

                         (clock clk_out1_npu_system_clk_wiz_0_0_1 rise edge)
                                                      0.000     0.000 r  
    H16                                               0.000     0.000 r  sysclk (IN)
                         net (fo=0)                   0.000     0.000    npu_system_i/clk_wiz_0/inst/clk_in1
    H16                  IBUF (Prop_ibuf_I_O)         0.406     0.406 r  npu_system_i/clk_wiz_0/inst/clkin1_ibufg/O
                         net (fo=1, routed)           0.480     0.886    npu_system_i/clk_wiz_0/inst/clk_in1_npu_system_clk_wiz_0_0
    MMCME2_ADV_X1Y2      MMCME2_ADV (Prop_mmcme2_adv_CLKIN1_CLKOUT0)
                                                     -3.407    -2.521 r  npu_system_i/clk_wiz_0/inst/mmcm_adv_inst/CLKOUT0
                         net (fo=1, routed)           0.752    -1.769    npu_system_i/clk_wiz_0/inst/clk_out1_npu_system_clk_wiz_0_0
    BUFGCTRL_X0Y17       BUFG (Prop_bufg_I_O)         0.029    -1.740 r  npu_system_i/clk_wiz_0/inst/clkout1_buf/O
                         net (fo=5312, routed)        1.142    -0.598    npu_system_i/tinynpu_0/inst/u_icg_compute/aclk
    BUFGCTRL_X0Y2        BUFGCTRL (Prop_bufgctrl_I0_O)
                                                      0.029    -0.569 r  npu_system_i/tinynpu_0/inst/u_icg_compute/u_bufgce/O
                         net (fo=13994, routed)       0.936     0.367    npu_system_i/tinynpu_0/inst/u_systolic/row[13].col[2].pe_inst/clk_compute
    SLICE_X57Y102        FDCE                                         r  npu_system_i/tinynpu_0/inst/u_systolic/row[13].col[2].pe_inst/act_out_reg[0]/C
                         clock pessimism              0.509     0.876    
    SLICE_X57Y102        FDCE (Remov_fdce_C_CLR)     -0.092     0.784    npu_system_i/tinynpu_0/inst/u_systolic/row[13].col[2].pe_inst/act_out_reg[0]
  -------------------------------------------------------------------
                         required time                         -0.784    
                         arrival time                           1.156    
  -------------------------------------------------------------------
                         slack                                  0.373    





---------------------------------------------------------------------------------------------------
Path Group:  **async_default**
From Clock:  clk_out2_npu_system_clk_wiz_0_0
  To Clock:  clk_out2_npu_system_clk_wiz_0_0

Setup :            0  Failing Endpoints,  Worst Slack        2.432ns,  Total Violation        0.000ns
Hold  :            0  Failing Endpoints,  Worst Slack        0.435ns,  Total Violation        0.000ns
---------------------------------------------------------------------------------------------------


Max Delay Paths
--------------------------------------------------------------------------------------
Slack (MET) :             2.432ns  (required time - arrival time)
  Source:                 npu_system_i/dvi2rgb_0/U0/TMDS_ClockingX/LockLostReset/SyncAsyncx/oSyncStages_reg[1]/C
                            (rising edge-triggered cell FDPE clocked by clk_out2_npu_system_clk_wiz_0_0  {rise@0.000ns fall@2.500ns period=5.000ns})
  Destination:            npu_system_i/dvi2rgb_0/U0/TMDS_ClockingX/rMMCM_Reset_q_reg[0]/PRE
                            (recovery check against rising-edge clock clk_out2_npu_system_clk_wiz_0_0  {rise@0.000ns fall@2.500ns period=5.000ns})
  Path Group:             **async_default**
  Path Type:              Recovery (Max at Slow Process Corner)
  Requirement:            5.000ns  (clk_out2_npu_system_clk_wiz_0_0 rise@5.000ns - clk_out2_npu_system_clk_wiz_0_0 rise@0.000ns)
  Data Path Delay:        1.919ns  (logic 0.419ns (21.830%)  route 1.500ns (78.170%))
  Logic Levels:           0  
  Clock Path Skew:        -0.048ns (DCD - SCD + CPR)
    Destination Clock Delay (DCD):    -1.483ns = ( 3.517 - 5.000 ) 
    Source Clock Delay      (SCD):    -0.868ns
    Clock Pessimism Removal (CPR):    0.567ns
  Clock Uncertainty:      0.065ns  ((TSJ^2 + DJ^2)^1/2) / 2 + PE
    Total System Jitter     (TSJ):    0.071ns
    Discrete Jitter          (DJ):    0.109ns
    Phase Error              (PE):    0.000ns

    Location             Delay type                Incr(ns)  Path(ns)    Netlist Resource(s)
  -------------------------------------------------------------------    -------------------
                         (clock clk_out2_npu_system_clk_wiz_0_0 rise edge)
                                                      0.000     0.000 r  
    H16                                               0.000     0.000 r  sysclk (IN)
                         net (fo=0)                   0.000     0.000    npu_system_i/clk_wiz_0/inst/clk_in1
    H16                  IBUF (Prop_ibuf_I_O)         1.451     1.451 r  npu_system_i/clk_wiz_0/inst/clkin1_ibufg/O
                         net (fo=1, routed)           1.285     2.736    npu_system_i/clk_wiz_0/inst/clk_in1_npu_system_clk_wiz_0_0
    MMCME2_ADV_X1Y2      MMCME2_ADV (Prop_mmcme2_adv_CLKIN1_CLKOUT1)
                                                     -7.759    -5.023 r  npu_system_i/clk_wiz_0/inst/mmcm_adv_inst/CLKOUT1
                         net (fo=1, routed)           2.206    -2.817    npu_system_i/clk_wiz_0/inst/clk_out2_npu_system_clk_wiz_0_0
    BUFGCTRL_X0Y16       BUFG (Prop_bufg_I_O)         0.101    -2.716 r  npu_system_i/clk_wiz_0/inst/clkout2_buf/O
                         net (fo=158, routed)         1.848    -0.868    npu_system_i/dvi2rgb_0/U0/TMDS_ClockingX/LockLostReset/SyncAsyncx/RefClk
    SLICE_X113Y77        FDPE                                         r  npu_system_i/dvi2rgb_0/U0/TMDS_ClockingX/LockLostReset/SyncAsyncx/oSyncStages_reg[1]/C
  -------------------------------------------------------------------    -------------------
    SLICE_X113Y77        FDPE (Prop_fdpe_C_Q)         0.419    -0.449 f  npu_system_i/dvi2rgb_0/U0/TMDS_ClockingX/LockLostReset/SyncAsyncx/oSyncStages_reg[1]/Q
                         net (fo=8, routed)           1.500     1.051    npu_system_i/dvi2rgb_0/U0/TMDS_ClockingX/rLockLostRst
    SLICE_X112Y56        FDPE                                         f  npu_system_i/dvi2rgb_0/U0/TMDS_ClockingX/rMMCM_Reset_q_reg[0]/PRE
  -------------------------------------------------------------------    -------------------

                         (clock clk_out2_npu_system_clk_wiz_0_0 rise edge)
                                                      5.000     5.000 r  
    H16                                               0.000     5.000 r  sysclk (IN)
                         net (fo=0)                   0.000     5.000    npu_system_i/clk_wiz_0/inst/clk_in1
    H16                  IBUF (Prop_ibuf_I_O)         1.380     6.380 r  npu_system_i/clk_wiz_0/inst/clkin1_ibufg/O
                         net (fo=1, routed)           1.162     7.542    npu_system_i/clk_wiz_0/inst/clk_in1_npu_system_clk_wiz_0_0
    MMCME2_ADV_X1Y2      MMCME2_ADV (Prop_mmcme2_adv_CLKIN1_CLKOUT1)
                                                     -7.814    -0.272 r  npu_system_i/clk_wiz_0/inst/mmcm_adv_inst/CLKOUT1
                         net (fo=1, routed)           2.012     1.740    npu_system_i/clk_wiz_0/inst/clk_out2_npu_system_clk_wiz_0_0
    BUFGCTRL_X0Y16       BUFG (Prop_bufg_I_O)         0.091     1.831 r  npu_system_i/clk_wiz_0/inst/clkout2_buf/O
                         net (fo=158, routed)         1.686     3.517    npu_system_i/dvi2rgb_0/U0/TMDS_ClockingX/RefClk
    SLICE_X112Y56        FDPE                                         r  npu_system_i/dvi2rgb_0/U0/TMDS_ClockingX/rMMCM_Reset_q_reg[0]/C
                         clock pessimism              0.567     4.084    
                         clock uncertainty           -0.065     4.019    
    SLICE_X112Y56        FDPE (Recov_fdpe_C_PRE)     -0.536     3.483    npu_system_i/dvi2rgb_0/U0/TMDS_ClockingX/rMMCM_Reset_q_reg[0]
  -------------------------------------------------------------------
                         required time                          3.483    
                         arrival time                          -1.051    
  -------------------------------------------------------------------
                         slack                                  2.432    





Min Delay Paths
--------------------------------------------------------------------------------------
Slack (MET) :             0.435ns  (arrival time - required time)
  Source:                 npu_system_i/dvi2rgb_0/U0/TMDS_ClockingX/RdyLostReset/SyncAsyncx/oSyncStages_reg[1]/C
                            (rising edge-triggered cell FDPE clocked by clk_out2_npu_system_clk_wiz_0_0  {rise@0.000ns fall@2.500ns period=5.000ns})
  Destination:            npu_system_i/dvi2rgb_0/U0/TMDS_ClockingX/aLocked_reg/CLR
                            (removal check against rising-edge clock clk_out2_npu_system_clk_wiz_0_0  {rise@0.000ns fall@2.500ns period=5.000ns})
  Path Group:             **async_default**
  Path Type:              Removal (Min at Fast Process Corner)
  Requirement:            0.000ns  (clk_out2_npu_system_clk_wiz_0_0 rise@0.000ns - clk_out2_npu_system_clk_wiz_0_0 rise@0.000ns)
  Data Path Delay:        0.306ns  (logic 0.128ns (41.788%)  route 0.178ns (58.212%))
  Logic Levels:           0  
  Clock Path Skew:        0.017ns (DCD - SCD - CPR)
    Destination Clock Delay (DCD):    -0.832ns
    Source Clock Delay      (SCD):    -0.596ns
    Clock Pessimism Removal (CPR):    -0.252ns

    Location             Delay type                Incr(ns)  Path(ns)    Netlist Resource(s)
  -------------------------------------------------------------------    -------------------
                         (clock clk_out2_npu_system_clk_wiz_0_0 rise edge)
                                                      0.000     0.000 r  
    H16                                               0.000     0.000 r  sysclk (IN)
                         net (fo=0)                   0.000     0.000    npu_system_i/clk_wiz_0/inst/clk_in1
    H16                  IBUF (Prop_ibuf_I_O)         0.219     0.219 r  npu_system_i/clk_wiz_0/inst/clkin1_ibufg/O
                         net (fo=1, routed)           0.440     0.659    npu_system_i/clk_wiz_0/inst/clk_in1_npu_system_clk_wiz_0_0
    MMCME2_ADV_X1Y2      MMCME2_ADV (Prop_mmcme2_adv_CLKIN1_CLKOUT1)
                                                     -2.613    -1.954 r  npu_system_i/clk_wiz_0/inst/mmcm_adv_inst/CLKOUT1
                         net (fo=1, routed)           0.696    -1.257    npu_system_i/clk_wiz_0/inst/clk_out2_npu_system_clk_wiz_0_0
    BUFGCTRL_X0Y16       BUFG (Prop_bufg_I_O)         0.026    -1.231 r  npu_system_i/clk_wiz_0/inst/clkout2_buf/O
                         net (fo=158, routed)         0.635    -0.596    npu_system_i/dvi2rgb_0/U0/TMDS_ClockingX/RdyLostReset/SyncAsyncx/RefClk
    SLICE_X113Y57        FDPE                                         r  npu_system_i/dvi2rgb_0/U0/TMDS_ClockingX/RdyLostReset/SyncAsyncx/oSyncStages_reg[1]/C
  -------------------------------------------------------------------    -------------------
    SLICE_X113Y57        FDPE (Prop_fdpe_C_Q)         0.128    -0.468 f  npu_system_i/dvi2rgb_0/U0/TMDS_ClockingX/RdyLostReset/SyncAsyncx/oSyncStages_reg[1]/Q
                         net (fo=1, routed)           0.178    -0.290    npu_system_i/dvi2rgb_0/U0/TMDS_ClockingX/RdyLostReset_n_0
    SLICE_X113Y56        FDCE                                         f  npu_system_i/dvi2rgb_0/U0/TMDS_ClockingX/aLocked_reg/CLR
  -------------------------------------------------------------------    -------------------

                         (clock clk_out2_npu_system_clk_wiz_0_0 rise edge)
                                                      0.000     0.000 r  
    H16                                               0.000     0.000 r  sysclk (IN)
                         net (fo=0)                   0.000     0.000    npu_system_i/clk_wiz_0/inst/clk_in1
    H16                  IBUF (Prop_ibuf_I_O)         0.406     0.406 r  npu_system_i/clk_wiz_0/inst/clkin1_ibufg/O
                         net (fo=1, routed)           0.480     0.886    npu_system_i/clk_wiz_0/inst/clk_in1_npu_system_clk_wiz_0_0
    MMCME2_ADV_X1Y2      MMCME2_ADV (Prop_mmcme2_adv_CLKIN1_CLKOUT1)
                                                     -3.407    -2.521 r  npu_system_i/clk_wiz_0/inst/mmcm_adv_inst/CLKOUT1
                         net (fo=1, routed)           0.752    -1.769    npu_system_i/clk_wiz_0/inst/clk_out2_npu_system_clk_wiz_0_0
    BUFGCTRL_X0Y16       BUFG (Prop_bufg_I_O)         0.029    -1.740 r  npu_system_i/clk_wiz_0/inst/clkout2_buf/O
                         net (fo=158, routed)         0.908    -0.832    npu_system_i/dvi2rgb_0/U0/TMDS_ClockingX/RefClk
    SLICE_X113Y56        FDCE                                         r  npu_system_i/dvi2rgb_0/U0/TMDS_ClockingX/aLocked_reg/C
                         clock pessimism              0.252    -0.579    
    SLICE_X113Y56        FDCE (Remov_fdce_C_CLR)     -0.146    -0.725    npu_system_i/dvi2rgb_0/U0/TMDS_ClockingX/aLocked_reg
  -------------------------------------------------------------------
                         required time                          0.725    
                         arrival time                          -0.290    
  -------------------------------------------------------------------
                         slack                                  0.435    





---------------------------------------------------------------------------------------------------
Path Group:  **async_default**
From Clock:  clk_out2_npu_system_clk_wiz_0_0_1
  To Clock:  clk_out2_npu_system_clk_wiz_0_0

Setup :            0  Failing Endpoints,  Worst Slack        2.432ns,  Total Violation        0.000ns
Hold  :            0  Failing Endpoints,  Worst Slack        0.370ns,  Total Violation        0.000ns
---------------------------------------------------------------------------------------------------


Max Delay Paths
--------------------------------------------------------------------------------------
Slack (MET) :             2.432ns  (required time - arrival time)
  Source:                 npu_system_i/dvi2rgb_0/U0/TMDS_ClockingX/LockLostReset/SyncAsyncx/oSyncStages_reg[1]/C
                            (rising edge-triggered cell FDPE clocked by clk_out2_npu_system_clk_wiz_0_0_1  {rise@0.000ns fall@2.500ns period=5.000ns})
  Destination:            npu_system_i/dvi2rgb_0/U0/TMDS_ClockingX/rMMCM_Reset_q_reg[0]/PRE
                            (recovery check against rising-edge clock clk_out2_npu_system_clk_wiz_0_0  {rise@0.000ns fall@2.500ns period=5.000ns})
  Path Group:             **async_default**
  Path Type:              Recovery (Max at Slow Process Corner)
  Requirement:            5.000ns  (clk_out2_npu_system_clk_wiz_0_0 rise@5.000ns - clk_out2_npu_system_clk_wiz_0_0_1 rise@0.000ns)
  Data Path Delay:        1.919ns  (logic 0.419ns (21.830%)  route 1.500ns (78.170%))
  Logic Levels:           0  
  Clock Path Skew:        -0.048ns (DCD - SCD + CPR)
    Destination Clock Delay (DCD):    -1.483ns = ( 3.517 - 5.000 ) 
    Source Clock Delay      (SCD):    -0.868ns
    Clock Pessimism Removal (CPR):    0.567ns
  Clock Uncertainty:      0.065ns  ((TSJ^2 + DJ^2)^1/2) / 2 + PE
    Total System Jitter     (TSJ):    0.071ns
    Discrete Jitter          (DJ):    0.109ns
    Phase Error              (PE):    0.000ns
  Clock Domain Crossing:  Inter clock paths are considered valid unless explicitly excluded by timing constraints such as set_clock_groups or set_false_path.

    Location             Delay type                Incr(ns)  Path(ns)    Netlist Resource(s)
  -------------------------------------------------------------------    -------------------
                         (clock clk_out2_npu_system_clk_wiz_0_0_1 rise edge)
                                                      0.000     0.000 r  
    H16                                               0.000     0.000 r  sysclk (IN)
                         net (fo=0)                   0.000     0.000    npu_system_i/clk_wiz_0/inst/clk_in1
    H16                  IBUF (Prop_ibuf_I_O)         1.451     1.451 r  npu_system_i/clk_wiz_0/inst/clkin1_ibufg/O
                         net (fo=1, routed)           1.285     2.736    npu_system_i/clk_wiz_0/inst/clk_in1_npu_system_clk_wiz_0_0
    MMCME2_ADV_X1Y2      MMCME2_ADV (Prop_mmcme2_adv_CLKIN1_CLKOUT1)
                                                     -7.759    -5.023 r  npu_system_i/clk_wiz_0/inst/mmcm_adv_inst/CLKOUT1
                         net (fo=1, routed)           2.206    -2.817    npu_system_i/clk_wiz_0/inst/clk_out2_npu_system_clk_wiz_0_0
    BUFGCTRL_X0Y16       BUFG (Prop_bufg_I_O)         0.101    -2.716 r  npu_system_i/clk_wiz_0/inst/clkout2_buf/O
                         net (fo=158, routed)         1.848    -0.868    npu_system_i/dvi2rgb_0/U0/TMDS_ClockingX/LockLostReset/SyncAsyncx/RefClk
    SLICE_X113Y77        FDPE                                         r  npu_system_i/dvi2rgb_0/U0/TMDS_ClockingX/LockLostReset/SyncAsyncx/oSyncStages_reg[1]/C
  -------------------------------------------------------------------    -------------------
    SLICE_X113Y77        FDPE (Prop_fdpe_C_Q)         0.419    -0.449 f  npu_system_i/dvi2rgb_0/U0/TMDS_ClockingX/LockLostReset/SyncAsyncx/oSyncStages_reg[1]/Q
                         net (fo=8, routed)           1.500     1.051    npu_system_i/dvi2rgb_0/U0/TMDS_ClockingX/rLockLostRst
    SLICE_X112Y56        FDPE                                         f  npu_system_i/dvi2rgb_0/U0/TMDS_ClockingX/rMMCM_Reset_q_reg[0]/PRE
  -------------------------------------------------------------------    -------------------

                         (clock clk_out2_npu_system_clk_wiz_0_0 rise edge)
                                                      5.000     5.000 r  
    H16                                               0.000     5.000 r  sysclk (IN)
                         net (fo=0)                   0.000     5.000    npu_system_i/clk_wiz_0/inst/clk_in1
    H16                  IBUF (Prop_ibuf_I_O)         1.380     6.380 r  npu_system_i/clk_wiz_0/inst/clkin1_ibufg/O
                         net (fo=1, routed)           1.162     7.542    npu_system_i/clk_wiz_0/inst/clk_in1_npu_system_clk_wiz_0_0
    MMCME2_ADV_X1Y2      MMCME2_ADV (Prop_mmcme2_adv_CLKIN1_CLKOUT1)
                                                     -7.814    -0.272 r  npu_system_i/clk_wiz_0/inst/mmcm_adv_inst/CLKOUT1
                         net (fo=1, routed)           2.012     1.740    npu_system_i/clk_wiz_0/inst/clk_out2_npu_system_clk_wiz_0_0
    BUFGCTRL_X0Y16       BUFG (Prop_bufg_I_O)         0.091     1.831 r  npu_system_i/clk_wiz_0/inst/clkout2_buf/O
                         net (fo=158, routed)         1.686     3.517    npu_system_i/dvi2rgb_0/U0/TMDS_ClockingX/RefClk
    SLICE_X112Y56        FDPE                                         r  npu_system_i/dvi2rgb_0/U0/TMDS_ClockingX/rMMCM_Reset_q_reg[0]/C
                         clock pessimism              0.567     4.084    
                         clock uncertainty           -0.065     4.019    
    SLICE_X112Y56        FDPE (Recov_fdpe_C_PRE)     -0.536     3.483    npu_system_i/dvi2rgb_0/U0/TMDS_ClockingX/rMMCM_Reset_q_reg[0]
  -------------------------------------------------------------------
                         required time                          3.483    
                         arrival time                          -1.051    
  -------------------------------------------------------------------
                         slack                                  2.432    





Min Delay Paths
--------------------------------------------------------------------------------------
Slack (MET) :             0.370ns  (arrival time - required time)
  Source:                 npu_system_i/dvi2rgb_0/U0/TMDS_ClockingX/RdyLostReset/SyncAsyncx/oSyncStages_reg[1]/C
                            (rising edge-triggered cell FDPE clocked by clk_out2_npu_system_clk_wiz_0_0_1  {rise@0.000ns fall@2.500ns period=5.000ns})
  Destination:            npu_system_i/dvi2rgb_0/U0/TMDS_ClockingX/aLocked_reg/CLR
                            (removal check against rising-edge clock clk_out2_npu_system_clk_wiz_0_0  {rise@0.000ns fall@2.500ns period=5.000ns})
  Path Group:             **async_default**
  Path Type:              Removal (Min at Fast Process Corner)
  Requirement:            0.000ns  (clk_out2_npu_system_clk_wiz_0_0 rise@0.000ns - clk_out2_npu_system_clk_wiz_0_0_1 rise@0.000ns)
  Data Path Delay:        0.306ns  (logic 0.128ns (41.788%)  route 0.178ns (58.212%))
  Logic Levels:           0  
  Clock Path Skew:        0.017ns (DCD - SCD - CPR)
    Destination Clock Delay (DCD):    -0.832ns
    Source Clock Delay      (SCD):    -0.596ns
    Clock Pessimism Removal (CPR):    -0.252ns
  Clock Uncertainty:      0.065ns  ((TSJ^2 + DJ^2)^1/2) / 2 + PE
    Total System Jitter     (TSJ):    0.071ns
    Discrete Jitter          (DJ):    0.109ns
    Phase Error              (PE):    0.000ns
  Clock Domain Crossing:  Inter clock paths are considered valid unless explicitly excluded by timing constraints such as set_clock_groups or set_false_path.

    Location             Delay type                Incr(ns)  Path(ns)    Netlist Resource(s)
  -------------------------------------------------------------------    -------------------
                         (clock clk_out2_npu_system_clk_wiz_0_0_1 rise edge)
                                                      0.000     0.000 r  
    H16                                               0.000     0.000 r  sysclk (IN)
                         net (fo=0)                   0.000     0.000    npu_system_i/clk_wiz_0/inst/clk_in1
    H16                  IBUF (Prop_ibuf_I_O)         0.219     0.219 r  npu_system_i/clk_wiz_0/inst/clkin1_ibufg/O
                         net (fo=1, routed)           0.440     0.659    npu_system_i/clk_wiz_0/inst/clk_in1_npu_system_clk_wiz_0_0
    MMCME2_ADV_X1Y2      MMCME2_ADV (Prop_mmcme2_adv_CLKIN1_CLKOUT1)
                                                     -2.613    -1.954 r  npu_system_i/clk_wiz_0/inst/mmcm_adv_inst/CLKOUT1
                         net (fo=1, routed)           0.696    -1.257    npu_system_i/clk_wiz_0/inst/clk_out2_npu_system_clk_wiz_0_0
    BUFGCTRL_X0Y16       BUFG (Prop_bufg_I_O)         0.026    -1.231 r  npu_system_i/clk_wiz_0/inst/clkout2_buf/O
                         net (fo=158, routed)         0.635    -0.596    npu_system_i/dvi2rgb_0/U0/TMDS_ClockingX/RdyLostReset/SyncAsyncx/RefClk
    SLICE_X113Y57        FDPE                                         r  npu_system_i/dvi2rgb_0/U0/TMDS_ClockingX/RdyLostReset/SyncAsyncx/oSyncStages_reg[1]/C
  -------------------------------------------------------------------    -------------------
    SLICE_X113Y57        FDPE (Prop_fdpe_C_Q)         0.128    -0.468 f  npu_system_i/dvi2rgb_0/U0/TMDS_ClockingX/RdyLostReset/SyncAsyncx/oSyncStages_reg[1]/Q
                         net (fo=1, routed)           0.178    -0.290    npu_system_i/dvi2rgb_0/U0/TMDS_ClockingX/RdyLostReset_n_0
    SLICE_X113Y56        FDCE                                         f  npu_system_i/dvi2rgb_0/U0/TMDS_ClockingX/aLocked_reg/CLR
  -------------------------------------------------------------------    -------------------

                         (clock clk_out2_npu_system_clk_wiz_0_0 rise edge)
                                                      0.000     0.000 r  
    H16                                               0.000     0.000 r  sysclk (IN)
                         net (fo=0)                   0.000     0.000    npu_system_i/clk_wiz_0/inst/clk_in1
    H16                  IBUF (Prop_ibuf_I_O)         0.406     0.406 r  npu_system_i/clk_wiz_0/inst/clkin1_ibufg/O
                         net (fo=1, routed)           0.480     0.886    npu_system_i/clk_wiz_0/inst/clk_in1_npu_system_clk_wiz_0_0
    MMCME2_ADV_X1Y2      MMCME2_ADV (Prop_mmcme2_adv_CLKIN1_CLKOUT1)
                                                     -3.407    -2.521 r  npu_system_i/clk_wiz_0/inst/mmcm_adv_inst/CLKOUT1
                         net (fo=1, routed)           0.752    -1.769    npu_system_i/clk_wiz_0/inst/clk_out2_npu_system_clk_wiz_0_0
    BUFGCTRL_X0Y16       BUFG (Prop_bufg_I_O)         0.029    -1.740 r  npu_system_i/clk_wiz_0/inst/clkout2_buf/O
                         net (fo=158, routed)         0.908    -0.832    npu_system_i/dvi2rgb_0/U0/TMDS_ClockingX/RefClk
    SLICE_X113Y56        FDCE                                         r  npu_system_i/dvi2rgb_0/U0/TMDS_ClockingX/aLocked_reg/C
                         clock pessimism              0.252    -0.579    
                         clock uncertainty            0.065    -0.514    
    SLICE_X113Y56        FDCE (Remov_fdce_C_CLR)     -0.146    -0.660    npu_system_i/dvi2rgb_0/U0/TMDS_ClockingX/aLocked_reg
  -------------------------------------------------------------------
                         required time                          0.660    
                         arrival time                          -0.290    
  -------------------------------------------------------------------
                         slack                                  0.370    





---------------------------------------------------------------------------------------------------
Path Group:  **async_default**
From Clock:  clk_out2_npu_system_clk_wiz_0_0
  To Clock:  clk_out2_npu_system_clk_wiz_0_0_1

Setup :            0  Failing Endpoints,  Worst Slack        2.432ns,  Total Violation        0.000ns
Hold  :            0  Failing Endpoints,  Worst Slack        0.370ns,  Total Violation        0.000ns
---------------------------------------------------------------------------------------------------


Max Delay Paths
--------------------------------------------------------------------------------------
Slack (MET) :             2.432ns  (required time - arrival time)
  Source:                 npu_system_i/dvi2rgb_0/U0/TMDS_ClockingX/LockLostReset/SyncAsyncx/oSyncStages_reg[1]/C
                            (rising edge-triggered cell FDPE clocked by clk_out2_npu_system_clk_wiz_0_0  {rise@0.000ns fall@2.500ns period=5.000ns})
  Destination:            npu_system_i/dvi2rgb_0/U0/TMDS_ClockingX/rMMCM_Reset_q_reg[0]/PRE
                            (recovery check against rising-edge clock clk_out2_npu_system_clk_wiz_0_0_1  {rise@0.000ns fall@2.500ns period=5.000ns})
  Path Group:             **async_default**
  Path Type:              Recovery (Max at Slow Process Corner)
  Requirement:            5.000ns  (clk_out2_npu_system_clk_wiz_0_0_1 rise@5.000ns - clk_out2_npu_system_clk_wiz_0_0 rise@0.000ns)
  Data Path Delay:        1.919ns  (logic 0.419ns (21.830%)  route 1.500ns (78.170%))
  Logic Levels:           0  
  Clock Path Skew:        -0.048ns (DCD - SCD + CPR)
    Destination Clock Delay (DCD):    -1.483ns = ( 3.517 - 5.000 ) 
    Source Clock Delay      (SCD):    -0.868ns
    Clock Pessimism Removal (CPR):    0.567ns
  Clock Uncertainty:      0.065ns  ((TSJ^2 + DJ^2)^1/2) / 2 + PE
    Total System Jitter     (TSJ):    0.071ns
    Discrete Jitter          (DJ):    0.109ns
    Phase Error              (PE):    0.000ns
  Clock Domain Crossing:  Inter clock paths are considered valid unless explicitly excluded by timing constraints such as set_clock_groups or set_false_path.

    Location             Delay type                Incr(ns)  Path(ns)    Netlist Resource(s)
  -------------------------------------------------------------------    -------------------
                         (clock clk_out2_npu_system_clk_wiz_0_0 rise edge)
                                                      0.000     0.000 r  
    H16                                               0.000     0.000 r  sysclk (IN)
                         net (fo=0)                   0.000     0.000    npu_system_i/clk_wiz_0/inst/clk_in1
    H16                  IBUF (Prop_ibuf_I_O)         1.451     1.451 r  npu_system_i/clk_wiz_0/inst/clkin1_ibufg/O
                         net (fo=1, routed)           1.285     2.736    npu_system_i/clk_wiz_0/inst/clk_in1_npu_system_clk_wiz_0_0
    MMCME2_ADV_X1Y2      MMCME2_ADV (Prop_mmcme2_adv_CLKIN1_CLKOUT1)
                                                     -7.759    -5.023 r  npu_system_i/clk_wiz_0/inst/mmcm_adv_inst/CLKOUT1
                         net (fo=1, routed)           2.206    -2.817    npu_system_i/clk_wiz_0/inst/clk_out2_npu_system_clk_wiz_0_0
    BUFGCTRL_X0Y16       BUFG (Prop_bufg_I_O)         0.101    -2.716 r  npu_system_i/clk_wiz_0/inst/clkout2_buf/O
                         net (fo=158, routed)         1.848    -0.868    npu_system_i/dvi2rgb_0/U0/TMDS_ClockingX/LockLostReset/SyncAsyncx/RefClk
    SLICE_X113Y77        FDPE                                         r  npu_system_i/dvi2rgb_0/U0/TMDS_ClockingX/LockLostReset/SyncAsyncx/oSyncStages_reg[1]/C
  -------------------------------------------------------------------    -------------------
    SLICE_X113Y77        FDPE (Prop_fdpe_C_Q)         0.419    -0.449 f  npu_system_i/dvi2rgb_0/U0/TMDS_ClockingX/LockLostReset/SyncAsyncx/oSyncStages_reg[1]/Q
                         net (fo=8, routed)           1.500     1.051    npu_system_i/dvi2rgb_0/U0/TMDS_ClockingX/rLockLostRst
    SLICE_X112Y56        FDPE                                         f  npu_system_i/dvi2rgb_0/U0/TMDS_ClockingX/rMMCM_Reset_q_reg[0]/PRE
  -------------------------------------------------------------------    -------------------

                         (clock clk_out2_npu_system_clk_wiz_0_0_1 rise edge)
                                                      5.000     5.000 r  
    H16                                               0.000     5.000 r  sysclk (IN)
                         net (fo=0)                   0.000     5.000    npu_system_i/clk_wiz_0/inst/clk_in1
    H16                  IBUF (Prop_ibuf_I_O)         1.380     6.380 r  npu_system_i/clk_wiz_0/inst/clkin1_ibufg/O
                         net (fo=1, routed)           1.162     7.542    npu_system_i/clk_wiz_0/inst/clk_in1_npu_system_clk_wiz_0_0
    MMCME2_ADV_X1Y2      MMCME2_ADV (Prop_mmcme2_adv_CLKIN1_CLKOUT1)
                                                     -7.814    -0.272 r  npu_system_i/clk_wiz_0/inst/mmcm_adv_inst/CLKOUT1
                         net (fo=1, routed)           2.012     1.740    npu_system_i/clk_wiz_0/inst/clk_out2_npu_system_clk_wiz_0_0
    BUFGCTRL_X0Y16       BUFG (Prop_bufg_I_O)         0.091     1.831 r  npu_system_i/clk_wiz_0/inst/clkout2_buf/O
                         net (fo=158, routed)         1.686     3.517    npu_system_i/dvi2rgb_0/U0/TMDS_ClockingX/RefClk
    SLICE_X112Y56        FDPE                                         r  npu_system_i/dvi2rgb_0/U0/TMDS_ClockingX/rMMCM_Reset_q_reg[0]/C
                         clock pessimism              0.567     4.084    
                         clock uncertainty           -0.065     4.019    
    SLICE_X112Y56        FDPE (Recov_fdpe_C_PRE)     -0.536     3.483    npu_system_i/dvi2rgb_0/U0/TMDS_ClockingX/rMMCM_Reset_q_reg[0]
  -------------------------------------------------------------------
                         required time                          3.483    
                         arrival time                          -1.051    
  -------------------------------------------------------------------
                         slack                                  2.432    





Min Delay Paths
--------------------------------------------------------------------------------------
Slack (MET) :             0.370ns  (arrival time - required time)
  Source:                 npu_system_i/dvi2rgb_0/U0/TMDS_ClockingX/RdyLostReset/SyncAsyncx/oSyncStages_reg[1]/C
                            (rising edge-triggered cell FDPE clocked by clk_out2_npu_system_clk_wiz_0_0  {rise@0.000ns fall@2.500ns period=5.000ns})
  Destination:            npu_system_i/dvi2rgb_0/U0/TMDS_ClockingX/aLocked_reg/CLR
                            (removal check against rising-edge clock clk_out2_npu_system_clk_wiz_0_0_1  {rise@0.000ns fall@2.500ns period=5.000ns})
  Path Group:             **async_default**
  Path Type:              Removal (Min at Fast Process Corner)
  Requirement:            0.000ns  (clk_out2_npu_system_clk_wiz_0_0_1 rise@0.000ns - clk_out2_npu_system_clk_wiz_0_0 rise@0.000ns)
  Data Path Delay:        0.306ns  (logic 0.128ns (41.788%)  route 0.178ns (58.212%))
  Logic Levels:           0  
  Clock Path Skew:        0.017ns (DCD - SCD - CPR)
    Destination Clock Delay (DCD):    -0.832ns
    Source Clock Delay      (SCD):    -0.596ns
    Clock Pessimism Removal (CPR):    -0.252ns
  Clock Uncertainty:      0.065ns  ((TSJ^2 + DJ^2)^1/2) / 2 + PE
    Total System Jitter     (TSJ):    0.071ns
    Discrete Jitter          (DJ):    0.109ns
    Phase Error              (PE):    0.000ns
  Clock Domain Crossing:  Inter clock paths are considered valid unless explicitly excluded by timing constraints such as set_clock_groups or set_false_path.

    Location             Delay type                Incr(ns)  Path(ns)    Netlist Resource(s)
  -------------------------------------------------------------------    -------------------
                         (clock clk_out2_npu_system_clk_wiz_0_0 rise edge)
                                                      0.000     0.000 r  
    H16                                               0.000     0.000 r  sysclk (IN)
                         net (fo=0)                   0.000     0.000    npu_system_i/clk_wiz_0/inst/clk_in1
    H16                  IBUF (Prop_ibuf_I_O)         0.219     0.219 r  npu_system_i/clk_wiz_0/inst/clkin1_ibufg/O
                         net (fo=1, routed)           0.440     0.659    npu_system_i/clk_wiz_0/inst/clk_in1_npu_system_clk_wiz_0_0
    MMCME2_ADV_X1Y2      MMCME2_ADV (Prop_mmcme2_adv_CLKIN1_CLKOUT1)
                                                     -2.613    -1.954 r  npu_system_i/clk_wiz_0/inst/mmcm_adv_inst/CLKOUT1
                         net (fo=1, routed)           0.696    -1.257    npu_system_i/clk_wiz_0/inst/clk_out2_npu_system_clk_wiz_0_0
    BUFGCTRL_X0Y16       BUFG (Prop_bufg_I_O)         0.026    -1.231 r  npu_system_i/clk_wiz_0/inst/clkout2_buf/O
                         net (fo=158, routed)         0.635    -0.596    npu_system_i/dvi2rgb_0/U0/TMDS_ClockingX/RdyLostReset/SyncAsyncx/RefClk
    SLICE_X113Y57        FDPE                                         r  npu_system_i/dvi2rgb_0/U0/TMDS_ClockingX/RdyLostReset/SyncAsyncx/oSyncStages_reg[1]/C
  -------------------------------------------------------------------    -------------------
    SLICE_X113Y57        FDPE (Prop_fdpe_C_Q)         0.128    -0.468 f  npu_system_i/dvi2rgb_0/U0/TMDS_ClockingX/RdyLostReset/SyncAsyncx/oSyncStages_reg[1]/Q
                         net (fo=1, routed)           0.178    -0.290    npu_system_i/dvi2rgb_0/U0/TMDS_ClockingX/RdyLostReset_n_0
    SLICE_X113Y56        FDCE                                         f  npu_system_i/dvi2rgb_0/U0/TMDS_ClockingX/aLocked_reg/CLR
  -------------------------------------------------------------------    -------------------

                         (clock clk_out2_npu_system_clk_wiz_0_0_1 rise edge)
                                                      0.000     0.000 r  
    H16                                               0.000     0.000 r  sysclk (IN)
                         net (fo=0)                   0.000     0.000    npu_system_i/clk_wiz_0/inst/clk_in1
    H16                  IBUF (Prop_ibuf_I_O)         0.406     0.406 r  npu_system_i/clk_wiz_0/inst/clkin1_ibufg/O
                         net (fo=1, routed)           0.480     0.886    npu_system_i/clk_wiz_0/inst/clk_in1_npu_system_clk_wiz_0_0
    MMCME2_ADV_X1Y2      MMCME2_ADV (Prop_mmcme2_adv_CLKIN1_CLKOUT1)
                                                     -3.407    -2.521 r  npu_system_i/clk_wiz_0/inst/mmcm_adv_inst/CLKOUT1
                         net (fo=1, routed)           0.752    -1.769    npu_system_i/clk_wiz_0/inst/clk_out2_npu_system_clk_wiz_0_0
    BUFGCTRL_X0Y16       BUFG (Prop_bufg_I_O)         0.029    -1.740 r  npu_system_i/clk_wiz_0/inst/clkout2_buf/O
                         net (fo=158, routed)         0.908    -0.832    npu_system_i/dvi2rgb_0/U0/TMDS_ClockingX/RefClk
    SLICE_X113Y56        FDCE                                         r  npu_system_i/dvi2rgb_0/U0/TMDS_ClockingX/aLocked_reg/C
                         clock pessimism              0.252    -0.579    
                         clock uncertainty            0.065    -0.514    
    SLICE_X113Y56        FDCE (Remov_fdce_C_CLR)     -0.146    -0.660    npu_system_i/dvi2rgb_0/U0/TMDS_ClockingX/aLocked_reg
  -------------------------------------------------------------------
                         required time                          0.660    
                         arrival time                          -0.290    
  -------------------------------------------------------------------
                         slack                                  0.370    





---------------------------------------------------------------------------------------------------
Path Group:  **async_default**
From Clock:  clk_out2_npu_system_clk_wiz_0_0_1
  To Clock:  clk_out2_npu_system_clk_wiz_0_0_1

Setup :            0  Failing Endpoints,  Worst Slack        2.432ns,  Total Violation        0.000ns
Hold  :            0  Failing Endpoints,  Worst Slack        0.435ns,  Total Violation        0.000ns
---------------------------------------------------------------------------------------------------


Max Delay Paths
--------------------------------------------------------------------------------------
Slack (MET) :             2.432ns  (required time - arrival time)
  Source:                 npu_system_i/dvi2rgb_0/U0/TMDS_ClockingX/LockLostReset/SyncAsyncx/oSyncStages_reg[1]/C
                            (rising edge-triggered cell FDPE clocked by clk_out2_npu_system_clk_wiz_0_0_1  {rise@0.000ns fall@2.500ns period=5.000ns})
  Destination:            npu_system_i/dvi2rgb_0/U0/TMDS_ClockingX/rMMCM_Reset_q_reg[0]/PRE
                            (recovery check against rising-edge clock clk_out2_npu_system_clk_wiz_0_0_1  {rise@0.000ns fall@2.500ns period=5.000ns})
  Path Group:             **async_default**
  Path Type:              Recovery (Max at Slow Process Corner)
  Requirement:            5.000ns  (clk_out2_npu_system_clk_wiz_0_0_1 rise@5.000ns - clk_out2_npu_system_clk_wiz_0_0_1 rise@0.000ns)
  Data Path Delay:        1.919ns  (logic 0.419ns (21.830%)  route 1.500ns (78.170%))
  Logic Levels:           0  
  Clock Path Skew:        -0.048ns (DCD - SCD + CPR)
    Destination Clock Delay (DCD):    -1.483ns = ( 3.517 - 5.000 ) 
    Source Clock Delay      (SCD):    -0.868ns
    Clock Pessimism Removal (CPR):    0.567ns
  Clock Uncertainty:      0.065ns  ((TSJ^2 + DJ^2)^1/2) / 2 + PE
    Total System Jitter     (TSJ):    0.071ns
    Discrete Jitter          (DJ):    0.108ns
    Phase Error              (PE):    0.000ns

    Location             Delay type                Incr(ns)  Path(ns)    Netlist Resource(s)
  -------------------------------------------------------------------    -------------------
                         (clock clk_out2_npu_system_clk_wiz_0_0_1 rise edge)
                                                      0.000     0.000 r  
    H16                                               0.000     0.000 r  sysclk (IN)
                         net (fo=0)                   0.000     0.000    npu_system_i/clk_wiz_0/inst/clk_in1
    H16                  IBUF (Prop_ibuf_I_O)         1.451     1.451 r  npu_system_i/clk_wiz_0/inst/clkin1_ibufg/O
                         net (fo=1, routed)           1.285     2.736    npu_system_i/clk_wiz_0/inst/clk_in1_npu_system_clk_wiz_0_0
    MMCME2_ADV_X1Y2      MMCME2_ADV (Prop_mmcme2_adv_CLKIN1_CLKOUT1)
                                                     -7.759    -5.023 r  npu_system_i/clk_wiz_0/inst/mmcm_adv_inst/CLKOUT1
                         net (fo=1, routed)           2.206    -2.817    npu_system_i/clk_wiz_0/inst/clk_out2_npu_system_clk_wiz_0_0
    BUFGCTRL_X0Y16       BUFG (Prop_bufg_I_O)         0.101    -2.716 r  npu_system_i/clk_wiz_0/inst/clkout2_buf/O
                         net (fo=158, routed)         1.848    -0.868    npu_system_i/dvi2rgb_0/U0/TMDS_ClockingX/LockLostReset/SyncAsyncx/RefClk
    SLICE_X113Y77        FDPE                                         r  npu_system_i/dvi2rgb_0/U0/TMDS_ClockingX/LockLostReset/SyncAsyncx/oSyncStages_reg[1]/C
  -------------------------------------------------------------------    -------------------
    SLICE_X113Y77        FDPE (Prop_fdpe_C_Q)         0.419    -0.449 f  npu_system_i/dvi2rgb_0/U0/TMDS_ClockingX/LockLostReset/SyncAsyncx/oSyncStages_reg[1]/Q
                         net (fo=8, routed)           1.500     1.051    npu_system_i/dvi2rgb_0/U0/TMDS_ClockingX/rLockLostRst
    SLICE_X112Y56        FDPE                                         f  npu_system_i/dvi2rgb_0/U0/TMDS_ClockingX/rMMCM_Reset_q_reg[0]/PRE
  -------------------------------------------------------------------    -------------------

                         (clock clk_out2_npu_system_clk_wiz_0_0_1 rise edge)
                                                      5.000     5.000 r  
    H16                                               0.000     5.000 r  sysclk (IN)
                         net (fo=0)                   0.000     5.000    npu_system_i/clk_wiz_0/inst/clk_in1
    H16                  IBUF (Prop_ibuf_I_O)         1.380     6.380 r  npu_system_i/clk_wiz_0/inst/clkin1_ibufg/O
                         net (fo=1, routed)           1.162     7.542    npu_system_i/clk_wiz_0/inst/clk_in1_npu_system_clk_wiz_0_0
    MMCME2_ADV_X1Y2      MMCME2_ADV (Prop_mmcme2_adv_CLKIN1_CLKOUT1)
                                                     -7.814    -0.272 r  npu_system_i/clk_wiz_0/inst/mmcm_adv_inst/CLKOUT1
                         net (fo=1, routed)           2.012     1.740    npu_system_i/clk_wiz_0/inst/clk_out2_npu_system_clk_wiz_0_0
    BUFGCTRL_X0Y16       BUFG (Prop_bufg_I_O)         0.091     1.831 r  npu_system_i/clk_wiz_0/inst/clkout2_buf/O
                         net (fo=158, routed)         1.686     3.517    npu_system_i/dvi2rgb_0/U0/TMDS_ClockingX/RefClk
    SLICE_X112Y56        FDPE                                         r  npu_system_i/dvi2rgb_0/U0/TMDS_ClockingX/rMMCM_Reset_q_reg[0]/C
                         clock pessimism              0.567     4.084    
                         clock uncertainty           -0.065     4.019    
    SLICE_X112Y56        FDPE (Recov_fdpe_C_PRE)     -0.536     3.483    npu_system_i/dvi2rgb_0/U0/TMDS_ClockingX/rMMCM_Reset_q_reg[0]
  -------------------------------------------------------------------
                         required time                          3.483    
                         arrival time                          -1.051    
  -------------------------------------------------------------------
                         slack                                  2.432    





Min Delay Paths
--------------------------------------------------------------------------------------
Slack (MET) :             0.435ns  (arrival time - required time)
  Source:                 npu_system_i/dvi2rgb_0/U0/TMDS_ClockingX/RdyLostReset/SyncAsyncx/oSyncStages_reg[1]/C
                            (rising edge-triggered cell FDPE clocked by clk_out2_npu_system_clk_wiz_0_0_1  {rise@0.000ns fall@2.500ns period=5.000ns})
  Destination:            npu_system_i/dvi2rgb_0/U0/TMDS_ClockingX/aLocked_reg/CLR
                            (removal check against rising-edge clock clk_out2_npu_system_clk_wiz_0_0_1  {rise@0.000ns fall@2.500ns period=5.000ns})
  Path Group:             **async_default**
  Path Type:              Removal (Min at Fast Process Corner)
  Requirement:            0.000ns  (clk_out2_npu_system_clk_wiz_0_0_1 rise@0.000ns - clk_out2_npu_system_clk_wiz_0_0_1 rise@0.000ns)
  Data Path Delay:        0.306ns  (logic 0.128ns (41.788%)  route 0.178ns (58.212%))
  Logic Levels:           0  
  Clock Path Skew:        0.017ns (DCD - SCD - CPR)
    Destination Clock Delay (DCD):    -0.832ns
    Source Clock Delay      (SCD):    -0.596ns
    Clock Pessimism Removal (CPR):    -0.252ns

    Location             Delay type                Incr(ns)  Path(ns)    Netlist Resource(s)
  -------------------------------------------------------------------    -------------------
                         (clock clk_out2_npu_system_clk_wiz_0_0_1 rise edge)
                                                      0.000     0.000 r  
    H16                                               0.000     0.000 r  sysclk (IN)
                         net (fo=0)                   0.000     0.000    npu_system_i/clk_wiz_0/inst/clk_in1
    H16                  IBUF (Prop_ibuf_I_O)         0.219     0.219 r  npu_system_i/clk_wiz_0/inst/clkin1_ibufg/O
                         net (fo=1, routed)           0.440     0.659    npu_system_i/clk_wiz_0/inst/clk_in1_npu_system_clk_wiz_0_0
    MMCME2_ADV_X1Y2      MMCME2_ADV (Prop_mmcme2_adv_CLKIN1_CLKOUT1)
                                                     -2.613    -1.954 r  npu_system_i/clk_wiz_0/inst/mmcm_adv_inst/CLKOUT1
                         net (fo=1, routed)           0.696    -1.257    npu_system_i/clk_wiz_0/inst/clk_out2_npu_system_clk_wiz_0_0
    BUFGCTRL_X0Y16       BUFG (Prop_bufg_I_O)         0.026    -1.231 r  npu_system_i/clk_wiz_0/inst/clkout2_buf/O
                         net (fo=158, routed)         0.635    -0.596    npu_system_i/dvi2rgb_0/U0/TMDS_ClockingX/RdyLostReset/SyncAsyncx/RefClk
    SLICE_X113Y57        FDPE                                         r  npu_system_i/dvi2rgb_0/U0/TMDS_ClockingX/RdyLostReset/SyncAsyncx/oSyncStages_reg[1]/C
  -------------------------------------------------------------------    -------------------
    SLICE_X113Y57        FDPE (Prop_fdpe_C_Q)         0.128    -0.468 f  npu_system_i/dvi2rgb_0/U0/TMDS_ClockingX/RdyLostReset/SyncAsyncx/oSyncStages_reg[1]/Q
                         net (fo=1, routed)           0.178    -0.290    npu_system_i/dvi2rgb_0/U0/TMDS_ClockingX/RdyLostReset_n_0
    SLICE_X113Y56        FDCE                                         f  npu_system_i/dvi2rgb_0/U0/TMDS_ClockingX/aLocked_reg/CLR
  -------------------------------------------------------------------    -------------------

                         (clock clk_out2_npu_system_clk_wiz_0_0_1 rise edge)
                                                      0.000     0.000 r  
    H16                                               0.000     0.000 r  sysclk (IN)
                         net (fo=0)                   0.000     0.000    npu_system_i/clk_wiz_0/inst/clk_in1
    H16                  IBUF (Prop_ibuf_I_O)         0.406     0.406 r  npu_system_i/clk_wiz_0/inst/clkin1_ibufg/O
                         net (fo=1, routed)           0.480     0.886    npu_system_i/clk_wiz_0/inst/clk_in1_npu_system_clk_wiz_0_0
    MMCME2_ADV_X1Y2      MMCME2_ADV (Prop_mmcme2_adv_CLKIN1_CLKOUT1)
                                                     -3.407    -2.521 r  npu_system_i/clk_wiz_0/inst/mmcm_adv_inst/CLKOUT1
                         net (fo=1, routed)           0.752    -1.769    npu_system_i/clk_wiz_0/inst/clk_out2_npu_system_clk_wiz_0_0
    BUFGCTRL_X0Y16       BUFG (Prop_bufg_I_O)         0.029    -1.740 r  npu_system_i/clk_wiz_0/inst/clkout2_buf/O
                         net (fo=158, routed)         0.908    -0.832    npu_system_i/dvi2rgb_0/U0/TMDS_ClockingX/RefClk
    SLICE_X113Y56        FDCE                                         r  npu_system_i/dvi2rgb_0/U0/TMDS_ClockingX/aLocked_reg/C
                         clock pessimism              0.252    -0.579    
    SLICE_X113Y56        FDCE (Remov_fdce_C_CLR)     -0.146    -0.725    npu_system_i/dvi2rgb_0/U0/TMDS_ClockingX/aLocked_reg
  -------------------------------------------------------------------
                         required time                          0.725    
                         arrival time                          -0.290    
  -------------------------------------------------------------------
                         slack                                  0.435    





---------------------------------------------------------------------------------------------------
Path Group:  **default**
From Clock:  clk_out1_npu_system_clk_wiz_0_0
  To Clock:  

Setup :            0  Failing Endpoints,  Worst Slack        6.332ns,  Total Violation        0.000ns
Hold  :           NA  Failing Endpoints,  Worst Slack           NA  ,  Total Violation           NA
---------------------------------------------------------------------------------------------------


Max Delay Paths
--------------------------------------------------------------------------------------
Slack (MET) :             6.332ns  (required time - arrival time)
  Source:                 npu_system_i/vid_in/inst/COUPLER_INST/generate_async_fifo.FIFO_INST/XPM_FIFO_ASYNC_INST/gnuram_async_fifo.xpm_fifo_base_inst/gen_cdc_pntr.rd_pntr_cdc_inst/src_gray_ff_reg[1]/C
                            (rising edge-triggered cell FDRE clocked by clk_out1_npu_system_clk_wiz_0_0  {rise@0.000ns fall@4.000ns period=8.000ns})
  Destination:            npu_system_i/vid_in/inst/COUPLER_INST/generate_async_fifo.FIFO_INST/XPM_FIFO_ASYNC_INST/gnuram_async_fifo.xpm_fifo_base_inst/gen_cdc_pntr.rd_pntr_cdc_inst/dest_graysync_ff_reg[0][1]/D
  Path Group:             **default**
  Path Type:              Setup (Max at Slow Process Corner)
  Requirement:            8.000ns  (MaxDelay Path 8.000ns)
  Data Path Delay:        1.388ns  (logic 0.419ns (30.179%)  route 0.969ns (69.821%))
  Logic Levels:           0  
  Timing Exception:       MaxDelay Path 8.000ns -datapath_only

    Location             Delay type                Incr(ns)  Path(ns)    Netlist Resource(s)
  -------------------------------------------------------------------    -------------------
    SLICE_X83Y74                                      0.000     0.000 r  npu_system_i/vid_in/inst/COUPLER_INST/generate_async_fifo.FIFO_INST/XPM_FIFO_ASYNC_INST/gnuram_async_fifo.xpm_fifo_base_inst/gen_cdc_pntr.rd_pntr_cdc_inst/src_gray_ff_reg[1]/C
    SLICE_X83Y74         FDRE (Prop_fdre_C_Q)         0.419     0.419 r  npu_system_i/vid_in/inst/COUPLER_INST/generate_async_fifo.FIFO_INST/XPM_FIFO_ASYNC_INST/gnuram_async_fifo.xpm_fifo_base_inst/gen_cdc_pntr.rd_pntr_cdc_inst/src_gray_ff_reg[1]/Q
                         net (fo=1, routed)           0.969     1.388    npu_system_i/vid_in/inst/COUPLER_INST/generate_async_fifo.FIFO_INST/XPM_FIFO_ASYNC_INST/gnuram_async_fifo.xpm_fifo_base_inst/gen_cdc_pntr.rd_pntr_cdc_inst/async_path[1]
    SLICE_X83Y77         FDRE                                         r  npu_system_i/vid_in/inst/COUPLER_INST/generate_async_fifo.FIFO_INST/XPM_FIFO_ASYNC_INST/gnuram_async_fifo.xpm_fifo_base_inst/gen_cdc_pntr.rd_pntr_cdc_inst/dest_graysync_ff_reg[0][1]/D
  -------------------------------------------------------------------    -------------------

                         max delay                    8.000     8.000    
    SLICE_X83Y77         FDRE (Setup_fdre_C_D)       -0.280     7.720    npu_system_i/vid_in/inst/COUPLER_INST/generate_async_fifo.FIFO_INST/XPM_FIFO_ASYNC_INST/gnuram_async_fifo.xpm_fifo_base_inst/gen_cdc_pntr.rd_pntr_cdc_inst/dest_graysync_ff_reg[0][1]
  -------------------------------------------------------------------
                         required time                          7.720    
                         arrival time                          -1.388    
  -------------------------------------------------------------------
                         slack                                  6.332    





---------------------------------------------------------------------------------------------------
Path Group:  **default**
From Clock:  clk_out1_npu_system_clk_wiz_0_0_1
  To Clock:  

Setup :            0  Failing Endpoints,  Worst Slack        6.332ns,  Total Violation        0.000ns
Hold  :           NA  Failing Endpoints,  Worst Slack           NA  ,  Total Violation           NA
---------------------------------------------------------------------------------------------------


Max Delay Paths
--------------------------------------------------------------------------------------
Slack (MET) :             6.332ns  (required time - arrival time)
  Source:                 npu_system_i/vid_in/inst/COUPLER_INST/generate_async_fifo.FIFO_INST/XPM_FIFO_ASYNC_INST/gnuram_async_fifo.xpm_fifo_base_inst/gen_cdc_pntr.rd_pntr_cdc_inst/src_gray_ff_reg[1]/C
                            (rising edge-triggered cell FDRE clocked by clk_out1_npu_system_clk_wiz_0_0_1  {rise@0.000ns fall@4.000ns period=8.000ns})
  Destination:            npu_system_i/vid_in/inst/COUPLER_INST/generate_async_fifo.FIFO_INST/XPM_FIFO_ASYNC_INST/gnuram_async_fifo.xpm_fifo_base_inst/gen_cdc_pntr.rd_pntr_cdc_inst/dest_graysync_ff_reg[0][1]/D
  Path Group:             **default**
  Path Type:              Setup (Max at Slow Process Corner)
  Requirement:            8.000ns  (MaxDelay Path 8.000ns)
  Data Path Delay:        1.388ns  (logic 0.419ns (30.179%)  route 0.969ns (69.821%))
  Logic Levels:           0  
  Timing Exception:       MaxDelay Path 8.000ns -datapath_only

    Location             Delay type                Incr(ns)  Path(ns)    Netlist Resource(s)
  -------------------------------------------------------------------    -------------------
    SLICE_X83Y74                                      0.000     0.000 r  npu_system_i/vid_in/inst/COUPLER_INST/generate_async_fifo.FIFO_INST/XPM_FIFO_ASYNC_INST/gnuram_async_fifo.xpm_fifo_base_inst/gen_cdc_pntr.rd_pntr_cdc_inst/src_gray_ff_reg[1]/C
    SLICE_X83Y74         FDRE (Prop_fdre_C_Q)         0.419     0.419 r  npu_system_i/vid_in/inst/COUPLER_INST/generate_async_fifo.FIFO_INST/XPM_FIFO_ASYNC_INST/gnuram_async_fifo.xpm_fifo_base_inst/gen_cdc_pntr.rd_pntr_cdc_inst/src_gray_ff_reg[1]/Q
                         net (fo=1, routed)           0.969     1.388    npu_system_i/vid_in/inst/COUPLER_INST/generate_async_fifo.FIFO_INST/XPM_FIFO_ASYNC_INST/gnuram_async_fifo.xpm_fifo_base_inst/gen_cdc_pntr.rd_pntr_cdc_inst/async_path[1]
    SLICE_X83Y77         FDRE                                         r  npu_system_i/vid_in/inst/COUPLER_INST/generate_async_fifo.FIFO_INST/XPM_FIFO_ASYNC_INST/gnuram_async_fifo.xpm_fifo_base_inst/gen_cdc_pntr.rd_pntr_cdc_inst/dest_graysync_ff_reg[0][1]/D
  -------------------------------------------------------------------    -------------------

                         max delay                    8.000     8.000    
    SLICE_X83Y77         FDRE (Setup_fdre_C_D)       -0.280     7.720    npu_system_i/vid_in/inst/COUPLER_INST/generate_async_fifo.FIFO_INST/XPM_FIFO_ASYNC_INST/gnuram_async_fifo.xpm_fifo_base_inst/gen_cdc_pntr.rd_pntr_cdc_inst/dest_graysync_ff_reg[0][1]
  -------------------------------------------------------------------
                         required time                          7.720    
                         arrival time                          -1.388    
  -------------------------------------------------------------------
                         slack                                  6.332    





